Player1,Player2,SharedMinutes,Team,Season
Daniels,Young,1869.0,ATL,2024-25
Daniels,Okongwu,1521.0,ATL,2024-25
Okongwu,Young,1408.0,ATL,2024-25
Daniels,Risacher,1304.0,ATL,2024-25
Risacher,Young,1288.0,ATL,2024-25
Okongwu,Risacher,983.0,ATL,2024-25
Capela,Young,931.0,ATL,2024-25
Johnson,Young,925.0,ATL,2024-25
Capela,Daniels,844.0,ATL,2024-25
Daniels,Johnson,745.0,ATL,2024-25
Hunter,Young,725.0,ATL,2024-25
Daniels,Hunter,665.0,ATL,2024-25
Capela,Risacher,643.0,ATL,2024-25
Capela,Johnson,640.0,ATL,2024-25
Daniels,Krejčí,634.0,ATL,2024-25
Hunter,Okongwu,569.0,ATL,2024-25
Johnson,Risacher,567.0,ATL,2024-25
Krejčí,Okongwu,563.0,ATL,2024-25
Krejčí,Young,550.0,ATL,2024-25
Johnson,Okongwu,495.0,ATL,2024-25
Hunter,Johnson,470.0,ATL,2024-25
Daniels,LeVert,466.0,ATL,2024-25
Mathews,Young,464.0,ATL,2024-25
LeVert,Young,462.0,ATL,2024-25
Niang,Young,455.0,ATL,2024-25
Mann,Young,443.0,ATL,2024-25
LeVert,Okongwu,408.0,ATL,2024-25
Krejčí,Risacher,391.0,ATL,2024-25
LeVert,Niang,384.0,ATL,2024-25
Gueye,Young,382.0,ATL,2024-25
Daniels,Niang,382.0,ATL,2024-25
Gueye,Risacher,376.0,ATL,2024-25
Daniels,Gueye,374.0,ATL,2024-25
Gueye,Okongwu,370.0,ATL,2024-25
Bogdanović,Hunter,362.0,ATL,2024-25
Bogdanović,Okongwu,358.0,ATL,2024-25
LeVert,Mann,354.0,ATL,2024-25
Mathews,Okongwu,348.0,ATL,2024-25
Niang,Okongwu,346.0,ATL,2024-25
Mann,Niang,346.0,ATL,2024-25
Bogdanović,Young,321.0,ATL,2024-25
Capela,Hunter,312.0,ATL,2024-25
Bogdanović,Daniels,298.0,ATL,2024-25
Hunter,Krejčí,287.0,ATL,2024-25
Daniels,Mathews,283.0,ATL,2024-25
Johnson,Mathews,278.0,ATL,2024-25
Daniels,Mann,270.0,ATL,2024-25
Nance Jr.,Young,270.0,ATL,2024-25
Bogdanović,Johnson,263.0,ATL,2024-25
Mann,Okongwu,259.0,ATL,2024-25
Krejčí,Mathews,252.0,ATL,2024-25
Capela,Krejčí,245.0,ATL,2024-25
Capela,Mathews,242.0,ATL,2024-25
Mathews,Risacher,236.0,ATL,2024-25
Hunter,Mathews,234.0,ATL,2024-25
Mann,Risacher,228.0,ATL,2024-25
Krejčí,Mann,227.0,ATL,2024-25
Johnson,Krejčí,224.0,ATL,2024-25
Niang,Risacher,222.0,ATL,2024-25
Mathews,Wallace,220.0,ATL,2024-25
Daniels,Nance Jr.,217.0,ATL,2024-25
Barlow,Young,217.0,ATL,2024-25
Okongwu,Wallace,201.0,ATL,2024-25
Mathews,Nance Jr.,200.0,ATL,2024-25
Barlow,Mann,194.0,ATL,2024-25
LeVert,Risacher,191.0,ATL,2024-25
Roddy,Young,182.0,ATL,2024-25
Krejčí,Nance Jr.,180.0,ATL,2024-25
Hunter,Nance Jr.,179.0,ATL,2024-25
Barlow,Krejčí,174.0,ATL,2024-25
Mathews,Roddy,173.0,ATL,2024-25
Krejčí,Wallace,173.0,ATL,2024-25
Risacher,Wallace,172.0,ATL,2024-25
Bogdanović,Capela,170.0,ATL,2024-25
Hunter,Risacher,166.0,ATL,2024-25
Johnson,Wallace,161.0,ATL,2024-25
Johnson,Nance Jr.,160.0,ATL,2024-25
Daniels,Wallace,158.0,ATL,2024-25
Risacher,Roddy,154.0,ATL,2024-25
Okongwu,Roddy,152.0,ATL,2024-25
Bogdanović,Krejčí,146.0,ATL,2024-25
Krejčí,LeVert,146.0,ATL,2024-25
Nance Jr.,Risacher,144.0,ATL,2024-25
Capela,Mann,142.0,ATL,2024-25
Nance Jr.,Wallace,141.0,ATL,2024-25
Roddy,Wallace,133.0,ATL,2024-25
Bogdanović,Risacher,129.0,ATL,2024-25
Gueye,Mann,129.0,ATL,2024-25
Capela,Niang,124.0,ATL,2024-25
Gueye,Krejčí,123.0,ATL,2024-25
Barlow,Risacher,122.0,ATL,2024-25
Barlow,Niang,122.0,ATL,2024-25
Hunter,Wallace,121.0,ATL,2024-25
Capela,Wallace,119.0,ATL,2024-25
Barlow,LeVert,118.0,ATL,2024-25
Krejčí,Niang,118.0,ATL,2024-25
Capela,LeVert,116.0,ATL,2024-25
Daniels,Roddy,112.0,ATL,2024-25
Barlow,Daniels,112.0,ATL,2024-25
Bogdanović,Mathews,106.0,ATL,2024-25
Bufkin,Okongwu,103.0,ATL,2024-25
Capela,Roddy,102.0,ATL,2024-25
Bufkin,Johnson,101.0,ATL,2024-25
Barlow,Mathews,97.0,ATL,2024-25
Bogdanović,Bufkin,97.0,ATL,2024-25
Krejčí,Roddy,96.0,ATL,2024-25
Johnson,Roddy,94.0,ATL,2024-25
Nance Jr.,Okongwu,94.0,ATL,2024-25
Bufkin,Hunter,78.0,ATL,2024-25
Barlow,Wallace,76.0,ATL,2024-25
Wallace,Young,76.0,ATL,2024-25
Gueye,LeVert,76.0,ATL,2024-25
Gueye,Wallace,73.0,ATL,2024-25
Mathews,Plowden,57.0,ATL,2024-25
Barlow,Gueye,53.0,ATL,2024-25
Bogdanović,Nance Jr.,51.0,ATL,2024-25
Nance Jr.,Roddy,48.0,ATL,2024-25
Plowden,Wallace,47.0,ATL,2024-25
Bufkin,Risacher,43.0,ATL,2024-25
Mann,Wallace,43.0,ATL,2024-25
Barlow,Roddy,43.0,ATL,2024-25
Barlow,Okongwu,42.0,ATL,2024-25
Gueye,Niang,41.0,ATL,2024-25
Bogdanović,Roddy,37.0,ATL,2024-25
Mann,Nance Jr.,36.0,ATL,2024-25
Krejčí,Plowden,34.0,ATL,2024-25
Mann,Mathews,32.0,ATL,2024-25
Barlow,Plowden,31.0,ATL,2024-25
LeVert,Nance Jr.,29.0,ATL,2024-25
Hunter,Roddy,29.0,ATL,2024-25
Gueye,Mathews,29.0,ATL,2024-25
Capela,Nance Jr.,29.0,ATL,2024-25
Capela,Gueye,25.0,ATL,2024-25
Gueye,Nance Jr.,25.0,ATL,2024-25
Barlow,Nance Jr.,25.0,ATL,2024-25
Bogdanović,Wallace,24.0,ATL,2024-25
Mathews,Toppin,22.0,ATL,2024-25
Bufkin,Krejčí,21.0,ATL,2024-25
Okongwu,Plowden,20.0,ATL,2024-25
Plowden,Toppin,20.0,ATL,2024-25
Niang,Wallace,18.0,ATL,2024-25
Barlow,Hunter,18.0,ATL,2024-25
Toppin,Wallace,18.0,ATL,2024-25
Gueye,Roddy,17.0,ATL,2024-25
Barlow,Capela,17.0,ATL,2024-25
Gueye,Hunter,17.0,ATL,2024-25
Barlow,Bogdanović,16.0,ATL,2024-25
Krejčí,Toppin,16.0,ATL,2024-25
Nance Jr.,Niang,16.0,ATL,2024-25
Mann,Plowden,15.0,ATL,2024-25
Bufkin,Mathews,14.0,ATL,2024-25
Bogdanović,Plowden,14.0,ATL,2024-25
Barlow,Toppin,14.0,ATL,2024-25
Mann,Toppin,14.0,ATL,2024-25
Bufkin,Capela,13.0,ATL,2024-25
LeVert,Mathews,12.0,ATL,2024-25
Bufkin,Roddy,11.0,ATL,2024-25
Daniels,Plowden,11.0,ATL,2024-25
Bufkin,Daniels,11.0,ATL,2024-25
Capela,Plowden,10.0,ATL,2024-25
Plowden,Roddy,9.0,ATL,2024-25
Plowden,Young,8.0,ATL,2024-25
Gueye,Plowden,6.0,ATL,2024-25
LeVert,Wallace,6.0,ATL,2024-25
Barlow,Johnson,5.0,ATL,2024-25
Mathews,Niang,5.0,ATL,2024-25
Niang,Plowden,1.0,ATL,2024-25
Plowden,Risacher,1.0,ATL,2024-25
Capela,Okongwu,0.0,ATL,2024-25
Claxton,Johnson,2071.0,BKN,2024-25
Johnson,Williams,1496.0,BKN,2024-25
Johnson,Wilson,1431.0,BKN,2024-25
Claxton,Williams,915.0,BKN,2024-25
Johnson,Martin,873.0,BKN,2024-25
Johnson,Simmons,826.0,BKN,2024-25
Clowney,Johnson,815.0,BKN,2024-25
Claxton,Wilson,814.0,BKN,2024-25
Martin,Wilson,806.0,BKN,2024-25
Johnson,Johnson,780.0,BKN,2024-25
Johnson,Thomas,712.0,BKN,2024-25
Johnson,Russell,697.0,BKN,2024-25
Johnson,Schröder,691.0,BKN,2024-25
Finney-Smith,Johnson,615.0,BKN,2024-25
Johnson,Watford,569.0,BKN,2024-25
Johnson,Sharpe,558.0,BKN,2024-25
Williams,Wilson,557.0,BKN,2024-25
Clowney,Wilson,533.0,BKN,2024-25
Martin,Sharpe,526.0,BKN,2024-25
Sharpe,Wilson,523.0,BKN,2024-25
Claxton,Russell,501.0,BKN,2024-25
Claxton,Clowney,465.0,BKN,2024-25
Claxton,Martin,460.0,BKN,2024-25
Watford,Wilson,422.0,BKN,2024-25
Russell,Williams,408.0,BKN,2024-25
Claxton,Schröder,370.0,BKN,2024-25
Johnson,Milton,369.0,BKN,2024-25
Evbuomwan,Wilson,369.0,BKN,2024-25
Martin,Williams,363.0,BKN,2024-25
Finney-Smith,Schröder,362.0,BKN,2024-25
Clowney,Martin,360.0,BKN,2024-25
Clowney,Williams,353.0,BKN,2024-25
Claxton,Thomas,353.0,BKN,2024-25
Simmons,Wilson,351.0,BKN,2024-25
Martin,Watford,347.0,BKN,2024-25
Schröder,Thomas,343.0,BKN,2024-25
Russell,Wilson,321.0,BKN,2024-25
Evbuomwan,Martin,320.0,BKN,2024-25
Finney-Smith,Thomas,318.0,BKN,2024-25
Schröder,Wilson,310.0,BKN,2024-25
Sharpe,Watford,305.0,BKN,2024-25
Milton,Wilson,301.0,BKN,2024-25
Clowney,Simmons,293.0,BKN,2024-25
Thomas,Williams,291.0,BKN,2024-25
Finney-Smith,Simmons,271.0,BKN,2024-25
Schröder,Williams,265.0,BKN,2024-25
Beekman,Wilson,264.0,BKN,2024-25
Evbuomwan,Sharpe,257.0,BKN,2024-25
Claxton,Watford,246.0,BKN,2024-25
Evbuomwan,Johnson,243.0,BKN,2024-25
Hayes,Johnson,242.0,BKN,2024-25
Claxton,Simmons,236.0,BKN,2024-25
Clowney,Sharpe,231.0,BKN,2024-25
Simmons,Thomas,231.0,BKN,2024-25
Simmons,Williams,222.0,BKN,2024-25
Beekman,Johnson,221.0,BKN,2024-25
Beekman,Evbuomwan,216.0,BKN,2024-25
Claxton,Finney-Smith,206.0,BKN,2024-25
Sharpe,Williams,202.0,BKN,2024-25
Watford,Williams,197.0,BKN,2024-25
Beekman,Martin,196.0,BKN,2024-25
Thomas,Wilson,186.0,BKN,2024-25
Finney-Smith,Wilson,174.0,BKN,2024-25
Russell,Sharpe,166.0,BKN,2024-25
Schröder,Simmons,164.0,BKN,2024-25
Claxton,Evbuomwan,162.0,BKN,2024-25
Beekman,Sharpe,159.0,BKN,2024-25
Lewis,Watford,153.0,BKN,2024-25
Claxton,Milton,151.0,BKN,2024-25
Clowney,Schröder,144.0,BKN,2024-25
Martin,Milton,144.0,BKN,2024-25
Clowney,Milton,140.0,BKN,2024-25
Timme,Watford,135.0,BKN,2024-25
Timme,Whitehead,134.0,BKN,2024-25
Lewis,Whitehead,132.0,BKN,2024-25
Clowney,Russell,130.0,BKN,2024-25
Evbuomwan,Williams,128.0,BKN,2024-25
Clowney,Watford,128.0,BKN,2024-25
Evbuomwan,Russell,128.0,BKN,2024-25
Martin,Russell,127.0,BKN,2024-25
Evbuomwan,Watford,126.0,BKN,2024-25
Sharpe,Simmons,125.0,BKN,2024-25
Milton,Schröder,123.0,BKN,2024-25
Russell,Watford,118.0,BKN,2024-25
Timme,Wilson,118.0,BKN,2024-25
Beekman,Watford,118.0,BKN,2024-25
Milton,Williams,111.0,BKN,2024-25
Evbuomwan,Timme,110.0,BKN,2024-25
Hayes,Williams,105.0,BKN,2024-25
Milton,Sharpe,105.0,BKN,2024-25
Clowney,Thomas,104.0,BKN,2024-25
Milton,Watford,102.0,BKN,2024-25
Etienne,Evbuomwan,102.0,BKN,2024-25
Lewis,Timme,99.0,BKN,2024-25
Milton,Simmons,97.0,BKN,2024-25
Etienne,Timme,94.0,BKN,2024-25
Simmons,Watford,94.0,BKN,2024-25
Lewis,Sharpe,94.0,BKN,2024-25
Lewis,Wilson,93.0,BKN,2024-25
Evbuomwan,Whitehead,93.0,BKN,2024-25
Claxton,Hayes,91.0,BKN,2024-25
Lewis,Martin,89.0,BKN,2024-25
Russell,Thomas,89.0,BKN,2024-25
Beekman,Timme,88.0,BKN,2024-25
Watford,Whitehead,87.0,BKN,2024-25
Beekman,Claxton,87.0,BKN,2024-25
Martin,Simmons,87.0,BKN,2024-25
Clowney,Evbuomwan,86.0,BKN,2024-25
Beekman,Lewis,84.0,BKN,2024-25
Beekman,Whitehead,83.0,BKN,2024-25
Schröder,Watford,81.0,BKN,2024-25
Johnson,Timme,80.0,BKN,2024-25
Finney-Smith,Williams,80.0,BKN,2024-25
Beekman,Williams,79.0,BKN,2024-25
Whitehead,Wilson,77.0,BKN,2024-25
Etienne,Whitehead,76.0,BKN,2024-25
Martin,Timme,72.0,BKN,2024-25
Thomas,Watford,71.0,BKN,2024-25
Etienne,Lewis,69.0,BKN,2024-25
Clowney,Lewis,68.0,BKN,2024-25
Milton,Thomas,67.0,BKN,2024-25
Evbuomwan,Simmons,66.0,BKN,2024-25
Johnson,Lewis,66.0,BKN,2024-25
Evbuomwan,Lewis,66.0,BKN,2024-25
Finney-Smith,Milton,65.0,BKN,2024-25
Beekman,Clowney,62.0,BKN,2024-25
Martin,Thomas,61.0,BKN,2024-25
Martin,Schröder,58.0,BKN,2024-25
Hayes,Sharpe,53.0,BKN,2024-25
Sharpe,Thomas,52.0,BKN,2024-25
Martin,Whitehead,49.0,BKN,2024-25
Beekman,Etienne,45.0,BKN,2024-25
Clowney,Finney-Smith,44.0,BKN,2024-25
Hayes,Wilson,44.0,BKN,2024-25
Johnson,Whitehead,38.0,BKN,2024-25
Sharpe,Whitehead,36.0,BKN,2024-25
Lewis,Williams,35.0,BKN,2024-25
Lewis,Russell,33.0,BKN,2024-25
Etienne,Wilson,33.0,BKN,2024-25
Etienne,Watford,33.0,BKN,2024-25
Finney-Smith,Watford,31.0,BKN,2024-25
Etienne,Johnson,31.0,BKN,2024-25
Hayes,Martin,29.0,BKN,2024-25
Claxton,Lewis,28.0,BKN,2024-25
Milton,Whitehead,24.0,BKN,2024-25
Schröder,Sharpe,22.0,BKN,2024-25
Timme,Williams,21.0,BKN,2024-25
Clowney,Whitehead,20.0,BKN,2024-25
Finney-Smith,Sharpe,19.0,BKN,2024-25
Etienne,Martin,18.0,BKN,2024-25
Claxton,Whitehead,17.0,BKN,2024-25
Schröder,Whitehead,15.0,BKN,2024-25
Russell,Whitehead,15.0,BKN,2024-25
Russell,Timme,15.0,BKN,2024-25
Hayes,Lewis,15.0,BKN,2024-25
Claxton,Etienne,14.0,BKN,2024-25
Hayes,Thomas,14.0,BKN,2024-25
Finney-Smith,Martin,14.0,BKN,2024-25
Etienne,Williams,13.0,BKN,2024-25
Hayes,Watford,13.0,BKN,2024-25
Russell,Simmons,13.0,BKN,2024-25
Whitehead,Williams,11.0,BKN,2024-25
Beekman,Hayes,10.0,BKN,2024-25
Claxton,Sharpe,7.0,BKN,2024-25
Claxton,Timme,6.0,BKN,2024-25
Beekman,Finney-Smith,5.0,BKN,2024-25
Milton,Yongxi,5.0,BKN,2024-25
Whitehead,Yongxi,5.0,BKN,2024-25
Martin,Yongxi,5.0,BKN,2024-25
Beekman,Milton,4.0,BKN,2024-25
Beekman,Simmons,4.0,BKN,2024-25
Johnson,Yongxi,4.0,BKN,2024-25
Beekman,Thomas,4.0,BKN,2024-25
Beekman,Russell,3.0,BKN,2024-25
Wilson,Yongxi,1.0,BKN,2024-25
Tatum,White,1778.0,BOS,2024-25
Brown,White,1653.0,BOS,2024-25
Holiday,Tatum,1421.0,BOS,2024-25
Brown,Tatum,1410.0,BOS,2024-25
Holiday,White,1335.0,BOS,2024-25
Pritchard,Tatum,1237.0,BOS,2024-25
Brown,Holiday,1220.0,BOS,2024-25
Horford,White,1198.0,BOS,2024-25
Horford,Tatum,1188.0,BOS,2024-25
Hauser,Pritchard,1175.0,BOS,2024-25
Pritchard,White,1108.0,BOS,2024-25
Kornet,Pritchard,986.0,BOS,2024-25
Porziņģis,White,944.0,BOS,2024-25
Brown,Horford,915.0,BOS,2024-25
Brown,Pritchard,908.0,BOS,2024-25
Kornet,Tatum,884.0,BOS,2024-25
Holiday,Horford,855.0,BOS,2024-25
Hauser,Tatum,841.0,BOS,2024-25
Holiday,Porziņģis,836.0,BOS,2024-25
Porziņģis,Tatum,816.0,BOS,2024-25
Brown,Porziņģis,807.0,BOS,2024-25
Hauser,White,773.0,BOS,2024-25
Horford,Pritchard,773.0,BOS,2024-25
Kornet,White,720.0,BOS,2024-25
Holiday,Pritchard,651.0,BOS,2024-25
Hauser,Kornet,646.0,BOS,2024-25
Pritchard,Queta,643.0,BOS,2024-25
Brown,Kornet,599.0,BOS,2024-25
Hauser,Horford,566.0,BOS,2024-25
Brown,Hauser,547.0,BOS,2024-25
Porziņģis,Pritchard,488.0,BOS,2024-25
Horford,Porziņģis,420.0,BOS,2024-25
Hauser,Holiday,418.0,BOS,2024-25
Queta,White,417.0,BOS,2024-25
Holiday,Kornet,417.0,BOS,2024-25
Queta,Tatum,409.0,BOS,2024-25
Horford,Kornet,401.0,BOS,2024-25
Hauser,Queta,388.0,BOS,2024-25
Brown,Queta,319.0,BOS,2024-25
Pritchard,Walsh,301.0,BOS,2024-25
Pritchard,Scheierman,282.0,BOS,2024-25
Hauser,Porziņģis,273.0,BOS,2024-25
Holiday,Queta,244.0,BOS,2024-25
Queta,Walsh,219.0,BOS,2024-25
Horford,Queta,181.0,BOS,2024-25
Kornet,Scheierman,172.0,BOS,2024-25
Craig,Pritchard,164.0,BOS,2024-25
Queta,Scheierman,159.0,BOS,2024-25
Hauser,Walsh,149.0,BOS,2024-25
Kornet,Porziņģis,145.0,BOS,2024-25
Hauser,Scheierman,143.0,BOS,2024-25
Kornet,Walsh,142.0,BOS,2024-25
Pritchard,Tillman,138.0,BOS,2024-25
Tatum,Walsh,135.0,BOS,2024-25
Craig,Scheierman,115.0,BOS,2024-25
Craig,Hauser,111.0,BOS,2024-25
Scheierman,Tatum,110.0,BOS,2024-25
Peterson,Pritchard,108.0,BOS,2024-25
Peterson,Queta,104.0,BOS,2024-25
Scheierman,Walsh,101.0,BOS,2024-25
Craig,Kornet,99.0,BOS,2024-25
Walsh,White,95.0,BOS,2024-25
Tillman,Walsh,93.0,BOS,2024-25
Peterson,Walsh,91.0,BOS,2024-25
Queta,Tillman,88.0,BOS,2024-25
Scheierman,White,80.0,BOS,2024-25
Brown,Tillman,80.0,BOS,2024-25
Tatum,Tillman,79.0,BOS,2024-25
Davison,Scheierman,75.0,BOS,2024-25
Brown,Walsh,74.0,BOS,2024-25
Craig,Tatum,74.0,BOS,2024-25
Pritchard,Springer,73.0,BOS,2024-25
Craig,White,72.0,BOS,2024-25
Kornet,Queta,69.0,BOS,2024-25
Holiday,Tillman,69.0,BOS,2024-25
Craig,Queta,68.0,BOS,2024-25
Springer,Walsh,68.0,BOS,2024-25
Queta,Springer,62.0,BOS,2024-25
Tillman,White,61.0,BOS,2024-25
Davison,Queta,56.0,BOS,2024-25
Davison,Walsh,55.0,BOS,2024-25
Peterson,Tillman,55.0,BOS,2024-25
Peterson,Tatum,54.0,BOS,2024-25
Holiday,Scheierman,53.0,BOS,2024-25
Kornet,Peterson,48.0,BOS,2024-25
Hauser,Tillman,47.0,BOS,2024-25
Springer,Tillman,46.0,BOS,2024-25
Davison,Peterson,45.0,BOS,2024-25
Scheierman,Tillman,45.0,BOS,2024-25
Kornet,Springer,44.0,BOS,2024-25
Springer,Tatum,44.0,BOS,2024-25
Kornet,Tillman,42.0,BOS,2024-25
Horford,Scheierman,40.0,BOS,2024-25
Hauser,Peterson,39.0,BOS,2024-25
Peterson,Scheierman,38.0,BOS,2024-25
Springer,White,37.0,BOS,2024-25
Peterson,Springer,37.0,BOS,2024-25
Scheierman,Springer,37.0,BOS,2024-25
Brown,Springer,35.0,BOS,2024-25
Porziņģis,Scheierman,35.0,BOS,2024-25
Horford,Walsh,32.0,BOS,2024-25
Davison,Tillman,32.0,BOS,2024-25
Porziņģis,Queta,31.0,BOS,2024-25
Peterson,White,30.0,BOS,2024-25
Horford,Tillman,30.0,BOS,2024-25
Brown,Scheierman,29.0,BOS,2024-25
Davison,Pritchard,28.0,BOS,2024-25
Brown,Craig,27.0,BOS,2024-25
Peterson,Porziņģis,23.0,BOS,2024-25
Norris,Peterson,22.0,BOS,2024-25
Brown,Peterson,21.0,BOS,2024-25
Norris,Pritchard,21.0,BOS,2024-25
Craig,Walsh,19.0,BOS,2024-25
Horford,Springer,18.0,BOS,2024-25
Davison,Kornet,17.0,BOS,2024-25
Norris,Walsh,16.0,BOS,2024-25
Davison,Springer,16.0,BOS,2024-25
Holiday,Walsh,16.0,BOS,2024-25
Norris,Queta,15.0,BOS,2024-25
Horford,Peterson,14.0,BOS,2024-25
Holiday,Springer,14.0,BOS,2024-25
Davison,Hauser,14.0,BOS,2024-25
Norris,Scheierman,14.0,BOS,2024-25
Holiday,Peterson,13.0,BOS,2024-25
Hauser,Springer,13.0,BOS,2024-25
Craig,Norris,12.0,BOS,2024-25
Porziņģis,Springer,12.0,BOS,2024-25
Norris,Tillman,11.0,BOS,2024-25
Davison,Norris,11.0,BOS,2024-25
Craig,Holiday,10.0,BOS,2024-25
Craig,Peterson,10.0,BOS,2024-25
Kornet,Norris,9.0,BOS,2024-25
Craig,Davison,9.0,BOS,2024-25
Hauser,Norris,9.0,BOS,2024-25
Porziņģis,Tillman,8.0,BOS,2024-25
Davison,Tatum,8.0,BOS,2024-25
Craig,Horford,6.0,BOS,2024-25
Craig,Porziņģis,4.0,BOS,2024-25
Davison,Horford,3.0,BOS,2024-25
Davison,White,3.0,BOS,2024-25
Porziņģis,Walsh,2.0,BOS,2024-25
Bridges,Green,1102.0,CHA,2024-25
Bridges,Williams,952.0,CHA,2024-25
Green,Williams,934.0,CHA,2024-25
Ball,Bridges,830.0,CHA,2024-25
Ball,Green,790.0,CHA,2024-25
Ball,Williams,772.0,CHA,2024-25
Bridges,Smith Jr.,669.0,CHA,2024-25
Green,Miller,549.0,CHA,2024-25
Smith Jr.,Williams,502.0,CHA,2024-25
Green,Smith Jr.,497.0,CHA,2024-25
Bridges,Curry,475.0,CHA,2024-25
Bridges,Jeffries,462.0,CHA,2024-25
Green,Micić,455.0,CHA,2024-25
Ball,Miller,439.0,CHA,2024-25
Ball,Martin,427.0,CHA,2024-25
Miller,Williams,420.0,CHA,2024-25
Ball,Smith Jr.,387.0,CHA,2024-25
Martin,Miller,382.0,CHA,2024-25
Bridges,Simpson,356.0,CHA,2024-25
Curry,Williams,347.0,CHA,2024-25
Jeffries,Smith Jr.,343.0,CHA,2024-25
Martin,Williams,334.0,CHA,2024-25
Jeffries,Simpson,326.0,CHA,2024-25
Diabaté,Salaün,320.0,CHA,2024-25
Jeffries,Williams,320.0,CHA,2024-25
Ball,Salaün,316.0,CHA,2024-25
Simpson,Smith Jr.,311.0,CHA,2024-25
Salaün,Smith Jr.,309.0,CHA,2024-25
Green,Salaün,295.0,CHA,2024-25
Bridges,Diabaté,294.0,CHA,2024-25
Ball,Curry,294.0,CHA,2024-25
Diabaté,Smith Jr.,293.0,CHA,2024-25
Bridges,Miller,282.0,CHA,2024-25
Diabaté,Green,276.0,CHA,2024-25
Curry,Green,274.0,CHA,2024-25
Salaün,Simpson,272.0,CHA,2024-25
Simpson,Williams,272.0,CHA,2024-25
Bridges,Micić,272.0,CHA,2024-25
Green,Jeffries,269.0,CHA,2024-25
Bridges,Martin,268.0,CHA,2024-25
Curry,Jeffries,261.0,CHA,2024-25
Jeffries,Salaün,261.0,CHA,2024-25
Martin,Salaün,258.0,CHA,2024-25
Miller,Salaün,253.0,CHA,2024-25
Curry,Salaün,247.0,CHA,2024-25
Green,Martin,244.0,CHA,2024-25
Martin,Richards,244.0,CHA,2024-25
Micić,Williams,244.0,CHA,2024-25
Green,Simpson,241.0,CHA,2024-25
Ball,Jeffries,233.0,CHA,2024-25
Micić,Miller,228.0,CHA,2024-25
Salaün,Williams,220.0,CHA,2024-25
Curry,Simpson,209.0,CHA,2024-25
Ball,Diabaté,206.0,CHA,2024-25
Martin,Micić,203.0,CHA,2024-25
Bridges,Salaün,201.0,CHA,2024-25
Jeffries,Nurkić,200.0,CHA,2024-25
Diabaté,Jeffries,199.0,CHA,2024-25
Nurkić,Smith Jr.,191.0,CHA,2024-25
Bridges,Nurkić,191.0,CHA,2024-25
Mann,Williams,181.0,CHA,2024-25
Micić,Smith Jr.,179.0,CHA,2024-25
Nurkić,Salaün,177.0,CHA,2024-25
Curry,Martin,176.0,CHA,2024-25
Diabate,Miller,174.0,CHA,2024-25
Curry,Smith Jr.,173.0,CHA,2024-25
Mann,Martin,172.0,CHA,2024-25
Diabate,Martin,171.0,CHA,2024-25
Green,Richards,169.0,CHA,2024-25
Bridges,Richards,169.0,CHA,2024-25
Curry,Diabaté,167.0,CHA,2024-25
Micić,Salaün,163.0,CHA,2024-25
Ball,Richards,162.0,CHA,2024-25
Curry,Micić,157.0,CHA,2024-25
Diabaté,Simpson,157.0,CHA,2024-25
Baugh,Bridges,152.0,CHA,2024-25
Micić,Richards,149.0,CHA,2024-25
Nurkić,Simpson,149.0,CHA,2024-25
Curry,Nurkić,146.0,CHA,2024-25
Baugh,Diabaté,144.0,CHA,2024-25
Baugh,Smith Jr.,143.0,CHA,2024-25
Ball,Diabate,138.0,CHA,2024-25
Gibson,Salaün,137.0,CHA,2024-25
Moore Jr.,Smith Jr.,129.0,CHA,2024-25
Diabate,Green,128.0,CHA,2024-25
Miller,Richards,127.0,CHA,2024-25
Gibson,Smith Jr.,125.0,CHA,2024-25
Diabaté,Micić,125.0,CHA,2024-25
Gibson,Green,124.0,CHA,2024-25
Curry,Richards,122.0,CHA,2024-25
Jeffries,Micić,122.0,CHA,2024-25
Diabate,Williams,118.0,CHA,2024-25
Richards,Salaün,118.0,CHA,2024-25
Green,Nurkić,114.0,CHA,2024-25
Jeffries,Wong,111.0,CHA,2024-25
Ball,Gibson,111.0,CHA,2024-25
Baugh,Green,106.0,CHA,2024-25
Bridges,Mann,104.0,CHA,2024-25
Bridges,Gibson,103.0,CHA,2024-25
Baugh,Salaün,102.0,CHA,2024-25
Ball,Mann,102.0,CHA,2024-25
Martin,Smith Jr.,102.0,CHA,2024-25
Baugh,Jeffries,100.0,CHA,2024-25
Okogie,Simpson,100.0,CHA,2024-25
Diabaté,Martin,98.0,CHA,2024-25
Diabaté,Moore Jr.,97.0,CHA,2024-25
Gibson,Miller,96.0,CHA,2024-25
Diabate,Salaün,95.0,CHA,2024-25
Salaün,Wong,94.0,CHA,2024-25
Ball,Nurkić,94.0,CHA,2024-25
Curry,Gibson,93.0,CHA,2024-25
Gibson,Jeffries,90.0,CHA,2024-25
Okogie,Williams,87.0,CHA,2024-25
Martin,Simpson,86.0,CHA,2024-25
Mann,Miller,85.0,CHA,2024-25
Diabaté,Miller,85.0,CHA,2024-25
Mann,Salaün,83.0,CHA,2024-25
Diabate,Mann,82.0,CHA,2024-25
Moore Jr.,Nurkić,79.0,CHA,2024-25
Bridges,Okogie,76.0,CHA,2024-25
Curry,Diabate,76.0,CHA,2024-25
Jeffries,Okogie,76.0,CHA,2024-25
Okogie,Smith Jr.,75.0,CHA,2024-25
Curry,Okogie,73.0,CHA,2024-25
Miller,Simpson,73.0,CHA,2024-25
Baugh,Moore Jr.,73.0,CHA,2024-25
Diabate,Jeffries,70.0,CHA,2024-25
Curry,Mann,69.0,CHA,2024-25
Gibson,Simpson,69.0,CHA,2024-25
Jeffries,Moore Jr.,69.0,CHA,2024-25
Diabate,Micić,68.0,CHA,2024-25
Bridges,Diabate,67.0,CHA,2024-25
Baugh,Williams,66.0,CHA,2024-25
Diabaté,Williams,64.0,CHA,2024-25
Moore Jr.,Salaün,64.0,CHA,2024-25
Baugh,Curry,64.0,CHA,2024-25
Micić,Okogie,64.0,CHA,2024-25
Bridges,Wong,60.0,CHA,2024-25
Curry,Moore Jr.,60.0,CHA,2024-25
Gibson,Moore Jr.,59.0,CHA,2024-25
Bridges,Payton,58.0,CHA,2024-25
Miller,Smith Jr.,58.0,CHA,2024-25
Diabate,Smith Jr.,58.0,CHA,2024-25
Baugh,Nurkić,58.0,CHA,2024-25
Moore Jr.,Simpson,56.0,CHA,2024-25
Diabate,Wong,56.0,CHA,2024-25
Micić,Wong,55.0,CHA,2024-25
Gibson,Micić,54.0,CHA,2024-25
Richards,Wong,53.0,CHA,2024-25
Green,Wong,53.0,CHA,2024-25
Payton,Salaün,53.0,CHA,2024-25
Nurkić,Okogie,51.0,CHA,2024-25
Diabate,Simpson,50.0,CHA,2024-25
Garrett,Smith Jr.,50.0,CHA,2024-25
Green,Mann,50.0,CHA,2024-25
Diabaté,Okogie,49.0,CHA,2024-25
Nurkić,Payton,48.0,CHA,2024-25
Richards,Smith Jr.,47.0,CHA,2024-25
Okogie,Salaün,47.0,CHA,2024-25
Jeffries,Richards,46.0,CHA,2024-25
Green,Okogie,46.0,CHA,2024-25
Mann,Richards,46.0,CHA,2024-25
Gibson,Martin,45.0,CHA,2024-25
Green,Payton,45.0,CHA,2024-25
Salaün,Sims,45.0,CHA,2024-25
Simpson,Sims,44.0,CHA,2024-25
Richards,Simpson,44.0,CHA,2024-25
Baugh,Sims,43.0,CHA,2024-25
Martin,Wong,41.0,CHA,2024-25
Payton,Smith Jr.,41.0,CHA,2024-25
Diabaté,Sims,39.0,CHA,2024-25
Diabaté,Gibson,37.0,CHA,2024-25
Curry,Wong,37.0,CHA,2024-25
Garrett,Jeffries,36.0,CHA,2024-25
Ball,Baugh,36.0,CHA,2024-25
Baugh,Gibson,35.0,CHA,2024-25
Jeffries,Martin,35.0,CHA,2024-25
Smith Jr.,Wong,35.0,CHA,2024-25
Baugh,Simpson,34.0,CHA,2024-25
Diabaté,Mann,33.0,CHA,2024-25
Bridges,Moore Jr.,33.0,CHA,2024-25
Diabaté,Nurkić,33.0,CHA,2024-25
Richards,Williams,32.0,CHA,2024-25
Ball,Okogie,32.0,CHA,2024-25
Jeffries,Sims,32.0,CHA,2024-25
Garrett,Moore Jr.,32.0,CHA,2024-25
Gibson,Sims,31.0,CHA,2024-25
Ball,Micić,30.0,CHA,2024-25
Garrett,Nurkić,30.0,CHA,2024-25
Moore Jr.,Payton,29.0,CHA,2024-25
Ball,Moore Jr.,29.0,CHA,2024-25
Gibson,Wong,29.0,CHA,2024-25
Jeffries,Miller,29.0,CHA,2024-25
Diabaté,Garrett,28.0,CHA,2024-25
Simpson,Wong,28.0,CHA,2024-25
Moore Jr.,Williams,28.0,CHA,2024-25
Green,Moore Jr.,28.0,CHA,2024-25
Curry,Payton,27.0,CHA,2024-25
Miller,Wong,27.0,CHA,2024-25
Bridges,Garrett,27.0,CHA,2024-25
Micić,Simpson,25.0,CHA,2024-25
Nurkić,Sims,24.0,CHA,2024-25
Jeffries,Payton,24.0,CHA,2024-25
Okogie,Wong,24.0,CHA,2024-25
Moore Jr.,Sims,24.0,CHA,2024-25
Martin,Okogie,22.0,CHA,2024-25
Flynn,Jeffries,22.0,CHA,2024-25
Williams,Wong,21.0,CHA,2024-25
Diabate,Okogie,21.0,CHA,2024-25
Gibson,Williams,19.0,CHA,2024-25
Diabaté,Payton,19.0,CHA,2024-25
Gibson,Payton,19.0,CHA,2024-25
Curry,Garrett,19.0,CHA,2024-25
Diabaté,Wong,19.0,CHA,2024-25
Sims,Smith Jr.,17.0,CHA,2024-25
Baugh,Payton,17.0,CHA,2024-25
Garrett,Williams,16.0,CHA,2024-25
Mann,Micić,16.0,CHA,2024-25
Payton,Wong,15.0,CHA,2024-25
Ball,Wong,14.0,CHA,2024-25
Bridges,Flynn,14.0,CHA,2024-25
Baugh,Okogie,14.0,CHA,2024-25
Ball,Simpson,14.0,CHA,2024-25
Garrett,Green,13.0,CHA,2024-25
Sims,Williams,13.0,CHA,2024-25
Curry,Sims,13.0,CHA,2024-25
Baugh,Wong,12.0,CHA,2024-25
Gibson,Okogie,11.0,CHA,2024-25
Flynn,Green,10.0,CHA,2024-25
Diabaté,Rhoden,10.0,CHA,2024-25
Rhoden,Salaün,10.0,CHA,2024-25
Gibson,Nurkić,10.0,CHA,2024-25
Rhoden,Smith Jr.,10.0,CHA,2024-25
Gibson,Mann,10.0,CHA,2024-25
Flynn,Smith Jr.,9.0,CHA,2024-25
Flynn,Gibson,9.0,CHA,2024-25
Baugh,Garrett,9.0,CHA,2024-25
Flynn,Williams,9.0,CHA,2024-25
Curry,Miller,9.0,CHA,2024-25
Okogie,Sims,8.0,CHA,2024-25
Payton,Williams,8.0,CHA,2024-25
Rhoden,Simpson,7.0,CHA,2024-25
Mann,Smith Jr.,7.0,CHA,2024-25
Flynn,Moore Jr.,7.0,CHA,2024-25
Bridges,Sims,7.0,CHA,2024-25
Payton,Simpson,5.0,CHA,2024-25
Nurkić,Williams,5.0,CHA,2024-25
Flynn,Salaün,4.0,CHA,2024-25
Diabaté,Flynn,4.0,CHA,2024-25
Micić,Rhoden,3.0,CHA,2024-25
Vučević,White,1415.0,CHI,2024-25
Giddey,Vučević,1407.0,CHI,2024-25
LaVine,Vučević,1254.0,CHI,2024-25
Giddey,White,1244.0,CHI,2024-25
Vučević,Williams,1013.0,CHI,2024-25
White,Williams,983.0,CHI,2024-25
Dosunmu,Vučević,915.0,CHI,2024-25
Giddey,LaVine,855.0,CHI,2024-25
Buzelis,White,845.0,CHI,2024-25
Dosunmu,White,805.0,CHI,2024-25
Giddey,Williams,779.0,CHI,2024-25
LaVine,White,758.0,CHI,2024-25
Buzelis,Giddey,743.0,CHI,2024-25
Buzelis,Vučević,736.0,CHI,2024-25
LaVine,Williams,706.0,CHI,2024-25
Dosunmu,Giddey,651.0,CHI,2024-25
Dosunmu,LaVine,648.0,CHI,2024-25
Smith,White,567.0,CHI,2024-25
Phillips,White,564.0,CHI,2024-25
Ball,Vučević,529.0,CHI,2024-25
Huerter,White,517.0,CHI,2024-25
Terry,White,484.0,CHI,2024-25
Huerter,Vučević,451.0,CHI,2024-25
Dosunmu,Williams,450.0,CHI,2024-25
Ball,Giddey,421.0,CHI,2024-25
Buzelis,Huerter,421.0,CHI,2024-25
Phillips,Vučević,419.0,CHI,2024-25
Giddey,Huerter,400.0,CHI,2024-25
Buzelis,Terry,392.0,CHI,2024-25
Ball,LaVine,385.0,CHI,2024-25
Buzelis,Dosunmu,379.0,CHI,2024-25
Dosunmu,Phillips,378.0,CHI,2024-25
Giddey,Phillips,376.0,CHI,2024-25
Smith,Terry,375.0,CHI,2024-25
Phillips,Smith,362.0,CHI,2024-25
Giddey,Smith,361.0,CHI,2024-25
Dosunmu,Smith,354.0,CHI,2024-25
Buzelis,Smith,351.0,CHI,2024-25
Collins,White,351.0,CHI,2024-25
Ball,White,347.0,CHI,2024-25
Phillips,Terry,344.0,CHI,2024-25
Horton-Tucker,Smith,319.0,CHI,2024-25
Terry,Williams,313.0,CHI,2024-25
Terry,Vučević,305.0,CHI,2024-25
Giddey,Terry,303.0,CHI,2024-25
Smith,Williams,293.0,CHI,2024-25
Buzelis,Williams,288.0,CHI,2024-25
Jones,White,271.0,CHI,2024-25
Horton-Tucker,Phillips,270.0,CHI,2024-25
Buzelis,Horton-Tucker,269.0,CHI,2024-25
Horton-Tucker,White,267.0,CHI,2024-25
LaVine,Phillips,263.0,CHI,2024-25
Dosunmu,Terry,258.0,CHI,2024-25
Buzelis,LaVine,255.0,CHI,2024-25
Ball,Buzelis,251.0,CHI,2024-25
Huerter,Jones,251.0,CHI,2024-25
Buzelis,Collins,246.0,CHI,2024-25
Ball,Williams,241.0,CHI,2024-25
Ball,Dosunmu,240.0,CHI,2024-25
Buzelis,Jones,236.0,CHI,2024-25
Phillips,Williams,234.0,CHI,2024-25
Collins,Giddey,231.0,CHI,2024-25
Huerter,Phillips,220.0,CHI,2024-25
Huerter,Williams,202.0,CHI,2024-25
Collins,Phillips,194.0,CHI,2024-25
Collins,Huerter,194.0,CHI,2024-25
Collins,Williams,191.0,CHI,2024-25
Collins,Jones,188.0,CHI,2024-25
Horton-Tucker,Terry,185.0,CHI,2024-25
Horton-Tucker,Williams,185.0,CHI,2024-25
Collins,Terry,184.0,CHI,2024-25
Giddey,Horton-Tucker,176.0,CHI,2024-25
Buzelis,Phillips,169.0,CHI,2024-25
Horton-Tucker,Vučević,166.0,CHI,2024-25
LaVine,Terry,161.0,CHI,2024-25
Carter,Phillips,157.0,CHI,2024-25
Giddey,Jones,157.0,CHI,2024-25
Carter,Horton-Tucker,156.0,CHI,2024-25
Jones,Vučević,144.0,CHI,2024-25
Jones,Phillips,142.0,CHI,2024-25
LaVine,Smith,141.0,CHI,2024-25
Huerter,Terry,141.0,CHI,2024-25
Ball,Smith,140.0,CHI,2024-25
Dosunmu,Horton-Tucker,132.0,CHI,2024-25
Ball,Phillips,126.0,CHI,2024-25
Collins,Horton-Tucker,121.0,CHI,2024-25
Buzelis,Carter,119.0,CHI,2024-25
Carter,Smith,118.0,CHI,2024-25
Horton-Tucker,LaVine,107.0,CHI,2024-25
Jones,Williams,94.0,CHI,2024-25
Carter,Williams,91.0,CHI,2024-25
Carter,Terry,91.0,CHI,2024-25
Ball,Horton-Tucker,86.0,CHI,2024-25
Huerter,Smith,80.0,CHI,2024-25
Carter,White,79.0,CHI,2024-25
Jones,Smith,74.0,CHI,2024-25
Jones,Terry,69.0,CHI,2024-25
Ball,Collins,67.0,CHI,2024-25
Ball,Terry,65.0,CHI,2024-25
Carter,Collins,64.0,CHI,2024-25
Craig,White,62.0,CHI,2024-25
Buzelis,Duarte,61.0,CHI,2024-25
Craig,Vučević,61.0,CHI,2024-25
Carter,Vučević,55.0,CHI,2024-25
Duarte,Horton-Tucker,50.0,CHI,2024-25
Craig,LaVine,50.0,CHI,2024-25
Craig,Giddey,49.0,CHI,2024-25
Carter,Duarte,49.0,CHI,2024-25
Dosunmu,Huerter,48.0,CHI,2024-25
Horton-Tucker,Jones,45.0,CHI,2024-25
Horton-Tucker,Huerter,43.0,CHI,2024-25
Ball,Huerter,36.0,CHI,2024-25
Carter,Giddey,34.0,CHI,2024-25
Carter,LaVine,32.0,CHI,2024-25
Craig,Dosunmu,30.0,CHI,2024-25
Duarte,Terry,29.0,CHI,2024-25
Duarte,Phillips,28.0,CHI,2024-25
Collins,Dosunmu,26.0,CHI,2024-25
Craig,Terry,26.0,CHI,2024-25
Carter,Liddell,26.0,CHI,2024-25
Craig,Smith,25.0,CHI,2024-25
Horton-Tucker,Liddell,24.0,CHI,2024-25
Craig,Horton-Tucker,22.0,CHI,2024-25
Collins,Smith,22.0,CHI,2024-25
Carter,Dosunmu,21.0,CHI,2024-25
Dosunmu,Jones,20.0,CHI,2024-25
Liddell,Phillips,20.0,CHI,2024-25
Collins,Young,18.0,CHI,2024-25
Carter,Craig,18.0,CHI,2024-25
Buzelis,Liddell,18.0,CHI,2024-25
Carter,Miller,18.0,CHI,2024-25
Carter,Jones,17.0,CHI,2024-25
Ball,Craig,17.0,CHI,2024-25
Liddell,Young,17.0,CHI,2024-25
Duarte,Liddell,16.0,CHI,2024-25
Sanogo,White,16.0,CHI,2024-25
Craig,Williams,16.0,CHI,2024-25
Dosunmu,Sanogo,16.0,CHI,2024-25
Liddell,Miller,15.0,CHI,2024-25
Carter,Young,14.0,CHI,2024-25
Buzelis,Sanogo,14.0,CHI,2024-25
Collins,Liddell,13.0,CHI,2024-25
Ball,Jones,12.0,CHI,2024-25
Miller,Young,12.0,CHI,2024-25
Phillips,Young,12.0,CHI,2024-25
Giddey,Liddell,11.0,CHI,2024-25
Duarte,Smith,11.0,CHI,2024-25
Horton-Tucker,Young,11.0,CHI,2024-25
Smith,Vučević,11.0,CHI,2024-25
Dosunmu,Liddell,10.0,CHI,2024-25
Collins,Miller,10.0,CHI,2024-25
Miller,Smith,10.0,CHI,2024-25
Sanogo,Terry,9.0,CHI,2024-25
Horton-Tucker,Miller,9.0,CHI,2024-25
Buzelis,Craig,8.0,CHI,2024-25
Liddell,Terry,8.0,CHI,2024-25
Ball,Duarte,7.0,CHI,2024-25
Craig,Duarte,6.0,CHI,2024-25
Craig,Phillips,6.0,CHI,2024-25
LaVine,Liddell,6.0,CHI,2024-25
Ball,Carter,6.0,CHI,2024-25
Duarte,Vučević,6.0,CHI,2024-25
Duarte,LaVine,6.0,CHI,2024-25
Liddell,Smith,5.0,CHI,2024-25
Miller,Williams,5.0,CHI,2024-25
Liddell,White,5.0,CHI,2024-25
Miller,Terry,5.0,CHI,2024-25
Giddey,Sanogo,5.0,CHI,2024-25
Terry,Young,5.0,CHI,2024-25
Smith,Young,5.0,CHI,2024-25
Horton-Tucker,Sanogo,5.0,CHI,2024-25
LaVine,Sanogo,5.0,CHI,2024-25
Miller,Phillips,4.0,CHI,2024-25
Sanogo,Williams,4.0,CHI,2024-25
Phillips,Sanogo,4.0,CHI,2024-25
Buzelis,Young,3.0,CHI,2024-25
Carter,Huerter,3.0,CHI,2024-25
Dosunmu,Duarte,3.0,CHI,2024-25
Williams,Young,3.0,CHI,2024-25
Duarte,White,3.0,CHI,2024-25
Ball,Liddell,2.0,CHI,2024-25
Ball,Sanogo,2.0,CHI,2024-25
Duarte,Williams,1.0,CHI,2024-25
Giddey,Young,1.0,CHI,2024-25
Huerter,Young,1.0,CHI,2024-25
Vučević,Young,1.0,CHI,2024-25
White,Young,1.0,CHI,2024-25
Allen,Garland,1999.0,CLE,2024-25
Mitchell,Mobley,1716.0,CLE,2024-25
Allen,Mitchell,1215.0,CLE,2024-25
Garland,Mobley,1177.0,CLE,2024-25
Garland,Mitchell,1128.0,CLE,2024-25
Allen,Mobley,1036.0,CLE,2024-25
Allen,Strus,919.0,CLE,2024-25
Garland,Strus,919.0,CLE,2024-25
Garland,Wade,747.0,CLE,2024-25
Merrill,Mitchell,719.0,CLE,2024-25
Allen,Wade,716.0,CLE,2024-25
Mobley,Strus,716.0,CLE,2024-25
Merrill,Mobley,698.0,CLE,2024-25
Mitchell,Strus,679.0,CLE,2024-25
Jerome,Merrill,647.0,CLE,2024-25
Mitchell,Wade,642.0,CLE,2024-25
Allen,Okoro,631.0,CLE,2024-25
Jerome,Mobley,624.0,CLE,2024-25
Jerome,Mitchell,622.0,CLE,2024-25
Garland,Okoro,614.0,CLE,2024-25
Mitchell,Niang,585.0,CLE,2024-25
Garland,LeVert,581.0,CLE,2024-25
Mobley,Wade,579.0,CLE,2024-25
Allen,Jerome,569.0,CLE,2024-25
Allen,LeVert,535.0,CLE,2024-25
Garland,Merrill,521.0,CLE,2024-25
Mobley,Niang,510.0,CLE,2024-25
Mobley,Okoro,510.0,CLE,2024-25
Mitchell,Okoro,505.0,CLE,2024-25
Merrill,Niang,501.0,CLE,2024-25
Jerome,Niang,492.0,CLE,2024-25
Allen,Merrill,492.0,CLE,2024-25
Garland,Jerome,486.0,CLE,2024-25
Jerome,Wade,484.0,CLE,2024-25
LeVert,Niang,477.0,CLE,2024-25
LeVert,Mobley,452.0,CLE,2024-25
Merrill,Wade,439.0,CLE,2024-25
LeVert,Mitchell,433.0,CLE,2024-25
Garland,Niang,377.0,CLE,2024-25
Allen,Niang,363.0,CLE,2024-25
Allen,Hunter,354.0,CLE,2024-25
Garland,Hunter,348.0,CLE,2024-25
Merrill,Okoro,328.0,CLE,2024-25
Hunter,Merrill,328.0,CLE,2024-25
Hunter,Mitchell,321.0,CLE,2024-25
Hunter,Mobley,320.0,CLE,2024-25
Hunter,Jerome,318.0,CLE,2024-25
Okoro,Wade,318.0,CLE,2024-25
LeVert,Merrill,279.0,CLE,2024-25
LeVert,Wade,275.0,CLE,2024-25
Jerome,Okoro,275.0,CLE,2024-25
Strus,Wade,267.0,CLE,2024-25
Niang,Strus,260.0,CLE,2024-25
Hunter,Strus,255.0,CLE,2024-25
Jerome,Strus,246.0,CLE,2024-25
Porter Jr.,Tyson,230.0,CLE,2024-25
LeVert,Strus,217.0,CLE,2024-25
Okoro,Strus,213.0,CLE,2024-25
Jerome,Tyson,196.0,CLE,2024-25
Jerome,LeVert,194.0,CLE,2024-25
Thompson,Tyson,190.0,CLE,2024-25
Porter Jr.,Thompson,188.0,CLE,2024-25
Jerome,Porter Jr.,175.0,CLE,2024-25
Hunter,Wade,172.0,CLE,2024-25
Merrill,Strus,168.0,CLE,2024-25
Hunter,Okoro,164.0,CLE,2024-25
Mobley,Porter Jr.,160.0,CLE,2024-25
Jerome,Thompson,156.0,CLE,2024-25
Allen,Porter Jr.,152.0,CLE,2024-25
Okoro,Porter Jr.,143.0,CLE,2024-25
Merrill,Thompson,143.0,CLE,2024-25
Niang,Okoro,138.0,CLE,2024-25
Allen,Tyson,132.0,CLE,2024-25
Niang,Wade,129.0,CLE,2024-25
Merrill,Tyson,126.0,CLE,2024-25
Niang,Porter Jr.,125.0,CLE,2024-25
Mitchell,Porter Jr.,122.0,CLE,2024-25
Mobley,Tyson,117.0,CLE,2024-25
Garland,Porter Jr.,115.0,CLE,2024-25
Merrill,Porter Jr.,112.0,CLE,2024-25
Okoro,Tyson,106.0,CLE,2024-25
Mitchell,Tyson,102.0,CLE,2024-25
Niang,Tyson,98.0,CLE,2024-25
LeVert,Okoro,95.0,CLE,2024-25
Niang,Thompson,94.0,CLE,2024-25
Garland,Tyson,93.0,CLE,2024-25
Porter Jr.,Strus,87.0,CLE,2024-25
Okoro,Thompson,87.0,CLE,2024-25
Mitchell,Thompson,82.0,CLE,2024-25
Green,Porter Jr.,82.0,CLE,2024-25
Green,Okoro,79.0,CLE,2024-25
Porter Jr.,Wade,78.0,CLE,2024-25
Strus,Tyson,68.0,CLE,2024-25
Bates,Tyson,61.0,CLE,2024-25
Porter Jr.,Travers,59.0,CLE,2024-25
Garland,Green,58.0,CLE,2024-25
Travers,Tyson,57.0,CLE,2024-25
Green,Merrill,56.0,CLE,2024-25
Tomlin,Tyson,55.0,CLE,2024-25
Allen,Green,53.0,CLE,2024-25
Green,Wade,52.0,CLE,2024-25
Bates,Porter Jr.,52.0,CLE,2024-25
Green,Thompson,52.0,CLE,2024-25
Thompson,Travers,51.0,CLE,2024-25
Bates,Thompson,50.0,CLE,2024-25
Porter Jr.,Tomlin,49.0,CLE,2024-25
Hunter,Porter Jr.,49.0,CLE,2024-25
Thompson,Tomlin,46.0,CLE,2024-25
Green,Hunter,45.0,CLE,2024-25
Tyson,Wade,43.0,CLE,2024-25
Green,Tyson,41.0,CLE,2024-25
Green,Strus,40.0,CLE,2024-25
Thompson,Thor,38.0,CLE,2024-25
Thor,Tyson,37.0,CLE,2024-25
Bates,Travers,36.0,CLE,2024-25
Porter Jr.,Thor,35.0,CLE,2024-25
Thompson,Wade,34.0,CLE,2024-25
Bates,Tomlin,33.0,CLE,2024-25
LeVert,Porter Jr.,24.0,CLE,2024-25
Bates,Okeke,24.0,CLE,2024-25
Green,Tomlin,24.0,CLE,2024-25
Green,Mobley,24.0,CLE,2024-25
Green,Mitchell,24.0,CLE,2024-25
LeVert,Thompson,21.0,CLE,2024-25
Tomlin,Travers,21.0,CLE,2024-25
Okeke,Travers,21.0,CLE,2024-25
Okeke,Tyson,18.0,CLE,2024-25
Jerome,Thor,18.0,CLE,2024-25
Jerome,Travers,18.0,CLE,2024-25
Green,Jerome,17.0,CLE,2024-25
Niang,Travers,17.0,CLE,2024-25
Okeke,Tomlin,16.0,CLE,2024-25
Thor,Travers,16.0,CLE,2024-25
Garland,Thompson,16.0,CLE,2024-25
Merrill,Travers,15.0,CLE,2024-25
Strus,Thompson,15.0,CLE,2024-25
LeVert,Tyson,13.0,CLE,2024-25
Mobley,Thompson,12.0,CLE,2024-25
Allen,Travers,10.0,CLE,2024-25
Mitchell,Travers,9.0,CLE,2024-25
Hunter,Tyson,9.0,CLE,2024-25
Bates,Thor,9.0,CLE,2024-25
Hunter,Thompson,9.0,CLE,2024-25
Green,Travers,8.0,CLE,2024-25
Okeke,Thompson,8.0,CLE,2024-25
Merrill,Thor,8.0,CLE,2024-25
Okoro,Tomlin,7.0,CLE,2024-25
Okeke,Porter Jr.,7.0,CLE,2024-25
Bates,Green,7.0,CLE,2024-25
Okoro,Travers,7.0,CLE,2024-25
Green,Okeke,6.0,CLE,2024-25
Mobley,Travers,5.0,CLE,2024-25
Thor,Wade,5.0,CLE,2024-25
Bates,Merrill,4.0,CLE,2024-25
Bates,Niang,4.0,CLE,2024-25
Bates,Garland,3.0,CLE,2024-25
Allen,Bates,3.0,CLE,2024-25
Bates,Strus,3.0,CLE,2024-25
Bates,Jerome,3.0,CLE,2024-25
Garland,Travers,2.0,CLE,2024-25
Niang,Thor,2.0,CLE,2024-25
Allen,Tomlin,1.0,CLE,2024-25
Bates,Mobley,0.0,CLE,2024-25
Thompson,Washington,982.0,DAL,2024-25
Dinwiddie,Marshall,948.0,DAL,2024-25
Irving,Thompson,936.0,DAL,2024-25
Irving,Washington,924.0,DAL,2024-25
Dinwiddie,Washington,895.0,DAL,2024-25
Dinwiddie,Thompson,807.0,DAL,2024-25
Gafford,Irving,749.0,DAL,2024-25
Marshall,Thompson,724.0,DAL,2024-25
Dinwiddie,Irving,663.0,DAL,2024-25
Irving,Marshall,650.0,DAL,2024-25
Christie,Marshall,620.0,DAL,2024-25
Marshall,Washington,617.0,DAL,2024-25
Gafford,Washington,599.0,DAL,2024-25
Dinwiddie,Gafford,577.0,DAL,2024-25
Gafford,Thompson,573.0,DAL,2024-25
Lively II,Washington,539.0,DAL,2024-25
Christie,Dinwiddie,506.0,DAL,2024-25
Grimes,Washington,493.0,DAL,2024-25
Dončić,Irving,481.0,DAL,2024-25
Dinwiddie,Grimes,480.0,DAL,2024-25
Dončić,Thompson,480.0,DAL,2024-25
Lively II,Thompson,472.0,DAL,2024-25
Grimes,Irving,469.0,DAL,2024-25
Gafford,Marshall,438.0,DAL,2024-25
Irving,Lively II,418.0,DAL,2024-25
Dončić,Washington,409.0,DAL,2024-25
Gafford,Grimes,394.0,DAL,2024-25
Hardy,Marshall,368.0,DAL,2024-25
Dinwiddie,Lively II,341.0,DAL,2024-25
Dinwiddie,Hardy,340.0,DAL,2024-25
Dinwiddie,Kleber,335.0,DAL,2024-25
Dončić,Gafford,328.0,DAL,2024-25
Grimes,Kleber,323.0,DAL,2024-25
Christie,Thompson,320.0,DAL,2024-25
Lively II,Marshall,315.0,DAL,2024-25
Dončić,Lively II,310.0,DAL,2024-25
Irving,Kleber,298.0,DAL,2024-25
Grimes,Lively II,298.0,DAL,2024-25
Grimes,Marshall,279.0,DAL,2024-25
Dinwiddie,Prosper,264.0,DAL,2024-25
Edwards,Thompson,256.0,DAL,2024-25
Hardy,Washington,256.0,DAL,2024-25
Edwards,Marshall,256.0,DAL,2024-25
Dinwiddie,Edwards,252.0,DAL,2024-25
Grimes,Thompson,249.0,DAL,2024-25
Grimes,Hardy,247.0,DAL,2024-25
Christie,Irving,239.0,DAL,2024-25
Kleber,Washington,239.0,DAL,2024-25
Dončić,Marshall,238.0,DAL,2024-25
Christie,Edwards,237.0,DAL,2024-25
Marshall,Powell,232.0,DAL,2024-25
Dinwiddie,Powell,231.0,DAL,2024-25
Marshall,Williams,229.0,DAL,2024-25
Gafford,Hardy,214.0,DAL,2024-25
Irving,Prosper,212.0,DAL,2024-25
Christie,Williams,207.0,DAL,2024-25
Christie,Washington,204.0,DAL,2024-25
Dončić,Grimes,200.0,DAL,2024-25
Gafford,Kleber,195.0,DAL,2024-25
Dinwiddie,Dončić,189.0,DAL,2024-25
Kleber,Thompson,187.0,DAL,2024-25
Kleber,Marshall,182.0,DAL,2024-25
Christie,Powell,178.0,DAL,2024-25
Dinwiddie,Jones,178.0,DAL,2024-25
Exum,Thompson,176.0,DAL,2024-25
Dinwiddie,Williams,169.0,DAL,2024-25
Hardy,Lively II,168.0,DAL,2024-25
Hardy,Kleber,168.0,DAL,2024-25
Edwards,Irving,165.0,DAL,2024-25
Exum,Marshall,161.0,DAL,2024-25
Hardy,Irving,160.0,DAL,2024-25
Davis,Thompson,159.0,DAL,2024-25
Edwards,Exum,158.0,DAL,2024-25
Hardy,Thompson,157.0,DAL,2024-25
Edwards,Williams,157.0,DAL,2024-25
Grimes,Prosper,156.0,DAL,2024-25
Christie,Hardy,154.0,DAL,2024-25
Marshall,Prosper,152.0,DAL,2024-25
Jones,Marshall,151.0,DAL,2024-25
Hardy,Powell,150.0,DAL,2024-25
Prosper,Thompson,148.0,DAL,2024-25
Christie,Martin,147.0,DAL,2024-25
Marshall,Martin,147.0,DAL,2024-25
Christie,Exum,138.0,DAL,2024-25
Powell,Thompson,137.0,DAL,2024-25
Davis,Dinwiddie,135.0,DAL,2024-25
Kleber,Lively II,130.0,DAL,2024-25
Powell,Williams,129.0,DAL,2024-25
Dinwiddie,Martin,128.0,DAL,2024-25
Christie,Gafford,125.0,DAL,2024-25
Thompson,Williams,125.0,DAL,2024-25
Christie,Jones,124.0,DAL,2024-25
Davis,Marshall,123.0,DAL,2024-25
Hardy,Williams,118.0,DAL,2024-25
Davis,Washington,117.0,DAL,2024-25
Dinwiddie,Exum,114.0,DAL,2024-25
Christie,Prosper,112.0,DAL,2024-25
Exum,Irving,112.0,DAL,2024-25
Dončić,Hardy,110.0,DAL,2024-25
Edwards,Prosper,110.0,DAL,2024-25
Hardy,Prosper,109.0,DAL,2024-25
Grimes,Powell,101.0,DAL,2024-25
Jones,Thompson,99.0,DAL,2024-25
Jones,Washington,95.0,DAL,2024-25
Edwards,Gafford,93.0,DAL,2024-25
Prosper,Williams,91.0,DAL,2024-25
Gafford,Prosper,91.0,DAL,2024-25
Christie,Davis,89.0,DAL,2024-25
Irving,Powell,88.0,DAL,2024-25
Powell,Prosper,88.0,DAL,2024-25
Edwards,Washington,84.0,DAL,2024-25
Washington,Williams,83.0,DAL,2024-25
Dončić,Kleber,81.0,DAL,2024-25
Edwards,Hardy,70.0,DAL,2024-25
Powell,Washington,69.0,DAL,2024-25
Martin,Williams,69.0,DAL,2024-25
Prosper,Washington,69.0,DAL,2024-25
Hardy,Martin,63.0,DAL,2024-25
Edwards,Powell,61.0,DAL,2024-25
Hardy,Jones,61.0,DAL,2024-25
Martin,Powell,60.0,DAL,2024-25
Exum,Gafford,59.0,DAL,2024-25
Martin,Thompson,58.0,DAL,2024-25
Davis,Martin,58.0,DAL,2024-25
Exum,Prosper,58.0,DAL,2024-25
Grimes,Williams,55.0,DAL,2024-25
Jones,Martin,51.0,DAL,2024-25
Davis,Jones,49.0,DAL,2024-25
Brown,Christie,49.0,DAL,2024-25
Gafford,Williams,49.0,DAL,2024-25
Davis,Lively II,48.0,DAL,2024-25
Brown,Irving,46.0,DAL,2024-25
Dončić,Powell,45.0,DAL,2024-25
Edwards,Grimes,45.0,DAL,2024-25
Davis,Hardy,42.0,DAL,2024-25
Exum,Washington,41.0,DAL,2024-25
Brown,Thompson,40.0,DAL,2024-25
Gafford,Martin,40.0,DAL,2024-25
Brown,Marshall,38.0,DAL,2024-25
Exum,Martin,38.0,DAL,2024-25
Davis,Gafford,37.0,DAL,2024-25
Kleber,Powell,37.0,DAL,2024-25
Exum,Powell,37.0,DAL,2024-25
Hardy,Kelley,34.0,DAL,2024-25
Davis,Williams,34.0,DAL,2024-25
Edwards,Martin,33.0,DAL,2024-25
Dončić,Prosper,33.0,DAL,2024-25
Kelley,Prosper,32.0,DAL,2024-25
Kleber,Prosper,31.0,DAL,2024-25
Lively II,Prosper,31.0,DAL,2024-25
Kelley,Williams,30.0,DAL,2024-25
Morris,Prosper,30.0,DAL,2024-25
Jones,Williams,29.0,DAL,2024-25
Exum,Hardy,27.0,DAL,2024-25
Brown,Washington,26.0,DAL,2024-25
Edwards,Kelley,25.0,DAL,2024-25
Exum,Williams,25.0,DAL,2024-25
Dinwiddie,Kelley,25.0,DAL,2024-25
Brown,Dinwiddie,24.0,DAL,2024-25
Edwards,Jones,24.0,DAL,2024-25
Kleber,Williams,23.0,DAL,2024-25
Gortman,Powell,22.0,DAL,2024-25
Gortman,Prosper,22.0,DAL,2024-25
Davis,Irving,21.0,DAL,2024-25
Morris,Powell,21.0,DAL,2024-25
Jones,Powell,21.0,DAL,2024-25
Kelley,Marshall,20.0,DAL,2024-25
Exum,Kelley,20.0,DAL,2024-25
Edwards,Gortman,20.0,DAL,2024-25
Martin,Washington,19.0,DAL,2024-25
Grimes,Morris,18.0,DAL,2024-25
Edwards,Morris,18.0,DAL,2024-25
Grimes,Kelley,18.0,DAL,2024-25
Davis,Exum,18.0,DAL,2024-25
Morris,Williams,17.0,DAL,2024-25
Dinwiddie,Morris,14.0,DAL,2024-25
Kelley,Thompson,13.0,DAL,2024-25
Brown,Exum,13.0,DAL,2024-25
Gortman,Marshall,12.0,DAL,2024-25
Hardy,Morris,12.0,DAL,2024-25
Gortman,Morris,11.0,DAL,2024-25
Gortman,Kleber,11.0,DAL,2024-25
Irving,Williams,11.0,DAL,2024-25
Brown,Hardy,10.0,DAL,2024-25
Christie,Lively II,10.0,DAL,2024-25
Gortman,Washington,10.0,DAL,2024-25
Gortman,Hardy,10.0,DAL,2024-25
Exum,Jones,10.0,DAL,2024-25
Gortman,Williams,10.0,DAL,2024-25
Lively II,Martin,9.0,DAL,2024-25
Dinwiddie,Gortman,9.0,DAL,2024-25
Exum,Lively II,8.0,DAL,2024-25
Brown,Prosper,8.0,DAL,2024-25
Davis,Powell,6.0,DAL,2024-25
Christie,Kelley,5.0,DAL,2024-25
Irving,Kelley,5.0,DAL,2024-25
Brown,Williams,5.0,DAL,2024-25
Brown,Kelley,5.0,DAL,2024-25
Jones,Prosper,5.0,DAL,2024-25
Irving,Morris,5.0,DAL,2024-25
Gortman,Irving,5.0,DAL,2024-25
Kelley,Morris,4.0,DAL,2024-25
Gafford,Gortman,4.0,DAL,2024-25
Irving,Jones,3.0,DAL,2024-25
Gafford,Powell,3.0,DAL,2024-25
Lively II,Williams,3.0,DAL,2024-25
Exum,Grimes,3.0,DAL,2024-25
Gortman,Thompson,2.0,DAL,2024-25
Morris,Washington,2.0,DAL,2024-25
Braun,Jokić,2092.0,DEN,2024-25
Braun,Porter Jr.,1884.0,DEN,2024-25
Jokić,Porter Jr.,1849.0,DEN,2024-25
Braun,Murray,1726.0,DEN,2024-25
Murray,Porter Jr.,1675.0,DEN,2024-25
Jokić,Murray,1620.0,DEN,2024-25
Porter Jr.,Westbrook,1390.0,DEN,2024-25
Jokić,Westbrook,1340.0,DEN,2024-25
Braun,Westbrook,1262.0,DEN,2024-25
Gordon,Jokić,1120.0,DEN,2024-25
Braun,Gordon,1084.0,DEN,2024-25
Murray,Westbrook,1060.0,DEN,2024-25
Gordon,Porter Jr.,984.0,DEN,2024-25
Braun,Watson,919.0,DEN,2024-25
Gordon,Murray,912.0,DEN,2024-25
Murray,Watson,910.0,DEN,2024-25
Jokić,Watson,899.0,DEN,2024-25
Porter Jr.,Watson,895.0,DEN,2024-25
Watson,Westbrook,876.0,DEN,2024-25
Strawther,Watson,710.0,DEN,2024-25
Murray,Strawther,686.0,DEN,2024-25
Jokić,Strawther,656.0,DEN,2024-25
Strawther,Westbrook,650.0,DEN,2024-25
Braun,Strawther,607.0,DEN,2024-25
Gordon,Westbrook,587.0,DEN,2024-25
Porter Jr.,Strawther,545.0,DEN,2024-25
Jordan,Murray,445.0,DEN,2024-25
Jordan,Strawther,420.0,DEN,2024-25
Gordon,Watson,378.0,DEN,2024-25
Jordan,Westbrook,345.0,DEN,2024-25
Jordan,Watson,339.0,DEN,2024-25
Gordon,Strawther,339.0,DEN,2024-25
Braun,Pickett,335.0,DEN,2024-25
Jokić,Pickett,334.0,DEN,2024-25
Jordan,Porter Jr.,321.0,DEN,2024-25
Braun,Jordan,304.0,DEN,2024-25
Nnaji,Pickett,296.0,DEN,2024-25
Nnaji,Westbrook,270.0,DEN,2024-25
Murray,Nnaji,269.0,DEN,2024-25
Pickett,Porter Jr.,268.0,DEN,2024-25
Nnaji,Porter Jr.,267.0,DEN,2024-25
Braun,Nnaji,258.0,DEN,2024-25
Nnaji,Strawther,256.0,DEN,2024-25
Jokić,Nnaji,246.0,DEN,2024-25
Strawther,Tyson,245.0,DEN,2024-25
Pickett,Watson,229.0,DEN,2024-25
Pickett,Strawther,213.0,DEN,2024-25
Pickett,Tyson,168.0,DEN,2024-25
Nnaji,Watson,160.0,DEN,2024-25
Pickett,Westbrook,156.0,DEN,2024-25
Tyson,Westbrook,156.0,DEN,2024-25
Murray,Šarić,141.0,DEN,2024-25
Jordan,Pickett,140.0,DEN,2024-25
Watson,Šarić,139.0,DEN,2024-25
Gordon,Jordan,138.0,DEN,2024-25
Porter Jr.,Šarić,135.0,DEN,2024-25
Gordon,Pickett,131.0,DEN,2024-25
Braun,Šarić,130.0,DEN,2024-25
Tyson,Watson,128.0,DEN,2024-25
Nnaji,Tyson,125.0,DEN,2024-25
Jordan,Tyson,125.0,DEN,2024-25
Jordan,Nnaji,123.0,DEN,2024-25
Strawther,Šarić,119.0,DEN,2024-25
Murray,Pickett,118.0,DEN,2024-25
Jokić,Tyson,113.0,DEN,2024-25
Westbrook,Šarić,112.0,DEN,2024-25
Jones,Pickett,88.0,DEN,2024-25
Westbrook,Čančar,86.0,DEN,2024-25
Murray,Tyson,82.0,DEN,2024-25
Braun,Tyson,80.0,DEN,2024-25
Alexander,Tyson,75.0,DEN,2024-25
Porter Jr.,Tyson,70.0,DEN,2024-25
Jones,Tyson,65.0,DEN,2024-25
Pickett,Čančar,64.0,DEN,2024-25
Hall,Tyson,63.0,DEN,2024-25
Alexander,Pickett,63.0,DEN,2024-25
Alexander,Strawther,58.0,DEN,2024-25
Jones,Čančar,58.0,DEN,2024-25
Hall,Pickett,56.0,DEN,2024-25
Alexander,Nnaji,54.0,DEN,2024-25
Gordon,Tyson,54.0,DEN,2024-25
Porter Jr.,Čančar,52.0,DEN,2024-25
Jones,Westbrook,47.0,DEN,2024-25
Alexander,Jones,45.0,DEN,2024-25
Hall,Jones,43.0,DEN,2024-25
Jones,Nnaji,42.0,DEN,2024-25
Tyson,Čančar,41.0,DEN,2024-25
Nnaji,Čančar,40.0,DEN,2024-25
Alexander,Hall,36.0,DEN,2024-25
Alexander,Westbrook,35.0,DEN,2024-25
Hall,Nnaji,30.0,DEN,2024-25
Strawther,Čančar,29.0,DEN,2024-25
Alexander,Čančar,29.0,DEN,2024-25
Watson,Čančar,28.0,DEN,2024-25
Pickett,Šarić,25.0,DEN,2024-25
Jordan,Čančar,24.0,DEN,2024-25
Hall,Strawther,23.0,DEN,2024-25
Murray,Čančar,23.0,DEN,2024-25
Braun,Čančar,23.0,DEN,2024-25
Gordon,Jones,21.0,DEN,2024-25
Jones,Porter Jr.,21.0,DEN,2024-25
Alexander,Jordan,19.0,DEN,2024-25
Hall,Čančar,17.0,DEN,2024-25
Gordon,Nnaji,16.0,DEN,2024-25
Alexander,Porter Jr.,16.0,DEN,2024-25
Gordon,Čančar,15.0,DEN,2024-25
Jones,Watson,15.0,DEN,2024-25
Jones,Jordan,14.0,DEN,2024-25
Alexander,Jokić,13.0,DEN,2024-25
Čančar,Šarić,12.0,DEN,2024-25
Jones,Strawther,12.0,DEN,2024-25
Alexander,Watson,11.0,DEN,2024-25
Jones,Šarić,11.0,DEN,2024-25
Tyson,Šarić,10.0,DEN,2024-25
Alexander,Murray,9.0,DEN,2024-25
Alexander,Šarić,9.0,DEN,2024-25
Braun,Jones,8.0,DEN,2024-25
Jokić,Šarić,5.0,DEN,2024-25
Alexander,Braun,4.0,DEN,2024-25
Jordan,Šarić,3.0,DEN,2024-25
Jokić,Čančar,3.0,DEN,2024-25
Jokić,Jones,2.0,DEN,2024-25
Gordon,Šarić,1.0,DEN,2024-25
Jones,Murray,0.0,DEN,2024-25
Jokić,Jordan,0.0,DEN,2024-25
Cunningham,Harris,1723.0,DET,2024-25
Cunningham,Hardaway Jr.,1603.0,DET,2024-25
Hardaway Jr.,Harris,1563.0,DET,2024-25
Cunningham,Duren,1546.0,DET,2024-25
Duren,Harris,1528.0,DET,2024-25
Duren,Hardaway Jr.,1528.0,DET,2024-25
Beasley,Cunningham,1229.0,DET,2024-25
Beasley,Harris,1094.0,DET,2024-25
Beasley,Stewart,1057.0,DET,2024-25
Hardaway Jr.,Thompson,957.0,DET,2024-25
Duren,Thompson,944.0,DET,2024-25
Beasley,Duren,941.0,DET,2024-25
Beasley,Fontecchio,909.0,DET,2024-25
Cunningham,Thompson,904.0,DET,2024-25
Beasley,Hardaway Jr.,817.0,DET,2024-25
Beasley,Holland II,809.0,DET,2024-25
Harris,Thompson,795.0,DET,2024-25
Cunningham,Stewart,731.0,DET,2024-25
Fontecchio,Holland II,729.0,DET,2024-25
Fontecchio,Stewart,727.0,DET,2024-25
Holland II,Stewart,703.0,DET,2024-25
Harris,Stewart,652.0,DET,2024-25
Harris,Ivey,648.0,DET,2024-25
Hardaway Jr.,Ivey,522.0,DET,2024-25
Cunningham,Ivey,520.0,DET,2024-25
Beasley,Thompson,506.0,DET,2024-25
Beasley,Schröder,502.0,DET,2024-25
Duren,Ivey,491.0,DET,2024-25
Cunningham,Holland II,486.0,DET,2024-25
Hardaway Jr.,Stewart,468.0,DET,2024-25
Cunningham,Fontecchio,454.0,DET,2024-25
Holland II,Sasser,451.0,DET,2024-25
Beasley,Ivey,445.0,DET,2024-25
Beasley,Sasser,444.0,DET,2024-25
Fontecchio,Sasser,383.0,DET,2024-25
Sasser,Stewart,361.0,DET,2024-25
Schröder,Stewart,340.0,DET,2024-25
Ivey,Stewart,335.0,DET,2024-25
Duren,Schröder,307.0,DET,2024-25
Duren,Holland II,297.0,DET,2024-25
Hardaway Jr.,Schröder,291.0,DET,2024-25
Harris,Sasser,289.0,DET,2024-25
Fontecchio,Harris,269.0,DET,2024-25
Fontecchio,Schröder,264.0,DET,2024-25
Holland II,Schröder,258.0,DET,2024-25
Schröder,Thompson,255.0,DET,2024-25
Beasley,Reed,252.0,DET,2024-25
Harris,Holland II,251.0,DET,2024-25
Hardaway Jr.,Holland II,249.0,DET,2024-25
Harris,Schröder,247.0,DET,2024-25
Fontecchio,Reed,246.0,DET,2024-25
Duren,Fontecchio,244.0,DET,2024-25
Cunningham,Schröder,244.0,DET,2024-25
Holland II,Reed,243.0,DET,2024-25
Stewart,Thompson,239.0,DET,2024-25
Fontecchio,Ivey,223.0,DET,2024-25
Duren,Sasser,211.0,DET,2024-25
Fontecchio,Hardaway Jr.,209.0,DET,2024-25
Reed,Sasser,208.0,DET,2024-25
Hardaway Jr.,Sasser,208.0,DET,2024-25
Holland II,Ivey,201.0,DET,2024-25
Sasser,Thompson,178.0,DET,2024-25
Holland II,Thompson,145.0,DET,2024-25
Cunningham,Sasser,143.0,DET,2024-25
Cunningham,Reed,139.0,DET,2024-25
Moore Jr.,Sasser,138.0,DET,2024-25
Holland II,Moore Jr.,133.0,DET,2024-25
Hardaway Jr.,Reed,120.0,DET,2024-25
Fontecchio,Thompson,115.0,DET,2024-25
Reed,Thompson,112.0,DET,2024-25
Harris,Reed,93.0,DET,2024-25
Moore Jr.,Reed,84.0,DET,2024-25
Fontecchio,Moore Jr.,83.0,DET,2024-25
Moore Jr.,Stewart,78.0,DET,2024-25
Cunningham,Moore Jr.,74.0,DET,2024-25
Sasser,Waters III,74.0,DET,2024-25
Reed,Waters III,70.0,DET,2024-25
Ivey,Thompson,66.0,DET,2024-25
Beasley,Moore Jr.,60.0,DET,2024-25
Ivey,Reed,60.0,DET,2024-25
Duren,Moore Jr.,59.0,DET,2024-25
Holland II,Waters III,57.0,DET,2024-25
Harris,Moore Jr.,57.0,DET,2024-25
Fontecchio,Waters III,52.0,DET,2024-25
Reed,Schröder,51.0,DET,2024-25
Beasley,Waters III,40.0,DET,2024-25
Ivey,Moore Jr.,38.0,DET,2024-25
Moore Jr.,Thompson,36.0,DET,2024-25
Klintman,Waters III,34.0,DET,2024-25
Thompson,Waters III,33.0,DET,2024-25
Sasser,Schröder,33.0,DET,2024-25
Ivey,Sasser,31.0,DET,2024-25
Klintman,Sasser,30.0,DET,2024-25
Duren,Waters III,30.0,DET,2024-25
Klintman,Reed,28.0,DET,2024-25
Schröder,Waters III,24.0,DET,2024-25
Hardaway Jr.,Waters III,23.0,DET,2024-25
Smith,Waters III,22.0,DET,2024-25
Sasser,Smith,18.0,DET,2024-25
Hardaway Jr.,Moore Jr.,18.0,DET,2024-25
Holland II,Klintman,18.0,DET,2024-25
Harper Jr.,Waters III,17.0,DET,2024-25
Jenkins,Reed,17.0,DET,2024-25
Harper Jr.,Klintman,16.0,DET,2024-25
Harper Jr.,Smith,15.0,DET,2024-25
Klintman,Smith,14.0,DET,2024-25
Harper Jr.,Sasser,14.0,DET,2024-25
Jenkins,Waters III,14.0,DET,2024-25
Sasser,Swider,12.0,DET,2024-25
Holland II,Swider,12.0,DET,2024-25
Jenkins,Klintman,12.0,DET,2024-25
Holland II,Jenkins,11.0,DET,2024-25
Reed,Swider,9.0,DET,2024-25
Jenkins,Moore Jr.,8.0,DET,2024-25
Klintman,Moore Jr.,8.0,DET,2024-25
Fontecchio,Smith,7.0,DET,2024-25
Holland II,Smith,7.0,DET,2024-25
Duren,Stewart,7.0,DET,2024-25
Reed,Stewart,7.0,DET,2024-25
Harris,Waters III,7.0,DET,2024-25
Beasley,Klintman,6.0,DET,2024-25
Jenkins,Sasser,6.0,DET,2024-25
Fontecchio,Jenkins,6.0,DET,2024-25
Moore Jr.,Swider,6.0,DET,2024-25
Jenkins,Smith,5.0,DET,2024-25
Beasley,Jenkins,5.0,DET,2024-25
Sasser,Williams,4.0,DET,2024-25
Reed,Williams,4.0,DET,2024-25
Holland II,Williams,4.0,DET,2024-25
Swider,Williams,4.0,DET,2024-25
Harper Jr.,Jenkins,4.0,DET,2024-25
Stewart,Waters III,3.0,DET,2024-25
Swider,Thompson,3.0,DET,2024-25
Duren,Reed,3.0,DET,2024-25
Fontecchio,Klintman,2.0,DET,2024-25
Harper Jr.,Reed,2.0,DET,2024-25
Fontecchio,Swider,2.0,DET,2024-25
Jenkins,Thompson,0.0,DET,2024-25
Curry,Green,1395.0,GSW,2024-25
Curry,Hield,953.0,GSW,2024-25
Green,Podziemski,882.0,GSW,2024-25
Green,Moody,871.0,GSW,2024-25
Curry,Wiggins,860.0,GSW,2024-25
Moody,Podziemski,820.0,GSW,2024-25
Curry,Moody,783.0,GSW,2024-25
Hield,Looney,737.0,GSW,2024-25
Butler III,Green,734.0,GSW,2024-25
Hield,Kuminga,674.0,GSW,2024-25
Green,Hield,664.0,GSW,2024-25
Green,Wiggins,644.0,GSW,2024-25
Butler III,Podziemski,643.0,GSW,2024-25
Hield,Podziemski,641.0,GSW,2024-25
Curry,Payton II,638.0,GSW,2024-25
Curry,Podziemski,630.0,GSW,2024-25
Butler III,Moody,614.0,GSW,2024-25
Curry,Looney,591.0,GSW,2024-25
Jackson-Davis,Wiggins,565.0,GSW,2024-25
Curry,Kuminga,528.0,GSW,2024-25
Kuminga,Podziemski,517.0,GSW,2024-25
Butler III,Curry,514.0,GSW,2024-25
Looney,Podziemski,495.0,GSW,2024-25
Hield,Payton II,494.0,GSW,2024-25
Hield,Moody,486.0,GSW,2024-25
Curry,Jackson-Davis,471.0,GSW,2024-25
Hield,Wiggins,462.0,GSW,2024-25
Green,Kuminga,432.0,GSW,2024-25
Green,Post,427.0,GSW,2024-25
Schröder,Wiggins,414.0,GSW,2024-25
Green,Payton II,408.0,GSW,2024-25
Kuminga,Looney,403.0,GSW,2024-25
Green,Jackson-Davis,380.0,GSW,2024-25
Curry,Santos,380.0,GSW,2024-25
Hield,Jackson-Davis,372.0,GSW,2024-25
Jackson-Davis,Schröder,362.0,GSW,2024-25
Moody,Post,359.0,GSW,2024-25
Looney,Payton II,355.0,GSW,2024-25
Looney,Santos,355.0,GSW,2024-25
Butler III,Post,350.0,GSW,2024-25
Looney,Moody,348.0,GSW,2024-25
Butler III,Hield,342.0,GSW,2024-25
Hield,Santos,340.0,GSW,2024-25
Podziemski,Post,337.0,GSW,2024-25
Kuminga,Wiggins,321.0,GSW,2024-25
Podziemski,Wiggins,318.0,GSW,2024-25
Moody,Santos,299.0,GSW,2024-25
Looney,Wiggins,283.0,GSW,2024-25
Anderson,Hield,277.0,GSW,2024-25
Curry,Post,271.0,GSW,2024-25
Jackson-Davis,Moody,270.0,GSW,2024-25
Green,Waters III,269.0,GSW,2024-25
Kuminga,Moody,269.0,GSW,2024-25
Moody,Payton II,264.0,GSW,2024-25
Hield,Post,263.0,GSW,2024-25
Jackson-Davis,Waters III,263.0,GSW,2024-25
Curry,Schröder,262.0,GSW,2024-25
Payton II,Podziemski,250.0,GSW,2024-25
Waters III,Wiggins,249.0,GSW,2024-25
Curry,Waters III,239.0,GSW,2024-25
Jackson-Davis,Podziemski,238.0,GSW,2024-25
Hield,Schröder,234.0,GSW,2024-25
Podziemski,Santos,233.0,GSW,2024-25
Payton II,Wiggins,228.0,GSW,2024-25
Moody,Wiggins,220.0,GSW,2024-25
Anderson,Moody,214.0,GSW,2024-25
Jackson-Davis,Kuminga,206.0,GSW,2024-25
Kuminga,Waters III,205.0,GSW,2024-25
Kuminga,Payton II,203.0,GSW,2024-25
Podziemski,Waters III,202.0,GSW,2024-25
Anderson,Waters III,197.0,GSW,2024-25
Green,Schröder,191.0,GSW,2024-25
Anderson,Jackson-Davis,191.0,GSW,2024-25
Moody,Schröder,186.0,GSW,2024-25
Butler III,Payton II,185.0,GSW,2024-25
Anderson,Podziemski,183.0,GSW,2024-25
Hield,Waters III,182.0,GSW,2024-25
Moody,Waters III,170.0,GSW,2024-25
Butler III,Looney,170.0,GSW,2024-25
Anderson,Wiggins,161.0,GSW,2024-25
Looney,Waters III,160.0,GSW,2024-25
Post,Santos,152.0,GSW,2024-25
Anderson,Kuminga,151.0,GSW,2024-25
Green,Santos,144.0,GSW,2024-25
Anderson,Curry,142.0,GSW,2024-25
Butler III,Santos,135.0,GSW,2024-25
Kuminga,Santos,127.0,GSW,2024-25
Looney,Schröder,124.0,GSW,2024-25
Payton II,Post,123.0,GSW,2024-25
Kuminga,Schröder,119.0,GSW,2024-25
Santos,Schröder,116.0,GSW,2024-25
Butler III,Kuminga,115.0,GSW,2024-25
Podziemski,Schröder,114.0,GSW,2024-25
Jackson-Davis,Santos,114.0,GSW,2024-25
Anderson,Looney,112.0,GSW,2024-25
Santos,Spencer,109.0,GSW,2024-25
Anderson,Green,107.0,GSW,2024-25
Santos,Waters III,104.0,GSW,2024-25
Santos,Wiggins,103.0,GSW,2024-25
Anderson,Schröder,103.0,GSW,2024-25
Payton II,Santos,102.0,GSW,2024-25
Jackson-Davis,Payton II,102.0,GSW,2024-25
Schröder,Waters III,96.0,GSW,2024-25
Moody,Spencer,93.0,GSW,2024-25
Hield,Spencer,92.0,GSW,2024-25
Green,Looney,85.0,GSW,2024-25
Looney,Spencer,82.0,GSW,2024-25
Jackson-Davis,Spencer,80.0,GSW,2024-25
Post,Wiggins,71.0,GSW,2024-25
Spencer,Waters III,70.0,GSW,2024-25
Post,Spencer,66.0,GSW,2024-25
Payton II,Waters III,64.0,GSW,2024-25
Kuminga,Post,60.0,GSW,2024-25
Melton,Podziemski,57.0,GSW,2024-25
Melton,Wiggins,51.0,GSW,2024-25
Knox II,Spencer,50.0,GSW,2024-25
Green,Melton,49.0,GSW,2024-25
Kuminga,Melton,49.0,GSW,2024-25
Anderson,Santos,47.0,GSW,2024-25
Knox II,Santos,46.0,GSW,2024-25
Looney,Melton,45.0,GSW,2024-25
Curry,Melton,44.0,GSW,2024-25
Anderson,Spencer,44.0,GSW,2024-25
Post,Schröder,43.0,GSW,2024-25
Melton,Moody,43.0,GSW,2024-25
Rowe,Spencer,40.0,GSW,2024-25
Payton II,Schröder,40.0,GSW,2024-25
Knox II,Post,35.0,GSW,2024-25
Anderson,Melton,35.0,GSW,2024-25
Green,Spencer,34.0,GSW,2024-25
Jackson-Davis,Knox II,34.0,GSW,2024-25
Post,Waters III,34.0,GSW,2024-25
Anderson,Payton II,33.0,GSW,2024-25
Hield,Melton,30.0,GSW,2024-25
Podziemski,Spencer,29.0,GSW,2024-25
Hield,Knox II,29.0,GSW,2024-25
Curry,Spencer,28.0,GSW,2024-25
Jackson-Davis,Melton,25.0,GSW,2024-25
Kuminga,Spencer,25.0,GSW,2024-25
Knox II,Looney,25.0,GSW,2024-25
Melton,Payton II,24.0,GSW,2024-25
Podziemski,Rowe,21.0,GSW,2024-25
Knox II,Podziemski,20.0,GSW,2024-25
Spencer,Wiggins,18.0,GSW,2024-25
Jackson-Davis,Rowe,17.0,GSW,2024-25
Knox II,Rowe,17.0,GSW,2024-25
Post,Rowe,17.0,GSW,2024-25
Payton II,Spencer,16.0,GSW,2024-25
Collins,Knox II,16.0,GSW,2024-25
Collins,Spencer,16.0,GSW,2024-25
Collins,Post,16.0,GSW,2024-25
Butler III,Spencer,14.0,GSW,2024-25
Moody,Rowe,12.0,GSW,2024-25
Hield,Rowe,12.0,GSW,2024-25
Looney,Rowe,11.0,GSW,2024-25
Anderson,Post,11.0,GSW,2024-25
Jackson-Davis,Key,11.0,GSW,2024-25
Key,Spencer,11.0,GSW,2024-25
Jackson-Davis,Post,11.0,GSW,2024-25
Key,Knox II,11.0,GSW,2024-25
Butler III,Jackson-Davis,10.0,GSW,2024-25
Green,Rowe,10.0,GSW,2024-25
Curry,Rowe,10.0,GSW,2024-25
Curry,Knox II,9.0,GSW,2024-25
Rowe,Santos,9.0,GSW,2024-25
Knox II,Moody,8.0,GSW,2024-25
Collins,Rowe,8.0,GSW,2024-25
Collins,Santos,8.0,GSW,2024-25
Key,Rowe,7.0,GSW,2024-25
Jackson-Davis,Looney,7.0,GSW,2024-25
Butler III,Knox II,6.0,GSW,2024-25
Payton II,Rowe,5.0,GSW,2024-25
Key,Santos,4.0,GSW,2024-25
Knox II,Kuminga,4.0,GSW,2024-25
Green,Knox II,4.0,GSW,2024-25
Beekman,Jackson-Davis,3.0,GSW,2024-25
Beekman,Moody,3.0,GSW,2024-25
Beekman,Santos,3.0,GSW,2024-25
Beekman,Spencer,3.0,GSW,2024-25
Butler,Green,2.0,GSW,2024-25
Butler,Podziemski,2.0,GSW,2024-25
Butler,Post,2.0,GSW,2024-25
Butler,Santos,2.0,GSW,2024-25
Knox II,Payton II,2.0,GSW,2024-25
Brooks,Green,2052.0,HOU,2024-25
Green,Sengun,1942.0,HOU,2024-25
Brooks,Sengun,1745.0,HOU,2024-25
Green,Thompson,1615.0,HOU,2024-25
Green,VanVleet,1588.0,HOU,2024-25
Brooks,VanVleet,1513.0,HOU,2024-25
Sengun,VanVleet,1503.0,HOU,2024-25
Sengun,Thompson,1314.0,HOU,2024-25
Green,Smith Jr.,1266.0,HOU,2024-25
Brooks,Thompson,1241.0,HOU,2024-25
Sengun,Smith Jr.,1223.0,HOU,2024-25
Thompson,VanVleet,1041.0,HOU,2024-25
Smith Jr.,VanVleet,1039.0,HOU,2024-25
Brooks,Smith Jr.,1030.0,HOU,2024-25
Eason,Green,936.0,HOU,2024-25
Eason,Thompson,879.0,HOU,2024-25
Smith Jr.,Thompson,746.0,HOU,2024-25
Eason,Sengun,746.0,HOU,2024-25
Brooks,Eason,733.0,HOU,2024-25
Eason,VanVleet,621.0,HOU,2024-25
Adams,Green,565.0,HOU,2024-25
Adams,Thompson,487.0,HOU,2024-25
Eason,Smith Jr.,479.0,HOU,2024-25
Green,Whitmore,445.0,HOU,2024-25
Green,Holiday,435.0,HOU,2024-25
Green,Tate,395.0,HOU,2024-25
Holiday,Thompson,372.0,HOU,2024-25
Sheppard,Thompson,365.0,HOU,2024-25
Thompson,Whitmore,364.0,HOU,2024-25
Adams,VanVleet,355.0,HOU,2024-25
Adams,Brooks,348.0,HOU,2024-25
Green,Landale,332.0,HOU,2024-25
Green,Sheppard,324.0,HOU,2024-25
Holiday,Sengun,319.0,HOU,2024-25
Adams,Eason,316.0,HOU,2024-25
Sheppard,Whitmore,292.0,HOU,2024-25
Holiday,Whitmore,271.0,HOU,2024-25
Tate,Whitmore,270.0,HOU,2024-25
Eason,Sheppard,267.0,HOU,2024-25
Adams,Smith Jr.,266.0,HOU,2024-25
Holiday,Smith Jr.,248.0,HOU,2024-25
Landale,Sheppard,238.0,HOU,2024-25
VanVleet,Whitmore,233.0,HOU,2024-25
Sengun,Whitmore,232.0,HOU,2024-25
Landale,Thompson,230.0,HOU,2024-25
Brooks,Holiday,228.0,HOU,2024-25
Brooks,Whitmore,228.0,HOU,2024-25
Landale,Whitmore,226.0,HOU,2024-25
Adams,Whitmore,217.0,HOU,2024-25
Eason,Landale,215.0,HOU,2024-25
Tate,Thompson,215.0,HOU,2024-25
Holiday,Tate,204.0,HOU,2024-25
Adams,Holiday,199.0,HOU,2024-25
Sengun,Sheppard,194.0,HOU,2024-25
Eason,Whitmore,194.0,HOU,2024-25
Tate,VanVleet,190.0,HOU,2024-25
Eason,Holiday,187.0,HOU,2024-25
Brooks,Tate,180.0,HOU,2024-25
Holiday,VanVleet,177.0,HOU,2024-25
Holiday,Landale,171.0,HOU,2024-25
Sheppard,Smith Jr.,169.0,HOU,2024-25
Sengun,Tate,165.0,HOU,2024-25
Holiday,Sheppard,160.0,HOU,2024-25
Adams,Sengun,160.0,HOU,2024-25
Green,Green,153.0,HOU,2024-25
Adams,Tate,140.0,HOU,2024-25
Sheppard,Tate,135.0,HOU,2024-25
Landale,Tate,132.0,HOU,2024-25
Brooks,Landale,120.0,HOU,2024-25
Adams,Sheppard,117.0,HOU,2024-25
Smith Jr.,Whitmore,117.0,HOU,2024-25
Smith Jr.,Tate,112.0,HOU,2024-25
Whitmore,Williams,110.0,HOU,2024-25
Landale,VanVleet,107.0,HOU,2024-25
Brooks,Sheppard,102.0,HOU,2024-25
Landale,Smith Jr.,102.0,HOU,2024-25
Sheppard,Williams,88.0,HOU,2024-25
Holiday,Williams,79.0,HOU,2024-25
Eason,Tate,77.0,HOU,2024-25
Tate,Williams,74.0,HOU,2024-25
Landale,Williams,71.0,HOU,2024-25
Green,Williams,53.0,HOU,2024-25
Sheppard,VanVleet,49.0,HOU,2024-25
Dante,Sheppard,35.0,HOU,2024-25
Dante,Williams,33.0,HOU,2024-25
McVeigh,Sheppard,33.0,HOU,2024-25
Dante,Holiday,29.0,HOU,2024-25
Dante,Whitmore,29.0,HOU,2024-25
Roddy,Sheppard,28.0,HOU,2024-25
Holiday,McVeigh,23.0,HOU,2024-25
Dante,Green,22.0,HOU,2024-25
Holiday,Roddy,22.0,HOU,2024-25
McVeigh,Tate,22.0,HOU,2024-25
McVeigh,Williams,20.0,HOU,2024-25
Roddy,Williams,20.0,HOU,2024-25
Dante,Roddy,20.0,HOU,2024-25
McVeigh,Whitmore,19.0,HOU,2024-25
Roddy,Whitmore,17.0,HOU,2024-25
Dante,McVeigh,15.0,HOU,2024-25
Green,McVeigh,15.0,HOU,2024-25
Green,Roddy,13.0,HOU,2024-25
Landale,McVeigh,13.0,HOU,2024-25
McVeigh,Roddy,12.0,HOU,2024-25
Smith Jr.,Williams,11.0,HOU,2024-25
Dante,Tate,9.0,HOU,2024-25
Thompson,Williams,9.0,HOU,2024-25
Landale,Roddy,8.0,HOU,2024-25
Dante,Smith Jr.,8.0,HOU,2024-25
Eason,Williams,6.0,HOU,2024-25
Landale,Sengun,5.0,HOU,2024-25
Sengun,Williams,4.0,HOU,2024-25
Dante,Eason,4.0,HOU,2024-25
Adams,Landale,2.0,HOU,2024-25
Adams,McVeigh,2.0,HOU,2024-25
Adams,Williams,2.0,HOU,2024-25
McVeigh,Thompson,2.0,HOU,2024-25
Haliburton,Turner,1751.0,IND,2024-25
Haliburton,Siakam,1688.0,IND,2024-25
Siakam,Turner,1547.0,IND,2024-25
Haliburton,Nembhard,1482.0,IND,2024-25
Mathurin,Siakam,1433.0,IND,2024-25
Haliburton,Mathurin,1372.0,IND,2024-25
Nembhard,Turner,1368.0,IND,2024-25
Nembhard,Siakam,1327.0,IND,2024-25
Mathurin,Turner,1255.0,IND,2024-25
Mathurin,Nembhard,971.0,IND,2024-25
Haliburton,Toppin,848.0,IND,2024-25
McConnell,Siakam,826.0,IND,2024-25
Nesmith,Siakam,824.0,IND,2024-25
McConnell,Toppin,791.0,IND,2024-25
Nembhard,Nesmith,787.0,IND,2024-25
Mathurin,Toppin,780.0,IND,2024-25
Haliburton,Nesmith,757.0,IND,2024-25
Nesmith,Turner,741.0,IND,2024-25
Sheppard,Siakam,723.0,IND,2024-25
McConnell,Sheppard,683.0,IND,2024-25
Mathurin,McConnell,680.0,IND,2024-25
McConnell,Walker,651.0,IND,2024-25
Nembhard,Toppin,586.0,IND,2024-25
Siakam,Walker,555.0,IND,2024-25
Sheppard,Toppin,547.0,IND,2024-25
Mathurin,Sheppard,544.0,IND,2024-25
Toppin,Turner,530.0,IND,2024-25
Toppin,Walker,518.0,IND,2024-25
Bryant,McConnell,485.0,IND,2024-25
Mathurin,Walker,471.0,IND,2024-25
Siakam,Toppin,468.0,IND,2024-25
Sheppard,Turner,466.0,IND,2024-25
Haliburton,Walker,441.0,IND,2024-25
Bryant,Sheppard,439.0,IND,2024-25
Bryant,Mathurin,405.0,IND,2024-25
Haliburton,Sheppard,403.0,IND,2024-25
McConnell,Turner,397.0,IND,2024-25
Bryant,Siakam,390.0,IND,2024-25
Turner,Walker,385.0,IND,2024-25
Haliburton,McConnell,383.0,IND,2024-25
Sheppard,Walker,373.0,IND,2024-25
Bryant,Toppin,372.0,IND,2024-25
Nesmith,Toppin,334.0,IND,2024-25
Bryant,Walker,316.0,IND,2024-25
Bryant,Nembhard,308.0,IND,2024-25
Bryant,Haliburton,302.0,IND,2024-25
Jackson,Mathurin,259.0,IND,2024-25
Furphy,Walker,247.0,IND,2024-25
Nembhard,Walker,242.0,IND,2024-25
McConnell,Nesmith,240.0,IND,2024-25
Nembhard,Sheppard,238.0,IND,2024-25
Nesmith,Sheppard,233.0,IND,2024-25
Haliburton,Jackson,220.0,IND,2024-25
Bryant,Nesmith,215.0,IND,2024-25
Jackson,Siakam,213.0,IND,2024-25
Mathurin,Nesmith,176.0,IND,2024-25
Jackson,Turner,166.0,IND,2024-25
Furphy,McConnell,162.0,IND,2024-25
Jackson,Walker,155.0,IND,2024-25
Jackson,Toppin,152.0,IND,2024-25
Furphy,Toppin,144.0,IND,2024-25
McConnell,Nembhard,128.0,IND,2024-25
Furphy,Siakam,120.0,IND,2024-25
Furphy,Jackson,120.0,IND,2024-25
Jackson,Sheppard,111.0,IND,2024-25
Jackson,McConnell,111.0,IND,2024-25
Freeman,Walker,110.0,IND,2024-25
Furphy,Mathurin,106.0,IND,2024-25
Nesmith,Walker,102.0,IND,2024-25
Freeman,Jackson,97.0,IND,2024-25
Bryant,Furphy,91.0,IND,2024-25
Freeman,Furphy,90.0,IND,2024-25
Furphy,Sheppard,83.0,IND,2024-25
Furphy,Turner,73.0,IND,2024-25
Freeman,Mathurin,69.0,IND,2024-25
Bradley,Furphy,68.0,IND,2024-25
Bradley,Jackson,68.0,IND,2024-25
Bradley,Walker,64.0,IND,2024-25
Dennis,Furphy,63.0,IND,2024-25
Furphy,Haliburton,61.0,IND,2024-25
Dennis,Walker,50.0,IND,2024-25
Freeman,Haliburton,50.0,IND,2024-25
Freeman,Siakam,48.0,IND,2024-25
Freeman,McConnell,48.0,IND,2024-25
Jackson,Nesmith,44.0,IND,2024-25
Bryant,Jackson,44.0,IND,2024-25
Freeman,Toppin,42.0,IND,2024-25
Bradley,Dennis,40.0,IND,2024-25
Bradley,Mathurin,37.0,IND,2024-25
Furphy,Johnson,37.0,IND,2024-25
Johnson,Walker,37.0,IND,2024-25
Freeman,Sheppard,37.0,IND,2024-25
Bradley,Sheppard,34.0,IND,2024-25
Dennis,Freeman,33.0,IND,2024-25
Bradley,Toppin,31.0,IND,2024-25
Bradley,McConnell,30.0,IND,2024-25
Brown,Walker,30.0,IND,2024-25
Dennis,Jackson,29.0,IND,2024-25
Bradley,Freeman,26.0,IND,2024-25
Brown,Mathurin,24.0,IND,2024-25
Bryant,Dennis,22.0,IND,2024-25
Brown,McConnell,21.0,IND,2024-25
Freeman,Johnson,20.0,IND,2024-25
Furphy,Nembhard,20.0,IND,2024-25
Jackson,Nembhard,20.0,IND,2024-25
Brown,Jackson,19.0,IND,2024-25
Brown,Siakam,19.0,IND,2024-25
Freeman,Nembhard,16.0,IND,2024-25
Dennis,Mathurin,15.0,IND,2024-25
Bradley,Nembhard,15.0,IND,2024-25
Brown,Freeman,14.0,IND,2024-25
Brown,Furphy,14.0,IND,2024-25
Dennis,Sheppard,14.0,IND,2024-25
Brown,Haliburton,13.0,IND,2024-25
Jackson,Johnson,12.0,IND,2024-25
Bryant,Freeman,12.0,IND,2024-25
Brown,Toppin,12.0,IND,2024-25
Bradley,Nesmith,11.0,IND,2024-25
Dennis,Johnson,9.0,IND,2024-25
Johnson,Sheppard,9.0,IND,2024-25
Freeman,Newton,8.0,IND,2024-25
Jackson,Newton,8.0,IND,2024-25
Furphy,Newton,7.0,IND,2024-25
Brown,Newton,7.0,IND,2024-25
Bryant,Johnson,7.0,IND,2024-25
Furphy,Nesmith,7.0,IND,2024-25
Bradley,Haliburton,6.0,IND,2024-25
Johnson,Mathurin,5.0,IND,2024-25
Bradley,Johnson,5.0,IND,2024-25
Dennis,McConnell,5.0,IND,2024-25
Bradley,Siakam,5.0,IND,2024-25
Freeman,Turner,5.0,IND,2024-25
Brown,Johnson,4.0,IND,2024-25
Dennis,Toppin,4.0,IND,2024-25
Furphy,Okafor,3.0,IND,2024-25
Okafor,Walker,3.0,IND,2024-25
Okafor,Toppin,3.0,IND,2024-25
Okafor,Sheppard,3.0,IND,2024-25
Johnson,Toppin,3.0,IND,2024-25
Freeman,Nesmith,3.0,IND,2024-25
Brown,Nembhard,3.0,IND,2024-25
Haliburton,Wiseman,3.0,IND,2024-25
McConnell,Wiseman,3.0,IND,2024-25
Mathurin,Wiseman,2.0,IND,2024-25
Toppin,Wiseman,2.0,IND,2024-25
Nesmith,Wiseman,2.0,IND,2024-25
Siakam,Wiseman,2.0,IND,2024-25
Walker,Wiseman,1.0,IND,2024-25
Nembhard,Wiseman,1.0,IND,2024-25
Newton,Toppin,1.0,IND,2024-25
Newton,Walker,1.0,IND,2024-25
Harden,Zubac,2181.0,LAC,2024-25
Powell,Zubac,1610.0,LAC,2024-25
Harden,Powell,1564.0,LAC,2024-25
Harden,Jones Jr.,1558.0,LAC,2024-25
Dunn,Zubac,1508.0,LAC,2024-25
Dunn,Harden,1459.0,LAC,2024-25
Jones Jr.,Zubac,1384.0,LAC,2024-25
Jones Jr.,Powell,1040.0,LAC,2024-25
Dunn,Powell,981.0,LAC,2024-25
Coffey,Harden,970.0,LAC,2024-25
Leonard,Zubac,957.0,LAC,2024-25
Coffey,Zubac,926.0,LAC,2024-25
Harden,Leonard,879.0,LAC,2024-25
Batum,Harden,807.0,LAC,2024-25
Dunn,Jones Jr.,721.0,LAC,2024-25
Coffey,Jones Jr.,669.0,LAC,2024-25
Batum,Coffey,657.0,LAC,2024-25
Coffey,Dunn,627.0,LAC,2024-25
Leonard,Powell,627.0,LAC,2024-25
Batum,Zubac,614.0,LAC,2024-25
Dunn,Leonard,583.0,LAC,2024-25
Coffey,Porter Jr.,580.0,LAC,2024-25
Coffey,Powell,570.0,LAC,2024-25
Batum,Porter Jr.,524.0,LAC,2024-25
Batum,Dunn,493.0,LAC,2024-25
Jones Jr.,Leonard,482.0,LAC,2024-25
Bogdanović,Harden,474.0,LAC,2024-25
Bogdanović,Zubac,418.0,LAC,2024-25
Harden,Mann,401.0,LAC,2024-25
Batum,Powell,378.0,LAC,2024-25
Bogdanović,Jones Jr.,358.0,LAC,2024-25
Porter Jr.,Zubac,354.0,LAC,2024-25
Batum,Jones Jr.,343.0,LAC,2024-25
Batum,Bogdanović,341.0,LAC,2024-25
Mann,Zubac,332.0,LAC,2024-25
Mann,Porter Jr.,331.0,LAC,2024-25
Mann,Powell,327.0,LAC,2024-25
Coffey,Mann,318.0,LAC,2024-25
Bogdanović,Leonard,313.0,LAC,2024-25
Harden,Porter Jr.,305.0,LAC,2024-25
Jones Jr.,Mann,303.0,LAC,2024-25
Porter Jr.,Powell,297.0,LAC,2024-25
Batum,Mann,288.0,LAC,2024-25
Coffey,Leonard,287.0,LAC,2024-25
Bogdanović,Simmons,270.0,LAC,2024-25
Bogdanović,Coffey,263.0,LAC,2024-25
Batum,Leonard,252.0,LAC,2024-25
Dunn,Porter Jr.,232.0,LAC,2024-25
Bamba,Porter Jr.,231.0,LAC,2024-25
Bamba,Batum,227.0,LAC,2024-25
Bamba,Coffey,225.0,LAC,2024-25
Bogdanović,Dunn,219.0,LAC,2024-25
Coffey,Miller,203.0,LAC,2024-25
Hyland,Miller,194.0,LAC,2024-25
Miller,Porter Jr.,180.0,LAC,2024-25
Jones Jr.,Porter Jr.,177.0,LAC,2024-25
Batum,Simmons,172.0,LAC,2024-25
Brown,Coffey,169.0,LAC,2024-25
Batum,Miller,168.0,LAC,2024-25
Mann,Miller,159.0,LAC,2024-25
Jones Jr.,Simmons,158.0,LAC,2024-25
Bamba,Miller,156.0,LAC,2024-25
Bamba,Mann,147.0,LAC,2024-25
Bamba,Harden,144.0,LAC,2024-25
Bogdanović,Powell,144.0,LAC,2024-25
Harden,Simmons,141.0,LAC,2024-25
Brown,Miller,140.0,LAC,2024-25
Jones,Miller,125.0,LAC,2024-25
Hyland,Jones,119.0,LAC,2024-25
Coffey,Hyland,116.0,LAC,2024-25
Coffey,Eubanks,110.0,LAC,2024-25
Coffey,Jones,109.0,LAC,2024-25
Leonard,Simmons,108.0,LAC,2024-25
Coffey,Simmons,99.0,LAC,2024-25
Jones,Porter Jr.,94.0,LAC,2024-25
Brown,Mann,92.0,LAC,2024-25
Brown,Hyland,91.0,LAC,2024-25
Hyland,Porter Jr.,87.0,LAC,2024-25
Bogdanović,Eubanks,85.0,LAC,2024-25
Powell,Simmons,78.0,LAC,2024-25
Miller,Zubac,76.0,LAC,2024-25
Leonard,Porter Jr.,73.0,LAC,2024-25
Brown,Porter Jr.,71.0,LAC,2024-25
Brown,Eubanks,68.0,LAC,2024-25
Batum,Jones,67.0,LAC,2024-25
Bamba,Powell,65.0,LAC,2024-25
Brown,Jones Jr.,64.0,LAC,2024-25
Batum,Eubanks,64.0,LAC,2024-25
Harden,Miller,63.0,LAC,2024-25
Bamba,Jones Jr.,61.0,LAC,2024-25
Eubanks,Harden,61.0,LAC,2024-25
Eubanks,Jones Jr.,60.0,LAC,2024-25
Simmons,Zubac,59.0,LAC,2024-25
Dunn,Mann,59.0,LAC,2024-25
Bogdanović,Brown,57.0,LAC,2024-25
Hyland,Mann,56.0,LAC,2024-25
Dunn,Jones,56.0,LAC,2024-25
Leonard,Mann,52.0,LAC,2024-25
Eubanks,Mills,52.0,LAC,2024-25
Jones,Mann,50.0,LAC,2024-25
Brown,Mills,50.0,LAC,2024-25
Bamba,Hyland,49.0,LAC,2024-25
Harden,Jones,49.0,LAC,2024-25
Brown,Jones,49.0,LAC,2024-25
Brown,Harden,48.0,LAC,2024-25
Batum,Hyland,45.0,LAC,2024-25
Miller,Powell,43.0,LAC,2024-25
Eubanks,Leonard,43.0,LAC,2024-25
Bamba,Dunn,41.0,LAC,2024-25
Brown,Christie,40.0,LAC,2024-25
Dunn,Miller,37.0,LAC,2024-25
Dunn,Simmons,37.0,LAC,2024-25
Coffey,Mills,35.0,LAC,2024-25
Eubanks,Miller,32.0,LAC,2024-25
Dunn,Eubanks,32.0,LAC,2024-25
Christie,Miller,30.0,LAC,2024-25
Jones Jr.,Miller,30.0,LAC,2024-25
Hyland,Zubac,28.0,LAC,2024-25
Jones,Powell,27.0,LAC,2024-25
Bamba,Brown,27.0,LAC,2024-25
Christie,Flowers,26.0,LAC,2024-25
Christie,Mills,25.0,LAC,2024-25
Jones,Jones Jr.,24.0,LAC,2024-25
Christie,Eubanks,23.0,LAC,2024-25
Hyland,Powell,23.0,LAC,2024-25
Eubanks,Simmons,23.0,LAC,2024-25
Bamba,Jones,21.0,LAC,2024-25
Christie,Jones,21.0,LAC,2024-25
Brown,Powell,20.0,LAC,2024-25
Christie,Coffey,20.0,LAC,2024-25
Christie,Hyland,20.0,LAC,2024-25
Bogdanović,Miller,20.0,LAC,2024-25
Brown,Dunn,19.0,LAC,2024-25
Brown,Zubac,19.0,LAC,2024-25
Eubanks,Powell,18.0,LAC,2024-25
Brown,Leonard,18.0,LAC,2024-25
Flowers,Miller,17.0,LAC,2024-25
Jones Jr.,Mills,15.0,LAC,2024-25
Flowers,Jones,15.0,LAC,2024-25
Flowers,Hyland,14.0,LAC,2024-25
Bamba,Leonard,14.0,LAC,2024-25
Beauchamp,Brown,14.0,LAC,2024-25
Brown,Simmons,14.0,LAC,2024-25
Hyland,Jones Jr.,13.0,LAC,2024-25
Dunn,Hyland,13.0,LAC,2024-25
Brown,Flowers,12.0,LAC,2024-25
Harden,Mills,10.0,LAC,2024-25
Beauchamp,Mills,10.0,LAC,2024-25
Miller,Mills,9.0,LAC,2024-25
Beauchamp,Simmons,8.0,LAC,2024-25
Beauchamp,Bogdanović,8.0,LAC,2024-25
Bogdanović,Mills,8.0,LAC,2024-25
Batum,Brown,8.0,LAC,2024-25
Eubanks,Mann,7.0,LAC,2024-25
Mann,Mills,7.0,LAC,2024-25
Eubanks,Hyland,7.0,LAC,2024-25
Eubanks,Flowers,7.0,LAC,2024-25
Beauchamp,Zubac,7.0,LAC,2024-25
Beauchamp,Coffey,7.0,LAC,2024-25
Hyland,Mills,7.0,LAC,2024-25
Flowers,Mills,6.0,LAC,2024-25
Baldwin Jr.,Flowers,6.0,LAC,2024-25
Baldwin Jr.,Brown,6.0,LAC,2024-25
Baldwin Jr.,Christie,6.0,LAC,2024-25
Harden,Hyland,6.0,LAC,2024-25
Beauchamp,Eubanks,5.0,LAC,2024-25
Beauchamp,Harden,5.0,LAC,2024-25
Christie,Jones Jr.,4.0,LAC,2024-25
Leonard,Miller,4.0,LAC,2024-25
Baldwin Jr.,Mills,3.0,LAC,2024-25
Christie,Zubac,3.0,LAC,2024-25
Christie,Harden,3.0,LAC,2024-25
Christie,Mann,3.0,LAC,2024-25
Baldwin Jr.,Eubanks,3.0,LAC,2024-25
Beauchamp,Jones,3.0,LAC,2024-25
Beauchamp,Christie,3.0,LAC,2024-25
Jones,Mills,3.0,LAC,2024-25
Dunn,Mills,3.0,LAC,2024-25
Beauchamp,Miller,2.0,LAC,2024-25
Bogdanović,Christie,1.0,LAC,2024-25
Bogdanović,Flowers,1.0,LAC,2024-25
Mills,Simmons,1.0,LAC,2024-25
Batum,Christie,0.0,LAC,2024-25
Christie,Dunn,0.0,LAC,2024-25
Christie,Porter Jr.,0.0,LAC,2024-25
Christie,Leonard,0.0,LAC,2024-25
Mills,Zubac,0.0,LAC,2024-25
Eubanks,Zubac,0.0,LAC,2024-25
James,Reaves,1700.0,LAL,2024-25
Hachimura,Reaves,1372.0,LAL,2024-25
Hachimura,James,1264.0,LAL,2024-25
Davis,Reaves,1029.0,LAL,2024-25
Davis,Hachimura,903.0,LAL,2024-25
Davis,James,902.0,LAL,2024-25
James,Knecht,887.0,LAL,2024-25
Finney-Smith,Reaves,866.0,LAL,2024-25
James,Vincent,806.0,LAL,2024-25
Christie,Davis,794.0,LAL,2024-25
Hayes,James,786.0,LAL,2024-25
Finney-Smith,James,774.0,LAL,2024-25
Christie,Reaves,758.0,LAL,2024-25
Hayes,Reaves,703.0,LAL,2024-25
Knecht,Reaves,688.0,LAL,2024-25
Christie,James,675.0,LAL,2024-25
Dončić,Reaves,661.0,LAL,2024-25
Reaves,Vincent,660.0,LAL,2024-25
Dončić,Finney-Smith,660.0,LAL,2024-25
Christie,Hachimura,650.0,LAL,2024-25
Dončić,James,561.0,LAL,2024-25
Hachimura,Vincent,556.0,LAL,2024-25
Davis,Knecht,532.0,LAL,2024-25
Davis,Russell,504.0,LAL,2024-25
Finney-Smith,Vincent,504.0,LAL,2024-25
Knecht,Vincent,502.0,LAL,2024-25
James,Russell,463.0,LAL,2024-25
Finney-Smith,Hayes,463.0,LAL,2024-25
Hayes,Vincent,452.0,LAL,2024-25
Hachimura,Knecht,450.0,LAL,2024-25
Dončić,Hayes,449.0,LAL,2024-25
Dončić,Vincent,434.0,LAL,2024-25
Finney-Smith,Hachimura,433.0,LAL,2024-25
Davis,Vincent,423.0,LAL,2024-25
Hachimura,Russell,408.0,LAL,2024-25
Hachimura,Hayes,384.0,LAL,2024-25
James,Reddish,370.0,LAL,2024-25
Reaves,Russell,365.0,LAL,2024-25
Christie,Knecht,359.0,LAL,2024-25
Dončić,Hachimura,347.0,LAL,2024-25
Christie,Vincent,347.0,LAL,2024-25
Reaves,Vanderbilt,343.0,LAL,2024-25
Knecht,Russell,335.0,LAL,2024-25
Reaves,Reddish,327.0,LAL,2024-25
Davis,Reddish,311.0,LAL,2024-25
Hayes,Knecht,301.0,LAL,2024-25
Vanderbilt,Vincent,279.0,LAL,2024-25
James,Vanderbilt,276.0,LAL,2024-25
Christie,Russell,260.0,LAL,2024-25
Russell,Vincent,255.0,LAL,2024-25
Finney-Smith,Vanderbilt,254.0,LAL,2024-25
Goodwin,Reaves,245.0,LAL,2024-25
Dončić,Vanderbilt,238.0,LAL,2024-25
Hachimura,Reddish,233.0,LAL,2024-25
Knecht,Reddish,231.0,LAL,2024-25
Knecht,Vanderbilt,227.0,LAL,2024-25
Knecht,Koloko,218.0,LAL,2024-25
Dončić,Goodwin,217.0,LAL,2024-25
James,Milton,213.0,LAL,2024-25
Goodwin,Vincent,211.0,LAL,2024-25
Finney-Smith,Knecht,211.0,LAL,2024-25
Goodwin,Knecht,205.0,LAL,2024-25
Knecht,Milton,202.0,LAL,2024-25
James,Koloko,196.0,LAL,2024-25
Reddish,Russell,193.0,LAL,2024-25
Finney-Smith,Goodwin,192.0,LAL,2024-25
Goodwin,James,187.0,LAL,2024-25
Goodwin,Vanderbilt,182.0,LAL,2024-25
Christie,Hayes,176.0,LAL,2024-25
Reddish,Vincent,165.0,LAL,2024-25
Davis,Finney-Smith,160.0,LAL,2024-25
Christie,Finney-Smith,157.0,LAL,2024-25
Christie,Reddish,156.0,LAL,2024-25
Dončić,Knecht,155.0,LAL,2024-25
Koloko,Vincent,153.0,LAL,2024-25
Jemison III,Knecht,149.0,LAL,2024-25
Goodwin,Hayes,142.0,LAL,2024-25
James,Jemison III,126.0,LAL,2024-25
Hachimura,Vanderbilt,118.0,LAL,2024-25
Hayes,Russell,109.0,LAL,2024-25
Jemison III,Milton,108.0,LAL,2024-25
Koloko,Russell,107.0,LAL,2024-25
Goodwin,Hachimura,102.0,LAL,2024-25
Koloko,Reaves,98.0,LAL,2024-25
Koloko,Reddish,96.0,LAL,2024-25
Christie,Koloko,95.0,LAL,2024-25
Goodwin,Milton,94.0,LAL,2024-25
Goodwin,Jemison III,89.0,LAL,2024-25
Koloko,Milton,77.0,LAL,2024-25
Hayes,Vanderbilt,77.0,LAL,2024-25
Jemison III,Vincent,74.0,LAL,2024-25
Goodwin,Morris,74.0,LAL,2024-25
Hayes,Reddish,73.0,LAL,2024-25
Milton,Morris,72.0,LAL,2024-25
Knecht,Len,71.0,LAL,2024-25
Knecht,Morris,69.0,LAL,2024-25
Davis,Hayes,69.0,LAL,2024-25
Milton,Reaves,67.0,LAL,2024-25
Jemison III,Vanderbilt,66.0,LAL,2024-25
Finney-Smith,Milton,64.0,LAL,2024-25
James,Len,64.0,LAL,2024-25
Goodwin,Koloko,62.0,LAL,2024-25
Milton,Vanderbilt,56.0,LAL,2024-25
Dončić,Jemison III,54.0,LAL,2024-25
James,Morris,54.0,LAL,2024-25
Hachimura,Milton,54.0,LAL,2024-25
Milton,Reddish,51.0,LAL,2024-25
Hayes,Milton,50.0,LAL,2024-25
Hachimura,Koloko,50.0,LAL,2024-25
Len,Reaves,50.0,LAL,2024-25
Len,Milton,45.0,LAL,2024-25
Jemison III,Reaves,45.0,LAL,2024-25
Goodwin,Len,39.0,LAL,2024-25
Christie,Traore,38.0,LAL,2024-25
Len,Morris,36.0,LAL,2024-25
Len,Vincent,36.0,LAL,2024-25
Dončić,Koloko,35.0,LAL,2024-25
Dončić,Len,35.0,LAL,2024-25
Milton,Vincent,33.0,LAL,2024-25
Finney-Smith,Koloko,32.0,LAL,2024-25
Morris,Reaves,31.0,LAL,2024-25
Traore,Vincent,30.0,LAL,2024-25
Koloko,Traore,30.0,LAL,2024-25
Finney-Smith,Reddish,29.0,LAL,2024-25
Koloko,Vanderbilt,29.0,LAL,2024-25
Koloko,Lewis,28.0,LAL,2024-25
Finney-Smith,Jemison III,28.0,LAL,2024-25
Lewis,Traore,27.0,LAL,2024-25
Morris,Vincent,26.0,LAL,2024-25
Finney-Smith,Len,24.0,LAL,2024-25
Davis,Milton,24.0,LAL,2024-25
Hachimura,Jemison III,23.0,LAL,2024-25
Len,Vanderbilt,22.0,LAL,2024-25
Dončić,Milton,22.0,LAL,2024-25
Christie,Vanderbilt,21.0,LAL,2024-25
Christie,Lewis,21.0,LAL,2024-25
Reddish,Traore,20.0,LAL,2024-25
Christie,Milton,19.0,LAL,2024-25
James,Traore,19.0,LAL,2024-25
Davis,Traore,18.0,LAL,2024-25
Jemison III,Morris,18.0,LAL,2024-25
Lewis,Vincent,17.0,LAL,2024-25
Hayes,Morris,17.0,LAL,2024-25
Jemison III,Koloko,17.0,LAL,2024-25
Koloko,Morris,17.0,LAL,2024-25
Russell,Traore,17.0,LAL,2024-25
Jemison III,Reddish,14.0,LAL,2024-25
Hachimura,Len,14.0,LAL,2024-25
Jemison III,Len,13.0,LAL,2024-25
Christie,Hood-Schifino,13.0,LAL,2024-25
Knecht,Traore,12.0,LAL,2024-25
Morris,Vanderbilt,12.0,LAL,2024-25
Davis,Hood-Schifino,12.0,LAL,2024-25
Goodwin,Reddish,11.0,LAL,2024-25
Hood-Schifino,Traore,10.0,LAL,2024-25
Davis,Vanderbilt,9.0,LAL,2024-25
Finney-Smith,Morris,9.0,LAL,2024-25
James,James,9.0,LAL,2024-25
Christie,Jemison III,9.0,LAL,2024-25
Morris,Reddish,8.0,LAL,2024-25
Len,Reddish,7.0,LAL,2024-25
James,Lewis,6.0,LAL,2024-25
Hachimura,Traore,6.0,LAL,2024-25
Lewis,Russell,6.0,LAL,2024-25
Lewis,Reddish,6.0,LAL,2024-25
Koloko,Olivari,6.0,LAL,2024-25
Hood-Schifino,Knecht,5.0,LAL,2024-25
Knecht,Traoré,5.0,LAL,2024-25
Milton,Traoré,5.0,LAL,2024-25
James,Traoré,5.0,LAL,2024-25
Jemison III,Traoré,5.0,LAL,2024-25
Knecht,Olivari,5.0,LAL,2024-25
Olivari,Vincent,5.0,LAL,2024-25
Hachimura,Morris,5.0,LAL,2024-25
Hachimura,Hood-Schifino,5.0,LAL,2024-25
Hood-Schifino,James,5.0,LAL,2024-25
Knecht,Lewis,5.0,LAL,2024-25
Olivari,Traore,5.0,LAL,2024-25
Dončić,Morris,4.0,LAL,2024-25
Olivari,Reddish,4.0,LAL,2024-25
Hachimura,Olivari,3.0,LAL,2024-25
Lewis,Olivari,3.0,LAL,2024-25
James,Olivari,3.0,LAL,2024-25
Reddish,Vanderbilt,3.0,LAL,2024-25
Davis,Olivari,2.0,LAL,2024-25
Hayes,Olivari,2.0,LAL,2024-25
Olivari,Russell,2.0,LAL,2024-25
Hayes,Jemison III,2.0,LAL,2024-25
Hood-Schifino,Koloko,1.0,LAL,2024-25
Hood-Schifino,Lewis,1.0,LAL,2024-25
Hayes,Koloko,1.0,LAL,2024-25
Bane,Jackson Jr.,1250.0,MEM,2024-25
Jackson Jr.,Wells,1202.0,MEM,2024-25
Bane,Wells,1201.0,MEM,2024-25
Jackson Jr.,Pippen Jr.,921.0,MEM,2024-25
Jackson Jr.,Morant,901.0,MEM,2024-25
Edey,Wells,854.0,MEM,2024-25
Bane,Morant,840.0,MEM,2024-25
Edey,Jackson Jr.,822.0,MEM,2024-25
Morant,Wells,821.0,MEM,2024-25
Aldama,Bane,812.0,MEM,2024-25
Bane,Edey,790.0,MEM,2024-25
Jackson Jr.,Kennard,764.0,MEM,2024-25
Bane,Pippen Jr.,751.0,MEM,2024-25
Aldama,Pippen Jr.,722.0,MEM,2024-25
Aldama,Wells,708.0,MEM,2024-25
Bane,Clarke,663.0,MEM,2024-25
Edey,Morant,662.0,MEM,2024-25
Aldama,Kennard,641.0,MEM,2024-25
Bane,Kennard,625.0,MEM,2024-25
Pippen Jr.,Wells,613.0,MEM,2024-25
Clarke,Wells,611.0,MEM,2024-25
Clarke,Jackson Jr.,602.0,MEM,2024-25
Aldama,Jackson Jr.,594.0,MEM,2024-25
Kennard,Wells,577.0,MEM,2024-25
Aldama,Morant,567.0,MEM,2024-25
Clarke,Pippen Jr.,533.0,MEM,2024-25
Edey,Kennard,508.0,MEM,2024-25
Kennard,Pippen Jr.,452.0,MEM,2024-25
LaRavia,Pippen Jr.,448.0,MEM,2024-25
Clarke,Morant,444.0,MEM,2024-25
Aldama,LaRavia,436.0,MEM,2024-25
Aldama,Clarke,426.0,MEM,2024-25
Edey,Pippen Jr.,412.0,MEM,2024-25
Jackson Jr.,LaRavia,401.0,MEM,2024-25
Clarke,Kennard,371.0,MEM,2024-25
Aldama,Edey,361.0,MEM,2024-25
Aldama,Huff,337.0,MEM,2024-25
Huff,Pippen Jr.,317.0,MEM,2024-25
Huff,LaRavia,304.0,MEM,2024-25
Kennard,Morant,302.0,MEM,2024-25
Kennard,LaRavia,301.0,MEM,2024-25
Morant,Pippen Jr.,301.0,MEM,2024-25
Bane,LaRavia,286.0,MEM,2024-25
LaRavia,Wells,275.0,MEM,2024-25
Bane,Huff,262.0,MEM,2024-25
Huff,Wells,259.0,MEM,2024-25
Clarke,LaRavia,256.0,MEM,2024-25
Jackson Jr.,Konchar,249.0,MEM,2024-25
Edey,LaRavia,233.0,MEM,2024-25
Bane,Williams Jr.,221.0,MEM,2024-25
Huff,Kennard,211.0,MEM,2024-25
Konchar,Pippen Jr.,211.0,MEM,2024-25
Bane,Jackson,210.0,MEM,2024-25
LaRavia,Morant,206.0,MEM,2024-25
Morant,Williams Jr.,202.0,MEM,2024-25
Kennard,Williams Jr.,199.0,MEM,2024-25
Jackson Jr.,Smart,193.0,MEM,2024-25
Kennard,Konchar,183.0,MEM,2024-25
Konchar,Wells,175.0,MEM,2024-25
Edey,Williams Jr.,175.0,MEM,2024-25
Aldama,Smart,173.0,MEM,2024-25
Jackson Jr.,Williams Jr.,167.0,MEM,2024-25
LaRavia,Smart,164.0,MEM,2024-25
Clarke,Jackson,156.0,MEM,2024-25
Aldama,Williams Jr.,156.0,MEM,2024-25
Edey,Konchar,149.0,MEM,2024-25
Bane,Smart,148.0,MEM,2024-25
Huff,Jackson Jr.,147.0,MEM,2024-25
Jackson,Kennard,146.0,MEM,2024-25
Morant,Smart,146.0,MEM,2024-25
Huff,Konchar,146.0,MEM,2024-25
Pippen Jr.,Williams Jr.,145.0,MEM,2024-25
Jackson,Pippen Jr.,137.0,MEM,2024-25
Bane,Konchar,129.0,MEM,2024-25
Jackson,Wells,127.0,MEM,2024-25
Pippen Jr.,Smart,123.0,MEM,2024-25
Clarke,Williams Jr.,122.0,MEM,2024-25
Aldama,Jackson,122.0,MEM,2024-25
Jackson,Morant,115.0,MEM,2024-25
Huff,Morant,113.0,MEM,2024-25
Jackson,Jackson Jr.,111.0,MEM,2024-25
Wells,Williams Jr.,103.0,MEM,2024-25
Edey,Jackson,103.0,MEM,2024-25
Clarke,Smart,100.0,MEM,2024-25
Konchar,LaRavia,100.0,MEM,2024-25
Huff,Smart,98.0,MEM,2024-25
Clarke,Konchar,95.0,MEM,2024-25
Aldama,Konchar,95.0,MEM,2024-25
Konchar,Spencer,85.0,MEM,2024-25
Edey,Smart,84.0,MEM,2024-25
Huff,Spencer,77.0,MEM,2024-25
Huff,Jackson,71.0,MEM,2024-25
Jackson Jr.,Spencer,69.0,MEM,2024-25
Huff,Williams Jr.,67.0,MEM,2024-25
Kennard,Smart,66.0,MEM,2024-25
Spencer,Stevens,60.0,MEM,2024-25
LaRavia,Spencer,59.0,MEM,2024-25
Pippen Jr.,Spencer,59.0,MEM,2024-25
Kawamura,Konchar,57.0,MEM,2024-25
Huff,Kawamura,56.0,MEM,2024-25
Kennard,Spencer,56.0,MEM,2024-25
Jackson,Williams Jr.,53.0,MEM,2024-25
Pippen Jr.,Stevens,51.0,MEM,2024-25
Jackson,Konchar,49.0,MEM,2024-25
Jackson,Stevens,48.0,MEM,2024-25
Bagley III,Spencer,46.0,MEM,2024-25
Spencer,Wells,45.0,MEM,2024-25
Jackson,Spencer,44.0,MEM,2024-25
Bane,Stevens,43.0,MEM,2024-25
Smart,Wells,42.0,MEM,2024-25
Konchar,Morant,41.0,MEM,2024-25
Clarke,Huff,40.0,MEM,2024-25
Bagley III,Stevens,36.0,MEM,2024-25
Bane,Spencer,36.0,MEM,2024-25
Kennard,Stevens,35.0,MEM,2024-25
Kawamura,Spencer,34.0,MEM,2024-25
Clarke,Spencer,34.0,MEM,2024-25
Konchar,Williams Jr.,34.0,MEM,2024-25
Bagley III,Jackson,33.0,MEM,2024-25
Spencer,Williams Jr.,32.0,MEM,2024-25
Konchar,Stevens,32.0,MEM,2024-25
Stevens,Williams Jr.,30.0,MEM,2024-25
Bagley III,Morant,30.0,MEM,2024-25
Edey,Spencer,29.0,MEM,2024-25
Huff,Stevens,29.0,MEM,2024-25
Jackson,LaRavia,28.0,MEM,2024-25
Castleton,Kawamura,28.0,MEM,2024-25
Bagley III,Bane,28.0,MEM,2024-25
Morant,Stevens,27.0,MEM,2024-25
Bagley III,Konchar,26.0,MEM,2024-25
Stevens,Wells,25.0,MEM,2024-25
Edey,Huff,25.0,MEM,2024-25
Aldama,Spencer,24.0,MEM,2024-25
Bagley III,Pippen Jr.,24.0,MEM,2024-25
Castleton,Konchar,24.0,MEM,2024-25
Bagley III,Wells,24.0,MEM,2024-25
Castleton,Huff,24.0,MEM,2024-25
Castleton,Spencer,23.0,MEM,2024-25
Jackson Jr.,Stevens,23.0,MEM,2024-25
Kawamura,LaRavia,22.0,MEM,2024-25
Jackson,Kawamura,21.0,MEM,2024-25
Clarke,Stevens,21.0,MEM,2024-25
Bagley III,Kawamura,19.0,MEM,2024-25
Konchar,Smart,18.0,MEM,2024-25
Kawamura,Wells,18.0,MEM,2024-25
LaRavia,Williams Jr.,17.0,MEM,2024-25
Edey,Kawamura,16.0,MEM,2024-25
Aldama,Stevens,16.0,MEM,2024-25
Bagley III,Williams Jr.,16.0,MEM,2024-25
Kawamura,Stevens,16.0,MEM,2024-25
Edey,Stevens,16.0,MEM,2024-25
Smart,Williams Jr.,15.0,MEM,2024-25
Bagley III,Huff,15.0,MEM,2024-25
Castleton,Kennard,14.0,MEM,2024-25
Bagley III,Kennard,13.0,MEM,2024-25
Kawamura,Kennard,12.0,MEM,2024-25
Castleton,Edey,11.0,MEM,2024-25
Bagley III,Clarke,10.0,MEM,2024-25
Clarke,Edey,10.0,MEM,2024-25
Morant,Spencer,10.0,MEM,2024-25
Aldama,Kawamura,9.0,MEM,2024-25
Bane,Castleton,9.0,MEM,2024-25
Castleton,Wells,8.0,MEM,2024-25
Jackson,Smart,8.0,MEM,2024-25
Castleton,Pippen Jr.,8.0,MEM,2024-25
Aldama,Bagley III,7.0,MEM,2024-25
Kawamura,Williams Jr.,6.0,MEM,2024-25
Smart,Spencer,6.0,MEM,2024-25
Bagley III,Jackson Jr.,5.0,MEM,2024-25
Castleton,LaRavia,4.0,MEM,2024-25
Clarke,Kawamura,4.0,MEM,2024-25
Castleton,Jackson Jr.,3.0,MEM,2024-25
Castleton,Clarke,2.0,MEM,2024-25
Aldama,Castleton,2.0,MEM,2024-25
Huff,Pullin,2.0,MEM,2024-25
Jackson,Pullin,2.0,MEM,2024-25
Kawamura,Pullin,2.0,MEM,2024-25
Konchar,Pullin,2.0,MEM,2024-25
Adebayo,Herro,1954.0,MIA,2024-25
Herro,Highsmith,1395.0,MIA,2024-25
Adebayo,Highsmith,1254.0,MIA,2024-25
Adebayo,Robinson,1228.0,MIA,2024-25
Adebayo,Rozier,1129.0,MIA,2024-25
Herro,Ware,1028.0,MIA,2024-25
Herro,Robinson,952.0,MIA,2024-25
Herro,Rozier,943.0,MIA,2024-25
Highsmith,Robinson,904.0,MIA,2024-25
Herro,Jaquez Jr.,789.0,MIA,2024-25
Adebayo,Jaquez Jr.,739.0,MIA,2024-25
Herro,Jović,731.0,MIA,2024-25
Jaquez Jr.,Rozier,723.0,MIA,2024-25
Adebayo,Jović,689.0,MIA,2024-25
Highsmith,Rozier,658.0,MIA,2024-25
Jović,Rozier,658.0,MIA,2024-25
Herro,Mitchell,640.0,MIA,2024-25
Adebayo,Mitchell,602.0,MIA,2024-25
Robinson,Ware,599.0,MIA,2024-25
Butler,Herro,570.0,MIA,2024-25
Adebayo,Burks,553.0,MIA,2024-25
Adebayo,Butler,547.0,MIA,2024-25
Robinson,Rozier,545.0,MIA,2024-25
Adebayo,Ware,540.0,MIA,2024-25
Jaquez Jr.,Robinson,539.0,MIA,2024-25
Mitchell,Ware,510.0,MIA,2024-25
Jović,Robinson,478.0,MIA,2024-25
Highsmith,Jaquez Jr.,477.0,MIA,2024-25
Highsmith,Ware,456.0,MIA,2024-25
Highsmith,Mitchell,447.0,MIA,2024-25
Adebayo,Larsson,442.0,MIA,2024-25
Jaquez Jr.,Ware,438.0,MIA,2024-25
Adebayo,Wiggins,437.0,MIA,2024-25
Jaquez Jr.,Jović,435.0,MIA,2024-25
Burks,Herro,421.0,MIA,2024-25
Jović,Ware,413.0,MIA,2024-25
Butler,Robinson,407.0,MIA,2024-25
Herro,Larsson,404.0,MIA,2024-25
Herro,Wiggins,392.0,MIA,2024-25
Rozier,Ware,374.0,MIA,2024-25
Burks,Ware,354.0,MIA,2024-25
Butler,Highsmith,338.0,MIA,2024-25
Mitchell,Wiggins,327.0,MIA,2024-25
Ware,Wiggins,320.0,MIA,2024-25
Larsson,Ware,316.0,MIA,2024-25
Larsson,Rozier,316.0,MIA,2024-25
Mitchell,Robinson,302.0,MIA,2024-25
Butler,Rozier,291.0,MIA,2024-25
Burks,Jović,282.0,MIA,2024-25
Highsmith,Jović,275.0,MIA,2024-25
Larsson,Robinson,269.0,MIA,2024-25
Anderson,Mitchell,268.0,MIA,2024-25
Burks,Rozier,246.0,MIA,2024-25
Burks,Robinson,239.0,MIA,2024-25
Burks,Larsson,225.0,MIA,2024-25
Burks,Highsmith,223.0,MIA,2024-25
Burks,Mitchell,217.0,MIA,2024-25
Burks,Jaquez Jr.,207.0,MIA,2024-25
Anderson,Robinson,198.0,MIA,2024-25
Herro,Love,197.0,MIA,2024-25
Anderson,Highsmith,196.0,MIA,2024-25
Jaquez Jr.,Larsson,196.0,MIA,2024-25
Anderson,Herro,188.0,MIA,2024-25
Adebayo,Anderson,188.0,MIA,2024-25
Butler,Jović,180.0,MIA,2024-25
Highsmith,Larsson,178.0,MIA,2024-25
Adebayo,Smith,167.0,MIA,2024-25
Robinson,Wiggins,161.0,MIA,2024-25
Anderson,Rozier,161.0,MIA,2024-25
Larsson,Mitchell,157.0,MIA,2024-25
Anderson,Ware,156.0,MIA,2024-25
Highsmith,Love,152.0,MIA,2024-25
Herro,Smith,148.0,MIA,2024-25
Jović,Larsson,147.0,MIA,2024-25
Love,Rozier,143.0,MIA,2024-25
Jaquez Jr.,Mitchell,140.0,MIA,2024-25
Burks,Wiggins,138.0,MIA,2024-25
Butler,Jaquez Jr.,136.0,MIA,2024-25
Rozier,Smith,125.0,MIA,2024-25
Highsmith,Wiggins,122.0,MIA,2024-25
Anderson,Jaquez Jr.,120.0,MIA,2024-25
Burks,Butler,117.0,MIA,2024-25
Jaquez Jr.,Smith,115.0,MIA,2024-25
Anderson,Larsson,108.0,MIA,2024-25
Adebayo,Love,104.0,MIA,2024-25
Butler,Larsson,103.0,MIA,2024-25
Butler,Love,102.0,MIA,2024-25
Butler,Smith,100.0,MIA,2024-25
Adebayo,Richardson,99.0,MIA,2024-25
Richardson,Robinson,90.0,MIA,2024-25
Robinson,Smith,88.0,MIA,2024-25
Anderson,Burks,82.0,MIA,2024-25
Jaquez Jr.,Johnson,77.0,MIA,2024-25
Anderson,Wiggins,75.0,MIA,2024-25
Bryant,Jaquez Jr.,74.0,MIA,2024-25
Jović,Smith,73.0,MIA,2024-25
Jović,Richardson,71.0,MIA,2024-25
Highsmith,Smith,70.0,MIA,2024-25
Jović,Mitchell,69.0,MIA,2024-25
Butler,Ware,69.0,MIA,2024-25
Herro,Richardson,68.0,MIA,2024-25
Jaquez Jr.,Love,66.0,MIA,2024-25
Bryant,Robinson,65.0,MIA,2024-25
Jović,Wiggins,64.0,MIA,2024-25
Christopher,Johnson,64.0,MIA,2024-25
Johnson,Rozier,64.0,MIA,2024-25
Bryant,Butler,62.0,MIA,2024-25
Christopher,Jaquez Jr.,61.0,MIA,2024-25
Mitchell,Rozier,61.0,MIA,2024-25
Jaquez Jr.,Richardson,59.0,MIA,2024-25
Rozier,Wiggins,55.0,MIA,2024-25
Burks,Love,53.0,MIA,2024-25
Larsson,Love,52.0,MIA,2024-25
Jaquez Jr.,Wiggins,47.0,MIA,2024-25
Christopher,Rozier,44.0,MIA,2024-25
Love,Smith,43.0,MIA,2024-25
Bryant,Rozier,42.0,MIA,2024-25
Bryant,Highsmith,41.0,MIA,2024-25
Love,Robinson,40.0,MIA,2024-25
Bryant,Herro,40.0,MIA,2024-25
Larsson,Smith,40.0,MIA,2024-25
Bryant,Burks,38.0,MIA,2024-25
Larsson,Wiggins,38.0,MIA,2024-25
Johnson,Larsson,36.0,MIA,2024-25
Johnson,Ware,35.0,MIA,2024-25
Highsmith,Richardson,34.0,MIA,2024-25
Anderson,Johnson,33.0,MIA,2024-25
Anderson,Christopher,33.0,MIA,2024-25
Love,Mitchell,32.0,MIA,2024-25
Burks,Smith,31.0,MIA,2024-25
Burks,Richardson,30.0,MIA,2024-25
Butler,Richardson,30.0,MIA,2024-25
Bryant,Smith,27.0,MIA,2024-25
Anderson,Jović,27.0,MIA,2024-25
Bryant,Richardson,26.0,MIA,2024-25
Larsson,Richardson,26.0,MIA,2024-25
Christopher,Larsson,24.0,MIA,2024-25
Richardson,Rozier,24.0,MIA,2024-25
Christopher,Ware,22.0,MIA,2024-25
Smith,Ware,22.0,MIA,2024-25
Herro,Johnson,20.0,MIA,2024-25
Jović,Love,19.0,MIA,2024-25
Bryant,Larsson,17.0,MIA,2024-25
Johnson,Robinson,16.0,MIA,2024-25
Richardson,Ware,15.0,MIA,2024-25
Bryant,Jović,12.0,MIA,2024-25
Richardson,Smith,11.0,MIA,2024-25
Highsmith,Johnson,9.0,MIA,2024-25
Christopher,Highsmith,9.0,MIA,2024-25
Johnson,Smith,8.0,MIA,2024-25
Bryant,Johnson,8.0,MIA,2024-25
Christopher,Robinson,8.0,MIA,2024-25
Christopher,Jović,7.0,MIA,2024-25
Johnson,Jović,6.0,MIA,2024-25
Christopher,Stevens,6.0,MIA,2024-25
Johnson,Stevens,6.0,MIA,2024-25
Jaquez Jr.,Stevens,6.0,MIA,2024-25
Love,Richardson,5.0,MIA,2024-25
Adebayo,Johnson,3.0,MIA,2024-25
Burks,Johnson,3.0,MIA,2024-25
Anderson,Love,3.0,MIA,2024-25
Larsson,Stevens,2.0,MIA,2024-25
Rozier,Stevens,2.0,MIA,2024-25
Highsmith,Stevens,2.0,MIA,2024-25
Adebayo,Christopher,1.0,MIA,2024-25
Love,Ware,1.0,MIA,2024-25
Burks,Christopher,1.0,MIA,2024-25
Lopez,Prince,1700.0,MIL,2024-25
Lillard,Lopez,1691.0,MIL,2024-25
Antetokounmpo,Lopez,1529.0,MIL,2024-25
Antetokounmpo,Prince,1497.0,MIL,2024-25
Antetokounmpo,Lillard,1325.0,MIL,2024-25
Lillard,Prince,1313.0,MIL,2024-25
Lopez,Trent Jr.,1088.0,MIL,2024-25
Green,Trent Jr.,936.0,MIL,2024-25
Lillard,Trent Jr.,885.0,MIL,2024-25
Antetokounmpo,Trent Jr.,883.0,MIL,2024-25
Green,Lopez,850.0,MIL,2024-25
Prince,Trent Jr.,791.0,MIL,2024-25
Antetokounmpo,Green,777.0,MIL,2024-25
Portis,Trent Jr.,736.0,MIL,2024-25
Green,Lillard,714.0,MIL,2024-25
Jackson Jr.,Lopez,695.0,MIL,2024-25
Kuzma,Lopez,675.0,MIL,2024-25
Lillard,Portis,645.0,MIL,2024-25
Green,Portis,642.0,MIL,2024-25
Kuzma,Prince,618.0,MIL,2024-25
Jackson Jr.,Lillard,597.0,MIL,2024-25
Jackson Jr.,Prince,584.0,MIL,2024-25
Antetokounmpo,Jackson Jr.,565.0,MIL,2024-25
Lopez,Portis,545.0,MIL,2024-25
Antetokounmpo,Kuzma,539.0,MIL,2024-25
Green,Prince,528.0,MIL,2024-25
Antetokounmpo,Portis,481.0,MIL,2024-25
Lopez,Rollins,468.0,MIL,2024-25
Kuzma,Trent Jr.,464.0,MIL,2024-25
Portis,Prince,448.0,MIL,2024-25
Kuzma,Lillard,434.0,MIL,2024-25
Prince,Rollins,427.0,MIL,2024-25
Antetokounmpo,Rollins,422.0,MIL,2024-25
Porter Jr.,Trent Jr.,421.0,MIL,2024-25
Green,Kuzma,404.0,MIL,2024-25
Green,Porter Jr.,388.0,MIL,2024-25
Antetokounmpo,Middleton,342.0,MIL,2024-25
Kuzma,Porter Jr.,338.0,MIL,2024-25
Rollins,Trent Jr.,331.0,MIL,2024-25
Kuzma,Rollins,320.0,MIL,2024-25
Lopez,Middleton,307.0,MIL,2024-25
Lillard,Middleton,304.0,MIL,2024-25
Green,Rollins,292.0,MIL,2024-25
Middleton,Portis,286.0,MIL,2024-25
Connaughton,Portis,282.0,MIL,2024-25
Lopez,Porter Jr.,278.0,MIL,2024-25
Antetokounmpo,Connaughton,271.0,MIL,2024-25
Antetokounmpo,Porter Jr.,270.0,MIL,2024-25
Porter Jr.,Prince,270.0,MIL,2024-25
Middleton,Trent Jr.,268.0,MIL,2024-25
Jackson Jr.,Portis,260.0,MIL,2024-25
Connaughton,Trent Jr.,256.0,MIL,2024-25
Portis,Rollins,248.0,MIL,2024-25
Connaughton,Green,241.0,MIL,2024-25
Antetokounmpo,Wright,222.0,MIL,2024-25
Green,Middleton,218.0,MIL,2024-25
Portis,Wright,213.0,MIL,2024-25
Connaughton,Lopez,196.0,MIL,2024-25
Connaughton,Lillard,191.0,MIL,2024-25
Prince,Wright,184.0,MIL,2024-25
Green,Wright,179.0,MIL,2024-25
Trent Jr.,Wright,170.0,MIL,2024-25
Lopez,Wright,167.0,MIL,2024-25
Green,Jackson Jr.,165.0,MIL,2024-25
Kuzma,Sims,164.0,MIL,2024-25
Connaughton,Prince,163.0,MIL,2024-25
Green,Sims,158.0,MIL,2024-25
Porter Jr.,Sims,148.0,MIL,2024-25
Connaughton,Jackson Jr.,147.0,MIL,2024-25
Sims,Trent Jr.,146.0,MIL,2024-25
Jackson Jr.,Rollins,141.0,MIL,2024-25
Jackson Jr.,Middleton,135.0,MIL,2024-25
Connaughton,Rollins,133.0,MIL,2024-25
Connaughton,Wright,127.0,MIL,2024-25
Middleton,Rollins,125.0,MIL,2024-25
Jackson Jr.,Wright,121.0,MIL,2024-25
Jackson Jr.,Trent Jr.,117.0,MIL,2024-25
Porter Jr.,Portis,92.0,MIL,2024-25
Lillard,Sims,82.0,MIL,2024-25
Kuzma,Portis,80.0,MIL,2024-25
Middleton,Prince,77.0,MIL,2024-25
Jackson Jr.,Kuzma,69.0,MIL,2024-25
Beauchamp,Rollins,65.0,MIL,2024-25
Lillard,Rollins,64.0,MIL,2024-25
Connaughton,Porter Jr.,61.0,MIL,2024-25
Lillard,Porter Jr.,57.0,MIL,2024-25
Jackson Jr.,Smith,56.0,MIL,2024-25
Jackson Jr.,Livingston,56.0,MIL,2024-25
Beauchamp,Umude,56.0,MIL,2024-25
Beauchamp,Robbins,55.0,MIL,2024-25
Prince,Sims,54.0,MIL,2024-25
Beauchamp,Smith,52.0,MIL,2024-25
Livingston,Smith,48.0,MIL,2024-25
Beauchamp,Wright,47.0,MIL,2024-25
Connaughton,Nance,47.0,MIL,2024-25
Connaughton,Smith,46.0,MIL,2024-25
Connaughton,Kuzma,46.0,MIL,2024-25
Robbins,Umude,45.0,MIL,2024-25
Livingston,Umude,45.0,MIL,2024-25
Bouyea,Connaughton,45.0,MIL,2024-25
Bouyea,Jackson Jr.,44.0,MIL,2024-25
Bouyea,Nance,44.0,MIL,2024-25
Livingston,Rollins,44.0,MIL,2024-25
Lillard,Wright,44.0,MIL,2024-25
Connaughton,Middleton,42.0,MIL,2024-25
Robbins,Rollins,41.0,MIL,2024-25
Johnson,Smith,41.0,MIL,2024-25
Rollins,Smith,40.0,MIL,2024-25
Beauchamp,Livingston,39.0,MIL,2024-25
Jackson Jr.,Nance,39.0,MIL,2024-25
Rollins,Umude,38.0,MIL,2024-25
Jackson Jr.,Umude,36.0,MIL,2024-25
Smith,Umude,35.0,MIL,2024-25
Antetokounmpo,Sims,34.0,MIL,2024-25
Green,Nance,33.0,MIL,2024-25
Bouyea,Smith,33.0,MIL,2024-25
Porter Jr.,Rollins,33.0,MIL,2024-25
Jackson Jr.,Porter Jr.,29.0,MIL,2024-25
Robbins,Wright,29.0,MIL,2024-25
Beauchamp,Connaughton,28.0,MIL,2024-25
Beauchamp,Jackson Jr.,28.0,MIL,2024-25
Bouyea,Livingston,27.0,MIL,2024-25
Beauchamp,Johnson,26.0,MIL,2024-25
Nance,Smith,26.0,MIL,2024-25
Middleton,Wright,26.0,MIL,2024-25
Smith,Wright,24.0,MIL,2024-25
Connaughton,Livingston,24.0,MIL,2024-25
Green,Smith,23.0,MIL,2024-25
Umude,Wright,23.0,MIL,2024-25
Johnson,Livingston,22.0,MIL,2024-25
Kuzma,Nance,21.0,MIL,2024-25
Beauchamp,Green,21.0,MIL,2024-25
Smith,Trent Jr.,21.0,MIL,2024-25
Livingston,Wright,21.0,MIL,2024-25
Bouyea,Umude,21.0,MIL,2024-25
Robbins,Smith,21.0,MIL,2024-25
Green,Livingston,20.0,MIL,2024-25
Beauchamp,Portis,20.0,MIL,2024-25
Livingston,Nance,19.0,MIL,2024-25
Connaughton,Umude,19.0,MIL,2024-25
Nance,Rollins,19.0,MIL,2024-25
Bouyea,Green,17.0,MIL,2024-25
Johnson,Wright,17.0,MIL,2024-25
Beauchamp,Trent Jr.,16.0,MIL,2024-25
Connaughton,Johnson,16.0,MIL,2024-25
Johnson,Trent Jr.,15.0,MIL,2024-25
Rollins,Wright,14.0,MIL,2024-25
Nance,Trent Jr.,13.0,MIL,2024-25
Beauchamp,Lillard,13.0,MIL,2024-25
Jackson Jr.,Sims,12.0,MIL,2024-25
Rollins,Sims,12.0,MIL,2024-25
Connaughton,Robbins,11.0,MIL,2024-25
Jackson Jr.,Johnson,11.0,MIL,2024-25
Johnson,Rollins,11.0,MIL,2024-25
Livingston,Robbins,10.0,MIL,2024-25
Livingston,Prince,10.0,MIL,2024-25
Antetokounmpo,Beauchamp,10.0,MIL,2024-25
Livingston,Sims,9.0,MIL,2024-25
Jackson Jr.,Robbins,9.0,MIL,2024-25
Livingston,Trent Jr.,9.0,MIL,2024-25
Bouyea,Kuzma,8.0,MIL,2024-25
Green,Robbins,8.0,MIL,2024-25
Connaughton,Sims,8.0,MIL,2024-25
Nance,Umude,8.0,MIL,2024-25
Green,Johnson,7.0,MIL,2024-25
Johnson,Umude,6.0,MIL,2024-25
Beauchamp,Lopez,6.0,MIL,2024-25
Beauchamp,Middleton,5.0,MIL,2024-25
Beauchamp,Prince,5.0,MIL,2024-25
Livingston,Porter Jr.,5.0,MIL,2024-25
Robbins,Trent Jr.,4.0,MIL,2024-25
Kuzma,Smith,4.0,MIL,2024-25
Green,Umude,3.0,MIL,2024-25
Prince,Robbins,3.0,MIL,2024-25
Prince,Smith,3.0,MIL,2024-25
Sims,Smith,3.0,MIL,2024-25
Kuzma,Livingston,2.0,MIL,2024-25
Kuzma,Umude,2.0,MIL,2024-25
Nance,Sims,2.0,MIL,2024-25
Portis,Smith,2.0,MIL,2024-25
Trent Jr.,Umude,2.0,MIL,2024-25
Lillard,Smith,1.0,MIL,2024-25
Lopez,Smith,1.0,MIL,2024-25
Bouyea,Porter Jr.,1.0,MIL,2024-25
Prince,Umude,1.0,MIL,2024-25
Antetokounmpo,Livingston,1.0,MIL,2024-25
Livingston,Middleton,1.0,MIL,2024-25
Nance,Porter Jr.,1.0,MIL,2024-25
Antetokounmpo,Smith,0.0,MIL,2024-25
Porter Jr.,Smith,0.0,MIL,2024-25
Livingston,Lopez,0.0,MIL,2024-25
Antetokounmpo,Umude,0.0,MIL,2024-25
Edwards,McDaniels,2142.0,MIN,2024-25
Edwards,Gobert,1884.0,MIN,2024-25
Edwards,Randle,1863.0,MIN,2024-25
Gobert,McDaniels,1777.0,MIN,2024-25
McDaniels,Randle,1635.0,MIN,2024-25
Alexander-Walker,Reid,1504.0,MIN,2024-25
Edwards,Reid,1392.0,MIN,2024-25
Conley,McDaniels,1323.0,MIN,2024-25
Conley,Gobert,1315.0,MIN,2024-25
Conley,Edwards,1271.0,MIN,2024-25
Gobert,Randle,1269.0,MIN,2024-25
Alexander-Walker,Edwards,1197.0,MIN,2024-25
McDaniels,Reid,1164.0,MIN,2024-25
DiVincenzo,Reid,1147.0,MIN,2024-25
Conley,Randle,1092.0,MIN,2024-25
DiVincenzo,Edwards,1012.0,MIN,2024-25
Alexander-Walker,Gobert,1010.0,MIN,2024-25
Alexander-Walker,Randle,948.0,MIN,2024-25
Gobert,Reid,947.0,MIN,2024-25
Alexander-Walker,McDaniels,945.0,MIN,2024-25
Alexander-Walker,DiVincenzo,924.0,MIN,2024-25
DiVincenzo,Randle,904.0,MIN,2024-25
DiVincenzo,Gobert,842.0,MIN,2024-25
Randle,Reid,836.0,MIN,2024-25
Conley,Reid,777.0,MIN,2024-25
DiVincenzo,McDaniels,742.0,MIN,2024-25
Alexander-Walker,Conley,589.0,MIN,2024-25
Conley,DiVincenzo,386.0,MIN,2024-25
Alexander-Walker,Clark,362.0,MIN,2024-25
Clark,Reid,321.0,MIN,2024-25
Alexander-Walker,Dillingham,314.0,MIN,2024-25
Dillingham,Reid,300.0,MIN,2024-25
Clark,Edwards,258.0,MIN,2024-25
Clark,McDaniels,242.0,MIN,2024-25
Alexander-Walker,Shannon Jr.,203.0,MIN,2024-25
Dillingham,Edwards,194.0,MIN,2024-25
Dillingham,Gobert,193.0,MIN,2024-25
Dillingham,McDaniels,179.0,MIN,2024-25
Dillingham,Shannon Jr.,169.0,MIN,2024-25
Dillingham,Garza,161.0,MIN,2024-25
Reid,Shannon Jr.,157.0,MIN,2024-25
Alexander-Walker,Minott,157.0,MIN,2024-25
Clark,Gobert,153.0,MIN,2024-25
Minott,Reid,145.0,MIN,2024-25
McDaniels,Shannon Jr.,141.0,MIN,2024-25
Clark,Dillingham,141.0,MIN,2024-25
Clark,DiVincenzo,131.0,MIN,2024-25
Garza,Shannon Jr.,129.0,MIN,2024-25
DiVincenzo,Minott,124.0,MIN,2024-25
Clark,Conley,119.0,MIN,2024-25
Edwards,Shannon Jr.,119.0,MIN,2024-25
Dillingham,Minott,111.0,MIN,2024-25
Dillingham,Randle,104.0,MIN,2024-25
Garza,Minott,103.0,MIN,2024-25
Clark,Randle,102.0,MIN,2024-25
Clark,Shannon Jr.,98.0,MIN,2024-25
Minott,Randle,96.0,MIN,2024-25
Clark,Garza,93.0,MIN,2024-25
DiVincenzo,Dillingham,87.0,MIN,2024-25
Minott,Shannon Jr.,84.0,MIN,2024-25
Alexander-Walker,Garza,79.0,MIN,2024-25
Ingles,McDaniels,76.0,MIN,2024-25
Gobert,Ingles,76.0,MIN,2024-25
DiVincenzo,Shannon Jr.,69.0,MIN,2024-25
Edwards,Garza,67.0,MIN,2024-25
Ingles,Reid,64.0,MIN,2024-25
Alexander-Walker,Ingles,64.0,MIN,2024-25
Conley,Shannon Jr.,56.0,MIN,2024-25
Gobert,Minott,54.0,MIN,2024-25
Edwards,Ingles,51.0,MIN,2024-25
Garza,McDaniels,51.0,MIN,2024-25
Garza,Reid,46.0,MIN,2024-25
Edwards,Minott,37.0,MIN,2024-25
Dozier,Shannon Jr.,35.0,MIN,2024-25
Dozier,Minott,35.0,MIN,2024-25
Conley,Dillingham,35.0,MIN,2024-25
DiVincenzo,Garza,34.0,MIN,2024-25
Dozier,Garza,33.0,MIN,2024-25
Clark,Minott,33.0,MIN,2024-25
Miller,Minott,33.0,MIN,2024-25
Ingles,Randle,32.0,MIN,2024-25
Dillingham,Miller,29.0,MIN,2024-25
McDaniels,Minott,27.0,MIN,2024-25
Conley,Minott,27.0,MIN,2024-25
Randle,Shannon Jr.,25.0,MIN,2024-25
Garza,Miller,25.0,MIN,2024-25
Gobert,Shannon Jr.,24.0,MIN,2024-25
Dillingham,Ingles,23.0,MIN,2024-25
Dillingham,Dozier,20.0,MIN,2024-25
Clark,Ingles,18.0,MIN,2024-25
Garza,Hyland,17.0,MIN,2024-25
Hyland,Minott,17.0,MIN,2024-25
Dillingham,Hyland,17.0,MIN,2024-25
Hyland,Shannon Jr.,15.0,MIN,2024-25
Ingles,Shannon Jr.,14.0,MIN,2024-25
Minott,Nix,13.0,MIN,2024-25
Dozier,Nix,13.0,MIN,2024-25
Nix,Shannon Jr.,13.0,MIN,2024-25
Conley,Ingles,13.0,MIN,2024-25
Garza,Nix,13.0,MIN,2024-25
Conley,Garza,12.0,MIN,2024-25
Clark,Miller,12.0,MIN,2024-25
DiVincenzo,Ingles,9.0,MIN,2024-25
Miller,Shannon Jr.,8.0,MIN,2024-25
Minott,Newton,8.0,MIN,2024-25
Miller,Newton,8.0,MIN,2024-25
Garza,Ingles,8.0,MIN,2024-25
Dillingham,Newton,7.0,MIN,2024-25
Newton,Shannon Jr.,5.0,MIN,2024-25
Edwards,Miller,5.0,MIN,2024-25
Ingles,Miller,4.0,MIN,2024-25
Ingles,Minott,4.0,MIN,2024-25
Garza,Gobert,4.0,MIN,2024-25
Alexander-Walker,Miller,3.0,MIN,2024-25
Garza,Newton,3.0,MIN,2024-25
Dozier,Miller,2.0,MIN,2024-25
Hyland,Miller,2.0,MIN,2024-25
Garza,Randle,2.0,MIN,2024-25
Alexander-Walker,Dozier,1.0,MIN,2024-25
Clark,Newton,1.0,MIN,2024-25
DiVincenzo,Dozier,1.0,MIN,2024-25
Conley,Miller,1.0,MIN,2024-25
McCollum,Murphy III,1166.0,NOP,2024-25
McCollum,Missi,1146.0,NOP,2024-25
Missi,Murphy III,1066.0,NOP,2024-25
McCollum,Murray,746.0,NOP,2024-25
Murphy III,Murray,690.0,NOP,2024-25
Missi,Murray,662.0,NOP,2024-25
Alvarado,Missi,578.0,NOP,2024-25
Green,Missi,544.0,NOP,2024-25
Alvarado,Hawkins,542.0,NOP,2024-25
Green,McCollum,509.0,NOP,2024-25
Jones,McCollum,500.0,NOP,2024-25
Green,Murphy III,486.0,NOP,2024-25
Hawkins,Murphy III,462.0,NOP,2024-25
Hawkins,Missi,459.0,NOP,2024-25
McCollum,Williamson,454.0,NOP,2024-25
Alvarado,Murphy III,445.0,NOP,2024-25
Jones,Murray,443.0,NOP,2024-25
Jones,Missi,433.0,NOP,2024-25
Hawkins,Robinson-Earl,407.0,NOP,2024-25
Murphy III,Williamson,401.0,NOP,2024-25
Hawkins,McCollum,399.0,NOP,2024-25
Missi,Williamson,398.0,NOP,2024-25
Alvarado,Williamson,373.0,NOP,2024-25
Alvarado,Robinson-Earl,363.0,NOP,2024-25
Green,Hawkins,354.0,NOP,2024-25
Alvarado,McCollum,346.0,NOP,2024-25
Green,Murray,339.0,NOP,2024-25
Jones,Murphy III,337.0,NOP,2024-25
Hawkins,Williamson,331.0,NOP,2024-25
Missi,Olynyk,321.0,NOP,2024-25
Hawkins,Matković,320.0,NOP,2024-25
Ingram,Missi,311.0,NOP,2024-25
Alvarado,Matković,303.0,NOP,2024-25
Alvarado,Olynyk,299.0,NOP,2024-25
Matković,Murphy III,295.0,NOP,2024-25
Boston Jr.,Robinson-Earl,294.0,NOP,2024-25
Missi,Robinson-Earl,292.0,NOP,2024-25
Reeves,Robinson-Earl,286.0,NOP,2024-25
Brown,Missi,283.0,NOP,2024-25
Matković,Robinson-Earl,282.0,NOP,2024-25
McCollum,Robinson-Earl,281.0,NOP,2024-25
McCollum,Theis,281.0,NOP,2024-25
Alvarado,Green,278.0,NOP,2024-25
Murphy III,Theis,276.0,NOP,2024-25
Murphy III,Robinson-Earl,273.0,NOP,2024-25
Cain,Robinson-Earl,272.0,NOP,2024-25
Alvarado,Brown,269.0,NOP,2024-25
Boston Jr.,Ingram,268.0,NOP,2024-25
Hawkins,Theis,255.0,NOP,2024-25
Green,Ingram,254.0,NOP,2024-25
Boston Jr.,Missi,250.0,NOP,2024-25
Payton,Robinson-Earl,242.0,NOP,2024-25
Green,Theis,242.0,NOP,2024-25
Matković,Reeves,234.0,NOP,2024-25
Brown,Hawkins,232.0,NOP,2024-25
Brown,McCollum,230.0,NOP,2024-25
Boston Jr.,Green,225.0,NOP,2024-25
Murray,Theis,224.0,NOP,2024-25
Brown,Olynyk,220.0,NOP,2024-25
Matković,McCollum,220.0,NOP,2024-25
Brown,Murphy III,219.0,NOP,2024-25
McCollum,Olynyk,216.0,NOP,2024-25
Green,Robinson-Earl,215.0,NOP,2024-25
Matković,Williamson,215.0,NOP,2024-25
Boston,Murray,194.0,NOP,2024-25
Cain,Reeves,194.0,NOP,2024-25
Boston,Missi,192.0,NOP,2024-25
Ingram,Robinson-Earl,191.0,NOP,2024-25
Hawkins,Murray,191.0,NOP,2024-25
Alvarado,Reeves,191.0,NOP,2024-25
Boston,McCollum,191.0,NOP,2024-25
Alvarado,Theis,190.0,NOP,2024-25
Murphy III,Olynyk,189.0,NOP,2024-25
Boston,Theis,189.0,NOP,2024-25
Alvarado,Ingram,187.0,NOP,2024-25
Brown,Matković,186.0,NOP,2024-25
Boston,Murphy III,181.0,NOP,2024-25
Missi,Reeves,172.0,NOP,2024-25
Brooks Jr.,Robinson-Earl,169.0,NOP,2024-25
Payton,Reeves,163.0,NOP,2024-25
Brooks Jr.,Reeves,159.0,NOP,2024-25
Hawkins,Olynyk,158.0,NOP,2024-25
Robinson-Earl,Theis,157.0,NOP,2024-25
Boston Jr.,Murphy III,154.0,NOP,2024-25
Olynyk,Williamson,151.0,NOP,2024-25
Cain,Matković,148.0,NOP,2024-25
Matković,Payton,143.0,NOP,2024-25
Ingram,McCollum,143.0,NOP,2024-25
Boston,Green,143.0,NOP,2024-25
Boston,Hawkins,142.0,NOP,2024-25
Hawkins,Ingram,140.0,NOP,2024-25
Brown,Reeves,139.0,NOP,2024-25
Boston,Jones,137.0,NOP,2024-25
Murray,Robinson-Earl,136.0,NOP,2024-25
Hawkins,Jones,133.0,NOP,2024-25
Alvarado,Brooks Jr.,132.0,NOP,2024-25
Green,Williamson,132.0,NOP,2024-25
Alvarado,Boston,131.0,NOP,2024-25
Ingram,Murphy III,127.0,NOP,2024-25
Brooks Jr.,Payton,127.0,NOP,2024-25
Ingram,Jones,126.0,NOP,2024-25
Robinson-Earl,Williamson,125.0,NOP,2024-25
Matković,Olynyk,119.0,NOP,2024-25
Jones,Theis,118.0,NOP,2024-25
Ingram,Theis,115.0,NOP,2024-25
Brooks Jr.,Matković,114.0,NOP,2024-25
Brown,Williamson,109.0,NOP,2024-25
Alvarado,Boston Jr.,108.0,NOP,2024-25
Boston,Robinson-Earl,103.0,NOP,2024-25
Theis,Williamson,102.0,NOP,2024-25
Murray,Williamson,102.0,NOP,2024-25
Brooks Jr.,Cain,102.0,NOP,2024-25
Ingram,Williamson,101.0,NOP,2024-25
Olynyk,Reeves,100.0,NOP,2024-25
Missi,Payton,99.0,NOP,2024-25
Cain,Payton,99.0,NOP,2024-25
Boston Jr.,Cain,99.0,NOP,2024-25
Brooks Jr.,Quinones,98.0,NOP,2024-25
Cain,Quinones,97.0,NOP,2024-25
Alvarado,Cain,97.0,NOP,2024-25
Quinones,Reeves,96.0,NOP,2024-25
Brooks Jr.,Missi,93.0,NOP,2024-25
Cain,Missi,90.0,NOP,2024-25
Jemison III,Robinson-Earl,89.0,NOP,2024-25
Boston Jr.,Nowell,88.0,NOP,2024-25
Ingram,Nowell,85.0,NOP,2024-25
Quinones,Robinson-Earl,85.0,NOP,2024-25
Brown,Robinson-Earl,83.0,NOP,2024-25
Hawkins,Reeves,82.0,NOP,2024-25
Brooks Jr.,Brown,79.0,NOP,2024-25
Matković,Missi,79.0,NOP,2024-25
Nowell,Robinson-Earl,77.0,NOP,2024-25
Green,Reeves,77.0,NOP,2024-25
Payton,Quinones,77.0,NOP,2024-25
Boston Jr.,Jemison III,76.0,NOP,2024-25
Cain,Nowell,74.0,NOP,2024-25
Green,Matković,74.0,NOP,2024-25
Boston Jr.,Hawkins,72.0,NOP,2024-25
Murphy III,Reeves,72.0,NOP,2024-25
Murphy III,Payton,69.0,NOP,2024-25
Cain,Hawkins,67.0,NOP,2024-25
Cain,Jemison III,66.0,NOP,2024-25
Jemison III,Nowell,65.0,NOP,2024-25
Jones,Williamson,63.0,NOP,2024-25
Missi,Nowell,63.0,NOP,2024-25
Green,Nowell,62.0,NOP,2024-25
Boston Jr.,Reeves,62.0,NOP,2024-25
Boston Jr.,Payton,61.0,NOP,2024-25
Ingram,Murray,60.0,NOP,2024-25
Green,Payton,60.0,NOP,2024-25
Boston Jr.,Theis,59.0,NOP,2024-25
Jones,Robinson-Earl,55.0,NOP,2024-25
Brooks Jr.,Olynyk,55.0,NOP,2024-25
Jemison III,Reeves,54.0,NOP,2024-25
McCollum,Payton,53.0,NOP,2024-25
Cain,Murphy III,52.0,NOP,2024-25
Matković,Quinones,51.0,NOP,2024-25
Reeves,Williamson,48.0,NOP,2024-25
Cain,Ingram,47.0,NOP,2024-25
Kelley,Quinones,47.0,NOP,2024-25
Brooks Jr.,Hawkins,46.0,NOP,2024-25
Bamba,Hawkins,46.0,NOP,2024-25
Boston Jr.,McCollum,46.0,NOP,2024-25
Cain,Kelley,44.0,NOP,2024-25
Boston Jr.,Williamson,44.0,NOP,2024-25
Cain,McCollum,40.0,NOP,2024-25
Nowell,Reeves,39.0,NOP,2024-25
Jemison III,Murphy III,39.0,NOP,2024-25
Green,Jemison III,39.0,NOP,2024-25
Alvarado,Bamba,38.0,NOP,2024-25
Olynyk,Robinson-Earl,38.0,NOP,2024-25
Green,Jones,38.0,NOP,2024-25
Kelley,Reeves,37.0,NOP,2024-25
Ingram,Jemison III,37.0,NOP,2024-25
Murphy III,Nowell,37.0,NOP,2024-25
Hawkins,Payton,37.0,NOP,2024-25
Cain,Williamson,35.0,NOP,2024-25
Alvarado,Jones,35.0,NOP,2024-25
Cain,Green,34.0,NOP,2024-25
Payton,Theis,33.0,NOP,2024-25
Alvarado,Murray,32.0,NOP,2024-25
McCollum,Reeves,32.0,NOP,2024-25
Brooks Jr.,Kelley,31.0,NOP,2024-25
Bamba,Robinson-Earl,31.0,NOP,2024-25
Alvarado,Payton,29.0,NOP,2024-25
Cain,Theis,29.0,NOP,2024-25
Brown,Payton,28.0,NOP,2024-25
Kelley,Payton,27.0,NOP,2024-25
Kelley,Robinson-Earl,26.0,NOP,2024-25
Brown,Cain,26.0,NOP,2024-25
Boston,Cain,26.0,NOP,2024-25
Boston,Matković,24.0,NOP,2024-25
Boston,Williamson,24.0,NOP,2024-25
Bamba,Williamson,24.0,NOP,2024-25
Boston Jr.,Jones,22.0,NOP,2024-25
Boston Jr.,Murray,22.0,NOP,2024-25
Bamba,Matković,21.0,NOP,2024-25
Boston Jr.,Matković,21.0,NOP,2024-25
Cain,Olynyk,21.0,NOP,2024-25
Olynyk,Payton,21.0,NOP,2024-25
Boston,Reeves,21.0,NOP,2024-25
Alvarado,Quinones,20.0,NOP,2024-25
Bamba,Murphy III,20.0,NOP,2024-25
Reeves,Theis,20.0,NOP,2024-25
Ingram,Payton,19.0,NOP,2024-25
Bamba,McCollum,17.0,NOP,2024-25
Jemison III,Payton,17.0,NOP,2024-25
Ingram,Reeves,17.0,NOP,2024-25
Missi,Quinones,17.0,NOP,2024-25
Jemison III,Murray,16.0,NOP,2024-25
Alvarado,Kelley,15.0,NOP,2024-25
Jemison III,Matković,15.0,NOP,2024-25
Nowell,Theis,14.0,NOP,2024-25
Bamba,Reeves,13.0,NOP,2024-25
Brown,Quinones,12.0,NOP,2024-25
Cain,Jones,12.0,NOP,2024-25
Matković,Murray,12.0,NOP,2024-25
Alvarado,Jemison III,11.0,NOP,2024-25
Brooks Jr.,McCollum,11.0,NOP,2024-25
Hawkins,Jemison III,9.0,NOP,2024-25
Jemison III,McCollum,9.0,NOP,2024-25
Murray,Payton,8.0,NOP,2024-25
Jemison III,Jones,8.0,NOP,2024-25
Olynyk,Quinones,8.0,NOP,2024-25
Brown,Green,7.0,NOP,2024-25
Matković,Nowell,7.0,NOP,2024-25
Bamba,Brown,6.0,NOP,2024-25
Boston Jr.,Jemison,5.0,NOP,2024-25
Jemison,Reeves,5.0,NOP,2024-25
Kelley,Matković,5.0,NOP,2024-25
Cain,Jemison,5.0,NOP,2024-25
Jemison,Nowell,5.0,NOP,2024-25
Bamba,Cain,4.0,NOP,2024-25
Cain,Murray,4.0,NOP,2024-25
Alvarado,Nowell,4.0,NOP,2024-25
Murray,Reeves,3.0,NOP,2024-25
Boston,Jemison III,2.0,NOP,2024-25
Bridges,Hart,2349.0,NYK,2024-25
Anunoby,Bridges,2184.0,NYK,2024-25
Anunoby,Hart,2094.0,NYK,2024-25
Bridges,Towns,2024.0,NYK,2024-25
Hart,Towns,2016.0,NYK,2024-25
Bridges,Brunson,1996.0,NYK,2024-25
Brunson,Hart,1856.0,NYK,2024-25
Anunoby,Towns,1797.0,NYK,2024-25
Anunoby,Brunson,1796.0,NYK,2024-25
Brunson,Towns,1462.0,NYK,2024-25
Bridges,McBride,1003.0,NYK,2024-25
Hart,McBride,893.0,NYK,2024-25
McBride,Towns,880.0,NYK,2024-25
Anunoby,McBride,842.0,NYK,2024-25
Achiuwa,Bridges,780.0,NYK,2024-25
Payne,Towns,694.0,NYK,2024-25
Brunson,McBride,693.0,NYK,2024-25
Achiuwa,Hart,625.0,NYK,2024-25
Achiuwa,Brunson,623.0,NYK,2024-25
Hart,Payne,597.0,NYK,2024-25
Bridges,Payne,581.0,NYK,2024-25
Achiuwa,McBride,573.0,NYK,2024-25
McBride,Payne,553.0,NYK,2024-25
Anunoby,Payne,528.0,NYK,2024-25
Achiuwa,Towns,481.0,NYK,2024-25
Achiuwa,Anunoby,480.0,NYK,2024-25
Achiuwa,Shamet,405.0,NYK,2024-25
Payne,Shamet,392.0,NYK,2024-25
Achiuwa,Payne,388.0,NYK,2024-25
Shamet,Towns,343.0,NYK,2024-25
Hart,Shamet,330.0,NYK,2024-25
McBride,Shamet,312.0,NYK,2024-25
Brunson,Sims,305.0,NYK,2024-25
Bridges,Sims,305.0,NYK,2024-25
Anunoby,Sims,282.0,NYK,2024-25
Anunoby,Shamet,282.0,NYK,2024-25
Bridges,Shamet,269.0,NYK,2024-25
Hart,Sims,227.0,NYK,2024-25
Bridges,Robinson,219.0,NYK,2024-25
Anunoby,Robinson,204.0,NYK,2024-25
McBride,Sims,200.0,NYK,2024-25
Hart,Robinson,184.0,NYK,2024-25
Hart,Wright,149.0,NYK,2024-25
Bridges,Wright,144.0,NYK,2024-25
Robinson,Shamet,139.0,NYK,2024-25
Anunoby,Wright,137.0,NYK,2024-25
Kolek,Shamet,136.0,NYK,2024-25
Hart,Kolek,130.0,NYK,2024-25
Kolek,Towns,123.0,NYK,2024-25
Payne,Sims,121.0,NYK,2024-25
Bridges,Kolek,120.0,NYK,2024-25
Brunson,Payne,117.0,NYK,2024-25
Brunson,Shamet,116.0,NYK,2024-25
McBride,Robinson,113.0,NYK,2024-25
Shamet,Wright,110.0,NYK,2024-25
Towns,Wright,108.0,NYK,2024-25
Bridges,Hukporti,100.0,NYK,2024-25
Brunson,Hukporti,100.0,NYK,2024-25
Hukporti,McBride,96.0,NYK,2024-25
Achiuwa,Kolek,96.0,NYK,2024-25
Brunson,Robinson,93.0,NYK,2024-25
Anunoby,Kolek,91.0,NYK,2024-25
Hukporti,Payne,85.0,NYK,2024-25
Hart,Hukporti,83.0,NYK,2024-25
Anunoby,Hukporti,65.0,NYK,2024-25
Payne,Robinson,63.0,NYK,2024-25
Dadiet,Kolek,61.0,NYK,2024-25
Dadiet,Payne,58.0,NYK,2024-25
Kolek,Sims,57.0,NYK,2024-25
Hukporti,Kolek,55.0,NYK,2024-25
Kolek,Payne,54.0,NYK,2024-25
Dadiet,Hukporti,53.0,NYK,2024-25
Achiuwa,Wright,52.0,NYK,2024-25
Kolek,McBride,51.0,NYK,2024-25
Robinson,Wright,50.0,NYK,2024-25
Hukporti,Shamet,50.0,NYK,2024-25
Achiuwa,Hukporti,47.0,NYK,2024-25
Robinson,Towns,46.0,NYK,2024-25
Kolek,Toppin,41.0,NYK,2024-25
Kolek,Ryan,41.0,NYK,2024-25
Ryan,Sims,39.0,NYK,2024-25
Dadiet,Sims,38.0,NYK,2024-25
McBride,Tucker,36.0,NYK,2024-25
Hukporti,Ryan,36.0,NYK,2024-25
Shamet,Tucker,36.0,NYK,2024-25
Hukporti,Sims,35.0,NYK,2024-25
Dadiet,McBride,35.0,NYK,2024-25
Achiuwa,Tucker,34.0,NYK,2024-25
Hukporti,Toppin,34.0,NYK,2024-25
Payne,Wright,33.0,NYK,2024-25
Payne,Tucker,33.0,NYK,2024-25
Kolek,Wright,29.0,NYK,2024-25
Sims,Toppin,28.0,NYK,2024-25
McBride,Ryan,27.0,NYK,2024-25
Bridges,Dadiet,26.0,NYK,2024-25
Payne,Ryan,25.0,NYK,2024-25
Dadiet,Hart,25.0,NYK,2024-25
Dadiet,Shamet,25.0,NYK,2024-25
Ryan,Toppin,25.0,NYK,2024-25
Kolek,Robinson,24.0,NYK,2024-25
Tucker,Wright,24.0,NYK,2024-25
Dadiet,Towns,23.0,NYK,2024-25
Achiuwa,Sims,22.0,NYK,2024-25
McCullar Jr.,Wright,22.0,NYK,2024-25
McCullar Jr.,Shamet,21.0,NYK,2024-25
Kolek,Watson,21.0,NYK,2024-25
Dadiet,Wright,20.0,NYK,2024-25
Achiuwa,McCullar Jr.,19.0,NYK,2024-25
Shamet,Toppin,19.0,NYK,2024-25
Bridges,Tucker,18.0,NYK,2024-25
Hukporti,Towns,17.0,NYK,2024-25
Achiuwa,Robinson,17.0,NYK,2024-25
McCullar Jr.,Payne,17.0,NYK,2024-25
Dadiet,Ryan,17.0,NYK,2024-25
Brunson,Dadiet,16.0,NYK,2024-25
McBride,Toppin,16.0,NYK,2024-25
Shamet,Watson,16.0,NYK,2024-25
Shamet,Sims,16.0,NYK,2024-25
Dadiet,Toppin,15.0,NYK,2024-25
Anunoby,Dadiet,15.0,NYK,2024-25
Beauchamp,Kolek,14.0,NYK,2024-25
Kolek,Tucker,14.0,NYK,2024-25
Brunson,Tucker,14.0,NYK,2024-25
Ryan,Shamet,14.0,NYK,2024-25
Beauchamp,Watson,13.0,NYK,2024-25
Beauchamp,Shamet,13.0,NYK,2024-25
Kolek,McCullar Jr.,13.0,NYK,2024-25
Ryan,Towns,13.0,NYK,2024-25
McBride,Wright,12.0,NYK,2024-25
Hukporti,Wright,12.0,NYK,2024-25
Achiuwa,Dadiet,12.0,NYK,2024-25
Payne,Toppin,11.0,NYK,2024-25
Watson,Wright,11.0,NYK,2024-25
Hart,Ryan,9.0,NYK,2024-25
Sims,Towns,9.0,NYK,2024-25
Towns,Tucker,9.0,NYK,2024-25
Achiuwa,Watson,8.0,NYK,2024-25
Achiuwa,Beauchamp,8.0,NYK,2024-25
McBride,McCullar Jr.,8.0,NYK,2024-25
McCullar Jr.,Tucker,8.0,NYK,2024-25
Beauchamp,Wright,7.0,NYK,2024-25
Anunoby,Ryan,7.0,NYK,2024-25
Dadiet,Tucker,6.0,NYK,2024-25
Dadiet,Watson,5.0,NYK,2024-25
Achiuwa,Ryan,5.0,NYK,2024-25
Beauchamp,McCullar Jr.,5.0,NYK,2024-25
McCullar Jr.,Watson,5.0,NYK,2024-25
Ryan,Wright,4.0,NYK,2024-25
Brunson,Ryan,4.0,NYK,2024-25
McBride,Watson,3.0,NYK,2024-25
Payne,Watson,3.0,NYK,2024-25
Beauchamp,Payne,3.0,NYK,2024-25
Beauchamp,McBride,2.0,NYK,2024-25
Tucker,Watson,2.0,NYK,2024-25
Dadiet,McCullar Jr.,2.0,NYK,2024-25
Bridges,Ryan,2.0,NYK,2024-25
Beauchamp,Tucker,2.0,NYK,2024-25
Achiuwa,Toppin,1.0,NYK,2024-25
Toppin,Towns,1.0,NYK,2024-25
Hart,Toppin,1.0,NYK,2024-25
Brunson,Kolek,1.0,NYK,2024-25
Beauchamp,Towns,1.0,NYK,2024-25
Towns,Watson,1.0,NYK,2024-25
Beauchamp,Robinson,0.0,NYK,2024-25
Gilgeous-Alexander,Williams,2493.0,OKC,2024-25
Dort,Williams,2043.0,OKC,2024-25
Dort,Gilgeous-Alexander,1824.0,OKC,2024-25
Wiggins,Williams,1809.0,OKC,2024-25
Wallace,Williams,1803.0,OKC,2024-25
Joe,Williams,1607.0,OKC,2024-25
Hartenstein,Williams,1500.0,OKC,2024-25
Gilgeous-Alexander,Wallace,1323.0,OKC,2024-25
Gilgeous-Alexander,Hartenstein,1112.0,OKC,2024-25
Dort,Wallace,1036.0,OKC,2024-25
Dort,Hartenstein,955.0,OKC,2024-25
Gilgeous-Alexander,Joe,926.0,OKC,2024-25
Caruso,Williams,918.0,OKC,2024-25
Gilgeous-Alexander,Wiggins,895.0,OKC,2024-25
Williams,Williams,836.0,OKC,2024-25
Hartenstein,Wallace,793.0,OKC,2024-25
Holmgren,Williams,735.0,OKC,2024-25
Joe,Wiggins,645.0,OKC,2024-25
Dort,Joe,642.0,OKC,2024-25
Gilgeous-Alexander,Holmgren,624.0,OKC,2024-25
Wallace,Wiggins,619.0,OKC,2024-25
Dort,Wiggins,613.0,OKC,2024-25
Caruso,Gilgeous-Alexander,557.0,OKC,2024-25
Hartenstein,Wiggins,550.0,OKC,2024-25
Joe,Wallace,539.0,OKC,2024-25
Dort,Holmgren,538.0,OKC,2024-25
Mitchell,Williams,527.0,OKC,2024-25
Hartenstein,Joe,496.0,OKC,2024-25
Jones,Williams,476.0,OKC,2024-25
Caruso,Wiggins,457.0,OKC,2024-25
Caruso,Wallace,435.0,OKC,2024-25
Caruso,Joe,406.0,OKC,2024-25
Holmgren,Wallace,346.0,OKC,2024-25
Hartenstein,Holmgren,315.0,OKC,2024-25
Dieng,Williams,314.0,OKC,2024-25
Caruso,Hartenstein,313.0,OKC,2024-25
Caruso,Dort,288.0,OKC,2024-25
Holmgren,Joe,287.0,OKC,2024-25
Holmgren,Wiggins,287.0,OKC,2024-25
Mitchell,Wiggins,283.0,OKC,2024-25
Joe,Jones,262.0,OKC,2024-25
Jones,Wiggins,238.0,OKC,2024-25
Mitchell,Wallace,227.0,OKC,2024-25
Caruso,Holmgren,219.0,OKC,2024-25
Dieng,Wiggins,202.0,OKC,2024-25
Gilgeous-Alexander,Mitchell,189.0,OKC,2024-25
Hartenstein,Mitchell,187.0,OKC,2024-25
Carlson,Williams,173.0,OKC,2024-25
Flagler,Williams,169.0,OKC,2024-25
Joe,Mitchell,165.0,OKC,2024-25
Gilgeous-Alexander,Jones,153.0,OKC,2024-25
Flagler,Jones,150.0,OKC,2024-25
Dort,Mitchell,148.0,OKC,2024-25
Caruso,Mitchell,146.0,OKC,2024-25
Caruso,Dieng,141.0,OKC,2024-25
Dieng,Joe,139.0,OKC,2024-25
Dieng,Wallace,138.0,OKC,2024-25
Carlson,Jones,130.0,OKC,2024-25
Carlson,Wiggins,122.0,OKC,2024-25
Caruso,Jones,121.0,OKC,2024-25
Ducas,Williams,121.0,OKC,2024-25
Jones,Mitchell,117.0,OKC,2024-25
Dieng,Mitchell,116.0,OKC,2024-25
Carlson,Flagler,114.0,OKC,2024-25
Jones,Wallace,112.0,OKC,2024-25
Dieng,Jones,109.0,OKC,2024-25
Dieng,Gilgeous-Alexander,106.0,OKC,2024-25
Carlson,Joe,100.0,OKC,2024-25
Ducas,Flagler,86.0,OKC,2024-25
Ducas,Jones,83.0,OKC,2024-25
Flagler,Wiggins,78.0,OKC,2024-25
Carlson,Ducas,67.0,OKC,2024-25
Dieng,Hartenstein,67.0,OKC,2024-25
Holmgren,Mitchell,64.0,OKC,2024-25
Dieng,Dort,62.0,OKC,2024-25
Dort,Jones,55.0,OKC,2024-25
Dieng,Flagler,54.0,OKC,2024-25
Flagler,Joe,53.0,OKC,2024-25
Ducas,Wiggins,51.0,OKC,2024-25
Hartenstein,Jones,44.0,OKC,2024-25
Carlson,Mitchell,42.0,OKC,2024-25
Carlson,Wallace,41.0,OKC,2024-25
Dieng,Ducas,41.0,OKC,2024-25
Carlson,Dieng,40.0,OKC,2024-25
Carlson,Caruso,39.0,OKC,2024-25
Carlson,Gilgeous-Alexander,37.0,OKC,2024-25
Flagler,Mitchell,35.0,OKC,2024-25
Holmgren,Jones,31.0,OKC,2024-25
Dieng,Leons,21.0,OKC,2024-25
Leons,Mitchell,21.0,OKC,2024-25
Jones,Leons,21.0,OKC,2024-25
Ducas,Mitchell,19.0,OKC,2024-25
Caruso,Flagler,16.0,OKC,2024-25
Ducas,Joe,15.0,OKC,2024-25
Carlson,Dort,15.0,OKC,2024-25
Flagler,Gilgeous-Alexander,12.0,OKC,2024-25
Flagler,Holmgren,11.0,OKC,2024-25
Dieng,Holmgren,10.0,OKC,2024-25
Flagler,Leons,8.0,OKC,2024-25
Carlson,Holmgren,8.0,OKC,2024-25
Dort,Flagler,8.0,OKC,2024-25
Flagler,Wallace,8.0,OKC,2024-25
Leons,Wiggins,7.0,OKC,2024-25
Joe,Leons,6.0,OKC,2024-25
Ducas,Wallace,4.0,OKC,2024-25
Ducas,Reese,2.0,OKC,2024-25
Flagler,Reese,2.0,OKC,2024-25
Jones,Reese,2.0,OKC,2024-25
Mitchell,Reese,2.0,OKC,2024-25
Dort,Ducas,1.0,OKC,2024-25
Ducas,Gilgeous-Alexander,1.0,OKC,2024-25
Ducas,Holmgren,1.0,OKC,2024-25
Caldwell-Pope,Wagner,1498.0,ORL,2024-25
Black,Wagner,1280.0,ORL,2024-25
Caldwell-Pope,Carter Jr.,1246.0,ORL,2024-25
Banchero,Caldwell-Pope,1107.0,ORL,2024-25
Banchero,Carter Jr.,1049.0,ORL,2024-25
Banchero,Wagner,1009.0,ORL,2024-25
Carter Jr.,Wagner,959.0,ORL,2024-25
Bitadze,Caldwell-Pope,941.0,ORL,2024-25
Caldwell-Pope,da Silva,849.0,ORL,2024-25
Bitadze,da Silva,807.0,ORL,2024-25
Bitadze,Wagner,794.0,ORL,2024-25
Wagner,da Silva,767.0,ORL,2024-25
Suggs,Wagner,754.0,ORL,2024-25
Black,Isaac,753.0,ORL,2024-25
Isaac,Wagner,746.0,ORL,2024-25
Black,da Silva,735.0,ORL,2024-25
Caldwell-Pope,Suggs,726.0,ORL,2024-25
Black,Caldwell-Pope,682.0,ORL,2024-25
Anthony,Wagner,648.0,ORL,2024-25
Anthony,Caldwell-Pope,642.0,ORL,2024-25
Banchero,Black,593.0,ORL,2024-25
Bitadze,Black,589.0,ORL,2024-25
Black,Carter Jr.,566.0,ORL,2024-25
Anthony,Carter Jr.,533.0,ORL,2024-25
Anthony,Banchero,528.0,ORL,2024-25
Carter Jr.,da Silva,519.0,ORL,2024-25
Bitadze,Suggs,509.0,ORL,2024-25
Suggs,da Silva,484.0,ORL,2024-25
Anthony,da Silva,438.0,ORL,2024-25
Black,Houstan,423.0,ORL,2024-25
Black,Harris,420.0,ORL,2024-25
Harris,Wagner,413.0,ORL,2024-25
Carter Jr.,Suggs,396.0,ORL,2024-25
Carter Jr.,Joseph,388.0,ORL,2024-25
Banchero,Joseph,386.0,ORL,2024-25
Anthony,Black,386.0,ORL,2024-25
Black,Howard,377.0,ORL,2024-25
Anthony,Bitadze,371.0,ORL,2024-25
Houstan,da Silva,361.0,ORL,2024-25
Howard,Wagner,358.0,ORL,2024-25
Caldwell-Pope,Joseph,340.0,ORL,2024-25
Isaac,da Silva,326.0,ORL,2024-25
Joseph,Wagner,324.0,ORL,2024-25
Banchero,Bitadze,314.0,ORL,2024-25
Black,Suggs,313.0,ORL,2024-25
Caldwell-Pope,Isaac,293.0,ORL,2024-25
Anthony,Isaac,293.0,ORL,2024-25
Banchero,da Silva,291.0,ORL,2024-25
Bitadze,Houstan,286.0,ORL,2024-25
Anthony,Houstan,276.0,ORL,2024-25
Harris,Isaac,269.0,ORL,2024-25
Howard,da Silva,267.0,ORL,2024-25
Howard,Isaac,257.0,ORL,2024-25
Banchero,Harris,256.0,ORL,2024-25
Carter Jr.,Isaac,239.0,ORL,2024-25
Wagner,Wagner,234.0,ORL,2024-25
Carter Jr.,Harris,229.0,ORL,2024-25
Anthony,Howard,219.0,ORL,2024-25
Bitadze,Carter Jr.,217.0,ORL,2024-25
Caldwell-Pope,Houstan,217.0,ORL,2024-25
Bitadze,Isaac,216.0,ORL,2024-25
Carter Jr.,Houstan,214.0,ORL,2024-25
Houstan,Howard,214.0,ORL,2024-25
Bitadze,Harris,202.0,ORL,2024-25
Black,Queen,201.0,ORL,2024-25
Harris,da Silva,198.0,ORL,2024-25
Banchero,Houstan,197.0,ORL,2024-25
Banchero,Isaac,191.0,ORL,2024-25
Carter Jr.,Howard,186.0,ORL,2024-25
Anthony,Harris,185.0,ORL,2024-25
Queen,da Silva,184.0,ORL,2024-25
Isaac,Suggs,184.0,ORL,2024-25
Houstan,Wagner,178.0,ORL,2024-25
Houstan,Queen,178.0,ORL,2024-25
Houstan,Isaac,177.0,ORL,2024-25
Houstan,Joseph,175.0,ORL,2024-25
Bitadze,Howard,156.0,ORL,2024-25
Caldwell-Pope,Harris,153.0,ORL,2024-25
Isaac,Queen,151.0,ORL,2024-25
Harris,Suggs,148.0,ORL,2024-25
Carter Jr.,Queen,139.0,ORL,2024-25
Banchero,Suggs,137.0,ORL,2024-25
Howard,Queen,137.0,ORL,2024-25
Caldwell-Pope,Howard,131.0,ORL,2024-25
Anthony,Queen,125.0,ORL,2024-25
Joseph,da Silva,125.0,ORL,2024-25
Howard,Joseph,120.0,ORL,2024-25
Caldwell-Pope,Queen,115.0,ORL,2024-25
Bitadze,Queen,112.0,ORL,2024-25
Harris,Houstan,112.0,ORL,2024-25
Joseph,Queen,111.0,ORL,2024-25
Isaac,Joseph,109.0,ORL,2024-25
Banchero,Howard,95.0,ORL,2024-25
Howard,Suggs,87.0,ORL,2024-25
Anthony,Suggs,78.0,ORL,2024-25
Black,Joseph,77.0,ORL,2024-25
Anthony,Joseph,74.0,ORL,2024-25
Banchero,Queen,71.0,ORL,2024-25
Harris,Howard,70.0,ORL,2024-25
Bitadze,Joseph,68.0,ORL,2024-25
Queen,Suggs,59.0,ORL,2024-25
Harris,Joseph,55.0,ORL,2024-25
Houstan,Suggs,50.0,ORL,2024-25
Queen,Wagner,20.0,ORL,2024-25
Harris,Queen,18.0,ORL,2024-25
Howard,McClung,10.0,ORL,2024-25
Houstan,McClung,10.0,ORL,2024-25
Joseph,Suggs,7.0,ORL,2024-25
Black,McClung,5.0,ORL,2024-25
McClung,da Silva,5.0,ORL,2024-25
Joseph,McClung,5.0,ORL,2024-25
McClung,Queen,3.0,ORL,2024-25
Bitadze,McClung,2.0,ORL,2024-25
Maxey,Oubre Jr.,1412.0,PHI,2024-25
Maxey,Yabusele,1020.0,PHI,2024-25
Oubre Jr.,Yabusele,996.0,PHI,2024-25
Martin,Maxey,900.0,PHI,2024-25
George,Oubre Jr.,887.0,PHI,2024-25
George,Maxey,862.0,PHI,2024-25
Martin,Oubre Jr.,740.0,PHI,2024-25
Martin,Yabusele,650.0,PHI,2024-25
George,Yabusele,585.0,PHI,2024-25
George,Martin,572.0,PHI,2024-25
Edwards,Yabusele,542.0,PHI,2024-25
Gordon,Maxey,522.0,PHI,2024-25
Drummond,Oubre Jr.,506.0,PHI,2024-25
Edwards,Oubre Jr.,461.0,PHI,2024-25
Council IV,Yabusele,447.0,PHI,2024-25
Gordon,Oubre Jr.,438.0,PHI,2024-25
Edwards,Maxey,433.0,PHI,2024-25
Bona,Council IV,426.0,PHI,2024-25
Martin,McCain,412.0,PHI,2024-25
Drummond,Maxey,409.0,PHI,2024-25
Grimes,Yabusele,407.0,PHI,2024-25
Lowry,Martin,398.0,PHI,2024-25
Council IV,Maxey,385.0,PHI,2024-25
Edwards,Grimes,384.0,PHI,2024-25
Embiid,George,380.0,PHI,2024-25
Butler,Grimes,379.0,PHI,2024-25
Gordon,Yabusele,367.0,PHI,2024-25
Embiid,Oubre Jr.,365.0,PHI,2024-25
Drummond,Martin,361.0,PHI,2024-25
Embiid,Maxey,358.0,PHI,2024-25
Council IV,Edwards,346.0,PHI,2024-25
Council IV,Oubre Jr.,345.0,PHI,2024-25
Bona,Edwards,311.0,PHI,2024-25
Lowry,Oubre Jr.,306.0,PHI,2024-25
Gordon,Martin,298.0,PHI,2024-25
McCain,Oubre Jr.,296.0,PHI,2024-25
Grimes,Oubre Jr.,293.0,PHI,2024-25
Bona,Butler,282.0,PHI,2024-25
Council IV,Dowtin Jr.,280.0,PHI,2024-25
Butler,Edwards,279.0,PHI,2024-25
Drummond,George,274.0,PHI,2024-25
McCain,Yabusele,272.0,PHI,2024-25
Lowry,Maxey,268.0,PHI,2024-25
Butler,Council IV,266.0,PHI,2024-25
Lowry,Yabusele,260.0,PHI,2024-25
George,Lowry,259.0,PHI,2024-25
Butler,Yabusele,254.0,PHI,2024-25
Embiid,Martin,243.0,PHI,2024-25
Bona,Grimes,241.0,PHI,2024-25
Bona,Oubre Jr.,233.0,PHI,2024-25
Grimes,Walker IV,230.0,PHI,2024-25
Maxey,McCain,229.0,PHI,2024-25
Bona,Walker IV,227.0,PHI,2024-25
Council IV,Grimes,221.0,PHI,2024-25
Dowtin Jr.,Yabusele,217.0,PHI,2024-25
George,Gordon,212.0,PHI,2024-25
George,Grimes,209.0,PHI,2024-25
Butler,Walker IV,207.0,PHI,2024-25
Bona,Dowtin Jr.,202.0,PHI,2024-25
Bona,Maxey,200.0,PHI,2024-25
Dowtin Jr.,Edwards,197.0,PHI,2024-25
Grimes,Maxey,195.0,PHI,2024-25
Edwards,George,189.0,PHI,2024-25
Drummond,Gordon,187.0,PHI,2024-25
Council IV,Martin,185.0,PHI,2024-25
Council IV,Walker IV,173.0,PHI,2024-25
Embiid,Yabusele,170.0,PHI,2024-25
Drummond,Lowry,155.0,PHI,2024-25
Drummond,Grimes,153.0,PHI,2024-25
Drummond,Yabusele,152.0,PHI,2024-25
George,McCain,152.0,PHI,2024-25
Jackson,Yabusele,150.0,PHI,2024-25
Drummond,McCain,149.0,PHI,2024-25
Bagley,Bona,142.0,PHI,2024-25
Council IV,Gordon,141.0,PHI,2024-25
Edwards,Gordon,140.0,PHI,2024-25
Bagley,Butler,139.0,PHI,2024-25
Council IV,Reese,139.0,PHI,2024-25
Jackson,Martin,139.0,PHI,2024-25
Jackson,Lowry,134.0,PHI,2024-25
Edwards,Walker IV,132.0,PHI,2024-25
Jackson,Oubre Jr.,131.0,PHI,2024-25
Council IV,McCain,127.0,PHI,2024-25
Council IV,Hood-Schifino,126.0,PHI,2024-25
Bagley,Walker IV,126.0,PHI,2024-25
Walker IV,Yabusele,123.0,PHI,2024-25
Dowtin Jr.,Oubre Jr.,123.0,PHI,2024-25
Lowry,McCain,118.0,PHI,2024-25
Dowtin Jr.,Grimes,115.0,PHI,2024-25
Drummond,Edwards,111.0,PHI,2024-25
Bagley,Grimes,111.0,PHI,2024-25
Bagley,Council IV,111.0,PHI,2024-25
Embiid,McCain,109.0,PHI,2024-25
Edwards,Okeke,108.0,PHI,2024-25
Council IV,Jackson,107.0,PHI,2024-25
Embiid,Lowry,104.0,PHI,2024-25
Bona,Yabusele,103.0,PHI,2024-25
Martin,Martin,100.0,PHI,2024-25
Council IV,George,98.0,PHI,2024-25
Bona,Jackson,97.0,PHI,2024-25
Butler,Dowtin Jr.,95.0,PHI,2024-25
Bona,Gordon,94.0,PHI,2024-25
Council IV,Lowry,93.0,PHI,2024-25
Bona,Martin,92.0,PHI,2024-25
Butler,Reese,91.0,PHI,2024-25
Okeke,Yabusele,90.0,PHI,2024-25
Grimes,Hood-Schifino,88.0,PHI,2024-25
Bagley,Hood-Schifino,88.0,PHI,2024-25
Jackson,Maxey,85.0,PHI,2024-25
Hood-Schifino,Walker IV,84.0,PHI,2024-25
Butler,Oubre Jr.,83.0,PHI,2024-25
Edwards,Embiid,83.0,PHI,2024-25
Bona,Lowry,82.0,PHI,2024-25
Gordon,Lowry,82.0,PHI,2024-25
Edwards,Jackson,82.0,PHI,2024-25
Brissett,Butler,82.0,PHI,2024-25
Bona,George,82.0,PHI,2024-25
Embiid,Grimes,81.0,PHI,2024-25
Jackson,McCain,80.0,PHI,2024-25
Council IV,Drummond,77.0,PHI,2024-25
Butler,Okeke,74.0,PHI,2024-25
Edwards,Hood-Schifino,74.0,PHI,2024-25
Grimes,Okeke,73.0,PHI,2024-25
Gordon,Jackson,72.0,PHI,2024-25
Dowtin Jr.,Gordon,71.0,PHI,2024-25
Dowtin Jr.,Reese,69.0,PHI,2024-25
Dowtin Jr.,George,69.0,PHI,2024-25
Gordon,McCain,69.0,PHI,2024-25
Dowtin Jr.,Walker IV,68.0,PHI,2024-25
Council IV,Okeke,68.0,PHI,2024-25
Bona,Hood-Schifino,67.0,PHI,2024-25
Brissett,Grimes,66.0,PHI,2024-25
Edwards,Lowry,66.0,PHI,2024-25
Brissett,Edwards,63.0,PHI,2024-25
Dowtin Jr.,Drummond,62.0,PHI,2024-25
Grimes,Reese,62.0,PHI,2024-25
Bona,Reese,61.0,PHI,2024-25
Dowtin Jr.,Hood-Schifino,60.0,PHI,2024-25
Hood-Schifino,Okeke,60.0,PHI,2024-25
George,Jackson,59.0,PHI,2024-25
Dowtin Jr.,Okeke,55.0,PHI,2024-25
Butler,Hood-Schifino,54.0,PHI,2024-25
Brissett,Council IV,53.0,PHI,2024-25
Oubre Jr.,Walker IV,52.0,PHI,2024-25
Hood-Schifino,Reese,51.0,PHI,2024-25
Hood-Schifino,Yabusele,51.0,PHI,2024-25
Brissett,Hood-Schifino,50.0,PHI,2024-25
Embiid,Jackson,49.0,PHI,2024-25
Council IV,Embiid,48.0,PHI,2024-25
Drummond,Jackson,46.0,PHI,2024-25
Dowtin Jr.,McCain,45.0,PHI,2024-25
Dowtin Jr.,Maxey,44.0,PHI,2024-25
Brissett,Okeke,44.0,PHI,2024-25
Bona,McCain,44.0,PHI,2024-25
Bagley,Edwards,43.0,PHI,2024-25
Bagley,Dowtin Jr.,43.0,PHI,2024-25
Okeke,Reese,43.0,PHI,2024-25
Butler,Drummond,41.0,PHI,2024-25
Castleton,Council IV,41.0,PHI,2024-25
Castleton,Walker IV,40.0,PHI,2024-25
Dowtin Jr.,Martin,40.0,PHI,2024-25
Castleton,Hood-Schifino,40.0,PHI,2024-25
Castleton,Dowtin Jr.,40.0,PHI,2024-25
Brissett,Reese,39.0,PHI,2024-25
Council IV,Nance,39.0,PHI,2024-25
Edwards,Reese,38.0,PHI,2024-25
Butler,George,37.0,PHI,2024-25
Reese,Walker IV,36.0,PHI,2024-25
Dowtin Jr.,Nance,35.0,PHI,2024-25
Edwards,Nance,35.0,PHI,2024-25
Grimes,Lowry,35.0,PHI,2024-25
Drummond,Walker IV,33.0,PHI,2024-25
Castleton,Grimes,32.0,PHI,2024-25
Butler,Castleton,31.0,PHI,2024-25
Bagley,Castleton,30.0,PHI,2024-25
Embiid,Gordon,29.0,PHI,2024-25
Maxey,Nance,28.0,PHI,2024-25
Brissett,Dowtin Jr.,27.0,PHI,2024-25
Bagley,Yabusele,27.0,PHI,2024-25
Brissett,Yabusele,27.0,PHI,2024-25
Dowtin Jr.,Jackson,25.0,PHI,2024-25
Gordon,Nance,25.0,PHI,2024-25
Butler,Embiid,23.0,PHI,2024-25
Dowtin Jr.,Embiid,22.0,PHI,2024-25
Bagley,Reese,22.0,PHI,2024-25
Edwards,Wheeler,22.0,PHI,2024-25
Bona,Nance,21.0,PHI,2024-25
Lowry,Walker IV,20.0,PHI,2024-25
Bagley,Wheeler,20.0,PHI,2024-25
Nance,Oubre Jr.,20.0,PHI,2024-25
Bona,Castleton,19.0,PHI,2024-25
Council IV,Wheeler,19.0,PHI,2024-25
Gordon,Grimes,17.0,PHI,2024-25
Council IV,Roddy,16.0,PHI,2024-25
Bona,Quinones,16.0,PHI,2024-25
Butler,Wheeler,15.0,PHI,2024-25
Hood-Schifino,Mobley,15.0,PHI,2024-25
Castleton,Yabusele,15.0,PHI,2024-25
Bagley,Mobley,15.0,PHI,2024-25
Castleton,Edwards,15.0,PHI,2024-25
Hood-Schifino,Wheeler,14.0,PHI,2024-25
Reese,Yabusele,14.0,PHI,2024-25
Council IV,Mobley,14.0,PHI,2024-25
Hood-Schifino,Lowry,14.0,PHI,2024-25
George,Walker IV,14.0,PHI,2024-25
Maxey,Walker IV,13.0,PHI,2024-25
Council IV,Quinones,13.0,PHI,2024-25
Walker IV,Wheeler,12.0,PHI,2024-25
Butler,Lowry,12.0,PHI,2024-25
McCain,Quinones,11.0,PHI,2024-25
Bagley,Lowry,11.0,PHI,2024-25
Wheeler,Yabusele,11.0,PHI,2024-25
Castleton,Lowry,11.0,PHI,2024-25
Reese,Wheeler,11.0,PHI,2024-25
Mobley,Walker IV,10.0,PHI,2024-25
Roddy,Yabusele,10.0,PHI,2024-25
Lowry,Reese,9.0,PHI,2024-25
Edwards,Quinones,8.0,PHI,2024-25
Bona,Wheeler,8.0,PHI,2024-25
Grimes,Mobley,8.0,PHI,2024-25
Bagley,Okeke,8.0,PHI,2024-25
Bona,Brissett,8.0,PHI,2024-25
Edwards,Martin,7.0,PHI,2024-25
Castleton,Reese,6.0,PHI,2024-25
Butler,Roddy,6.0,PHI,2024-25
Butler,Maxey,6.0,PHI,2024-25
Roddy,Walker IV,6.0,PHI,2024-25
Grimes,Roddy,6.0,PHI,2024-25
Dowtin Jr.,Roddy,6.0,PHI,2024-25
Grimes,Wheeler,6.0,PHI,2024-25
Dowtin Jr.,Quinones,5.0,PHI,2024-25
Oubre Jr.,Reese,5.0,PHI,2024-25
Brissett,Walker IV,5.0,PHI,2024-25
Okeke,Walker IV,5.0,PHI,2024-25
Oubre Jr.,Quinones,5.0,PHI,2024-25
Jackson,Nance,5.0,PHI,2024-25
Butler,Mobley,4.0,PHI,2024-25
Bona,Okeke,4.0,PHI,2024-25
Bona,Roddy,4.0,PHI,2024-25
Drummond,Roddy,4.0,PHI,2024-25
Oubre Jr.,Roddy,3.0,PHI,2024-25
Maxey,Roddy,3.0,PHI,2024-25
Dowtin Jr.,Lowry,3.0,PHI,2024-25
Jackson,Quinones,3.0,PHI,2024-25
Edwards,McCain,3.0,PHI,2024-25
Martin,Quinones,3.0,PHI,2024-25
Dowtin Jr.,Wheeler,2.0,PHI,2024-25
Bona,Mobley,2.0,PHI,2024-25
Booker,Jones,1577.0,PHX,2024-25
Booker,Durant,1533.0,PHX,2024-25
Durant,Jones,1259.0,PHX,2024-25
Booker,O'Neale,1214.0,PHX,2024-25
Beal,Booker,1139.0,PHX,2024-25
Beal,Durant,1040.0,PHX,2024-25
Jones,O'Neale,1025.0,PHX,2024-25
Booker,Dunn,1021.0,PHX,2024-25
Allen,Booker,983.0,PHX,2024-25
Durant,O'Neale,980.0,PHX,2024-25
Booker,Plumlee,845.0,PHX,2024-25
Beal,Jones,733.0,PHX,2024-25
Beal,O'Neale,723.0,PHX,2024-25
Dunn,Jones,720.0,PHX,2024-25
Booker,Richards,717.0,PHX,2024-25
Allen,Beal,701.0,PHX,2024-25
Allen,Durant,700.0,PHX,2024-25
Jones,Plumlee,684.0,PHX,2024-25
Dunn,Durant,683.0,PHX,2024-25
Booker,Ighodaro,675.0,PHX,2024-25
Durant,Plumlee,666.0,PHX,2024-25
Allen,O'Neale,651.0,PHX,2024-25
Allen,Jones,650.0,PHX,2024-25
Allen,Plumlee,636.0,PHX,2024-25
Beal,Plumlee,592.0,PHX,2024-25
O'Neale,Plumlee,584.0,PHX,2024-25
Durant,Richards,557.0,PHX,2024-25
Ighodaro,Jones,531.0,PHX,2024-25
Dunn,Plumlee,455.0,PHX,2024-25
Beal,Dunn,453.0,PHX,2024-25
Jones,Nurkić,450.0,PHX,2024-25
Ighodaro,O'Neale,448.0,PHX,2024-25
Durant,Nurkić,423.0,PHX,2024-25
Jones,Richards,416.0,PHX,2024-25
Dunn,Ighodaro,408.0,PHX,2024-25
Allen,Ighodaro,403.0,PHX,2024-25
Booker,Nurkić,391.0,PHX,2024-25
Durant,Ighodaro,388.0,PHX,2024-25
Allen,Dunn,384.0,PHX,2024-25
Beal,Ighodaro,348.0,PHX,2024-25
Dunn,O'Neale,331.0,PHX,2024-25
O'Neale,Richards,318.0,PHX,2024-25
Beal,Nurkić,307.0,PHX,2024-25
Dunn,Richards,302.0,PHX,2024-25
Booker,Gillespie,298.0,PHX,2024-25
Beal,Richards,294.0,PHX,2024-25
Nurkić,O'Neale,282.0,PHX,2024-25
Allen,Morris,273.0,PHX,2024-25
Bol,Booker,258.0,PHX,2024-25
Dunn,Gillespie,255.0,PHX,2024-25
Morris,O'Neale,241.0,PHX,2024-25
Bol,Durant,240.0,PHX,2024-25
Ighodaro,Morris,234.0,PHX,2024-25
Allen,Richards,223.0,PHX,2024-25
Morris,Plumlee,217.0,PHX,2024-25
Durant,Gillespie,217.0,PHX,2024-25
Dunn,Morris,207.0,PHX,2024-25
Booker,Morris,205.0,PHX,2024-25
Bol,Jones,195.0,PHX,2024-25
Dunn,Nurkić,185.0,PHX,2024-25
Gillespie,Richards,176.0,PHX,2024-25
Gillespie,Ighodaro,173.0,PHX,2024-25
Bol,Richards,172.0,PHX,2024-25
Durant,Morris,170.0,PHX,2024-25
Booker,Okogie,169.0,PHX,2024-25
Ighodaro,Okogie,169.0,PHX,2024-25
Beal,Morris,168.0,PHX,2024-25
Morris,Okogie,167.0,PHX,2024-25
Jones,Martin,153.0,PHX,2024-25
Gillespie,O'Neale,146.0,PHX,2024-25
Jones,Okogie,145.0,PHX,2024-25
Allen,Nurkić,142.0,PHX,2024-25
Ighodaro,Martin,137.0,PHX,2024-25
Beal,Bol,135.0,PHX,2024-25
Allen,Gillespie,125.0,PHX,2024-25
Bol,Plumlee,125.0,PHX,2024-25
Allen,Okogie,124.0,PHX,2024-25
Beal,Okogie,109.0,PHX,2024-25
Okogie,Plumlee,108.0,PHX,2024-25
Gillespie,Plumlee,107.0,PHX,2024-25
O'Neale,Okogie,105.0,PHX,2024-25
Dunn,Okogie,101.0,PHX,2024-25
Bol,O'Neale,99.0,PHX,2024-25
Booker,Martin,96.0,PHX,2024-25
Bol,Morris,95.0,PHX,2024-25
Martin,O'Neale,95.0,PHX,2024-25
Bol,Lee,94.0,PHX,2024-25
Lee,Morris,90.0,PHX,2024-25
Morris,Nurkić,90.0,PHX,2024-25
Durant,Okogie,87.0,PHX,2024-25
Allen,Bol,79.0,PHX,2024-25
Bol,Ighodaro,76.0,PHX,2024-25
Ighodaro,Lee,76.0,PHX,2024-25
Allen,Martin,68.0,PHX,2024-25
Nurkić,Okogie,67.0,PHX,2024-25
Gillespie,Jones,65.0,PHX,2024-25
Bol,Washington Jr.,65.0,PHX,2024-25
Gillespie,Martin,63.0,PHX,2024-25
Durant,Martin,57.0,PHX,2024-25
Lee,Plumlee,54.0,PHX,2024-25
Bol,Gillespie,48.0,PHX,2024-25
Gillespie,Lee,46.0,PHX,2024-25
Martin,Richards,46.0,PHX,2024-25
Ighodaro,Washington Jr.,44.0,PHX,2024-25
Beal,Gillespie,43.0,PHX,2024-25
Lee,Washington Jr.,42.0,PHX,2024-25
O'Neale,Washington Jr.,40.0,PHX,2024-25
Bol,Dunn,39.0,PHX,2024-25
Plumlee,Washington Jr.,35.0,PHX,2024-25
Jones,Washington Jr.,32.0,PHX,2024-25
Dunn,Martin,31.0,PHX,2024-25
Bridges,Ighodaro,30.0,PHX,2024-25
Bridges,Lee,30.0,PHX,2024-25
Gillespie,Washington Jr.,30.0,PHX,2024-25
Gillespie,Morris,30.0,PHX,2024-25
Ighodaro,Plumlee,28.0,PHX,2024-25
Durant,Washington Jr.,28.0,PHX,2024-25
Morris,Washington Jr.,27.0,PHX,2024-25
Lee,O'Neale,26.0,PHX,2024-25
Jones,Morris,24.0,PHX,2024-25
Dunn,Lee,23.0,PHX,2024-25
Dunn,Washington Jr.,23.0,PHX,2024-25
Booker,Washington Jr.,22.0,PHX,2024-25
Bol,Bridges,22.0,PHX,2024-25
Lee,Micić,22.0,PHX,2024-25
Richards,Washington Jr.,22.0,PHX,2024-25
Allen,Washington Jr.,20.0,PHX,2024-25
Ighodaro,Nurkić,20.0,PHX,2024-25
Bol,Micić,20.0,PHX,2024-25
Martin,Plumlee,18.0,PHX,2024-25
Lee,Okogie,18.0,PHX,2024-25
Micić,Morris,18.0,PHX,2024-25
Okogie,Washington Jr.,17.0,PHX,2024-25
Booker,Lee,17.0,PHX,2024-25
Bridges,Washington Jr.,16.0,PHX,2024-25
Bol,Okogie,16.0,PHX,2024-25
Beal,Martin,15.0,PHX,2024-25
Martin,Morris,13.0,PHX,2024-25
Micić,Plumlee,12.0,PHX,2024-25
Durant,Lee,12.0,PHX,2024-25
Lee,Martin,11.0,PHX,2024-25
Nurkić,Plumlee,10.0,PHX,2024-25
Bridges,Gillespie,10.0,PHX,2024-25
Jones,Lee,9.0,PHX,2024-25
Lee,Nurkić,7.0,PHX,2024-25
Micić,Washington Jr.,6.0,PHX,2024-25
Morris,Richards,6.0,PHX,2024-25
Bridges,Okogie,6.0,PHX,2024-25
Allen,Lee,6.0,PHX,2024-25
Bridges,Dunn,5.0,PHX,2024-25
Gillespie,Micić,4.0,PHX,2024-25
Ighodaro,Richards,2.0,PHX,2024-25
Bol,Martin,2.0,PHX,2024-25
Martin,Micić,2.0,PHX,2024-25
Nurkić,Washington Jr.,2.0,PHX,2024-25
Dunn,Micić,2.0,PHX,2024-25
Ighodaro,Micić,2.0,PHX,2024-25
Lee,Richards,1.0,PHX,2024-25
Bridges,Morris,1.0,PHX,2024-25
Martin,Washington Jr.,1.0,PHX,2024-25
Plumlee,Richards,0.0,PHX,2024-25
Camara,Simons,1562.0,POR,2024-25
Camara,Sharpe,1536.0,POR,2024-25
Avdija,Camara,1453.0,POR,2024-25
Avdija,Simons,1404.0,POR,2024-25
Sharpe,Simons,1196.0,POR,2024-25
Avdija,Sharpe,1158.0,POR,2024-25
Camara,Henderson,1113.0,POR,2024-25
Camara,Grant,1098.0,POR,2024-25
Grant,Simons,1012.0,POR,2024-25
Ayton,Camara,973.0,POR,2024-25
Ayton,Simons,893.0,POR,2024-25
Henderson,Sharpe,892.0,POR,2024-25
Avdija,Henderson,851.0,POR,2024-25
Henderson,Simons,800.0,POR,2024-25
Avdija,Grant,779.0,POR,2024-25
Camara,Clingan,778.0,POR,2024-25
Clingan,Sharpe,776.0,POR,2024-25
Avdija,Ayton,762.0,POR,2024-25
Grant,Sharpe,742.0,POR,2024-25
Avdija,Clingan,741.0,POR,2024-25
Clingan,Simons,710.0,POR,2024-25
Ayton,Grant,684.0,POR,2024-25
Ayton,Sharpe,643.0,POR,2024-25
Grant,Henderson,626.0,POR,2024-25
Banton,Sharpe,575.0,POR,2024-25
Clingan,Henderson,562.0,POR,2024-25
Ayton,Henderson,555.0,POR,2024-25
Henderson,Murray,461.0,POR,2024-25
Avdija,Banton,458.0,POR,2024-25
Banton,Camara,439.0,POR,2024-25
Murray,Sharpe,422.0,POR,2024-25
Clingan,Murray,418.0,POR,2024-25
Banton,Murray,400.0,POR,2024-25
Clingan,Grant,399.0,POR,2024-25
Murray,Simons,392.0,POR,2024-25
Banton,Simons,391.0,POR,2024-25
Banton,Clingan,385.0,POR,2024-25
Murray,Walker,368.0,POR,2024-25
Sharpe,Walker,364.0,POR,2024-25
Banton,Walker,349.0,POR,2024-25
Camara,Murray,342.0,POR,2024-25
Avdija,Murray,290.0,POR,2024-25
Banton,Henderson,288.0,POR,2024-25
Murray,Rupert,287.0,POR,2024-25
Henderson,Walker,282.0,POR,2024-25
Simons,Walker,279.0,POR,2024-25
Rupert,Walker,271.0,POR,2024-25
Banton,Rupert,256.0,POR,2024-25
Reath,Sharpe,233.0,POR,2024-25
Camara,Walker,228.0,POR,2024-25
Henderson,Reath,220.0,POR,2024-25
Banton,Grant,209.0,POR,2024-25
Camara,Reath,207.0,POR,2024-25
Murray,Reath,206.0,POR,2024-25
Camara,Williams III,197.0,POR,2024-25
Simons,Williams III,193.0,POR,2024-25
Sharpe,Williams III,191.0,POR,2024-25
Avdija,Reath,190.0,POR,2024-25
Grant,Williams III,187.0,POR,2024-25
Avdija,Williams III,186.0,POR,2024-25
Reath,Simons,184.0,POR,2024-25
Banton,Thybulle,179.0,POR,2024-25
Henderson,Williams III,178.0,POR,2024-25
Banton,Reath,178.0,POR,2024-25
Sharpe,Thybulle,159.0,POR,2024-25
Avdija,Walker,157.0,POR,2024-25
Clingan,Rupert,153.0,POR,2024-25
Clingan,Thybulle,152.0,POR,2024-25
Reath,Walker,148.0,POR,2024-25
Banton,Williams III,138.0,POR,2024-25
Camara,Thybulle,136.0,POR,2024-25
Grant,Walker,134.0,POR,2024-25
Clingan,Walker,134.0,POR,2024-25
Grant,Murray,132.0,POR,2024-25
Ayton,Banton,127.0,POR,2024-25
Avdija,Thybulle,123.0,POR,2024-25
Murray,Thybulle,120.0,POR,2024-25
Henderson,Rupert,112.0,POR,2024-25
Ayton,Murray,110.0,POR,2024-25
Camara,Rupert,106.0,POR,2024-25
Reath,Rupert,104.0,POR,2024-25
Rupert,Sharpe,96.0,POR,2024-25
Reath,Thybulle,95.0,POR,2024-25
Minaya,Rupert,85.0,POR,2024-25
Avdija,Rupert,83.0,POR,2024-25
Simons,Thybulle,80.0,POR,2024-25
Minaya,Murray,70.0,POR,2024-25
Minaya,Walker,68.0,POR,2024-25
Thybulle,Walker,65.0,POR,2024-25
Murray,Williams III,63.0,POR,2024-25
Henderson,Thybulle,60.0,POR,2024-25
Grant,Rupert,47.0,POR,2024-25
Cissoko,Rupert,45.0,POR,2024-25
Banton,Minaya,43.0,POR,2024-25
Rupert,Simons,40.0,POR,2024-25
Rupert,Thybulle,39.0,POR,2024-25
Grant,Reath,39.0,POR,2024-25
Cissoko,Walker,37.0,POR,2024-25
Ayton,Walker,32.0,POR,2024-25
Clingan,Williams III,31.0,POR,2024-25
Banton,Cissoko,31.0,POR,2024-25
Cissoko,Minaya,29.0,POR,2024-25
McGowens,Murray,28.0,POR,2024-25
McGowens,Rupert,27.0,POR,2024-25
Ayton,Rupert,27.0,POR,2024-25
Cissoko,Murray,27.0,POR,2024-25
Cissoko,Thybulle,23.0,POR,2024-25
Minaya,Sharpe,22.0,POR,2024-25
Moore,Rupert,20.0,POR,2024-25
McGowens,Reath,19.0,POR,2024-25
McGowens,Walker,18.0,POR,2024-25
Moore,Walker,18.0,POR,2024-25
Rupert,Williams III,18.0,POR,2024-25
Minaya,Reath,17.0,POR,2024-25
Walker,Williams III,16.0,POR,2024-25
Clingan,Minaya,16.0,POR,2024-25
Cissoko,Clingan,14.0,POR,2024-25
Camara,Cissoko,14.0,POR,2024-25
McGowens,Minaya,12.0,POR,2024-25
Moore,Murray,12.0,POR,2024-25
Banton,McGowens,11.0,POR,2024-25
Minaya,Thybulle,9.0,POR,2024-25
Moore,Reath,9.0,POR,2024-25
Cissoko,Reath,9.0,POR,2024-25
Camara,Minaya,8.0,POR,2024-25
Clingan,Moore,6.0,POR,2024-25
Ayton,Williams III,6.0,POR,2024-25
Minaya,Moore,6.0,POR,2024-25
Banton,Moore,3.0,POR,2024-25
Clingan,McGowens,3.0,POR,2024-25
Henderson,McGowens,3.0,POR,2024-25
Avdija,Minaya,3.0,POR,2024-25
Clingan,Reath,2.0,POR,2024-25
Avdija,Moore,2.0,POR,2024-25
Camara,Moore,2.0,POR,2024-25
Moore,Sharpe,2.0,POR,2024-25
Cissoko,McGowens,2.0,POR,2024-25
Cissoko,Henderson,1.0,POR,2024-25
McGowens,Sharpe,1.0,POR,2024-25
DeRozan,Sabonis,1964.0,SAC,2024-25
DeRozan,Murray,1950.0,SAC,2024-25
Murray,Sabonis,1728.0,SAC,2024-25
DeRozan,Monk,1513.0,SAC,2024-25
Monk,Sabonis,1509.0,SAC,2024-25
Monk,Murray,1392.0,SAC,2024-25
DeRozan,Ellis,1291.0,SAC,2024-25
Fox,Murray,1245.0,SAC,2024-25
Ellis,Sabonis,1211.0,SAC,2024-25
Fox,Sabonis,1124.0,SAC,2024-25
DeRozan,Fox,1117.0,SAC,2024-25
Ellis,Murray,1066.0,SAC,2024-25
DeRozan,LaVine,875.0,SAC,2024-25
Ellis,Monk,829.0,SAC,2024-25
Fox,Monk,809.0,SAC,2024-25
LaVine,Murray,802.0,SAC,2024-25
DeRozan,Lyles,733.0,SAC,2024-25
Ellis,Lyles,722.0,SAC,2024-25
Ellis,LaVine,667.0,SAC,2024-25
LaVine,Sabonis,640.0,SAC,2024-25
Fox,Huerter,573.0,SAC,2024-25
Huerter,Murray,563.0,SAC,2024-25
Lyles,Monk,558.0,SAC,2024-25
Huerter,Sabonis,545.0,SAC,2024-25
Ellis,Fox,522.0,SAC,2024-25
Lyles,Murray,513.0,SAC,2024-25
Fox,Lyles,508.0,SAC,2024-25
Lyles,Sabonis,505.0,SAC,2024-25
LaVine,Monk,482.0,SAC,2024-25
DeRozan,Huerter,468.0,SAC,2024-25
LaVine,Valančiūnas,377.0,SAC,2024-25
DeRozan,Valančiūnas,347.0,SAC,2024-25
Huerter,Lyles,345.0,SAC,2024-25
LaVine,Lyles,344.0,SAC,2024-25
Ellis,Huerter,319.0,SAC,2024-25
Ellis,Valančiūnas,304.0,SAC,2024-25
Huerter,Monk,295.0,SAC,2024-25
Murray,Valančiūnas,282.0,SAC,2024-25
Monk,Valančiūnas,248.0,SAC,2024-25
Carter,Lyles,234.0,SAC,2024-25
LaRavia,LaVine,224.0,SAC,2024-25
Ellis,LaRavia,210.0,SAC,2024-25
Carter,DeRozan,202.0,SAC,2024-25
DeRozan,LaRavia,188.0,SAC,2024-25
LaRavia,Lyles,185.0,SAC,2024-25
Fox,Len,181.0,SAC,2024-25
Fox,McDermott,177.0,SAC,2024-25
Fox,Jones,176.0,SAC,2024-25
LaRavia,Valančiūnas,168.0,SAC,2024-25
Lyles,Valančiūnas,165.0,SAC,2024-25
Carter,Murray,164.0,SAC,2024-25
Lyles,McDermott,154.0,SAC,2024-25
Ellis,Jones,153.0,SAC,2024-25
Jones,Murray,145.0,SAC,2024-25
Huerter,Jones,138.0,SAC,2024-25
DeRozan,Len,135.0,SAC,2024-25
LaRavia,Monk,130.0,SAC,2024-25
LaRavia,Murray,128.0,SAC,2024-25
Jones,Monk,125.0,SAC,2024-25
Jones,McDermott,121.0,SAC,2024-25
Carter,LaVine,121.0,SAC,2024-25
Ellis,McDermott,120.0,SAC,2024-25
Len,Lyles,113.0,SAC,2024-25
McDermott,Sabonis,113.0,SAC,2024-25
Len,Murray,112.0,SAC,2024-25
Jones,Lyles,109.0,SAC,2024-25
Huerter,Len,106.0,SAC,2024-25
Carter,Monk,105.0,SAC,2024-25
McDermott,Murray,105.0,SAC,2024-25
Jones,Sabonis,102.0,SAC,2024-25
Jones,McLaughlin,101.0,SAC,2024-25
Carter,Valančiūnas,100.0,SAC,2024-25
Carter,Jones,98.0,SAC,2024-25
Carter,Sabonis,94.0,SAC,2024-25
DeRozan,McDermott,93.0,SAC,2024-25
Jones,Jones,93.0,SAC,2024-25
DeRozan,Jones,91.0,SAC,2024-25
Fultz,Lyles,90.0,SAC,2024-25
Ellis,Len,86.0,SAC,2024-25
Carter,Ellis,83.0,SAC,2024-25
Ellis,McLaughlin,82.0,SAC,2024-25
Crowder,Fox,80.0,SAC,2024-25
Fultz,LaVine,76.0,SAC,2024-25
Fultz,LaRavia,75.0,SAC,2024-25
McLaughlin,Murray,75.0,SAC,2024-25
Fultz,Valančiūnas,73.0,SAC,2024-25
Lyles,McLaughlin,73.0,SAC,2024-25
Crowder,Murray,72.0,SAC,2024-25
McDermott,McLaughlin,71.0,SAC,2024-25
Carter,LaRavia,71.0,SAC,2024-25
Huerter,McDermott,70.0,SAC,2024-25
Fultz,Jones,68.0,SAC,2024-25
Huerter,McLaughlin,66.0,SAC,2024-25
Fox,McLaughlin,63.0,SAC,2024-25
Len,McDermott,63.0,SAC,2024-25
McDermott,Monk,62.0,SAC,2024-25
Crawford,Jones,59.0,SAC,2024-25
Crowder,Jones,58.0,SAC,2024-25
Len,McLaughlin,57.0,SAC,2024-25
Carter,Fox,56.0,SAC,2024-25
Len,Monk,56.0,SAC,2024-25
Carter,McDermott,55.0,SAC,2024-25
Jones,Len,55.0,SAC,2024-25
Carter,Huerter,53.0,SAC,2024-25
McLaughlin,Sabonis,53.0,SAC,2024-25
Fultz,Monk,52.0,SAC,2024-25
DeRozan,Fultz,51.0,SAC,2024-25
Fultz,Murray,45.0,SAC,2024-25
Fultz,McDermott,44.0,SAC,2024-25
Crowder,Ellis,39.0,SAC,2024-25
Crowder,Sabonis,38.0,SAC,2024-25
Jones,Robinson,37.0,SAC,2024-25
LaRavia,Sabonis,35.0,SAC,2024-25
Carter,Fultz,35.0,SAC,2024-25
Crowder,Huerter,34.0,SAC,2024-25
Huerter,Robinson,34.0,SAC,2024-25
DeRozan,McLaughlin,32.0,SAC,2024-25
Carter,Len,32.0,SAC,2024-25
McLaughlin,Robinson,31.0,SAC,2024-25
Crawford,Fultz,30.0,SAC,2024-25
Fox,Robinson,29.0,SAC,2024-25
Crowder,Monk,29.0,SAC,2024-25
McDermott,Valančiūnas,29.0,SAC,2024-25
Ellis,Robinson,29.0,SAC,2024-25
Murray,Robinson,29.0,SAC,2024-25
Ellis,Fultz,28.0,SAC,2024-25
Jones,LaVine,27.0,SAC,2024-25
Jones,Valančiūnas,24.0,SAC,2024-25
Carter,Crawford,23.0,SAC,2024-25
Carter,McLaughlin,22.0,SAC,2024-25
LaVine,McDermott,22.0,SAC,2024-25
Fultz,Sabonis,22.0,SAC,2024-25
Jones,Labissiere,20.0,SAC,2024-25
Crawford,McDermott,20.0,SAC,2024-25
McLaughlin,Monk,17.0,SAC,2024-25
McDermott,Robinson,15.0,SAC,2024-25
Jones,LaRavia,13.0,SAC,2024-25
LaRavia,McDermott,12.0,SAC,2024-25
Sabonis,Valančiūnas,12.0,SAC,2024-25
Crowder,Lyles,10.0,SAC,2024-25
Jones,Taylor,10.0,SAC,2024-25
Lyles,Robinson,10.0,SAC,2024-25
Crowder,Fultz,10.0,SAC,2024-25
Fultz,Labissiere,10.0,SAC,2024-25
Len,Sabonis,9.0,SAC,2024-25
Crawford,McLaughlin,9.0,SAC,2024-25
Crawford,Len,9.0,SAC,2024-25
Davis,Fultz,8.0,SAC,2024-25
Crowder,McLaughlin,8.0,SAC,2024-25
Crawford,Labissiere,8.0,SAC,2024-25
Davis,McDermott,8.0,SAC,2024-25
Davis,Jones,8.0,SAC,2024-25
Crowder,McDermott,8.0,SAC,2024-25
Len,Robinson,7.0,SAC,2024-25
Carter,Robinson,7.0,SAC,2024-25
Crawford,Taylor,7.0,SAC,2024-25
Fultz,Taylor,7.0,SAC,2024-25
Crowder,DeRozan,5.0,SAC,2024-25
Crawford,Lyles,5.0,SAC,2024-25
Crowder,Len,5.0,SAC,2024-25
Davis,Valančiūnas,5.0,SAC,2024-25
Crawford,LaRavia,5.0,SAC,2024-25
LaRavia,Labissiere,4.0,SAC,2024-25
Labissiere,McDermott,4.0,SAC,2024-25
Carter,Davis,3.0,SAC,2024-25
Crawford,Ellis,3.0,SAC,2024-25
Crawford,Huerter,3.0,SAC,2024-25
Crowder,Valančiūnas,2.0,SAC,2024-25
Crawford,Crowder,2.0,SAC,2024-25
Carter,Crowder,2.0,SAC,2024-25
Crowder,Robinson,2.0,SAC,2024-25
LaVine,Len,2.0,SAC,2024-25
Carter,Labissiere,2.0,SAC,2024-25
McDermott,Taylor,2.0,SAC,2024-25
Carter,Taylor,2.0,SAC,2024-25
DeRozan,Robinson,1.0,SAC,2024-25
Crawford,LaVine,1.0,SAC,2024-25
Monk,Robinson,1.0,SAC,2024-25
Crawford,DeRozan,0.0,SAC,2024-25
Crawford,Monk,0.0,SAC,2024-25
Crawford,Murray,0.0,SAC,2024-25
Ellis,Labissiere,0.0,SAC,2024-25
LaVine,Labissiere,0.0,SAC,2024-25
Labissiere,Lyles,0.0,SAC,2024-25
Labissiere,Valančiūnas,0.0,SAC,2024-25
Barnes,Paul,1625.0,SAS,2024-25
Paul,Vassell,1302.0,SAS,2024-25
Barnes,Castle,1211.0,SAS,2024-25
Barnes,Vassell,1175.0,SAS,2024-25
Paul,Wembanyama,1153.0,SAS,2024-25
Castle,Paul,1103.0,SAS,2024-25
Champagnie,Johnson,1046.0,SAS,2024-25
Castle,Vassell,1031.0,SAS,2024-25
Castle,Johnson,1008.0,SAS,2024-25
Castle,Champagnie,1003.0,SAS,2024-25
Champagnie,Paul,959.0,SAS,2024-25
Barnes,Wembanyama,956.0,SAS,2024-25
Johnson,Vassell,836.0,SAS,2024-25
Barnes,Champagnie,835.0,SAS,2024-25
Paul,Sochan,786.0,SAS,2024-25
Castle,Wembanyama,778.0,SAS,2024-25
Sochan,Vassell,767.0,SAS,2024-25
Champagnie,Wembanyama,762.0,SAS,2024-25
Vassell,Wembanyama,717.0,SAS,2024-25
Barnes,Sochan,715.0,SAS,2024-25
Johnson,Paul,680.0,SAS,2024-25
Johnson,Sochan,669.0,SAS,2024-25
Champagnie,Sochan,606.0,SAS,2024-25
Castle,Sochan,597.0,SAS,2024-25
Barnes,Johnson,578.0,SAS,2024-25
Johnson,Wembanyama,556.0,SAS,2024-25
Champagnie,Vassell,531.0,SAS,2024-25
Sochan,Wembanyama,482.0,SAS,2024-25
Biyombo,Paul,410.0,SAS,2024-25
Champagnie,Wesley,398.0,SAS,2024-25
Champagnie,Mamukelashvili,395.0,SAS,2024-25
Barnes,Biyombo,388.0,SAS,2024-25
Biyombo,Vassell,386.0,SAS,2024-25
Mamukelashvili,Wesley,373.0,SAS,2024-25
Barnes,Fox,373.0,SAS,2024-25
Fox,Vassell,368.0,SAS,2024-25
Johnson,Jones,367.0,SAS,2024-25
Johnson,Wesley,347.0,SAS,2024-25
Fox,Paul,325.0,SAS,2024-25
Castle,Mamukelashvili,302.0,SAS,2024-25
Champagnie,Jones,298.0,SAS,2024-25
Johnson,Mamukelashvili,290.0,SAS,2024-25
Collins,Johnson,267.0,SAS,2024-25
Biyombo,Castle,266.0,SAS,2024-25
Castle,Wesley,237.0,SAS,2024-25
Castle,Fox,236.0,SAS,2024-25
Castle,Collins,235.0,SAS,2024-25
Fox,Sochan,230.0,SAS,2024-25
Jones,Wembanyama,227.0,SAS,2024-25
Mamukelashvili,Paul,217.0,SAS,2024-25
Fox,Johnson,213.0,SAS,2024-25
Champagnie,Collins,209.0,SAS,2024-25
Barnes,Collins,208.0,SAS,2024-25
Branham,Mamukelashvili,205.0,SAS,2024-25
Barnes,Mamukelashvili,202.0,SAS,2024-25
Castle,Jones,200.0,SAS,2024-25
Branham,Wesley,197.0,SAS,2024-25
Bassey,Castle,195.0,SAS,2024-25
Biyombo,Fox,182.0,SAS,2024-25
Bassey,Johnson,179.0,SAS,2024-25
Branham,Castle,174.0,SAS,2024-25
Bassey,Champagnie,171.0,SAS,2024-25
Bassey,Vassell,171.0,SAS,2024-25
Champagnie,Fox,170.0,SAS,2024-25
Barnes,Jones,167.0,SAS,2024-25
Branham,Champagnie,164.0,SAS,2024-25
Branham,Johnson,162.0,SAS,2024-25
Barnes,Wesley,159.0,SAS,2024-25
Vassell,Wesley,158.0,SAS,2024-25
Barnes,Bassey,156.0,SAS,2024-25
Collins,Paul,151.0,SAS,2024-25
Collins,Vassell,147.0,SAS,2024-25
Biyombo,Champagnie,141.0,SAS,2024-25
Sochan,Wesley,139.0,SAS,2024-25
Mamukelashvili,Wembanyama,138.0,SAS,2024-25
Paul,Wesley,135.0,SAS,2024-25
Jones,Vassell,135.0,SAS,2024-25
Bassey,Paul,134.0,SAS,2024-25
Mamukelashvili,Vassell,132.0,SAS,2024-25
Fox,Wembanyama,121.0,SAS,2024-25
Collins,Sochan,119.0,SAS,2024-25
Biyombo,Johnson,116.0,SAS,2024-25
Wembanyama,Wesley,115.0,SAS,2024-25
Branham,Collins,111.0,SAS,2024-25
Barnes,Branham,108.0,SAS,2024-25
Collins,Wesley,105.0,SAS,2024-25
Branham,Wembanyama,102.0,SAS,2024-25
Jones,Sochan,98.0,SAS,2024-25
McLaughlin,Wesley,94.0,SAS,2024-25
Branham,McLaughlin,93.0,SAS,2024-25
Bassey,Jones,89.0,SAS,2024-25
Bassey,Sochan,87.0,SAS,2024-25
Mamukelashvili,Sochan,87.0,SAS,2024-25
Mamukelashvili,McLaughlin,86.0,SAS,2024-25
Collins,Jones,84.0,SAS,2024-25
Biyombo,Wesley,80.0,SAS,2024-25
Bassey,Wesley,78.0,SAS,2024-25
Branham,Paul,77.0,SAS,2024-25
Jones,Paul,75.0,SAS,2024-25
Bassey,Branham,75.0,SAS,2024-25
Bassey,Mamukelashvili,60.0,SAS,2024-25
Fox,Mamukelashvili,60.0,SAS,2024-25
Cissoko,Wesley,46.0,SAS,2024-25
Cissoko,Mamukelashvili,45.0,SAS,2024-25
Branham,Cissoko,43.0,SAS,2024-25
Biyombo,McLaughlin,41.0,SAS,2024-25
Biyombo,Mamukelashvili,40.0,SAS,2024-25
Collins,Mamukelashvili,39.0,SAS,2024-25
Branham,Sochan,39.0,SAS,2024-25
Champagnie,McLaughlin,39.0,SAS,2024-25
Bassey,Cissoko,38.0,SAS,2024-25
Castle,McLaughlin,38.0,SAS,2024-25
Biyombo,Branham,35.0,SAS,2024-25
Branham,Vassell,33.0,SAS,2024-25
Biyombo,Sochan,27.0,SAS,2024-25
Duke Jr.,Ingram,26.0,SAS,2024-25
Barnes,McLaughlin,24.0,SAS,2024-25
Ingram,Wesley,24.0,SAS,2024-25
Duke Jr.,Wesley,22.0,SAS,2024-25
Branham,Ingram,22.0,SAS,2024-25
Branham,Jones,21.0,SAS,2024-25
Ingram,McLaughlin,19.0,SAS,2024-25
Branham,Duke Jr.,19.0,SAS,2024-25
Duke Jr.,McLaughlin,17.0,SAS,2024-25
Ingram,Mamukelashvili,17.0,SAS,2024-25
Jones,Wesley,16.0,SAS,2024-25
Jones,Mamukelashvili,15.0,SAS,2024-25
Cissoko,Collins,13.0,SAS,2024-25
Duke Jr.,Mamukelashvili,13.0,SAS,2024-25
Bassey,McLaughlin,13.0,SAS,2024-25
Fox,Wesley,13.0,SAS,2024-25
McLaughlin,Paul,12.0,SAS,2024-25
Bassey,Duke Jr.,11.0,SAS,2024-25
Johnson,McLaughlin,10.0,SAS,2024-25
Bassey,Fox,9.0,SAS,2024-25
Cissoko,Duke Jr.,8.0,SAS,2024-25
Bassey,Collins,8.0,SAS,2024-25
Duke Jr.,Minix,7.0,SAS,2024-25
Ingram,Minix,7.0,SAS,2024-25
Cissoko,Minix,7.0,SAS,2024-25
Bassey,Ingram,7.0,SAS,2024-25
Bassey,Minix,7.0,SAS,2024-25
Cissoko,Ingram,7.0,SAS,2024-25
Castle,Cissoko,7.0,SAS,2024-25
McLaughlin,Vassell,6.0,SAS,2024-25
Castle,Ingram,4.0,SAS,2024-25
Castle,Duke Jr.,3.0,SAS,2024-25
Duke Jr.,Vassell,2.0,SAS,2024-25
Ingram,Vassell,2.0,SAS,2024-25
Champagnie,Ingram,1.0,SAS,2024-25
Cissoko,Vassell,1.0,SAS,2024-25
Cissoko,Wembanyama,1.0,SAS,2024-25
Barrett,Poeltl,983.0,TOR,2024-25
Barrett,Dick,922.0,TOR,2024-25
Dick,Poeltl,905.0,TOR,2024-25
Barnes,Barrett,893.0,TOR,2024-25
Barnes,Poeltl,866.0,TOR,2024-25
Agbaji,Dick,856.0,TOR,2024-25
Agbaji,Poeltl,812.0,TOR,2024-25
Barnes,Dick,777.0,TOR,2024-25
Agbaji,Barrett,757.0,TOR,2024-25
Agbaji,Barnes,741.0,TOR,2024-25
Barnes,Quickley,702.0,TOR,2024-25
Mitchell,Poeltl,653.0,TOR,2024-25
Barrett,Mitchell,648.0,TOR,2024-25
Dick,Mitchell,588.0,TOR,2024-25
Barnes,Shead,559.0,TOR,2024-25
Agbaji,Mitchell,548.0,TOR,2024-25
Barnes,Walter,520.0,TOR,2024-25
Mogbo,Shead,501.0,TOR,2024-25
Agbaji,Shead,495.0,TOR,2024-25
Agbaji,Mogbo,486.0,TOR,2024-25
Barrett,Shead,472.0,TOR,2024-25
Barnes,Mogbo,469.0,TOR,2024-25
Battle,Mogbo,439.0,TOR,2024-25
Barnes,Mitchell,437.0,TOR,2024-25
Battle,Shead,424.0,TOR,2024-25
Shead,Walter,419.0,TOR,2024-25
Barrett,Mogbo,403.0,TOR,2024-25
Mogbo,Walter,399.0,TOR,2024-25
Poeltl,Quickley,393.0,TOR,2024-25
Agbaji,Walter,379.0,TOR,2024-25
Barnes,Battle,378.0,TOR,2024-25
Dick,Quickley,371.0,TOR,2024-25
Dick,Shead,366.0,TOR,2024-25
Barrett,Quickley,358.0,TOR,2024-25
Boucher,Shead,357.0,TOR,2024-25
Robinson,Shead,346.0,TOR,2024-25
Barnes,Boucher,346.0,TOR,2024-25
Dick,Mogbo,334.0,TOR,2024-25
Barrett,Walter,330.0,TOR,2024-25
Barrett,Boucher,316.0,TOR,2024-25
Barnes,Robinson,293.0,TOR,2024-25
Poeltl,Walter,276.0,TOR,2024-25
Poeltl,Shead,275.0,TOR,2024-25
Agbaji,Battle,260.0,TOR,2024-25
Boucher,Mitchell,255.0,TOR,2024-25
Barrett,Robinson,244.0,TOR,2024-25
Barnes,Olynyk,240.0,TOR,2024-25
Robinson,Walter,240.0,TOR,2024-25
Quickley,Walter,238.0,TOR,2024-25
Agbaji,Quickley,235.0,TOR,2024-25
Boucher,Dick,227.0,TOR,2024-25
Mitchell,Mogbo,227.0,TOR,2024-25
Agbaji,Boucher,226.0,TOR,2024-25
Boucher,Mogbo,222.0,TOR,2024-25
Battle,Robinson,211.0,TOR,2024-25
Mogbo,Quickley,206.0,TOR,2024-25
Battle,Boucher,206.0,TOR,2024-25
Dick,Walter,203.0,TOR,2024-25
Boucher,Poeltl,200.0,TOR,2024-25
Battle,Lawson,198.0,TOR,2024-25
Lawson,Robinson,195.0,TOR,2024-25
Battle,Walter,194.0,TOR,2024-25
Barnes,Brown,192.0,TOR,2024-25
Barrett,Battle,186.0,TOR,2024-25
Lawson,Shead,186.0,TOR,2024-25
Battle,Poeltl,181.0,TOR,2024-25
Boucher,Walter,173.0,TOR,2024-25
Mogbo,Poeltl,166.0,TOR,2024-25
Mogbo,Robinson,163.0,TOR,2024-25
Quickley,Robinson,157.0,TOR,2024-25
Brown,Shead,156.0,TOR,2024-25
Battle,Castleton,152.0,TOR,2024-25
Barnes,Lawson,151.0,TOR,2024-25
Olynyk,Walter,145.0,TOR,2024-25
Agbaji,Robinson,145.0,TOR,2024-25
Battle,Mitchell,140.0,TOR,2024-25
Boucher,Olynyk,139.0,TOR,2024-25
Battle,Quickley,137.0,TOR,2024-25
Lawson,Mogbo,135.0,TOR,2024-25
Brown,Poeltl,133.0,TOR,2024-25
Castleton,Lawson,133.0,TOR,2024-25
Lawson,Rhoden,132.0,TOR,2024-25
Dick,Olynyk,131.0,TOR,2024-25
Olynyk,Shead,131.0,TOR,2024-25
Mitchell,Walter,128.0,TOR,2024-25
Castleton,Shead,123.0,TOR,2024-25
Barrett,Brown,116.0,TOR,2024-25
Rhoden,Robinson,116.0,TOR,2024-25
Brown,Olynyk,114.0,TOR,2024-25
Barnes,Castleton,108.0,TOR,2024-25
Boucher,Quickley,106.0,TOR,2024-25
Agbaji,Olynyk,106.0,TOR,2024-25
Dick,Robinson,105.0,TOR,2024-25
Agbaji,Brown,101.0,TOR,2024-25
Battle,Temple,100.0,TOR,2024-25
Shead,Temple,98.0,TOR,2024-25
Mitchell,Olynyk,98.0,TOR,2024-25
Boucher,Brown,96.0,TOR,2024-25
Lawson,Temple,94.0,TOR,2024-25
Mogbo,Swider,88.0,TOR,2024-25
Brown,Mitchell,87.0,TOR,2024-25
Robinson,Temple,86.0,TOR,2024-25
Barrett,Olynyk,83.0,TOR,2024-25
Battle,Rhoden,82.0,TOR,2024-25
Lawson,Swider,81.0,TOR,2024-25
Battle,Dick,80.0,TOR,2024-25
Lawson,Quickley,79.0,TOR,2024-25
Boucher,Fernando,77.0,TOR,2024-25
Castleton,Rhoden,77.0,TOR,2024-25
Battle,Swider,74.0,TOR,2024-25
Castleton,Robinson,72.0,TOR,2024-25
Rhoden,Shead,71.0,TOR,2024-25
Fernando,Shead,69.0,TOR,2024-25
Boucher,Robinson,67.0,TOR,2024-25
Lawson,Poeltl,66.0,TOR,2024-25
Agbaji,Lawson,64.0,TOR,2024-25
Mogbo,Temple,63.0,TOR,2024-25
Brown,Walter,63.0,TOR,2024-25
Battle,Fernando,60.0,TOR,2024-25
Barrett,Lawson,59.0,TOR,2024-25
Castleton,Quickley,59.0,TOR,2024-25
Agbaji,Fernando,59.0,TOR,2024-25
Quickley,Shead,58.0,TOR,2024-25
Robinson,Swider,58.0,TOR,2024-25
Barnes,Temple,57.0,TOR,2024-25
Olynyk,Quickley,55.0,TOR,2024-25
Castleton,Temple,54.0,TOR,2024-25
Agbaji,Castleton,52.0,TOR,2024-25
Lawson,Walter,51.0,TOR,2024-25
Brown,Dick,50.0,TOR,2024-25
Barnes,Rhoden,50.0,TOR,2024-25
Castleton,Mogbo,48.0,TOR,2024-25
Barrett,Fernando,47.0,TOR,2024-25
Dick,Fernando,47.0,TOR,2024-25
Rhoden,Swider,46.0,TOR,2024-25
Mogbo,Rhoden,43.0,TOR,2024-25
Pöltl,Shead,43.0,TOR,2024-25
Barrett,Castleton,42.0,TOR,2024-25
Barnes,Swider,42.0,TOR,2024-25
Dick,Pöltl,41.0,TOR,2024-25
Quickley,Rhoden,40.0,TOR,2024-25
Barrett,Rhoden,39.0,TOR,2024-25
Battle,Pöltl,39.0,TOR,2024-25
Battle,Olynyk,38.0,TOR,2024-25
Brown,Quickley,38.0,TOR,2024-25
Agbaji,Pöltl,38.0,TOR,2024-25
Poeltl,Rhoden,37.0,TOR,2024-25
Barnes,Fernando,36.0,TOR,2024-25
Fernando,Mitchell,36.0,TOR,2024-25
Temple,Walter,35.0,TOR,2024-25
Mogbo,Olynyk,34.0,TOR,2024-25
Brown,Robinson,33.0,TOR,2024-25
Mitchell,Pöltl,32.0,TOR,2024-25
Castleton,Poeltl,32.0,TOR,2024-25
Agbaji,Swider,31.0,TOR,2024-25
Rhoden,Temple,31.0,TOR,2024-25
Shead,Swider,30.0,TOR,2024-25
Quickley,Temple,29.0,TOR,2024-25
Boucher,Pöltl,29.0,TOR,2024-25
Quickley,Swider,29.0,TOR,2024-25
Agbaji,Temple,27.0,TOR,2024-25
Mogbo,Pöltl,25.0,TOR,2024-25
Poeltl,Swider,25.0,TOR,2024-25
Mitchell,Robinson,22.0,TOR,2024-25
Barrett,Pöltl,20.0,TOR,2024-25
Mitchell,Quickley,20.0,TOR,2024-25
Fernando,Mogbo,19.0,TOR,2024-25
Carton,Mogbo,19.0,TOR,2024-25
Poeltl,Temple,18.0,TOR,2024-25
Mitchell,Shead,17.0,TOR,2024-25
Swider,Walter,17.0,TOR,2024-25
Battle,Chomche,17.0,TOR,2024-25
Fernando,Walter,15.0,TOR,2024-25
Battle,Brown,15.0,TOR,2024-25
Brown,Mogbo,14.0,TOR,2024-25
Pöltl,Quickley,14.0,TOR,2024-25
Chomche,Mogbo,13.0,TOR,2024-25
Mitchell,Temple,13.0,TOR,2024-25
Barnes,Carton,13.0,TOR,2024-25
Boucher,Temple,12.0,TOR,2024-25
Chomche,Walter,12.0,TOR,2024-25
Dick,Temple,12.0,TOR,2024-25
Chomche,Quickley,11.0,TOR,2024-25
Barrett,Swider,11.0,TOR,2024-25
Barnes,Chomche,11.0,TOR,2024-25
Pöltl,Walter,10.0,TOR,2024-25
Fernando,Temple,10.0,TOR,2024-25
Boucher,Carton,10.0,TOR,2024-25
Olynyk,Temple,10.0,TOR,2024-25
Agbaji,Carton,10.0,TOR,2024-25
Carton,Pöltl,10.0,TOR,2024-25
Fernando,Quickley,9.0,TOR,2024-25
Battle,Carton,9.0,TOR,2024-25
Carton,Shead,9.0,TOR,2024-25
Chomche,Lawson,9.0,TOR,2024-25
Chomche,Temple,9.0,TOR,2024-25
Castleton,Walter,8.0,TOR,2024-25
Agbaji,Rhoden,8.0,TOR,2024-25
Rhoden,Walter,8.0,TOR,2024-25
Barnes,Pöltl,7.0,TOR,2024-25
Carton,Mitchell,7.0,TOR,2024-25
Poeltl,Robinson,7.0,TOR,2024-25
Barrett,Temple,6.0,TOR,2024-25
Barrett,Carton,5.0,TOR,2024-25
Carton,Walter,5.0,TOR,2024-25
Chomche,Mitchell,4.0,TOR,2024-25
Boucher,Chomche,4.0,TOR,2024-25
Swider,Temple,4.0,TOR,2024-25
Dick,Lawson,3.0,TOR,2024-25
Chomche,Dick,3.0,TOR,2024-25
Chomche,Shead,3.0,TOR,2024-25
Carton,Dick,3.0,TOR,2024-25
George,Kessler,978.0,UTA,2024-25
Kessler,Sexton,949.0,UTA,2024-25
Kessler,Markkanen,937.0,UTA,2024-25
Markkanen,Sexton,862.0,UTA,2024-25
George,Sexton,803.0,UTA,2024-25
Collier,Filipowski,760.0,UTA,2024-25
Filipowski,George,751.0,UTA,2024-25
Collier,Kessler,739.0,UTA,2024-25
George,Markkanen,734.0,UTA,2024-25
Collins,George,695.0,UTA,2024-25
Collier,Sensabaugh,689.0,UTA,2024-25
Collier,George,636.0,UTA,2024-25
Filipowski,Sensabaugh,628.0,UTA,2024-25
George,Sensabaugh,611.0,UTA,2024-25
Collins,Markkanen,609.0,UTA,2024-25
Collins,Sexton,600.0,UTA,2024-25
Collier,Juzang,586.0,UTA,2024-25
Collins,Kessler,583.0,UTA,2024-25
Collier,Markkanen,551.0,UTA,2024-25
Collier,Sexton,517.0,UTA,2024-25
Filipowski,Juzang,514.0,UTA,2024-25
George,Juzang,490.0,UTA,2024-25
Juzang,Sensabaugh,470.0,UTA,2024-25
Filipowski,Sexton,464.0,UTA,2024-25
Clarkson,Markkanen,458.0,UTA,2024-25
George,Williams,450.0,UTA,2024-25
Collier,Collins,441.0,UTA,2024-25
Collier,Williams,429.0,UTA,2024-25
Sensabaugh,Sexton,420.0,UTA,2024-25
Kessler,Williams,414.0,UTA,2024-25
Kessler,Sensabaugh,407.0,UTA,2024-25
Filipowski,Williams,400.0,UTA,2024-25
Clarkson,Kessler,391.0,UTA,2024-25
Clarkson,George,389.0,UTA,2024-25
Juzang,Sexton,382.0,UTA,2024-25
Clarkson,Collins,376.0,UTA,2024-25
Juzang,Kessler,360.0,UTA,2024-25
Clarkson,Collier,325.0,UTA,2024-25
Sexton,Williams,320.0,UTA,2024-25
George,Mykhailiuk,319.0,UTA,2024-25
George,Potter,310.0,UTA,2024-25
Collins,Filipowski,270.0,UTA,2024-25
Markkanen,Williams,268.0,UTA,2024-25
Filipowski,Mykhailiuk,263.0,UTA,2024-25
Clarkson,Filipowski,262.0,UTA,2024-25
Juzang,Markkanen,260.0,UTA,2024-25
Filipowski,Markkanen,259.0,UTA,2024-25
Potter,Sensabaugh,255.0,UTA,2024-25
Collins,Sensabaugh,253.0,UTA,2024-25
Collier,Potter,253.0,UTA,2024-25
Sensabaugh,Williams,252.0,UTA,2024-25
Collier,Mykhailiuk,250.0,UTA,2024-25
Filipowski,Kessler,247.0,UTA,2024-25
Collier,Eubanks,246.0,UTA,2024-25
Collins,Juzang,239.0,UTA,2024-25
Clarkson,Sexton,237.0,UTA,2024-25
Clarkson,Sensabaugh,230.0,UTA,2024-25
Markkanen,Sensabaugh,226.0,UTA,2024-25
Collier,Martin,222.0,UTA,2024-25
Mykhailiuk,Sexton,221.0,UTA,2024-25
Juzang,Potter,220.0,UTA,2024-25
Filipowski,Martin,215.0,UTA,2024-25
Kessler,Mykhailiuk,215.0,UTA,2024-25
Potter,Sexton,213.0,UTA,2024-25
Martin,Sensabaugh,212.0,UTA,2024-25
Eubanks,Sensabaugh,206.0,UTA,2024-25
Clarkson,Juzang,204.0,UTA,2024-25
Clarkson,Williams,203.0,UTA,2024-25
Mykhailiuk,Potter,196.0,UTA,2024-25
George,Martin,195.0,UTA,2024-25
Juzang,Martin,186.0,UTA,2024-25
Eubanks,Juzang,175.0,UTA,2024-25
Eubanks,Williams,174.0,UTA,2024-25
Mykhailiuk,Sensabaugh,172.0,UTA,2024-25
Eubanks,Sexton,168.0,UTA,2024-25
Filipowski,Potter,162.0,UTA,2024-25
Potter,Williams,158.0,UTA,2024-25
Juzang,Mykhailiuk,157.0,UTA,2024-25
Collins,Eubanks,151.0,UTA,2024-25
Juzang,Williams,150.0,UTA,2024-25
Collins,Williams,148.0,UTA,2024-25
Eubanks,George,147.0,UTA,2024-25
Eubanks,Mills,141.0,UTA,2024-25
Kessler,Potter,137.0,UTA,2024-25
George,Springer,136.0,UTA,2024-25
Clarkson,Eubanks,131.0,UTA,2024-25
Collins,Mykhailiuk,126.0,UTA,2024-25
Eubanks,Markkanen,119.0,UTA,2024-25
George,Tshiebwe,118.0,UTA,2024-25
Eubanks,Filipowski,116.0,UTA,2024-25
Mykhailiuk,Williams,116.0,UTA,2024-25
Kessler,Martin,115.0,UTA,2024-25
Eubanks,Mykhailiuk,114.0,UTA,2024-25
Eubanks,Potter,112.0,UTA,2024-25
Collins,Mills,110.0,UTA,2024-25
Potter,Tshiebwe,109.0,UTA,2024-25
Mykhailiuk,Tshiebwe,107.0,UTA,2024-25
Filipowski,Springer,104.0,UTA,2024-25
Martin,Williams,101.0,UTA,2024-25
Markkanen,Mykhailiuk,99.0,UTA,2024-25
Sensabaugh,Tshiebwe,94.0,UTA,2024-25
Clarkson,Potter,92.0,UTA,2024-25
Mills,Williams,89.0,UTA,2024-25
Markkanen,Potter,85.0,UTA,2024-25
Filipowski,Mills,82.0,UTA,2024-25
Juzang,Mills,77.0,UTA,2024-25
Collier,Tshiebwe,72.0,UTA,2024-25
Mills,Sensabaugh,70.0,UTA,2024-25
Sensabaugh,Springer,68.0,UTA,2024-25
Martin,Sexton,67.0,UTA,2024-25
Potter,Springer,67.0,UTA,2024-25
Clarkson,Mykhailiuk,67.0,UTA,2024-25
Clarkson,Martin,66.0,UTA,2024-25
Juzang,Tshiebwe,64.0,UTA,2024-25
Juzang,Springer,63.0,UTA,2024-25
Collier,Harkless,61.0,UTA,2024-25
Mykhailiuk,Springer,59.0,UTA,2024-25
George,Hendricks,59.0,UTA,2024-25
Martin,Mykhailiuk,59.0,UTA,2024-25
Sexton,Tshiebwe,57.0,UTA,2024-25
Mills,Mykhailiuk,56.0,UTA,2024-25
Clarkson,Mills,55.0,UTA,2024-25
Hendricks,Kessler,54.0,UTA,2024-25
Tshiebwe,Williams,54.0,UTA,2024-25
Springer,Tshiebwe,54.0,UTA,2024-25
Hendricks,Markkanen,53.0,UTA,2024-25
Eubanks,Harkless,52.0,UTA,2024-25
Markkanen,Mills,52.0,UTA,2024-25
Mills,Sexton,51.0,UTA,2024-25
Springer,Williams,50.0,UTA,2024-25
George,Harkless,44.0,UTA,2024-25
Sexton,Springer,41.0,UTA,2024-25
Harkless,Mykhailiuk,40.0,UTA,2024-25
Collins,Potter,40.0,UTA,2024-25
Collier,Springer,40.0,UTA,2024-25
Hendricks,Sexton,38.0,UTA,2024-25
Filipowski,Harkless,38.0,UTA,2024-25
Filipowski,Tshiebwe,37.0,UTA,2024-25
Martin,Springer,33.0,UTA,2024-25
Martin,Tshiebwe,33.0,UTA,2024-25
Clarkson,Hendricks,30.0,UTA,2024-25
Mills,Potter,29.0,UTA,2024-25
Harkless,Potter,29.0,UTA,2024-25
Harkless,Sensabaugh,29.0,UTA,2024-25
Harkless,Kessler,27.0,UTA,2024-25
Collier,Mills,27.0,UTA,2024-25
Harkless,Sexton,26.0,UTA,2024-25
Kessler,Mills,23.0,UTA,2024-25
Markkanen,Martin,23.0,UTA,2024-25
Harkless,Williams,21.0,UTA,2024-25
Harkless,Markkanen,20.0,UTA,2024-25
George,Mills,19.0,UTA,2024-25
Harkless,Mills,18.0,UTA,2024-25
Clarkson,Tshiebwe,15.0,UTA,2024-25
Collins,Hendricks,14.0,UTA,2024-25
Hendricks,Mills,13.0,UTA,2024-25
Markkanen,Springer,13.0,UTA,2024-25
Martin,Potter,13.0,UTA,2024-25
Hendricks,Sensabaugh,12.0,UTA,2024-25
Kessler,Springer,12.0,UTA,2024-25
Clarkson,Springer,11.0,UTA,2024-25
Hendricks,Williams,11.0,UTA,2024-25
Harkless,Tshiebwe,10.0,UTA,2024-25
Collins,Harkless,8.0,UTA,2024-25
Collins,Martin,8.0,UTA,2024-25
Clarkson,Harkless,6.0,UTA,2024-25
Collins,Springer,5.0,UTA,2024-25
Filipowski,Hendricks,4.0,UTA,2024-25
Harkless,Juzang,3.0,UTA,2024-25
Coulibaly,Poole,1372.0,WAS,2024-25
Carrington,Sarr,1241.0,WAS,2024-25
Poole,Sarr,1186.0,WAS,2024-25
Carrington,Coulibaly,1144.0,WAS,2024-25
Carrington,Poole,1090.0,WAS,2024-25
Coulibaly,Sarr,1077.0,WAS,2024-25
Carrington,George,997.0,WAS,2024-25
George,Kispert,951.0,WAS,2024-25
Carrington,Kispert,936.0,WAS,2024-25
Coulibaly,George,912.0,WAS,2024-25
Carrington,Champagnie,860.0,WAS,2024-25
George,Poole,852.0,WAS,2024-25
George,Sarr,777.0,WAS,2024-25
Coulibaly,Kispert,763.0,WAS,2024-25
Kispert,Valančiūnas,667.0,WAS,2024-25
Champagnie,Sarr,653.0,WAS,2024-25
George,Valančiūnas,617.0,WAS,2024-25
Champagnie,Poole,607.0,WAS,2024-25
Kispert,Poole,603.0,WAS,2024-25
Coulibaly,Kuzma,584.0,WAS,2024-25
Carrington,Kuzma,543.0,WAS,2024-25
Coulibaly,Valančiūnas,542.0,WAS,2024-25
Poole,Valančiūnas,532.0,WAS,2024-25
Kuzma,Poole,520.0,WAS,2024-25
Carrington,Valančiūnas,513.0,WAS,2024-25
Kuzma,Sarr,487.0,WAS,2024-25
Kispert,Sarr,431.0,WAS,2024-25
Champagnie,George,389.0,WAS,2024-25
Carrington,Johnson,375.0,WAS,2024-25
Kispert,Kuzma,366.0,WAS,2024-25
Champagnie,Coulibaly,356.0,WAS,2024-25
George,Kuzma,352.0,WAS,2024-25
Kuzma,Valančiūnas,348.0,WAS,2024-25
Champagnie,Kispert,343.0,WAS,2024-25
Carrington,Holmes,335.0,WAS,2024-25
Holmes,Kispert,314.0,WAS,2024-25
Champagnie,Johnson,313.0,WAS,2024-25
Brogdon,Kispert,309.0,WAS,2024-25
Carrington,Vukcevic,293.0,WAS,2024-25
Johnson,Sarr,278.0,WAS,2024-25
Brogdon,Carrington,276.0,WAS,2024-25
Brogdon,Coulibaly,267.0,WAS,2024-25
Johnson,Vukcevic,264.0,WAS,2024-25
Johnson,Jones,263.0,WAS,2024-25
Brogdon,Sarr,258.0,WAS,2024-25
George,Holmes,256.0,WAS,2024-25
Middleton,Sarr,250.0,WAS,2024-25
Coulibaly,Holmes,246.0,WAS,2024-25
George,Middleton,237.0,WAS,2024-25
Holmes,Poole,230.0,WAS,2024-25
Champagnie,Vukcevic,230.0,WAS,2024-25
Middleton,Poole,226.0,WAS,2024-25
Brogdon,George,224.0,WAS,2024-25
Brogdon,Valančiūnas,217.0,WAS,2024-25
Brogdon,Poole,214.0,WAS,2024-25
Carrington,Jones,209.0,WAS,2024-25
Jones,Vukcevic,206.0,WAS,2024-25
Carrington,Gill,195.0,WAS,2024-25
Champagnie,Holmes,189.0,WAS,2024-25
Champagnie,Valančiūnas,175.0,WAS,2024-25
Jones,Martin,169.0,WAS,2024-25
Carrington,Smart,163.0,WAS,2024-25
Jones,Thor,163.0,WAS,2024-25
Champagnie,Jones,162.0,WAS,2024-25
Brogdon,Champagnie,162.0,WAS,2024-25
Brogdon,Kuzma,161.0,WAS,2024-25
Coulibaly,Middleton,159.0,WAS,2024-25
Johnson,Martin,155.0,WAS,2024-25
Martin,Vukcevic,155.0,WAS,2024-25
Butler,Champagnie,154.0,WAS,2024-25
Butler,Davis,153.0,WAS,2024-25
Kispert,Smart,153.0,WAS,2024-25
Johnson,Poole,149.0,WAS,2024-25
Butler,Kispert,145.0,WAS,2024-25
Kispert,Vukcevic,142.0,WAS,2024-25
Davis,Gill,139.0,WAS,2024-25
Holmes,Smart,135.0,WAS,2024-25
Johnson,Thor,135.0,WAS,2024-25
Gill,Johnson,135.0,WAS,2024-25
Butler,Gill,134.0,WAS,2024-25
Carrington,Middleton,132.0,WAS,2024-25
Jones,Sarr,132.0,WAS,2024-25
Gill,Vukcevic,129.0,WAS,2024-25
Butler,George,129.0,WAS,2024-25
Champagnie,Gill,128.0,WAS,2024-25
Champagnie,Smart,125.0,WAS,2024-25
Butler,Valančiūnas,124.0,WAS,2024-25
Butler,Carrington,117.0,WAS,2024-25
Thor,Vukcevic,115.0,WAS,2024-25
Carrington,Thor,107.0,WAS,2024-25
Champagnie,Middleton,105.0,WAS,2024-25
Gill,Jones,103.0,WAS,2024-25
George,Johnson,100.0,WAS,2024-25
George,Vukcevic,99.0,WAS,2024-25
Bagley III,Butler,95.0,WAS,2024-25
Carrington,Martin,93.0,WAS,2024-25
George,Smart,92.0,WAS,2024-25
Carrington,Davis,90.0,WAS,2024-25
Butler,Coulibaly,89.0,WAS,2024-25
Martin,Thor,88.0,WAS,2024-25
Bagley III,Carrington,86.0,WAS,2024-25
Gill,Thor,86.0,WAS,2024-25
Baldwin Jr.,Butler,80.0,WAS,2024-25
Champagnie,Kuzma,79.0,WAS,2024-25
Bagley III,Davis,79.0,WAS,2024-25
Sarr,Vukcevic,77.0,WAS,2024-25
Baldwin Jr.,Davis,77.0,WAS,2024-25
Champagnie,Davis,77.0,WAS,2024-25
Davis,Valančiūnas,72.0,WAS,2024-25
Holmes,Johnson,70.0,WAS,2024-25
Baldwin Jr.,Gill,70.0,WAS,2024-25
Poole,Vukcevic,69.0,WAS,2024-25
Bagley III,Gill,69.0,WAS,2024-25
Smart,Vukcevic,69.0,WAS,2024-25
Coulibaly,Vukcevic,68.0,WAS,2024-25
Gill,Martin,67.0,WAS,2024-25
Butler,Sarr,67.0,WAS,2024-25
Champagnie,Martin,66.0,WAS,2024-25
Martin,Sarr,65.0,WAS,2024-25
Sarr,Valančiūnas,62.0,WAS,2024-25
Gill,Sarr,61.0,WAS,2024-25
Brogdon,Holmes,60.0,WAS,2024-25
Gill,Kispert,60.0,WAS,2024-25
Bagley III,Coulibaly,59.0,WAS,2024-25
Sarr,Smart,58.0,WAS,2024-25
Johnson,Smart,57.0,WAS,2024-25
Bagley III,Poole,57.0,WAS,2024-25
Jones,Smart,56.0,WAS,2024-25
Butler,Holmes,56.0,WAS,2024-25
Davis,Kispert,54.0,WAS,2024-25
Champagnie,Thor,52.0,WAS,2024-25
Davis,Poole,51.0,WAS,2024-25
Coulibaly,Davis,50.0,WAS,2024-25
Holmes,Kuzma,48.0,WAS,2024-25
Butler,Poole,48.0,WAS,2024-25
Davis,George,45.0,WAS,2024-25
Holmes,Middleton,45.0,WAS,2024-25
Sarr,Thor,43.0,WAS,2024-25
Gill,Holmes,43.0,WAS,2024-25
Coulibaly,Smart,43.0,WAS,2024-25
Bagley III,George,43.0,WAS,2024-25
Johnson,Kispert,43.0,WAS,2024-25
Brogdon,Vukcevic,41.0,WAS,2024-25
Davis,Vukcevic,41.0,WAS,2024-25
Gill,Poole,40.0,WAS,2024-25
George,Gill,40.0,WAS,2024-25
Bagley III,Kispert,38.0,WAS,2024-25
Bagley III,Champagnie,38.0,WAS,2024-25
George,Jones,38.0,WAS,2024-25
Gill,Valančiūnas,36.0,WAS,2024-25
Bagley III,Baldwin Jr.,35.0,WAS,2024-25
Martin,Smart,33.0,WAS,2024-25
Poole,Smart,31.0,WAS,2024-25
Butler,Kuzma,30.0,WAS,2024-25
Smart,Thor,28.0,WAS,2024-25
Jones,Poole,28.0,WAS,2024-25
Davis,Holmes,27.0,WAS,2024-25
Gill,Smart,27.0,WAS,2024-25
Kispert,Middleton,24.0,WAS,2024-25
Bagley III,Brogdon,24.0,WAS,2024-25
Butler,Vukcevic,22.0,WAS,2024-25
Baldwin Jr.,George,22.0,WAS,2024-25
Bagley III,Sarr,21.0,WAS,2024-25
Coulibaly,Gill,21.0,WAS,2024-25
Baldwin Jr.,Vukcevic,21.0,WAS,2024-25
Baldwin Jr.,Champagnie,21.0,WAS,2024-25
Martin,Poole,21.0,WAS,2024-25
Baldwin Jr.,Holmes,19.0,WAS,2024-25
Middleton,Smart,18.0,WAS,2024-25
Davis,Sarr,17.0,WAS,2024-25
George,Thor,16.0,WAS,2024-25
Holmes,Jones,16.0,WAS,2024-25
Holmes,Martin,16.0,WAS,2024-25
Holmes,Vukcevic,16.0,WAS,2024-25
Brogdon,Johnson,14.0,WAS,2024-25
Johnson,Middleton,13.0,WAS,2024-25
Brogdon,Butler,13.0,WAS,2024-25
Brogdon,Gill,12.0,WAS,2024-25
Baldwin Jr.,Kispert,12.0,WAS,2024-25
Poole,Thor,11.0,WAS,2024-25
Baldwin Jr.,Poole,11.0,WAS,2024-25
Baldwin Jr.,Valančiūnas,9.0,WAS,2024-25
Coulibaly,Johnson,8.0,WAS,2024-25
George,Martin,8.0,WAS,2024-25
Baldwin Jr.,Carrington,7.0,WAS,2024-25
Baldwin Jr.,Sarr,6.0,WAS,2024-25
Baldwin Jr.,Coulibaly,6.0,WAS,2024-25
Bagley III,Kuzma,6.0,WAS,2024-25
Bagley III,Valančiūnas,6.0,WAS,2024-25
Carrington,McDaniels,6.0,WAS,2024-25
McDaniels,Vukcevic,4.0,WAS,2024-25
Gill,McDaniels,4.0,WAS,2024-25
Champagnie,McDaniels,4.0,WAS,2024-25
Kispert,Martin,4.0,WAS,2024-25
Martin,Middleton,4.0,WAS,2024-25
Middleton,Vukcevic,3.0,WAS,2024-25
Jones,Middleton,3.0,WAS,2024-25
Holmes,McDaniels,2.0,WAS,2024-25
Coulibaly,McDaniels,2.0,WAS,2024-25
Kispert,McDaniels,2.0,WAS,2024-25
Holmes,Sarr,1.0,WAS,2024-25
Gill,Middleton,1.0,WAS,2024-25
Davis,Kuzma,0.0,WAS,2024-25
