Player1,Player2,SharedMinutes,Team,Season
Capela,Murray,1771.0,ATL,2023-24
Bey,Murray,1601.0,ATL,2023-24
Bogdanovic,Murray,1434.0,ATL,2023-24
Hunter,Murray,1414.0,ATL,2023-24
Johnson,Murray,1263.0,ATL,2023-24
Bey,Young,1239.0,ATL,2023-24
Murray,Young,1172.0,ATL,2023-24
Bey,Bogdanovic,1159.0,ATL,2023-24
Johnson,Young,1142.0,ATL,2023-24
Bogdanovic,Johnson,1095.0,ATL,2023-24
Bogdanovic,Okongwu,1072.0,ATL,2023-24
Bey,Capela,1045.0,ATL,2023-24
Bogdanovic,Capela,976.0,ATL,2023-24
Capela,Young,938.0,ATL,2023-24
Capela,Johnson,933.0,ATL,2023-24
Capela,Hunter,914.0,ATL,2023-24
Bogdanovic,Young,912.0,ATL,2023-24
Bogdanovic,Hunter,911.0,ATL,2023-24
Bey,Okongwu,896.0,ATL,2023-24
Bey,Johnson,894.0,ATL,2023-24
Okongwu,Young,853.0,ATL,2023-24
Murray,Okongwu,732.0,ATL,2023-24
Hunter,Johnson,623.0,ATL,2023-24
Hunter,Young,621.0,ATL,2023-24
Johnson,Okongwu,621.0,ATL,2023-24
Bey,Hunter,597.0,ATL,2023-24
Mathews,Murray,500.0,ATL,2023-24
Bogdanovic,Mathews,451.0,ATL,2023-24
Krejci,Murray,434.0,ATL,2023-24
Fernando,Mathews,416.0,ATL,2023-24
Mathews,Young,353.0,ATL,2023-24
Bogdanovic,Fernando,351.0,ATL,2023-24
Fernando,Hunter,348.0,ATL,2023-24
Mathews,Okongwu,348.0,ATL,2023-24
Capela,Krejci,342.0,ATL,2023-24
Hunter,Okongwu,336.0,ATL,2023-24
Hunter,Mathews,327.0,ATL,2023-24
Bogdanovic,Krejci,314.0,ATL,2023-24
Hunter,Krejci,311.0,ATL,2023-24
Fernando,Murray,292.0,ATL,2023-24
Johnson,Mathews,282.0,ATL,2023-24
Bey,Mathews,274.0,ATL,2023-24
Bogdanovic,Forrest,266.0,ATL,2023-24
Bogdanovic,Matthews,261.0,ATL,2023-24
Fernando,Johnson,236.0,ATL,2023-24
Capela,Mathews,221.0,ATL,2023-24
Matthews,Murray,208.0,ATL,2023-24
Fernando,Forrest,206.0,ATL,2023-24
Krejci,Mathews,195.0,ATL,2023-24
Matthews,Okongwu,194.0,ATL,2023-24
Fernando,Krejci,169.0,ATL,2023-24
Forrest,Mathews,169.0,ATL,2023-24
Matthews,Young,166.0,ATL,2023-24
Mills,Okongwu,156.0,ATL,2023-24
Forrest,Okongwu,152.0,ATL,2023-24
Fernando,Young,145.0,ATL,2023-24
Bey,Matthews,140.0,ATL,2023-24
Capela,Okongwu,132.0,ATL,2023-24
Mathews,Matthews,129.0,ATL,2023-24
Bufkin,Fernando,126.0,ATL,2023-24
Bogdanovic,Mills,124.0,ATL,2023-24
Bey,Forrest,124.0,ATL,2023-24
Bogdanovic,Bufkin,123.0,ATL,2023-24
Fernando,Matthews,118.0,ATL,2023-24
Forrest,Hunter,112.0,ATL,2023-24
Forrest,Murray,112.0,ATL,2023-24
Bey,Fernando,112.0,ATL,2023-24
Bufkin,Johnson,106.0,ATL,2023-24
Forrest,Johnson,105.0,ATL,2023-24
Mills,Murray,98.0,ATL,2023-24
Capela,Matthews,98.0,ATL,2023-24
Bogdanovic,Griffin,93.0,ATL,2023-24
Johnson,Krejci,89.0,ATL,2023-24
Bufkin,Mathews,86.0,ATL,2023-24
Bey,Mills,85.0,ATL,2023-24
Griffin,Okongwu,85.0,ATL,2023-24
Hunter,Matthews,80.0,ATL,2023-24
Johnson,Mills,72.0,ATL,2023-24
Griffin,Young,62.0,ATL,2023-24
Mathews,Mills,62.0,ATL,2023-24
Bufkin,Krejci,62.0,ATL,2023-24
Fernando,Windler,60.0,ATL,2023-24
Krejci,Matthews,60.0,ATL,2023-24
Forrest,Matthews,60.0,ATL,2023-24
Johnson,Matthews,58.0,ATL,2023-24
Griffin,Murray,56.0,ATL,2023-24
Fernando,Griffin,56.0,ATL,2023-24
Forrest,Mills,55.0,ATL,2023-24
Griffin,Mathews,54.0,ATL,2023-24
Forrest,Windler,52.0,ATL,2023-24
Forrest,Krejci,50.0,ATL,2023-24
Capela,Forrest,49.0,ATL,2023-24
Bufkin,Hunter,48.0,ATL,2023-24
Mills,Young,47.0,ATL,2023-24
Forrest,Griffin,45.0,ATL,2023-24
Mathews,Windler,42.0,ATL,2023-24
Gueye,Mathews,42.0,ATL,2023-24
Griffin,Hunter,40.0,ATL,2023-24
Bogdanovic,Windler,38.0,ATL,2023-24
Capela,Mills,37.0,ATL,2023-24
Fernando,Gueye,37.0,ATL,2023-24
Bey,Griffin,36.0,ATL,2023-24
Bufkin,Capela,35.0,ATL,2023-24
Gueye,Young,35.0,ATL,2023-24
Bey,Krejci,34.0,ATL,2023-24
Bufkin,Forrest,33.0,ATL,2023-24
Bufkin,Gueye,30.0,ATL,2023-24
Lundy,Okongwu,29.0,ATL,2023-24
Griffin,Gueye,29.0,ATL,2023-24
Lundy,Mathews,29.0,ATL,2023-24
Krejci,Windler,26.0,ATL,2023-24
Bey,Bufkin,26.0,ATL,2023-24
Forrest,Young,26.0,ATL,2023-24
Griffin,Johnson,25.0,ATL,2023-24
Bogdanovic,Gueye,25.0,ATL,2023-24
Griffin,Krejci,24.0,ATL,2023-24
Fernando,Mills,24.0,ATL,2023-24
Gueye,Krejci,24.0,ATL,2023-24
Forrest,Lundy,23.0,ATL,2023-24
Bufkin,Matthews,23.0,ATL,2023-24
Hunter,Mills,23.0,ATL,2023-24
Bey,Lundy,22.0,ATL,2023-24
Lundy,Young,22.0,ATL,2023-24
Bufkin,Murray,22.0,ATL,2023-24
Griffin,Lundy,21.0,ATL,2023-24
Krejci,Young,20.0,ATL,2023-24
Fernando,Lundy,20.0,ATL,2023-24
Bufkin,Griffin,19.0,ATL,2023-24
Matthews,Windler,18.0,ATL,2023-24
Bogdanovic,Lundy,17.0,ATL,2023-24
Gueye,Murray,17.0,ATL,2023-24
Forrest,Gueye,17.0,ATL,2023-24
Bufkin,Windler,15.0,ATL,2023-24
Murray,Windler,15.0,ATL,2023-24
Gueye,Hunter,15.0,ATL,2023-24
Matthews,Mills,14.0,ATL,2023-24
Krejci,Okongwu,14.0,ATL,2023-24
Capela,Griffin,14.0,ATL,2023-24
Griffin,Mills,13.0,ATL,2023-24
Capela,Windler,13.0,ATL,2023-24
Griffin,Matthews,12.0,ATL,2023-24
Lundy,Murray,11.0,ATL,2023-24
Gueye,Windler,11.0,ATL,2023-24
Bufkin,Young,8.0,ATL,2023-24
Bufkin,Okongwu,8.0,ATL,2023-24
Lundy,Mills,8.0,ATL,2023-24
Windler,Young,7.0,ATL,2023-24
Capela,Gueye,6.0,ATL,2023-24
Bogdanovic,Bogdanovic,5.0,ATL,2023-24
Lundy,Matthews,5.0,ATL,2023-24
Capela,Lundy,4.0,ATL,2023-24
Hunter,Windler,3.0,ATL,2023-24
Bufkin,Mills,2.0,ATL,2023-24
Hunter,Lundy,1.0,ATL,2023-24
Capela,Fernando,0.0,ATL,2023-24
Bridges,Claxton,1723.0,BKN,2023-24
Bridges,Finney-Smith,1587.0,BKN,2023-24
Bridges,Thomas,1443.0,BKN,2023-24
Bridges,Dinwiddie,1252.0,BKN,2023-24
Bridges,Johnson,1241.0,BKN,2023-24
Claxton,Thomas,1149.0,BKN,2023-24
Claxton,Finney-Smith,1063.0,BKN,2023-24
Claxton,Johnson,1013.0,BKN,2023-24
Claxton,Dinwiddie,877.0,BKN,2023-24
Finney-Smith,Thomas,857.0,BKN,2023-24
Dinwiddie,Johnson,856.0,BKN,2023-24
Dinwiddie,Finney-Smith,817.0,BKN,2023-24
Bridges,Schroder,746.0,BKN,2023-24
Finney-Smith,Johnson,728.0,BKN,2023-24
Bridges,O'Neale,696.0,BKN,2023-24
Claxton,Schroder,648.0,BKN,2023-24
Johnson,Thomas,641.0,BKN,2023-24
Dinwiddie,Thomas,641.0,BKN,2023-24
O'Neale,Thomas,632.0,BKN,2023-24
Finney-Smith,Schroder,562.0,BKN,2023-24
Bridges,Smith Jr.,560.0,BKN,2023-24
Dinwiddie,O'Neale,533.0,BKN,2023-24
Schroder,Thomas,505.0,BKN,2023-24
Finney-Smith,O'Neale,482.0,BKN,2023-24
Bridges,Sharpe,479.0,BKN,2023-24
Smith Jr.,Thomas,471.0,BKN,2023-24
O'Neale,Smith Jr.,462.0,BKN,2023-24
Claxton,Smith Jr.,455.0,BKN,2023-24
Bridges,Walker IV,432.0,BKN,2023-24
Claxton,O'Neale,399.0,BKN,2023-24
O'Neale,Walker IV,395.0,BKN,2023-24
Smith Jr.,Walker IV,393.0,BKN,2023-24
Thomas,Walker IV,373.0,BKN,2023-24
Claxton,Walker IV,354.0,BKN,2023-24
Bridges,Watford,351.0,BKN,2023-24
Sharpe,Thomas,351.0,BKN,2023-24
Finney-Smith,Sharpe,346.0,BKN,2023-24
Finney-Smith,Smith Jr.,345.0,BKN,2023-24
Thomas,Watford,339.0,BKN,2023-24
Sharpe,Smith Jr.,338.0,BKN,2023-24
O'Neale,Sharpe,333.0,BKN,2023-24
Johnson,O'Neale,326.0,BKN,2023-24
Johnson,Sharpe,324.0,BKN,2023-24
Sharpe,Walker IV,316.0,BKN,2023-24
Watford,Wilson,312.0,BKN,2023-24
Johnson,Schroder,309.0,BKN,2023-24
Finney-Smith,Walker IV,301.0,BKN,2023-24
Bridges,Simmons,300.0,BKN,2023-24
Dinwiddie,Sharpe,299.0,BKN,2023-24
Simmons,Thomas,297.0,BKN,2023-24
Claxton,Watford,293.0,BKN,2023-24
Johnson,Smith Jr.,291.0,BKN,2023-24
Bridges,Wilson,283.0,BKN,2023-24
Walker IV,Watford,282.0,BKN,2023-24
Sharpe,Watford,260.0,BKN,2023-24
Thomas,Wilson,252.0,BKN,2023-24
Claxton,Wilson,245.0,BKN,2023-24
Johnson,Walker IV,243.0,BKN,2023-24
Clowney,Watford,226.0,BKN,2023-24
Dinwiddie,Walker IV,224.0,BKN,2023-24
O'Neale,Watford,218.0,BKN,2023-24
Johnson,Watford,212.0,BKN,2023-24
Finney-Smith,Simmons,207.0,BKN,2023-24
Schroder,Wilson,202.0,BKN,2023-24
Smith Jr.,Watford,200.0,BKN,2023-24
Clowney,Thomas,193.0,BKN,2023-24
Smith Jr.,Wilson,188.0,BKN,2023-24
Clowney,Wilson,183.0,BKN,2023-24
Sharpe,Wilson,181.0,BKN,2023-24
Walker IV,Wilson,173.0,BKN,2023-24
Bridges,Clowney,166.0,BKN,2023-24
Finney-Smith,Watford,157.0,BKN,2023-24
Dinwiddie,Smith Jr.,153.0,BKN,2023-24
Schroder,Walker IV,152.0,BKN,2023-24
Schroder,Sharpe,151.0,BKN,2023-24
Johnson,Wilson,143.0,BKN,2023-24
O'Neale,Simmons,134.0,BKN,2023-24
Schroder,Smith Jr.,126.0,BKN,2023-24
Clowney,Walker IV,119.0,BKN,2023-24
Clowney,Schroder,113.0,BKN,2023-24
Simmons,Walker IV,106.0,BKN,2023-24
Schroder,Watford,102.0,BKN,2023-24
Claxton,Simmons,97.0,BKN,2023-24
Claxton,Clowney,91.0,BKN,2023-24
Dinwiddie,Simmons,90.0,BKN,2023-24
Clowney,Johnson,88.0,BKN,2023-24
Finney-Smith,Wilson,80.0,BKN,2023-24
Brooks,Watford,78.0,BKN,2023-24
Dinwiddie,Watford,68.0,BKN,2023-24
Giles III,Watford,67.0,BKN,2023-24
Bates-Diop,Wilson,65.0,BKN,2023-24
Bates-Diop,Watford,64.0,BKN,2023-24
Clowney,Sharpe,60.0,BKN,2023-24
O'Neale,Wilson,57.0,BKN,2023-24
Johnson,Simmons,57.0,BKN,2023-24
Brooks,Wilson,52.0,BKN,2023-24
Brooks,Sharpe,50.0,BKN,2023-24
Clowney,Smith Jr.,49.0,BKN,2023-24
Simmons,Wilson,46.0,BKN,2023-24
Giles III,O'Neale,44.0,BKN,2023-24
Clowney,Gilyard,37.0,BKN,2023-24
Giles III,Wilson,37.0,BKN,2023-24
Brooks,Giles III,37.0,BKN,2023-24
Clowney,Finney-Smith,34.0,BKN,2023-24
Giles III,Sharpe,34.0,BKN,2023-24
Gilyard,Walker IV,31.0,BKN,2023-24
Gilyard,Wilson,30.0,BKN,2023-24
Bates-Diop,Sharpe,30.0,BKN,2023-24
Brooks,O'Neale,29.0,BKN,2023-24
Brooks,Smith Jr.,29.0,BKN,2023-24
Bates-Diop,Smith Jr.,28.0,BKN,2023-24
Dinwiddie,Wilson,28.0,BKN,2023-24
Simmons,Smith Jr.,28.0,BKN,2023-24
Giles III,Thomas,27.0,BKN,2023-24
Bates-Diop,Walker IV,24.0,BKN,2023-24
Brooks,Walker IV,22.0,BKN,2023-24
Bates-Diop,Clowney,21.0,BKN,2023-24
Brooks,Clowney,20.0,BKN,2023-24
Giles III,Walker IV,20.0,BKN,2023-24
Clowney,Whitehead,19.0,BKN,2023-24
Gilyard,Watford,19.0,BKN,2023-24
Giles III,Smith Jr.,18.0,BKN,2023-24
Bates-Diop,Johnson,16.0,BKN,2023-24
Schroder,Simmons,16.0,BKN,2023-24
Brooks,Whitehead,15.0,BKN,2023-24
Brooks,Finney-Smith,15.0,BKN,2023-24
Johnson,Whitehead,15.0,BKN,2023-24
Bridges,Gilyard,14.0,BKN,2023-24
Simmons,Watford,14.0,BKN,2023-24
Gilyard,Thomas,13.0,BKN,2023-24
Sharpe,Simmons,13.0,BKN,2023-24
Brooks,Johnson,13.0,BKN,2023-24
Brooks,Thomas,12.0,BKN,2023-24
Gilyard,Johnson,11.0,BKN,2023-24
Whitehead,Wilson,11.0,BKN,2023-24
Gilyard,Sharpe,10.0,BKN,2023-24
Smith Jr.,Whitehead,10.0,BKN,2023-24
Bridges,Brooks,10.0,BKN,2023-24
Watford,Whitehead,10.0,BKN,2023-24
Giles III,Johnson,9.0,BKN,2023-24
Bridges,Giles III,8.0,BKN,2023-24
Brooks,Dinwiddie,8.0,BKN,2023-24
Bates-Diop,Schroder,8.0,BKN,2023-24
Brooks,Simmons,6.0,BKN,2023-24
Dinwiddie,Giles III,6.0,BKN,2023-24
Bates-Diop,Bridges,5.0,BKN,2023-24
Finney-Smith,Giles III,5.0,BKN,2023-24
Clowney,Simmons,5.0,BKN,2023-24
Clowney,Dinwiddie,4.0,BKN,2023-24
Clowney,O'Neale,4.0,BKN,2023-24
Finney-Smith,Gilyard,4.0,BKN,2023-24
Sharpe,Whitehead,4.0,BKN,2023-24
Clowney,Giles III,4.0,BKN,2023-24
Claxton,Gilyard,3.0,BKN,2023-24
Bates-Diop,Finney-Smith,2.0,BKN,2023-24
Bates-Diop,Claxton,1.0,BKN,2023-24
Claxton,Sharpe,1.0,BKN,2023-24
Holiday,Tatum,1865.0,BOS,2023-24
Brown,White,1846.0,BOS,2023-24
Tatum,White,1694.0,BOS,2023-24
Brown,Tatum,1576.0,BOS,2023-24
Brown,Holiday,1475.0,BOS,2023-24
Holiday,White,1399.0,BOS,2023-24
Brown,Porzingis,1356.0,BOS,2023-24
Horford,Tatum,1304.0,BOS,2023-24
Porzingis,White,1281.0,BOS,2023-24
Porzingis,Tatum,1271.0,BOS,2023-24
Horford,White,1092.0,BOS,2023-24
Holiday,Porzingis,1088.0,BOS,2023-24
Brown,Horford,1060.0,BOS,2023-24
Hauser,Pritchard,1059.0,BOS,2023-24
Holiday,Horford,1009.0,BOS,2023-24
Pritchard,Tatum,925.0,BOS,2023-24
Hauser,Tatum,888.0,BOS,2023-24
Hauser,White,731.0,BOS,2023-24
Kornet,Pritchard,729.0,BOS,2023-24
Holiday,Pritchard,705.0,BOS,2023-24
Hauser,Holiday,704.0,BOS,2023-24
Hauser,Horford,697.0,BOS,2023-24
Brown,Hauser,681.0,BOS,2023-24
Horford,Pritchard,671.0,BOS,2023-24
Hauser,Kornet,634.0,BOS,2023-24
Brown,Pritchard,605.0,BOS,2023-24
Horford,Porzingis,588.0,BOS,2023-24
Pritchard,White,556.0,BOS,2023-24
Hauser,Porzingis,501.0,BOS,2023-24
Kornet,Tatum,494.0,BOS,2023-24
Brissett,Pritchard,490.0,BOS,2023-24
Kornet,White,411.0,BOS,2023-24
Holiday,Kornet,390.0,BOS,2023-24
Porzingis,Pritchard,378.0,BOS,2023-24
Mykhailiuk,Pritchard,355.0,BOS,2023-24
Brown,Kornet,330.0,BOS,2023-24
Brissett,Hauser,326.0,BOS,2023-24
Pritchard,Queta,258.0,BOS,2023-24
Horford,Kornet,246.0,BOS,2023-24
Pritchard,Tillman,213.0,BOS,2023-24
Kornet,Mykhailiuk,205.0,BOS,2023-24
Hauser,Queta,205.0,BOS,2023-24
Brissett,Tatum,198.0,BOS,2023-24
Brissett,Mykhailiuk,190.0,BOS,2023-24
Hauser,Mykhailiuk,186.0,BOS,2023-24
Brissett,White,180.0,BOS,2023-24
Brissett,Kornet,180.0,BOS,2023-24
Brissett,Brown,172.0,BOS,2023-24
Brissett,Holiday,143.0,BOS,2023-24
Brissett,Porzingis,122.0,BOS,2023-24
Tillman,White,121.0,BOS,2023-24
Queta,Tatum,121.0,BOS,2023-24
Brissett,Horford,110.0,BOS,2023-24
Hauser,Tillman,108.0,BOS,2023-24
Banton,Pritchard,106.0,BOS,2023-24
Pritchard,Springer,104.0,BOS,2023-24
Mykhailiuk,Queta,103.0,BOS,2023-24
Holiday,Queta,100.0,BOS,2023-24
Tatum,Tillman,98.0,BOS,2023-24
Mykhailiuk,Springer,97.0,BOS,2023-24
Brissett,Queta,96.0,BOS,2023-24
Brown,Tillman,94.0,BOS,2023-24
Mykhailiuk,Tillman,92.0,BOS,2023-24
Kornet,Porzingis,82.0,BOS,2023-24
Queta,White,80.0,BOS,2023-24
Holiday,Tillman,79.0,BOS,2023-24
Banton,Brissett,79.0,BOS,2023-24
Mykhailiuk,Stevens,77.0,BOS,2023-24
Brown,Queta,76.0,BOS,2023-24
Banton,Hauser,75.0,BOS,2023-24
Brissett,Tillman,74.0,BOS,2023-24
Banton,Mykhailiuk,73.0,BOS,2023-24
Pritchard,Stevens,71.0,BOS,2023-24
Banton,Stevens,68.0,BOS,2023-24
Banton,Kornet,61.0,BOS,2023-24
Mykhailiuk,Tatum,61.0,BOS,2023-24
Horford,Queta,60.0,BOS,2023-24
Kornet,Springer,58.0,BOS,2023-24
Kornet,Tillman,57.0,BOS,2023-24
Mykhailiuk,Walsh,56.0,BOS,2023-24
Horford,Tillman,54.0,BOS,2023-24
Banton,Queta,53.0,BOS,2023-24
Brissett,Stevens,52.0,BOS,2023-24
Brissett,Springer,52.0,BOS,2023-24
Pritchard,Walsh,50.0,BOS,2023-24
Hauser,Springer,48.0,BOS,2023-24
Queta,Stevens,44.0,BOS,2023-24
Mykhailiuk,White,44.0,BOS,2023-24
Banton,Brown,40.0,BOS,2023-24
Hauser,Stevens,39.0,BOS,2023-24
Porzingis,Tillman,38.0,BOS,2023-24
Brissett,Walsh,37.0,BOS,2023-24
Banton,Tatum,36.0,BOS,2023-24
Springer,Tillman,36.0,BOS,2023-24
Queta,Walsh,36.0,BOS,2023-24
Banton,White,35.0,BOS,2023-24
Hauser,Walsh,35.0,BOS,2023-24
Davison,Queta,30.0,BOS,2023-24
Holiday,Mykhailiuk,30.0,BOS,2023-24
Banton,Horford,28.0,BOS,2023-24
Holiday,Stevens,28.0,BOS,2023-24
Kornet,Walsh,27.0,BOS,2023-24
Queta,Springer,25.0,BOS,2023-24
Kornet,Stevens,24.0,BOS,2023-24
Stevens,Tatum,24.0,BOS,2023-24
Brown,Stevens,23.0,BOS,2023-24
Mykhailiuk,Porzingis,22.0,BOS,2023-24
Horford,Mykhailiuk,21.0,BOS,2023-24
Davison,Hauser,19.0,BOS,2023-24
Davison,Walsh,19.0,BOS,2023-24
Springer,White,18.0,BOS,2023-24
Brown,Mykhailiuk,17.0,BOS,2023-24
Banton,Holiday,16.0,BOS,2023-24
Peterson,Queta,16.0,BOS,2023-24
Stevens,White,16.0,BOS,2023-24
Peterson,Springer,16.0,BOS,2023-24
Brissett,Davison,16.0,BOS,2023-24
Davison,Mykhailiuk,15.0,BOS,2023-24
Davison,Peterson,15.0,BOS,2023-24
Tillman,Walsh,15.0,BOS,2023-24
Davison,Springer,14.0,BOS,2023-24
Brown,Springer,13.0,BOS,2023-24
Stevens,Walsh,13.0,BOS,2023-24
Banton,Walsh,13.0,BOS,2023-24
Horford,Stevens,12.0,BOS,2023-24
Springer,Walsh,11.0,BOS,2023-24
Porzingis,Queta,11.0,BOS,2023-24
Kornet,Queta,11.0,BOS,2023-24
Davison,Pritchard,9.0,BOS,2023-24
Springer,Tatum,8.0,BOS,2023-24
Walsh,White,8.0,BOS,2023-24
Peterson,Pritchard,8.0,BOS,2023-24
Mykhailiuk,Peterson,8.0,BOS,2023-24
Porzingis,Springer,8.0,BOS,2023-24
Brissett,Peterson,7.0,BOS,2023-24
Davison,Stevens,6.0,BOS,2023-24
Banton,Davison,6.0,BOS,2023-24
Holiday,Walsh,5.0,BOS,2023-24
Tatum,Walsh,5.0,BOS,2023-24
Davison,Kornet,5.0,BOS,2023-24
Peterson,Tillman,4.0,BOS,2023-24
Horford,Springer,4.0,BOS,2023-24
Banton,Porzingis,4.0,BOS,2023-24
Peterson,Walsh,4.0,BOS,2023-24
Hauser,Peterson,4.0,BOS,2023-24
Porzingis,Stevens,4.0,BOS,2023-24
Kornet,Peterson,4.0,BOS,2023-24
Queta,Tillman,3.0,BOS,2023-24
Banton,Peterson,3.0,BOS,2023-24
Peterson,Stevens,3.0,BOS,2023-24
Davison,Tillman,2.0,BOS,2023-24
Porzingis,Walsh,2.0,BOS,2023-24
Davison,Tatum,0.0,BOS,2023-24
Bridges,Miller,1618.0,CHA,2023-24
Miller,Richards,1232.0,CHA,2023-24
Bridges,Richards,1148.0,CHA,2023-24
Miller,Williams,929.0,CHA,2023-24
Bridges,Williams,798.0,CHA,2023-24
Bridges,Micic,763.0,CHA,2023-24
Bridges,Rozier,733.0,CHA,2023-24
Miller,Washington,687.0,CHA,2023-24
Bridges,Martin,655.0,CHA,2023-24
Bridges,Washington,631.0,CHA,2023-24
Bridges,Mann,601.0,CHA,2023-24
Mann,Miller,591.0,CHA,2023-24
Miller,Rozier,565.0,CHA,2023-24
Micic,Miller,560.0,CHA,2023-24
Micic,Williams,533.0,CHA,2023-24
Bridges,Smith,527.0,CHA,2023-24
Bridges,McGowens,522.0,CHA,2023-24
Hayward,Miller,519.0,CHA,2023-24
Martin,Richards,503.0,CHA,2023-24
Rozier,Washington,493.0,CHA,2023-24
Mann,Williams,472.0,CHA,2023-24
Ball,Washington,461.0,CHA,2023-24
Hayward,Williams,454.0,CHA,2023-24
Martin,Miller,449.0,CHA,2023-24
Mann,Richards,448.0,CHA,2023-24
Richards,Rozier,433.0,CHA,2023-24
Richards,Washington,432.0,CHA,2023-24
Hayward,Rozier,428.0,CHA,2023-24
Smith,Washington,416.0,CHA,2023-24
Bertans,Williams,415.0,CHA,2023-24
Hayward,Washington,405.0,CHA,2023-24
McGowens,Richards,374.0,CHA,2023-24
Bridges,Hayward,368.0,CHA,2023-24
Ball,Miller,364.0,CHA,2023-24
Bertans,Bridges,361.0,CHA,2023-24
Mann,Micic,340.0,CHA,2023-24
Richards,Smith,323.0,CHA,2023-24
Miller,Smith,321.0,CHA,2023-24
Micic,Richards,319.0,CHA,2023-24
McGowens,Miller,311.0,CHA,2023-24
Bridges,Smith Jr.,310.0,CHA,2023-24
Miller,Thor,303.0,CHA,2023-24
Ball,Hayward,300.0,CHA,2023-24
Smith Jr.,Washington,298.0,CHA,2023-24
Ball,Bridges,297.0,CHA,2023-24
Bertans,Mann,294.0,CHA,2023-24
Ball,Williams,283.0,CHA,2023-24
Washington,Williams,283.0,CHA,2023-24
Richards,Smith Jr.,283.0,CHA,2023-24
Bertans,Miller,281.0,CHA,2023-24
McGowens,Washington,278.0,CHA,2023-24
McGowens,Rozier,273.0,CHA,2023-24
Smith Jr.,Thor,264.0,CHA,2023-24
McGowens,Smith,263.0,CHA,2023-24
Bridges,Pokusevski,259.0,CHA,2023-24
McGowens,Thor,258.0,CHA,2023-24
Bertans,Richards,244.0,CHA,2023-24
Martin,Washington,237.0,CHA,2023-24
Richards,Williams,236.0,CHA,2023-24
Miller,Smith Jr.,234.0,CHA,2023-24
Hayward,Richards,230.0,CHA,2023-24
Bertans,Micic,228.0,CHA,2023-24
Bridges,Thor,223.0,CHA,2023-24
Ball,Richards,223.0,CHA,2023-24
Rozier,Williams,216.0,CHA,2023-24
Rozier,Thor,211.0,CHA,2023-24
McGowens,Smith Jr.,209.0,CHA,2023-24
Ball,Rozier,192.0,CHA,2023-24
Thor,Williams,190.0,CHA,2023-24
Micic,Pokusevski,186.0,CHA,2023-24
Smith,Thor,186.0,CHA,2023-24
Richards,Thor,186.0,CHA,2023-24
Martin,Rozier,185.0,CHA,2023-24
Bridges,Mensah,179.0,CHA,2023-24
Ball,Thor,177.0,CHA,2023-24
Rozier,Smith Jr.,177.0,CHA,2023-24
Mensah,Smith Jr.,174.0,CHA,2023-24
Thor,Washington,170.0,CHA,2023-24
Pokusevski,Williams,169.0,CHA,2023-24
Black,Smith Jr.,161.0,CHA,2023-24
Bertans,Pokusevski,159.0,CHA,2023-24
Mann,Martin,159.0,CHA,2023-24
Hayward,Smith,157.0,CHA,2023-24
Martin,Smith Jr.,155.0,CHA,2023-24
Hayward,Thor,150.0,CHA,2023-24
Rozier,Smith,145.0,CHA,2023-24
Mensah,Thor,138.0,CHA,2023-24
McGowens,Williams,137.0,CHA,2023-24
Miller,Pokusevski,137.0,CHA,2023-24
Mensah,Rozier,136.0,CHA,2023-24
Curry,Williams,128.0,CHA,2023-24
Ball,McGowens,127.0,CHA,2023-24
Maledon,Washington,126.0,CHA,2023-24
Mann,Pokusevski,123.0,CHA,2023-24
Ball,Maledon,120.0,CHA,2023-24
McGowens,Mensah,111.0,CHA,2023-24
Maledon,Thor,108.0,CHA,2023-24
Black,Bridges,108.0,CHA,2023-24
Maledon,Richards,107.0,CHA,2023-24
Bertans,Thor,106.0,CHA,2023-24
Smith,Smith Jr.,106.0,CHA,2023-24
Mann,Thor,106.0,CHA,2023-24
Bridges,Curry,106.0,CHA,2023-24
Black,Washington,104.0,CHA,2023-24
Martin,Williams,103.0,CHA,2023-24
Mensah,Smith,102.0,CHA,2023-24
Maledon,Miller,101.0,CHA,2023-24
Curry,Mann,101.0,CHA,2023-24
Pokusevski,Richards,98.0,CHA,2023-24
Ball,Smith,97.0,CHA,2023-24
Black,Richards,97.0,CHA,2023-24
Black,Miller,93.0,CHA,2023-24
Smith,Williams,90.0,CHA,2023-24
Curry,Micic,90.0,CHA,2023-24
Black,Thor,89.0,CHA,2023-24
Martin,Smith,86.0,CHA,2023-24
Curry,Miller,85.0,CHA,2023-24
Black,McGowens,83.0,CHA,2023-24
Hayward,McGowens,82.0,CHA,2023-24
Bertans,Smith Jr.,82.0,CHA,2023-24
Martin,Micic,80.0,CHA,2023-24
Curry,Richards,80.0,CHA,2023-24
Ball,Smith Jr.,80.0,CHA,2023-24
Black,Smith,79.0,CHA,2023-24
Bolden,Mann,75.0,CHA,2023-24
Mann,McGowens,75.0,CHA,2023-24
Ball,Martin,74.0,CHA,2023-24
Mensah,Washington,74.0,CHA,2023-24
McGowens,Micic,72.0,CHA,2023-24
Bertans,Martin,69.0,CHA,2023-24
Mensah,Miller,69.0,CHA,2023-24
Martin,Mensah,69.0,CHA,2023-24
Martin,McGowens,68.0,CHA,2023-24
Bouknight,Smith Jr.,67.0,CHA,2023-24
Bouknight,Thor,65.0,CHA,2023-24
Maledon,Williams,64.0,CHA,2023-24
Pokusevski,Smith Jr.,64.0,CHA,2023-24
Smith Jr.,Williams,63.0,CHA,2023-24
Bouknight,Mensah,63.0,CHA,2023-24
Bolden,McGowens,54.0,CHA,2023-24
Bertans,McGowens,54.0,CHA,2023-24
Bailey,Smith Jr.,53.0,CHA,2023-24
Pokusevski,Thor,53.0,CHA,2023-24
Hayward,Maledon,52.0,CHA,2023-24
Bolden,Smith Jr.,48.0,CHA,2023-24
Bolden,Thor,47.0,CHA,2023-24
Bolden,Bridges,47.0,CHA,2023-24
Ball,Mensah,47.0,CHA,2023-24
Maledon,McGowens,46.0,CHA,2023-24
Micic,Thor,44.0,CHA,2023-24
Black,Mensah,44.0,CHA,2023-24
Bolden,Miller,44.0,CHA,2023-24
Bailey,Black,41.0,CHA,2023-24
Mann,Smith Jr.,39.0,CHA,2023-24
Bolden,Micic,39.0,CHA,2023-24
Bolden,Pokusevski,39.0,CHA,2023-24
Bridges,Ntilikina,39.0,CHA,2023-24
Bouknight,McGowens,38.0,CHA,2023-24
Black,Martin,38.0,CHA,2023-24
Bertans,Bolden,37.0,CHA,2023-24
Ntilikina,Smith,37.0,CHA,2023-24
Bailey,Pokusevski,36.0,CHA,2023-24
Black,Bouknight,35.0,CHA,2023-24
Bailey,Thor,34.0,CHA,2023-24
McGowens,Pokusevski,33.0,CHA,2023-24
Ntilikina,Washington,33.0,CHA,2023-24
Maledon,Rozier,33.0,CHA,2023-24
Curry,Martin,31.0,CHA,2023-24
Black,Pokusevski,28.0,CHA,2023-24
Black,Bolden,27.0,CHA,2023-24
Black,Mann,27.0,CHA,2023-24
Bailey,McGowens,25.0,CHA,2023-24
Martin,Thor,24.0,CHA,2023-24
Hayward,Martin,19.0,CHA,2023-24
Miller,Ntilikina,19.0,CHA,2023-24
Hayward,Smith Jr.,19.0,CHA,2023-24
Maledon,Smith Jr.,18.0,CHA,2023-24
Bailey,Mann,17.0,CHA,2023-24
Black,Ntilikina,15.0,CHA,2023-24
Bailey,Bolden,15.0,CHA,2023-24
Black,Williams,15.0,CHA,2023-24
Black,Rozier,14.0,CHA,2023-24
Bouknight,Rozier,14.0,CHA,2023-24
Maledon,Smith,13.0,CHA,2023-24
Bailey,Richards,12.0,CHA,2023-24
Ball,Ntilikina,11.0,CHA,2023-24
Bailey,Mensah,11.0,CHA,2023-24
Bouknight,Richards,10.0,CHA,2023-24
Micic,Smith Jr.,8.0,CHA,2023-24
Black,Maledon,8.0,CHA,2023-24
Bouknight,Bridges,8.0,CHA,2023-24
Bouknight,Miller,8.0,CHA,2023-24
Bouknight,Smith,8.0,CHA,2023-24
Bailey,Bouknight,7.0,CHA,2023-24
Curry,McGowens,7.0,CHA,2023-24
Ball,Black,7.0,CHA,2023-24
Ntilikina,Richards,6.0,CHA,2023-24
Bouknight,Maledon,5.0,CHA,2023-24
Bouknight,Ntilikina,4.0,CHA,2023-24
Mensah,Ntilikina,4.0,CHA,2023-24
Ntilikina,Thor,4.0,CHA,2023-24
Bertans,Black,3.0,CHA,2023-24
Bailey,Bertans,3.0,CHA,2023-24
Bridges,Maledon,3.0,CHA,2023-24
Hayward,Mensah,3.0,CHA,2023-24
Black,Hayward,2.0,CHA,2023-24
Black,Micic,2.0,CHA,2023-24
Bailey,Williams,2.0,CHA,2023-24
DeRozan,White,2211.0,CHI,2023-24
Vucevic,White,2109.0,CHI,2023-24
DeRozan,Vucevic,1991.0,CHI,2023-24
Caruso,DeRozan,1690.0,CHI,2023-24
DeRozan,Dosunmu,1600.0,CHI,2023-24
Dosunmu,Vucevic,1498.0,CHI,2023-24
Caruso,White,1450.0,CHI,2023-24
Caruso,Vucevic,1403.0,CHI,2023-24
Dosunmu,White,1386.0,CHI,2023-24
DeRozan,Drummond,1037.0,CHI,2023-24
Caruso,Dosunmu,963.0,CHI,2023-24
White,Williams,909.0,CHI,2023-24
Drummond,White,813.0,CHI,2023-24
DeRozan,Williams,805.0,CHI,2023-24
LaVine,Vucevic,757.0,CHI,2023-24
Vucevic,Williams,740.0,CHI,2023-24
Dosunmu,Drummond,738.0,CHI,2023-24
LaVine,White,696.0,CHI,2023-24
Craig,Vucevic,658.0,CHI,2023-24
Caruso,Drummond,627.0,CHI,2023-24
Craig,DeRozan,624.0,CHI,2023-24
Craig,White,605.0,CHI,2023-24
DeRozan,LaVine,580.0,CHI,2023-24
Carter,DeRozan,550.0,CHI,2023-24
Carter,Drummond,542.0,CHI,2023-24
Dosunmu,Williams,539.0,CHI,2023-24
Craig,Dosunmu,515.0,CHI,2023-24
Carter,Dosunmu,465.0,CHI,2023-24
Carter,White,429.0,CHI,2023-24
Caruso,Williams,403.0,CHI,2023-24
Caruso,LaVine,376.0,CHI,2023-24
DeRozan,Terry,368.0,CHI,2023-24
Drummond,Williams,354.0,CHI,2023-24
Dosunmu,Terry,349.0,CHI,2023-24
Craig,Drummond,349.0,CHI,2023-24
Carter,Caruso,347.0,CHI,2023-24
Carter,Vucevic,339.0,CHI,2023-24
Drummond,Terry,329.0,CHI,2023-24
Carter,Craig,327.0,CHI,2023-24
LaVine,Williams,327.0,CHI,2023-24
Terry,White,318.0,CHI,2023-24
Caruso,Craig,310.0,CHI,2023-24
Craig,LaVine,267.0,CHI,2023-24
Carter,Williams,249.0,CHI,2023-24
Caruso,Terry,233.0,CHI,2023-24
Terry,Vucevic,221.0,CHI,2023-24
Dosunmu,LaVine,210.0,CHI,2023-24
Carter,Terry,205.0,CHI,2023-24
Drummond,Vucevic,205.0,CHI,2023-24
Dosunmu,Phillips,200.0,CHI,2023-24
Phillips,White,174.0,CHI,2023-24
DeRozan,Green,169.0,CHI,2023-24
Green,White,164.0,CHI,2023-24
Phillips,Vucevic,159.0,CHI,2023-24
Green,Vucevic,158.0,CHI,2023-24
Craig,Williams,157.0,CHI,2023-24
Bitim,Dosunmu,153.0,CHI,2023-24
Craig,Terry,152.0,CHI,2023-24
Bitim,Vucevic,137.0,CHI,2023-24
Terry,Williams,132.0,CHI,2023-24
Caruso,Green,129.0,CHI,2023-24
Drummond,Phillips,124.0,CHI,2023-24
Carter,LaVine,122.0,CHI,2023-24
Dosunmu,Taylor,121.0,CHI,2023-24
DeRozan,Phillips,120.0,CHI,2023-24
Carter,Phillips,113.0,CHI,2023-24
Bitim,White,110.0,CHI,2023-24
Drummond,LaVine,110.0,CHI,2023-24
Bitim,DeRozan,104.0,CHI,2023-24
Taylor,White,93.0,CHI,2023-24
Bitim,Carter,92.0,CHI,2023-24
Carter,Taylor,89.0,CHI,2023-24
Phillips,Terry,87.0,CHI,2023-24
DeRozan,Taylor,86.0,CHI,2023-24
Bitim,Drummond,86.0,CHI,2023-24
Bitim,Caruso,80.0,CHI,2023-24
Bitim,Terry,78.0,CHI,2023-24
Taylor,Terry,78.0,CHI,2023-24
Bitim,Craig,77.0,CHI,2023-24
Dosunmu,Green,75.0,CHI,2023-24
Craig,Phillips,69.0,CHI,2023-24
Green,Terry,68.0,CHI,2023-24
Caruso,Phillips,65.0,CHI,2023-24
Phillips,Taylor,60.0,CHI,2023-24
Bitim,Phillips,53.0,CHI,2023-24
Caruso,Taylor,45.0,CHI,2023-24
Drummond,Green,44.0,CHI,2023-24
Carter,Sanogo,44.0,CHI,2023-24
Drummond,Taylor,42.0,CHI,2023-24
Sanogo,Terry,42.0,CHI,2023-24
Phillips,Williams,34.0,CHI,2023-24
Taylor,Vucevic,33.0,CHI,2023-24
Carter,Green,33.0,CHI,2023-24
Sanogo,White,33.0,CHI,2023-24
Taylor,Williams,32.0,CHI,2023-24
Bitim,Taylor,27.0,CHI,2023-24
Craig,Sanogo,27.0,CHI,2023-24
Bitim,Green,26.0,CHI,2023-24
LaVine,Terry,25.0,CHI,2023-24
Drell,Sanogo,24.0,CHI,2023-24
Craig,Green,22.0,CHI,2023-24
Bitim,Sanogo,21.0,CHI,2023-24
Carter,Drell,20.0,CHI,2023-24
Green,Sanogo,17.0,CHI,2023-24
Drell,Terry,15.0,CHI,2023-24
Sanogo,Taylor,14.0,CHI,2023-24
DeRozan,Sanogo,13.0,CHI,2023-24
Craig,Drell,12.0,CHI,2023-24
Drell,White,12.0,CHI,2023-24
Drell,Funk,10.0,CHI,2023-24
Drell,Green,10.0,CHI,2023-24
Phillips,Sanogo,9.0,CHI,2023-24
Funk,Sanogo,9.0,CHI,2023-24
LaVine,Taylor,9.0,CHI,2023-24
Funk,Terry,8.0,CHI,2023-24
Bitim,Drell,7.0,CHI,2023-24
Bitim,Funk,6.0,CHI,2023-24
Carter,Funk,6.0,CHI,2023-24
Craig,Funk,5.0,CHI,2023-24
Craig,Taylor,4.0,CHI,2023-24
Dosunmu,Sanogo,4.0,CHI,2023-24
Caruso,Sanogo,3.0,CHI,2023-24
Green,Taylor,3.0,CHI,2023-24
Bitim,Williams,3.0,CHI,2023-24
Funk,Green,2.0,CHI,2023-24
Drell,Taylor,2.0,CHI,2023-24
Funk,Taylor,2.0,CHI,2023-24
LaVine,Phillips,1.0,CHI,2023-24
Funk,White,0.0,CHI,2023-24
Allen,Strus,1592.0,CLE,2023-24
Mitchell,Strus,1437.0,CLE,2023-24
Allen,Mitchell,1407.0,CLE,2023-24
Allen,Garland,1275.0,CLE,2023-24
Allen,Okoro,1253.0,CLE,2023-24
LeVert,Niang,1132.0,CLE,2023-24
Garland,Mobley,1080.0,CLE,2023-24
Allen,LeVert,1076.0,CLE,2023-24
Mobley,Strus,1072.0,CLE,2023-24
Garland,Strus,992.0,CLE,2023-24
Okoro,Strus,874.0,CLE,2023-24
LeVert,Okoro,871.0,CLE,2023-24
Mitchell,Okoro,849.0,CLE,2023-24
Niang,Okoro,840.0,CLE,2023-24
Garland,LeVert,836.0,CLE,2023-24
Garland,Niang,834.0,CLE,2023-24
LeVert,Strus,827.0,CLE,2023-24
Garland,Okoro,805.0,CLE,2023-24
LeVert,Mitchell,792.0,CLE,2023-24
Mitchell,Mobley,789.0,CLE,2023-24
Allen,Mobley,783.0,CLE,2023-24
Allen,Niang,782.0,CLE,2023-24
Allen,Wade,760.0,CLE,2023-24
Garland,Mitchell,749.0,CLE,2023-24
Strus,Wade,719.0,CLE,2023-24
Merrill,Niang,687.0,CLE,2023-24
LeVert,Mobley,664.0,CLE,2023-24
Okoro,Wade,601.0,CLE,2023-24
Mitchell,Wade,595.0,CLE,2023-24
Niang,Strus,595.0,CLE,2023-24
Mitchell,Niang,586.0,CLE,2023-24
Mobley,Okoro,562.0,CLE,2023-24
Mobley,Niang,543.0,CLE,2023-24
LeVert,Merrill,523.0,CLE,2023-24
Allen,Merrill,474.0,CLE,2023-24
LeVert,Wade,416.0,CLE,2023-24
Niang,Thompson,404.0,CLE,2023-24
Niang,Porter Jr.,374.0,CLE,2023-24
Merrill,Okoro,346.0,CLE,2023-24
Merrill,Porter Jr.,333.0,CLE,2023-24
Garland,Wade,331.0,CLE,2023-24
Garland,Merrill,326.0,CLE,2023-24
Merrill,Thompson,296.0,CLE,2023-24
LeVert,Thompson,271.0,CLE,2023-24
Allen,Porter Jr.,270.0,CLE,2023-24
Merrill,Mitchell,266.0,CLE,2023-24
Merrill,Strus,266.0,CLE,2023-24
Niang,Wade,256.0,CLE,2023-24
Porter Jr.,Strus,240.0,CLE,2023-24
Merrill,Mobley,229.0,CLE,2023-24
Mobley,Wade,223.0,CLE,2023-24
LeVert,Porter Jr.,222.0,CLE,2023-24
Porter Jr.,Thompson,206.0,CLE,2023-24
Okoro,Porter Jr.,206.0,CLE,2023-24
Strus,Thompson,198.0,CLE,2023-24
Merrill,Wade,193.0,CLE,2023-24
Mobley,Porter Jr.,183.0,CLE,2023-24
Jones,Merrill,170.0,CLE,2023-24
Porter Jr.,Wade,168.0,CLE,2023-24
Garland,Thompson,168.0,CLE,2023-24
Mitchell,Thompson,157.0,CLE,2023-24
Okoro,Thompson,149.0,CLE,2023-24
Jones,Porter Jr.,139.0,CLE,2023-24
Jones,Niang,124.0,CLE,2023-24
Jones,LeVert,114.0,CLE,2023-24
Merrill,Morris Sr.,106.0,CLE,2023-24
Thompson,Wade,97.0,CLE,2023-24
Morris Sr.,Niang,94.0,CLE,2023-24
Jones,Okoro,93.0,CLE,2023-24
Garland,Morris Sr.,86.0,CLE,2023-24
Bates,Porter Jr.,84.0,CLE,2023-24
Garland,Porter Jr.,83.0,CLE,2023-24
LeVert,Morris Sr.,77.0,CLE,2023-24
Allen,Morris Sr.,72.0,CLE,2023-24
Bates,Mobley,71.0,CLE,2023-24
Jones,Thompson,69.0,CLE,2023-24
Bates,Jones,63.0,CLE,2023-24
Mobley,Thompson,61.0,CLE,2023-24
Bates,Niang,60.0,CLE,2023-24
Mitchell,Porter Jr.,59.0,CLE,2023-24
Jones,Mobley,57.0,CLE,2023-24
Morris Sr.,Thompson,54.0,CLE,2023-24
Morris Sr.,Okoro,51.0,CLE,2023-24
Bates,Merrill,51.0,CLE,2023-24
Bates,Thompson,51.0,CLE,2023-24
Mobley,Morris Sr.,50.0,CLE,2023-24
Jones,Strus,49.0,CLE,2023-24
Jones,Wade,49.0,CLE,2023-24
Garland,Jones,48.0,CLE,2023-24
Jones,Mitchell,43.0,CLE,2023-24
Morris Sr.,Strus,36.0,CLE,2023-24
Bates,Strus,33.0,CLE,2023-24
Morris Sr.,Porter Jr.,31.0,CLE,2023-24
Bates,Okoro,28.0,CLE,2023-24
Jones,Nance,28.0,CLE,2023-24
Bates,Morris Sr.,21.0,CLE,2023-24
Mobley,Nance,21.0,CLE,2023-24
Bates,Nance,21.0,CLE,2023-24
Allen,Bates,18.0,CLE,2023-24
Jones,Morris Sr.,17.0,CLE,2023-24
Mitchell,Morris Sr.,17.0,CLE,2023-24
Nance,Porter Jr.,14.0,CLE,2023-24
Bates,Wade,14.0,CLE,2023-24
Jerome,LeVert,13.0,CLE,2023-24
Jerome,Niang,13.0,CLE,2023-24
Nance,Thompson,11.0,CLE,2023-24
Bates,LeVert,10.0,CLE,2023-24
Merrill,Nance,10.0,CLE,2023-24
Allen,Jones,10.0,CLE,2023-24
Jerome,Mobley,8.0,CLE,2023-24
Bates,Mitchell,8.0,CLE,2023-24
Jerome,Jones,7.0,CLE,2023-24
Jerome,Mitchell,6.0,CLE,2023-24
Jerome,Wade,5.0,CLE,2023-24
Nance,Strus,4.0,CLE,2023-24
Mobley,Mobley,4.0,CLE,2023-24
Garland,Jerome,4.0,CLE,2023-24
Bates,Garland,3.0,CLE,2023-24
Jerome,Okoro,2.0,CLE,2023-24
Jerome,Strus,2.0,CLE,2023-24
Nance,Okoro,2.0,CLE,2023-24
Nance,Wade,1.0,CLE,2023-24
Allen,Thompson,0.0,CLE,2023-24
LeVert,Nance,0.0,CLE,2023-24
Doncic,Jones Jr.,1317.0,DAL,2023-24
Doncic,Irving,1295.0,DAL,2023-24
Doncic,Hardaway Jr.,1256.0,DAL,2023-24
Doncic,Lively II,1068.0,DAL,2023-24
Doncic,Green,945.0,DAL,2023-24
Hardaway Jr.,Irving,937.0,DAL,2023-24
Irving,Jones Jr.,932.0,DAL,2023-24
Doncic,Williams,898.0,DAL,2023-24
Hardaway Jr.,Jones Jr.,793.0,DAL,2023-24
Green,Irving,776.0,DAL,2023-24
Irving,Washington,759.0,DAL,2023-24
Green,Hardaway Jr.,728.0,DAL,2023-24
Doncic,Washington,711.0,DAL,2023-24
Hardaway Jr.,Williams,683.0,DAL,2023-24
Doncic,Exum,667.0,DAL,2023-24
Doncic,Kleber,610.0,DAL,2023-24
Irving,Lively II,609.0,DAL,2023-24
Exum,Hardaway Jr.,600.0,DAL,2023-24
Hardaway Jr.,Lively II,595.0,DAL,2023-24
Jones Jr.,Lively II,571.0,DAL,2023-24
Hardaway Jr.,Kleber,559.0,DAL,2023-24
Jones Jr.,Williams,543.0,DAL,2023-24
Irving,Kleber,542.0,DAL,2023-24
Hardaway Jr.,Powell,538.0,DAL,2023-24
Lively II,Williams,522.0,DAL,2023-24
Green,Lively II,520.0,DAL,2023-24
Green,Williams,495.0,DAL,2023-24
Gafford,Irving,488.0,DAL,2023-24
Irving,Williams,482.0,DAL,2023-24
Gafford,Washington,482.0,DAL,2023-24
Green,Jones Jr.,457.0,DAL,2023-24
Hardaway Jr.,Hardy,421.0,DAL,2023-24
Doncic,Gafford,420.0,DAL,2023-24
Exum,Irving,403.0,DAL,2023-24
Exum,Jones Jr.,392.0,DAL,2023-24
Exum,Lively II,388.0,DAL,2023-24
Doncic,Powell,380.0,DAL,2023-24
Jones Jr.,Washington,376.0,DAL,2023-24
Gafford,Jones Jr.,371.0,DAL,2023-24
Green,Kleber,370.0,DAL,2023-24
Green,Powell,370.0,DAL,2023-24
Irving,Powell,356.0,DAL,2023-24
Hardy,Williams,349.0,DAL,2023-24
Doncic,Hardy,340.0,DAL,2023-24
Jones Jr.,Powell,338.0,DAL,2023-24
Hardaway Jr.,Washington,327.0,DAL,2023-24
Powell,Williams,311.0,DAL,2023-24
Hardy,Powell,306.0,DAL,2023-24
Hardy,Jones Jr.,289.0,DAL,2023-24
Green,Hardy,286.0,DAL,2023-24
Hardy,Irving,269.0,DAL,2023-24
Exum,Washington,267.0,DAL,2023-24
Gafford,Hardaway Jr.,263.0,DAL,2023-24
Jones Jr.,Kleber,262.0,DAL,2023-24
Curry,Hardaway Jr.,242.0,DAL,2023-24
Green,Washington,242.0,DAL,2023-24
Exum,Williams,242.0,DAL,2023-24
Exum,Kleber,224.0,DAL,2023-24
Kleber,Washington,218.0,DAL,2023-24
Hardy,Lively II,211.0,DAL,2023-24
Hardy,Prosper,211.0,DAL,2023-24
Lively II,Washington,202.0,DAL,2023-24
Hardy,Lawson,197.0,DAL,2023-24
Exum,Green,195.0,DAL,2023-24
Curry,Doncic,195.0,DAL,2023-24
Kleber,Lively II,183.0,DAL,2023-24
Exum,Hardy,183.0,DAL,2023-24
Exum,Powell,180.0,DAL,2023-24
Curry,Williams,177.0,DAL,2023-24
Curry,Jones Jr.,172.0,DAL,2023-24
Exum,Gafford,165.0,DAL,2023-24
Lawson,Prosper,159.0,DAL,2023-24
Curry,Lively II,143.0,DAL,2023-24
Hardy,Kleber,141.0,DAL,2023-24
Curry,Green,140.0,DAL,2023-24
Curry,Powell,129.0,DAL,2023-24
Lawson,Williams,128.0,DAL,2023-24
Hardy,Holmes,126.0,DAL,2023-24
Prosper,Williams,125.0,DAL,2023-24
Hardy,Morris,123.0,DAL,2023-24
Powell,Prosper,110.0,DAL,2023-24
Kleber,Williams,107.0,DAL,2023-24
Gafford,Green,105.0,DAL,2023-24
Lawson,Powell,105.0,DAL,2023-24
Curry,Hardy,102.0,DAL,2023-24
Curry,Exum,100.0,DAL,2023-24
Holmes,Prosper,94.0,DAL,2023-24
Holmes,Williams,94.0,DAL,2023-24
Hardaway Jr.,Holmes,90.0,DAL,2023-24
Hardaway Jr.,Morris,89.0,DAL,2023-24
Green,Holmes,89.0,DAL,2023-24
Gafford,Hardy,86.0,DAL,2023-24
Hardy,Washington,83.0,DAL,2023-24
Lawson,Morris,80.0,DAL,2023-24
Curry,Prosper,78.0,DAL,2023-24
Doncic,Holmes,76.0,DAL,2023-24
Morris,Williams,75.0,DAL,2023-24
Hardaway Jr.,Prosper,71.0,DAL,2023-24
Hardaway Jr.,Lawson,70.0,DAL,2023-24
Green,Prosper,68.0,DAL,2023-24
Morris,Prosper,66.0,DAL,2023-24
Gafford,Kleber,66.0,DAL,2023-24
Doncic,Morris,62.0,DAL,2023-24
Doncic,Lawson,61.0,DAL,2023-24
Exum,Prosper,61.0,DAL,2023-24
Curry,Irving,59.0,DAL,2023-24
Exum,Holmes,57.0,DAL,2023-24
Exum,Morris,56.0,DAL,2023-24
Holmes,Lawson,55.0,DAL,2023-24
Doncic,Prosper,52.0,DAL,2023-24
Holmes,Irving,51.0,DAL,2023-24
Kleber,Powell,50.0,DAL,2023-24
Holmes,Jones Jr.,50.0,DAL,2023-24
Jones Jr.,Morris,49.0,DAL,2023-24
Curry,Kleber,47.0,DAL,2023-24
Curry,Morris,45.0,DAL,2023-24
Curry,Lawson,45.0,DAL,2023-24
Green,Lawson,43.0,DAL,2023-24
Green,Morris,43.0,DAL,2023-24
Brown III,Lawson,40.0,DAL,2023-24
Lawson,Lively II,40.0,DAL,2023-24
Curry,Holmes,39.0,DAL,2023-24
Morris,Powell,38.0,DAL,2023-24
Brown III,Prosper,36.0,DAL,2023-24
Exum,Lawson,36.0,DAL,2023-24
Brown III,Hardy,31.0,DAL,2023-24
Jones Jr.,Prosper,27.0,DAL,2023-24
Lively II,Prosper,27.0,DAL,2023-24
Dennis,Prosper,27.0,DAL,2023-24
Dennis,Lawson,26.0,DAL,2023-24
Jones Jr.,Lawson,25.0,DAL,2023-24
Lively II,Morris,25.0,DAL,2023-24
Irving,Lawson,25.0,DAL,2023-24
Dennis,Holmes,23.0,DAL,2023-24
Irving,Prosper,23.0,DAL,2023-24
Holmes,Morris,21.0,DAL,2023-24
Irving,Morris,18.0,DAL,2023-24
Powell,Washington,17.0,DAL,2023-24
Fudge,Lawson,16.0,DAL,2023-24
Brown III,Holmes,16.0,DAL,2023-24
Dennis,Hardy,15.0,DAL,2023-24
Fudge,Hardy,15.0,DAL,2023-24
Fudge,Prosper,14.0,DAL,2023-24
Brown III,Dennis,14.0,DAL,2023-24
Fudge,Morris,13.0,DAL,2023-24
Brown III,Williams,12.0,DAL,2023-24
Fudge,Williams,11.0,DAL,2023-24
Kleber,Lawson,8.0,DAL,2023-24
Fudge,Powell,8.0,DAL,2023-24
Dennis,Williams,8.0,DAL,2023-24
Holmes,Kleber,7.0,DAL,2023-24
Gafford,Prosper,7.0,DAL,2023-24
Gafford,Lawson,7.0,DAL,2023-24
Kleber,Prosper,6.0,DAL,2023-24
Williams,Williams,5.0,DAL,2023-24
Brown III,Powell,4.0,DAL,2023-24
Fudge,Green,4.0,DAL,2023-24
Kleber,Morris,4.0,DAL,2023-24
Dennis,Doncic,3.0,DAL,2023-24
Fudge,Hardaway Jr.,3.0,DAL,2023-24
Brown III,Curry,3.0,DAL,2023-24
Brown III,Hardaway Jr.,3.0,DAL,2023-24
Lawson,Washington,2.0,DAL,2023-24
Prosper,Washington,2.0,DAL,2023-24
Brown III,Morris,1.0,DAL,2023-24
Caldwell-Pope,Jokic,2186.0,DEN,2023-24
Jokic,Porter Jr.,2127.0,DEN,2023-24
Gordon,Jokic,1999.0,DEN,2023-24
Caldwell-Pope,Porter Jr.,1987.0,DEN,2023-24
Gordon,Porter Jr.,1939.0,DEN,2023-24
Caldwell-Pope,Gordon,1853.0,DEN,2023-24
Jokic,Murray,1417.0,DEN,2023-24
Murray,Porter Jr.,1389.0,DEN,2023-24
Gordon,Murray,1274.0,DEN,2023-24
Caldwell-Pope,Murray,1231.0,DEN,2023-24
Braun,Watson,1062.0,DEN,2023-24
Jackson,Jokic,1021.0,DEN,2023-24
Jackson,Porter Jr.,965.0,DEN,2023-24
Braun,Jackson,944.0,DEN,2023-24
Jackson,Watson,897.0,DEN,2023-24
Caldwell-Pope,Jackson,892.0,DEN,2023-24
Gordon,Jackson,825.0,DEN,2023-24
Braun,Jokic,776.0,DEN,2023-24
Jokic,Watson,636.0,DEN,2023-24
Murray,Watson,607.0,DEN,2023-24
Braun,Murray,555.0,DEN,2023-24
Braun,Porter Jr.,539.0,DEN,2023-24
Braun,Caldwell-Pope,531.0,DEN,2023-24
Porter Jr.,Watson,483.0,DEN,2023-24
Braun,Gordon,473.0,DEN,2023-24
Braun,Nnaji,456.0,DEN,2023-24
Caldwell-Pope,Watson,425.0,DEN,2023-24
Holiday,Jackson,422.0,DEN,2023-24
Holiday,Jokic,422.0,DEN,2023-24
Holiday,Watson,422.0,DEN,2023-24
Nnaji,Watson,420.0,DEN,2023-24
Braun,Holiday,418.0,DEN,2023-24
Braun,Strawther,371.0,DEN,2023-24
Jackson,Nnaji,345.0,DEN,2023-24
Strawther,Watson,334.0,DEN,2023-24
Holiday,Porter Jr.,309.0,DEN,2023-24
Jackson,Jordan,303.0,DEN,2023-24
Jackson,Strawther,302.0,DEN,2023-24
Braun,Jordan,294.0,DEN,2023-24
Jackson,Murray,290.0,DEN,2023-24
Jordan,Watson,286.0,DEN,2023-24
Gordon,Holiday,262.0,DEN,2023-24
Holiday,Murray,257.0,DEN,2023-24
Gordon,Watson,237.0,DEN,2023-24
Holiday,Nnaji,215.0,DEN,2023-24
Nnaji,Strawther,204.0,DEN,2023-24
Murray,Nnaji,204.0,DEN,2023-24
Caldwell-Pope,Holiday,185.0,DEN,2023-24
Holiday,Strawther,155.0,DEN,2023-24
Jordan,Murray,150.0,DEN,2023-24
Nnaji,Porter Jr.,145.0,DEN,2023-24
Jokic,Strawther,145.0,DEN,2023-24
Jordan,Porter Jr.,144.0,DEN,2023-24
Jordan,Strawther,141.0,DEN,2023-24
Gillespie,Jokic,137.0,DEN,2023-24
Holiday,Jordan,137.0,DEN,2023-24
Braun,Gillespie,104.0,DEN,2023-24
Porter Jr.,Strawther,102.0,DEN,2023-24
Gordon,Strawther,100.0,DEN,2023-24
Caldwell-Pope,Gillespie,99.0,DEN,2023-24
Gillespie,Gordon,99.0,DEN,2023-24
Gillespie,Porter Jr.,94.0,DEN,2023-24
Gillespie,Watson,91.0,DEN,2023-24
Gillespie,Holiday,78.0,DEN,2023-24
Caldwell-Pope,Strawther,69.0,DEN,2023-24
Caldwell-Pope,Jordan,68.0,DEN,2023-24
Pickett,Strawther,64.0,DEN,2023-24
Murray,Strawther,57.0,DEN,2023-24
Braun,Pickett,56.0,DEN,2023-24
Gillespie,Strawther,56.0,DEN,2023-24
Nnaji,Pickett,53.0,DEN,2023-24
Gillespie,Nnaji,51.0,DEN,2023-24
Holiday,Pickett,48.0,DEN,2023-24
Pickett,Tyson,42.0,DEN,2023-24
Caldwell-Pope,Nnaji,42.0,DEN,2023-24
Key,Nnaji,40.0,DEN,2023-24
Holiday,Huff,40.0,DEN,2023-24
Key,Strawther,38.0,DEN,2023-24
Gordon,Jordan,38.0,DEN,2023-24
Gordon,Nnaji,38.0,DEN,2023-24
Jokic,Pickett,35.0,DEN,2023-24
Gordon,Pickett,35.0,DEN,2023-24
Key,Pickett,33.0,DEN,2023-24
Huff,Pickett,31.0,DEN,2023-24
Holiday,Key,30.0,DEN,2023-24
Huff,Strawther,30.0,DEN,2023-24
Strawther,Tyson,28.0,DEN,2023-24
Holiday,Tyson,28.0,DEN,2023-24
Gillespie,Key,26.0,DEN,2023-24
Huff,Tyson,26.0,DEN,2023-24
Caldwell-Pope,Pickett,26.0,DEN,2023-24
Huff,Nnaji,25.0,DEN,2023-24
Braun,Key,24.0,DEN,2023-24
Pickett,Watson,24.0,DEN,2023-24
Jokic,Nnaji,23.0,DEN,2023-24
Huff,Key,20.0,DEN,2023-24
Gillespie,Huff,20.0,DEN,2023-24
Key,Tyson,18.0,DEN,2023-24
Nnaji,Tyson,18.0,DEN,2023-24
Gillespie,Tyson,16.0,DEN,2023-24
Pickett,Porter Jr.,16.0,DEN,2023-24
Gillespie,Jordan,14.0,DEN,2023-24
Gillespie,Pickett,14.0,DEN,2023-24
Jackson,Key,8.0,DEN,2023-24
Jordan,Nnaji,5.0,DEN,2023-24
Jackson,Pickett,4.0,DEN,2023-24
Huff,Jackson,4.0,DEN,2023-24
Braun,Tyson,4.0,DEN,2023-24
Tyson,Watson,3.0,DEN,2023-24
Jordan,Pickett,3.0,DEN,2023-24
Jordan,Tyson,3.0,DEN,2023-24
Key,Watson,3.0,DEN,2023-24
Jordan,Key,2.0,DEN,2023-24
Huff,Watson,2.0,DEN,2023-24
Jackson,Tyson,1.0,DEN,2023-24
Gillespie,Jackson,1.0,DEN,2023-24
Key,Murray,1.0,DEN,2023-24
Key,Porter Jr.,1.0,DEN,2023-24
Braun,Huff,1.0,DEN,2023-24
Caldwell-Pope,Huff,1.0,DEN,2023-24
Caldwell-Pope,Tyson,1.0,DEN,2023-24
Caldwell-Pope,Key,0.0,DEN,2023-24
Jokic,Jordan,0.0,DEN,2023-24
Duren,Ivey,1223.0,DET,2023-24
Cunningham,Ivey,1192.0,DET,2023-24
Cunningham,Duren,1187.0,DET,2023-24
Cunningham,Stewart,1040.0,DET,2023-24
Cunningham,Thompson,974.0,DET,2023-24
Ivey,Stewart,737.0,DET,2023-24
Duren,Stewart,719.0,DET,2023-24
Stewart,Thompson,715.0,DET,2023-24
Ivey,Thompson,680.0,DET,2023-24
Duren,Thompson,633.0,DET,2023-24
Bogdanovic,Ivey,626.0,DET,2023-24
Bogdanovic,Cunningham,570.0,DET,2023-24
Ivey,Sasser,544.0,DET,2023-24
Sasser,Wiseman,528.0,DET,2023-24
Hayes,Stewart,515.0,DET,2023-24
Bogdanovic,Duren,514.0,DET,2023-24
Ivey,Wiseman,457.0,DET,2023-24
Duren,Hayes,455.0,DET,2023-24
Hayes,Thompson,450.0,DET,2023-24
Cunningham,Hayes,428.0,DET,2023-24
Burks,Thompson,394.0,DET,2023-24
Sasser,Thompson,374.0,DET,2023-24
Hayes,Ivey,353.0,DET,2023-24
Burks,Ivey,330.0,DET,2023-24
Fournier,Wiseman,329.0,DET,2023-24
Duren,Sasser,328.0,DET,2023-24
Cunningham,Fontecchio,326.0,DET,2023-24
Bogdanovic,Hayes,319.0,DET,2023-24
Burks,Sasser,306.0,DET,2023-24
Bogdanovic,Stewart,300.0,DET,2023-24
Bagley III,Cunningham,295.0,DET,2023-24
Duren,Fontecchio,295.0,DET,2023-24
Fontecchio,Ivey,295.0,DET,2023-24
Thompson,Wiseman,290.0,DET,2023-24
Cunningham,Sasser,288.0,DET,2023-24
Ivey,Knox II,284.0,DET,2023-24
Burks,Duren,275.0,DET,2023-24
Burks,Cunningham,269.0,DET,2023-24
Sasser,Stewart,257.0,DET,2023-24
Burks,Wiseman,252.0,DET,2023-24
Bogdanovic,Thompson,238.0,DET,2023-24
Bagley III,Thompson,238.0,DET,2023-24
Fournier,Sasser,233.0,DET,2023-24
Brown Jr.,Sasser,233.0,DET,2023-24
Metu,Sasser,232.0,DET,2023-24
Cunningham,Wiseman,227.0,DET,2023-24
Burks,Hayes,225.0,DET,2023-24
Knox II,Thompson,223.0,DET,2023-24
Burks,Knox II,221.0,DET,2023-24
Duren,Knox II,221.0,DET,2023-24
Cunningham,Knox II,221.0,DET,2023-24
Bagley III,Stewart,220.0,DET,2023-24
Ivey,Livers,217.0,DET,2023-24
Bogdanovic,Burks,217.0,DET,2023-24
Brown Jr.,Wiseman,213.0,DET,2023-24
Cunningham,Livers,213.0,DET,2023-24
Brown Jr.,Ivey,207.0,DET,2023-24
Burks,Stewart,205.0,DET,2023-24
Flynn,Wiseman,203.0,DET,2023-24
Fontecchio,Thompson,199.0,DET,2023-24
Ivey,Metu,199.0,DET,2023-24
Bagley III,Hayes,197.0,DET,2023-24
Bagley III,Sasser,196.0,DET,2023-24
Bogdanovic,Knox II,196.0,DET,2023-24
Metu,Wiseman,192.0,DET,2023-24
Duren,Livers,186.0,DET,2023-24
Evbuomwan,Ivey,185.0,DET,2023-24
Fontecchio,Stewart,181.0,DET,2023-24
Hayes,Livers,180.0,DET,2023-24
Sasser,Umude,179.0,DET,2023-24
Bagley III,Ivey,178.0,DET,2023-24
Flynn,Fournier,177.0,DET,2023-24
Burks,Livers,167.0,DET,2023-24
Hayes,Wiseman,166.0,DET,2023-24
Bogdanovic,Livers,165.0,DET,2023-24
Hayes,Sasser,163.0,DET,2023-24
Hayes,Knox II,156.0,DET,2023-24
Fournier,Metu,152.0,DET,2023-24
Livers,Thompson,143.0,DET,2023-24
Brown Jr.,Metu,142.0,DET,2023-24
Fontecchio,Wiseman,141.0,DET,2023-24
Fournier,Ivey,140.0,DET,2023-24
Knox II,Sasser,140.0,DET,2023-24
Brown Jr.,Fournier,136.0,DET,2023-24
Livers,Wiseman,133.0,DET,2023-24
Ivey,Umude,130.0,DET,2023-24
Fontecchio,Fournier,130.0,DET,2023-24
Flynn,Metu,129.0,DET,2023-24
Knox II,Wiseman,129.0,DET,2023-24
Cunningham,Evbuomwan,127.0,DET,2023-24
Bogdanovic,Wiseman,126.0,DET,2023-24
Rhoden,Wiseman,124.0,DET,2023-24
Brown Jr.,Duren,124.0,DET,2023-24
Metu,Rhoden,123.0,DET,2023-24
Evbuomwan,Sasser,122.0,DET,2023-24
Rhoden,Sasser,121.0,DET,2023-24
Fontecchio,Sasser,121.0,DET,2023-24
Duren,Evbuomwan,121.0,DET,2023-24
Knox II,Stewart,115.0,DET,2023-24
Brown Jr.,Evbuomwan,115.0,DET,2023-24
Bagley III,Burks,114.0,DET,2023-24
Brown Jr.,Flynn,112.0,DET,2023-24
Flynn,Rhoden,111.0,DET,2023-24
Muscala,Thompson,108.0,DET,2023-24
Livers,Sasser,107.0,DET,2023-24
Evbuomwan,Wiseman,102.0,DET,2023-24
Cunningham,Umude,99.0,DET,2023-24
Fournier,Rhoden,98.0,DET,2023-24
Livers,Stewart,98.0,DET,2023-24
Umude,Wiseman,98.0,DET,2023-24
Harris,Sasser,97.0,DET,2023-24
Cunningham,Fournier,97.0,DET,2023-24
Bagley III,Bogdanovic,96.0,DET,2023-24
Harris,Ivey,90.0,DET,2023-24
Stewart,Wiseman,89.0,DET,2023-24
Duren,Metu,88.0,DET,2023-24
Duren,Fournier,85.0,DET,2023-24
Duren,Umude,84.0,DET,2023-24
Burks,Muscala,84.0,DET,2023-24
Evbuomwan,Metu,80.0,DET,2023-24
Ivey,Muscala,80.0,DET,2023-24
Bogdanovic,Sasser,75.0,DET,2023-24
Grimes,Wiseman,75.0,DET,2023-24
Muscala,Sasser,73.0,DET,2023-24
Evbuomwan,Fournier,71.0,DET,2023-24
Evbuomwan,Flynn,70.0,DET,2023-24
Fontecchio,Grimes,68.0,DET,2023-24
Brown Jr.,Cunningham,68.0,DET,2023-24
Bagley III,Umude,67.0,DET,2023-24
Burks,Gallinari,67.0,DET,2023-24
Fournier,Thompson,65.0,DET,2023-24
Duren,Muscala,65.0,DET,2023-24
Burks,Harris,65.0,DET,2023-24
Flynn,Ivey,64.0,DET,2023-24
Gallinari,Thompson,62.0,DET,2023-24
Ivey,Rhoden,61.0,DET,2023-24
Harris,Hayes,59.0,DET,2023-24
Flynn,Sasser,59.0,DET,2023-24
Cunningham,Metu,57.0,DET,2023-24
Fournier,Stewart,57.0,DET,2023-24
Hayes,Umude,57.0,DET,2023-24
Stewart,Umude,55.0,DET,2023-24
Morris,Thompson,54.0,DET,2023-24
Burks,Morris,53.0,DET,2023-24
Bagley III,Knox II,53.0,DET,2023-24
Bagley III,Harris,53.0,DET,2023-24
Brown Jr.,Rhoden,52.0,DET,2023-24
Fournier,Grimes,51.0,DET,2023-24
Milton,Sasser,50.0,DET,2023-24
Thompson,Umude,48.0,DET,2023-24
Cunningham,Harris,48.0,DET,2023-24
Gallinari,Sasser,48.0,DET,2023-24
Milton,Wiseman,47.0,DET,2023-24
Boeheim,Metu,47.0,DET,2023-24
Cunningham,Grimes,39.0,DET,2023-24
Fournier,Umude,39.0,DET,2023-24
Boeheim,Sasser,39.0,DET,2023-24
Boeheim,Flynn,37.0,DET,2023-24
Boeheim,Rhoden,37.0,DET,2023-24
Flynn,Grimes,36.0,DET,2023-24
Burks,Umude,36.0,DET,2023-24
Harris,Wiseman,35.0,DET,2023-24
Boeheim,Wiseman,35.0,DET,2023-24
Hayes,Muscala,35.0,DET,2023-24
Knox II,Livers,34.0,DET,2023-24
Harris,Thompson,33.0,DET,2023-24
Fournier,Milton,33.0,DET,2023-24
Bagley III,Livers,33.0,DET,2023-24
Brown Jr.,Fontecchio,31.0,DET,2023-24
Brown Jr.,Milton,31.0,DET,2023-24
Duren,Flynn,31.0,DET,2023-24
Duren,Harris,30.0,DET,2023-24
Gallinari,Ivey,29.0,DET,2023-24
Knox II,Morris,28.0,DET,2023-24
Gallinari,Morris,28.0,DET,2023-24
Cunningham,Muscala,27.0,DET,2023-24
Metu,Nowell,27.0,DET,2023-24
Duren,Grimes,26.0,DET,2023-24
Harris,Stewart,26.0,DET,2023-24
Knox II,Muscala,26.0,DET,2023-24
Morris,Muscala,26.0,DET,2023-24
Grimes,Sasser,26.0,DET,2023-24
Flynn,Fontecchio,25.0,DET,2023-24
Rhoden,Umude,25.0,DET,2023-24
Fontecchio,Umude,24.0,DET,2023-24
Flynn,Nowell,24.0,DET,2023-24
Boeheim,Evbuomwan,24.0,DET,2023-24
Grimes,Thompson,23.0,DET,2023-24
Evbuomwan,Umude,22.0,DET,2023-24
Livers,Umude,21.0,DET,2023-24
Nowell,Rhoden,21.0,DET,2023-24
Grimes,Ivey,21.0,DET,2023-24
Boeheim,Ivey,20.0,DET,2023-24
Bagley III,Rhoden,20.0,DET,2023-24
Nowell,Sasser,20.0,DET,2023-24
Gallinari,Muscala,20.0,DET,2023-24
Evbuomwan,Rhoden,19.0,DET,2023-24
Nowell,Wiseman,19.0,DET,2023-24
Flynn,Gibson,18.0,DET,2023-24
Bogdanovic,Muscala,18.0,DET,2023-24
Bogdanovic,Harris,18.0,DET,2023-24
Brown Jr.,Gibson,17.0,DET,2023-24
Boeheim,Brown Jr.,17.0,DET,2023-24
Milton,Thompson,16.0,DET,2023-24
Knox II,Umude,16.0,DET,2023-24
Hayes,Rhoden,15.0,DET,2023-24
Harris,Livers,15.0,DET,2023-24
Fournier,Gibson,15.0,DET,2023-24
Fontecchio,Milton,15.0,DET,2023-24
Fournier,Nowell,14.0,DET,2023-24
Gibson,Rhoden,14.0,DET,2023-24
Muscala,Stewart,14.0,DET,2023-24
Flynn,Thompson,14.0,DET,2023-24
Grimes,Stewart,13.0,DET,2023-24
Gibson,Sasser,13.0,DET,2023-24
Gallinari,Knox II,13.0,DET,2023-24
Morris,Sasser,13.0,DET,2023-24
Ivey,Nowell,12.0,DET,2023-24
Bogdanovic,Gallinari,12.0,DET,2023-24
Cunningham,Gallinari,11.0,DET,2023-24
Brown Jr.,Grimes,11.0,DET,2023-24
Gibson,Nowell,11.0,DET,2023-24
Brown Jr.,Nowell,11.0,DET,2023-24
Boeheim,Nowell,10.0,DET,2023-24
Fournier,Muscala,10.0,DET,2023-24
Gallinari,Stewart,9.0,DET,2023-24
Flynn,Milton,9.0,DET,2023-24
Gibson,Ivey,9.0,DET,2023-24
Duren,Gallinari,8.0,DET,2023-24
Rhoden,Stewart,8.0,DET,2023-24
Grimes,Umude,8.0,DET,2023-24
Cunningham,Rhoden,8.0,DET,2023-24
Gibson,Metu,8.0,DET,2023-24
Boeheim,Fournier,8.0,DET,2023-24
Duren,Rhoden,8.0,DET,2023-24
Muscala,Wiseman,8.0,DET,2023-24
Milton,Muscala,8.0,DET,2023-24
Evbuomwan,Grimes,7.0,DET,2023-24
Hayes,Morris,7.0,DET,2023-24
Brown Jr.,Muscala,7.0,DET,2023-24
Ivey,Milton,7.0,DET,2023-24
Evbuomwan,Milton,6.0,DET,2023-24
Morris,Stewart,6.0,DET,2023-24
Rhoden,Thompson,6.0,DET,2023-24
Ivey,Morris,6.0,DET,2023-24
Gibson,Umude,6.0,DET,2023-24
Duren,Gibson,6.0,DET,2023-24
Bogdanovic,Morris,6.0,DET,2023-24
Flynn,Umude,6.0,DET,2023-24
Gibson,Wiseman,5.0,DET,2023-24
Duren,Morris,5.0,DET,2023-24
Bagley III,Wiseman,5.0,DET,2023-24
Muscala,Umude,5.0,DET,2023-24
Gallinari,Harris,5.0,DET,2023-24
Duren,Nowell,5.0,DET,2023-24
Cunningham,Flynn,5.0,DET,2023-24
Fontecchio,Muscala,5.0,DET,2023-24
Brown Jr.,Thompson,4.0,DET,2023-24
Boeheim,Duren,4.0,DET,2023-24
Cunningham,Milton,4.0,DET,2023-24
Flynn,Muscala,4.0,DET,2023-24
Evbuomwan,Muscala,3.0,DET,2023-24
Brown Jr.,Stewart,3.0,DET,2023-24
Cazalon,Sasser,3.0,DET,2023-24
Cazalon,Umude,3.0,DET,2023-24
Bagley III,Cazalon,3.0,DET,2023-24
Cazalon,Rhoden,3.0,DET,2023-24
Evbuomwan,Nowell,2.0,DET,2023-24
Flynn,Stewart,2.0,DET,2023-24
Duren,Milton,2.0,DET,2023-24
Boeheim,Gibson,2.0,DET,2023-24
Brown Jr.,Umude,2.0,DET,2023-24
Muscala,Rhoden,2.0,DET,2023-24
Harris,Umude,2.0,DET,2023-24
Curry,Wiggins,1455.0,GSW,2023-24
Curry,Thompson,1420.0,GSW,2023-24
Curry,Green,1286.0,GSW,2023-24
Curry,Kuminga,1138.0,GSW,2023-24
Kuminga,Thompson,1079.0,GSW,2023-24
Kuminga,Podziemski,1058.0,GSW,2023-24
Thompson,Wiggins,1043.0,GSW,2023-24
Green,Wiggins,914.0,GSW,2023-24
Paul,Thompson,906.0,GSW,2023-24
Curry,Podziemski,904.0,GSW,2023-24
Podziemski,Thompson,881.0,GSW,2023-24
Green,Thompson,880.0,GSW,2023-24
Curry,Looney,854.0,GSW,2023-24
Looney,Thompson,821.0,GSW,2023-24
Podziemski,Wiggins,800.0,GSW,2023-24
Green,Kuminga,698.0,GSW,2023-24
Kuminga,Paul,688.0,GSW,2023-24
Kuminga,Wiggins,669.0,GSW,2023-24
Jackson-Davis,Thompson,629.0,GSW,2023-24
Looney,Wiggins,621.0,GSW,2023-24
Green,Podziemski,617.0,GSW,2023-24
Paul,Podziemski,617.0,GSW,2023-24
Curry,Paul,599.0,GSW,2023-24
Jackson-Davis,Paul,593.0,GSW,2023-24
Paul,Wiggins,589.0,GSW,2023-24
Jackson-Davis,Podziemski,574.0,GSW,2023-24
Podziemski,Saric,569.0,GSW,2023-24
Looney,Podziemski,547.0,GSW,2023-24
Curry,Moody,546.0,GSW,2023-24
Moody,Podziemski,543.0,GSW,2023-24
Paul,Saric,533.0,GSW,2023-24
Moody,Paul,519.0,GSW,2023-24
Saric,Thompson,497.0,GSW,2023-24
Jackson-Davis,Wiggins,479.0,GSW,2023-24
Saric,Wiggins,472.0,GSW,2023-24
Curry,Jackson-Davis,469.0,GSW,2023-24
Jackson-Davis,Kuminga,446.0,GSW,2023-24
Kuminga,Moody,442.0,GSW,2023-24
Kuminga,Saric,441.0,GSW,2023-24
Curry,Saric,434.0,GSW,2023-24
Kuminga,Looney,417.0,GSW,2023-24
Looney,Paul,402.0,GSW,2023-24
Curry,Payton II,397.0,GSW,2023-24
Moody,Saric,376.0,GSW,2023-24
Moody,Thompson,357.0,GSW,2023-24
Moody,Wiggins,337.0,GSW,2023-24
Green,Moody,332.0,GSW,2023-24
Jackson-Davis,Moody,324.0,GSW,2023-24
Paul,Payton II,317.0,GSW,2023-24
Looney,Moody,307.0,GSW,2023-24
Green,Paul,305.0,GSW,2023-24
Payton II,Thompson,290.0,GSW,2023-24
Jackson-Davis,Saric,243.0,GSW,2023-24
Kuminga,Payton II,241.0,GSW,2023-24
Green,Payton II,231.0,GSW,2023-24
Payton II,Podziemski,231.0,GSW,2023-24
Green,Jackson-Davis,224.0,GSW,2023-24
Green,Looney,217.0,GSW,2023-24
Moody,Payton II,209.0,GSW,2023-24
Payton II,Saric,206.0,GSW,2023-24
Podziemski,Quinones,200.0,GSW,2023-24
Joseph,Podziemski,195.0,GSW,2023-24
Joseph,Kuminga,188.0,GSW,2023-24
Kuminga,Quinones,187.0,GSW,2023-24
Looney,Saric,171.0,GSW,2023-24
Jackson-Davis,Payton II,169.0,GSW,2023-24
Looney,Payton II,165.0,GSW,2023-24
Payton II,Wiggins,153.0,GSW,2023-24
Quinones,Thompson,150.0,GSW,2023-24
Joseph,Thompson,138.0,GSW,2023-24
Looney,Quinones,136.0,GSW,2023-24
Joseph,Saric,135.0,GSW,2023-24
Jackson-Davis,Quinones,132.0,GSW,2023-24
Quinones,Santos,131.0,GSW,2023-24
Green,Saric,117.0,GSW,2023-24
Moody,Quinones,117.0,GSW,2023-24
Jackson-Davis,Joseph,115.0,GSW,2023-24
Quinones,Saric,102.0,GSW,2023-24
Podziemski,Santos,92.0,GSW,2023-24
Joseph,Moody,84.0,GSW,2023-24
Curry,Quinones,80.0,GSW,2023-24
Quinones,Robinson,72.0,GSW,2023-24
Moody,Santos,70.0,GSW,2023-24
Payton II,Quinones,56.0,GSW,2023-24
Jackson-Davis,Santos,56.0,GSW,2023-24
Green,Quinones,54.0,GSW,2023-24
Santos,Saric,53.0,GSW,2023-24
Robinson,Santos,53.0,GSW,2023-24
Joseph,Looney,52.0,GSW,2023-24
Kuminga,Santos,50.0,GSW,2023-24
Looney,Santos,50.0,GSW,2023-24
Joseph,Wiggins,49.0,GSW,2023-24
Green,Joseph,46.0,GSW,2023-24
Quinones,Wiggins,46.0,GSW,2023-24
Joseph,Quinones,44.0,GSW,2023-24
Jackson-Davis,Robinson,38.0,GSW,2023-24
Curry,Joseph,37.0,GSW,2023-24
Curry,Santos,36.0,GSW,2023-24
Paul,Quinones,36.0,GSW,2023-24
Joseph,Santos,34.0,GSW,2023-24
Moody,Robinson,31.0,GSW,2023-24
Santos,Thompson,29.0,GSW,2023-24
Quinones,Spencer,27.0,GSW,2023-24
Santos,Spencer,25.0,GSW,2023-24
Green,Santos,23.0,GSW,2023-24
Robinson,Saric,21.0,GSW,2023-24
Podziemski,Robinson,20.0,GSW,2023-24
Joseph,Robinson,19.0,GSW,2023-24
Santos,Wiggins,18.0,GSW,2023-24
Looney,Robinson,17.0,GSW,2023-24
Garuba,Santos,16.0,GSW,2023-24
Joseph,Payton II,15.0,GSW,2023-24
Paul,Santos,14.0,GSW,2023-24
Payton II,Robinson,14.0,GSW,2023-24
Payton II,Santos,14.0,GSW,2023-24
Garuba,Robinson,14.0,GSW,2023-24
Garuba,Quinones,14.0,GSW,2023-24
Kuminga,Robinson,12.0,GSW,2023-24
Garuba,Spencer,12.0,GSW,2023-24
Joseph,Paul,11.0,GSW,2023-24
Robinson,Spencer,10.0,GSW,2023-24
Kuminga,Spencer,10.0,GSW,2023-24
Saric,Spencer,10.0,GSW,2023-24
Garuba,Moody,8.0,GSW,2023-24
Garuba,Joseph,6.0,GSW,2023-24
Looney,Spencer,6.0,GSW,2023-24
Moody,Spencer,6.0,GSW,2023-24
Curry,Robinson,5.0,GSW,2023-24
Robinson,Wiggins,3.0,GSW,2023-24
Paul,Robinson,3.0,GSW,2023-24
Garuba,Jackson-Davis,2.0,GSW,2023-24
Jackson-Davis,Spencer,2.0,GSW,2023-24
Jackson-Davis,Looney,1.0,GSW,2023-24
Green,VanVleet,2683.0,HOU,2023-24
Green,Smith Jr.,2340.0,HOU,2023-24
Brooks,Green,2225.0,HOU,2023-24
Green,Sengun,1947.0,HOU,2023-24
Brooks,VanVleet,1783.0,HOU,2023-24
Smith Jr.,VanVleet,1769.0,HOU,2023-24
Sengun,VanVleet,1677.0,HOU,2023-24
Brooks,Smith Jr.,1491.0,HOU,2023-24
Brooks,Sengun,1393.0,HOU,2023-24
Sengun,Smith Jr.,1372.0,HOU,2023-24
Green,Thompson,1247.0,HOU,2023-24
Green,Holiday,1000.0,HOU,2023-24
Green,Tate,932.0,HOU,2023-24
Smith Jr.,Thompson,714.0,HOU,2023-24
Brooks,Thompson,652.0,HOU,2023-24
Thompson,VanVleet,631.0,HOU,2023-24
Green,Green,619.0,HOU,2023-24
Green,Landale,619.0,HOU,2023-24
Tate,VanVleet,618.0,HOU,2023-24
Green,Whitmore,611.0,HOU,2023-24
Thompson,Whitmore,543.0,HOU,2023-24
Holiday,Smith Jr.,533.0,HOU,2023-24
Sengun,Tate,489.0,HOU,2023-24
Holiday,Tate,457.0,HOU,2023-24
Holiday,Thompson,433.0,HOU,2023-24
Eason,Green,432.0,HOU,2023-24
Holiday,VanVleet,425.0,HOU,2023-24
Smith Jr.,Whitmore,407.0,HOU,2023-24
Smith Jr.,Tate,404.0,HOU,2023-24
Holiday,Sengun,404.0,HOU,2023-24
Landale,Thompson,383.0,HOU,2023-24
Holiday,Whitmore,382.0,HOU,2023-24
Landale,VanVleet,379.0,HOU,2023-24
Sengun,Thompson,376.0,HOU,2023-24
Brooks,Holiday,369.0,HOU,2023-24
VanVleet,Whitmore,349.0,HOU,2023-24
Holiday,Landale,338.0,HOU,2023-24
Bullock Jr.,Green,304.0,HOU,2023-24
Eason,VanVleet,300.0,HOU,2023-24
Landale,Whitmore,286.0,HOU,2023-24
Brooks,Landale,276.0,HOU,2023-24
Eason,Holiday,272.0,HOU,2023-24
Landale,Smith Jr.,260.0,HOU,2023-24
Sengun,Whitmore,253.0,HOU,2023-24
Tate,Thompson,247.0,HOU,2023-24
Brooks,Whitmore,227.0,HOU,2023-24
Eason,Tate,225.0,HOU,2023-24
Brooks,Tate,225.0,HOU,2023-24
Bullock Jr.,Holiday,220.0,HOU,2023-24
Eason,Sengun,208.0,HOU,2023-24
Eason,Smith Jr.,167.0,HOU,2023-24
Bullock Jr.,Smith Jr.,160.0,HOU,2023-24
Bullock Jr.,Landale,157.0,HOU,2023-24
Tate,Whitmore,152.0,HOU,2023-24
Landale,Tate,152.0,HOU,2023-24
Bullock Jr.,Tate,137.0,HOU,2023-24
Brooks,Eason,127.0,HOU,2023-24
Bullock Jr.,VanVleet,119.0,HOU,2023-24
Bullock Jr.,Whitmore,117.0,HOU,2023-24
Bullock Jr.,Thompson,117.0,HOU,2023-24
Brooks,Bullock Jr.,88.0,HOU,2023-24
Holiday,Williams,85.0,HOU,2023-24
Eason,Thompson,71.0,HOU,2023-24
Eason,Landale,59.0,HOU,2023-24
Whitmore,Williams,58.0,HOU,2023-24
Thompson,Williams,57.0,HOU,2023-24
Landale,Williams,51.0,HOU,2023-24
Bullock Jr.,Sengun,50.0,HOU,2023-24
Bullock Jr.,Williams,49.0,HOU,2023-24
Hinton,Samuels Jr.,47.0,HOU,2023-24
Bullock Jr.,Marjanovic,45.0,HOU,2023-24
Samuels Jr.,Whitmore,44.0,HOU,2023-24
Holiday,Marjanovic,38.0,HOU,2023-24
Hinton,Holiday,38.0,HOU,2023-24
Tate,Williams,37.0,HOU,2023-24
Hinton,Whitmore,36.0,HOU,2023-24
Holiday,Samuels Jr.,34.0,HOU,2023-24
Marjanovic,Williams,33.0,HOU,2023-24
Marjanovic,Thompson,33.0,HOU,2023-24
Bullock Jr.,Eason,33.0,HOU,2023-24
Marjanovic,Whitmore,31.0,HOU,2023-24
Green,Williams,30.0,HOU,2023-24
Bullock Jr.,Samuels Jr.,29.0,HOU,2023-24
Smith Jr.,Williams,29.0,HOU,2023-24
Landale,Samuels Jr.,28.0,HOU,2023-24
Brooks,Williams,27.0,HOU,2023-24
Hinton,Thompson,25.0,HOU,2023-24
Hinton,Landale,25.0,HOU,2023-24
Bullock Jr.,Hinton,23.0,HOU,2023-24
Landale,Marjanovic,22.0,HOU,2023-24
Hinton,Marjanovic,21.0,HOU,2023-24
Green,Hinton,19.0,HOU,2023-24
Samuels Jr.,Thompson,19.0,HOU,2023-24
Samuels Jr.,Williams,18.0,HOU,2023-24
Hinton,Williams,18.0,HOU,2023-24
Marjanovic,Samuels Jr.,17.0,HOU,2023-24
Hinton,Smith Jr.,16.0,HOU,2023-24
Marjanovic,Tate,13.0,HOU,2023-24
Eason,Whitmore,12.0,HOU,2023-24
Sengun,Williams,11.0,HOU,2023-24
Hinton,Sengun,11.0,HOU,2023-24
Green,Marjanovic,10.0,HOU,2023-24
Marjanovic,Smith Jr.,9.0,HOU,2023-24
Brooks,Hinton,8.0,HOU,2023-24
Hinton,Tate,4.0,HOU,2023-24
VanVleet,Williams,3.0,HOU,2023-24
Green,Samuels Jr.,3.0,HOU,2023-24
Marjanovic,VanVleet,3.0,HOU,2023-24
Eason,Williams,2.0,HOU,2023-24
Landale,Sengun,1.0,HOU,2023-24
Brooks,Marjanovic,1.0,HOU,2023-24
Samuels Jr.,Smith Jr.,1.0,HOU,2023-24
Hinton,VanVleet,1.0,HOU,2023-24
Haliburton,Turner,1584.0,IND,2023-24
Haliburton,Nesmith,1244.0,IND,2023-24
Nesmith,Turner,1227.0,IND,2023-24
Nembhard,Nesmith,1101.0,IND,2023-24
Haliburton,Nembhard,1067.0,IND,2023-24
Nembhard,Turner,1060.0,IND,2023-24
Nembhard,Siakam,959.0,IND,2023-24
Haliburton,Siakam,884.0,IND,2023-24
Haliburton,Toppin,880.0,IND,2023-24
Nesmith,Siakam,857.0,IND,2023-24
Siakam,Turner,835.0,IND,2023-24
McConnell,Toppin,758.0,IND,2023-24
Brown,Turner,745.0,IND,2023-24
Mathurin,Toppin,745.0,IND,2023-24
Toppin,Turner,724.0,IND,2023-24
Hield,Turner,701.0,IND,2023-24
Haliburton,Mathurin,699.0,IND,2023-24
Mathurin,Turner,682.0,IND,2023-24
Brown,Haliburton,670.0,IND,2023-24
Haliburton,Hield,645.0,IND,2023-24
Hield,Nesmith,619.0,IND,2023-24
Hield,Toppin,614.0,IND,2023-24
Mathurin,McConnell,599.0,IND,2023-24
Brown,Toppin,558.0,IND,2023-24
Hield,Mathurin,537.0,IND,2023-24
Mathurin,Nesmith,533.0,IND,2023-24
McConnell,Sheppard,524.0,IND,2023-24
McConnell,Smith,486.0,IND,2023-24
Nesmith,Smith,485.0,IND,2023-24
Nesmith,Toppin,478.0,IND,2023-24
Mathurin,Nembhard,469.0,IND,2023-24
McConnell,Nesmith,467.0,IND,2023-24
Sheppard,Toppin,465.0,IND,2023-24
Jackson,Mathurin,434.0,IND,2023-24
Smith,Toppin,427.0,IND,2023-24
Jackson,McConnell,424.0,IND,2023-24
Haliburton,Smith,419.0,IND,2023-24
Brown,Nesmith,418.0,IND,2023-24
Nembhard,Toppin,416.0,IND,2023-24
Nembhard,Smith,415.0,IND,2023-24
Brown,Hield,413.0,IND,2023-24
Hield,Nembhard,410.0,IND,2023-24
Brown,Mathurin,409.0,IND,2023-24
Mathurin,Smith,387.0,IND,2023-24
Jackson,Toppin,380.0,IND,2023-24
Hield,McConnell,370.0,IND,2023-24
Hield,Smith,363.0,IND,2023-24
Sheppard,Smith,339.0,IND,2023-24
McConnell,Turner,302.0,IND,2023-24
Jackson,Nesmith,294.0,IND,2023-24
Mathurin,Siakam,289.0,IND,2023-24
McConnell,Siakam,286.0,IND,2023-24
Hield,Jackson,268.0,IND,2023-24
Sheppard,Siakam,267.0,IND,2023-24
Haliburton,Jackson,260.0,IND,2023-24
Brown,Nembhard,250.0,IND,2023-24
Siakam,Smith,249.0,IND,2023-24
Jackson,Nembhard,224.0,IND,2023-24
Haliburton,McConnell,220.0,IND,2023-24
Jackson,Sheppard,216.0,IND,2023-24
Haliburton,Sheppard,202.0,IND,2023-24
Hield,Siakam,202.0,IND,2023-24
Sheppard,Walker,200.0,IND,2023-24
Brown,Smith,191.0,IND,2023-24
McConnell,Walker,186.0,IND,2023-24
Nembhard,Sheppard,181.0,IND,2023-24
Smith,Turner,175.0,IND,2023-24
Mathurin,Sheppard,169.0,IND,2023-24
Sheppard,Turner,162.0,IND,2023-24
Nesmith,Sheppard,157.0,IND,2023-24
McConnell,McDermott,154.0,IND,2023-24
Siakam,Toppin,151.0,IND,2023-24
McDermott,Toppin,140.0,IND,2023-24
Brown,Jackson,135.0,IND,2023-24
Brown,McConnell,134.0,IND,2023-24
Jackson,Walker,122.0,IND,2023-24
McDermott,Sheppard,119.0,IND,2023-24
McConnell,Nwora,112.0,IND,2023-24
Toppin,Walker,110.0,IND,2023-24
McConnell,Nembhard,109.0,IND,2023-24
Jackson,Siakam,107.0,IND,2023-24
Jackson,McDermott,99.0,IND,2023-24
Nwora,Sheppard,90.0,IND,2023-24
Smith,Walker,90.0,IND,2023-24
Nwora,Walker,83.0,IND,2023-24
Mathurin,Nwora,82.0,IND,2023-24
Jackson,Nwora,80.0,IND,2023-24
Hield,Sheppard,74.0,IND,2023-24
Brown,Walker,73.0,IND,2023-24
McDermott,Smith,71.0,IND,2023-24
Siakam,Walker,65.0,IND,2023-24
Mathurin,Walker,65.0,IND,2023-24
Turner,Walker,63.0,IND,2023-24
Nembhard,Walker,59.0,IND,2023-24
Hield,Nwora,57.0,IND,2023-24
Brown,Sheppard,54.0,IND,2023-24
Haliburton,Walker,48.0,IND,2023-24
McDermott,Siakam,48.0,IND,2023-24
Hield,Walker,45.0,IND,2023-24
Nesmith,Walker,43.0,IND,2023-24
Jackson,Smith,41.0,IND,2023-24
Nwora,Toppin,36.0,IND,2023-24
Haliburton,McDermott,34.0,IND,2023-24
Sheppard,Tshiebwe,34.0,IND,2023-24
McDermott,Walker,33.0,IND,2023-24
Tshiebwe,Walker,32.0,IND,2023-24
Brown,Nwora,32.0,IND,2023-24
Johnson,Walker,31.0,IND,2023-24
Jackson,Johnson,28.0,IND,2023-24
Brown,Tshiebwe,28.0,IND,2023-24
Nwora,Tshiebwe,28.0,IND,2023-24
Nwora,Turner,26.0,IND,2023-24
Nwora,Smith,26.0,IND,2023-24
McDermott,Nembhard,25.0,IND,2023-24
Nesmith,Nwora,25.0,IND,2023-24
Brown,McDermott,25.0,IND,2023-24
Johnson,Nwora,25.0,IND,2023-24
Haliburton,Nwora,24.0,IND,2023-24
Johnson,Mathurin,21.0,IND,2023-24
Johnson,McConnell,19.0,IND,2023-24
Nembhard,Nwora,18.0,IND,2023-24
Brown,Johnson,17.0,IND,2023-24
McDermott,Nesmith,16.0,IND,2023-24
Johnson,Sheppard,15.0,IND,2023-24
McDermott,Turner,13.0,IND,2023-24
Nembhard,Tshiebwe,12.0,IND,2023-24
Mathurin,McDermott,12.0,IND,2023-24
Johnson,McDermott,12.0,IND,2023-24
Jackson,Tshiebwe,9.0,IND,2023-24
Hield,Johnson,7.0,IND,2023-24
Johnson,Nembhard,7.0,IND,2023-24
McConnell,Tshiebwe,6.0,IND,2023-24
Mathurin,Tshiebwe,6.0,IND,2023-24
Mathurin,Theis,6.0,IND,2023-24
Hield,Theis,6.0,IND,2023-24
Haliburton,Theis,6.0,IND,2023-24
Theis,Turner,5.0,IND,2023-24
Jackson,Turner,4.0,IND,2023-24
McDermott,Wong,4.0,IND,2023-24
Walker,Wong,4.0,IND,2023-24
Jackson,Wong,4.0,IND,2023-24
Brown,Wong,4.0,IND,2023-24
Brown,Theis,4.0,IND,2023-24
Johnson,Tshiebwe,3.0,IND,2023-24
Haliburton,Johnson,3.0,IND,2023-24
Jackson,Theis,3.0,IND,2023-24
Haliburton,Tshiebwe,3.0,IND,2023-24
McDermott,Tshiebwe,3.0,IND,2023-24
Nembhard,Theis,2.0,IND,2023-24
Jackson,Jackson,2.0,IND,2023-24
Toppin,Tshiebwe,2.0,IND,2023-24
Siakam,Tshiebwe,1.0,IND,2023-24
Hield,Tshiebwe,1.0,IND,2023-24
George,Harden,1777.0,LAC,2023-24
George,Leonard,1635.0,LAC,2023-24
Harden,Leonard,1616.0,LAC,2023-24
George,Zubac,1495.0,LAC,2023-24
Harden,Mann,1420.0,LAC,2023-24
Harden,Zubac,1366.0,LAC,2023-24
George,Mann,1349.0,LAC,2023-24
Leonard,Zubac,1303.0,LAC,2023-24
Leonard,Mann,1273.0,LAC,2023-24
Mann,Zubac,1106.0,LAC,2023-24
Harden,Powell,1102.0,LAC,2023-24
Powell,Westbrook,1064.0,LAC,2023-24
George,Powell,1016.0,LAC,2023-24
Leonard,Powell,927.0,LAC,2023-24
Coffey,Powell,883.0,LAC,2023-24
George,Westbrook,856.0,LAC,2023-24
Leonard,Westbrook,814.0,LAC,2023-24
Coffey,Harden,745.0,LAC,2023-24
Powell,Theis,715.0,LAC,2023-24
Harden,Westbrook,639.0,LAC,2023-24
Powell,Zubac,633.0,LAC,2023-24
Coffey,Westbrook,580.0,LAC,2023-24
Coffey,George,558.0,LAC,2023-24
Coffey,Theis,523.0,LAC,2023-24
Theis,Westbrook,521.0,LAC,2023-24
Coffey,Leonard,520.0,LAC,2023-24
Harden,Theis,507.0,LAC,2023-24
Mann,Powell,493.0,LAC,2023-24
Westbrook,Zubac,485.0,LAC,2023-24
Coffey,Mann,448.0,LAC,2023-24
Leonard,Theis,406.0,LAC,2023-24
George,Theis,405.0,LAC,2023-24
Coffey,Zubac,373.0,LAC,2023-24
Plumlee,Powell,345.0,LAC,2023-24
Mann,Westbrook,329.0,LAC,2023-24
Leonard,Plumlee,323.0,LAC,2023-24
Harden,Plumlee,322.0,LAC,2023-24
George,Plumlee,313.0,LAC,2023-24
Coffey,Plumlee,312.0,LAC,2023-24
Mann,Theis,272.0,LAC,2023-24
Mann,Plumlee,259.0,LAC,2023-24
Plumlee,Westbrook,258.0,LAC,2023-24
Coffey,Hyland,250.0,LAC,2023-24
Hyland,Powell,240.0,LAC,2023-24
George,Tucker,233.0,LAC,2023-24
Brown,Theis,203.0,LAC,2023-24
Boston Jr.,Coffey,201.0,LAC,2023-24
George,Hyland,200.0,LAC,2023-24
Hyland,Leonard,196.0,LAC,2023-24
Powell,Tucker,195.0,LAC,2023-24
Harden,Tucker,183.0,LAC,2023-24
Boston Jr.,Brown,180.0,LAC,2023-24
Brown,Coffey,176.0,LAC,2023-24
Hyland,Plumlee,173.0,LAC,2023-24
Boston Jr.,Theis,169.0,LAC,2023-24
Tucker,Westbrook,159.0,LAC,2023-24
Hyland,Zubac,154.0,LAC,2023-24
Brown,Powell,151.0,LAC,2023-24
Boston Jr.,Hyland,149.0,LAC,2023-24
Tucker,Zubac,146.0,LAC,2023-24
Hyland,Theis,143.0,LAC,2023-24
Mann,Tucker,136.0,LAC,2023-24
Brown,Westbrook,136.0,LAC,2023-24
Brown,Hyland,133.0,LAC,2023-24
Leonard,Tucker,129.0,LAC,2023-24
Hyland,Mann,126.0,LAC,2023-24
Coffey,Tucker,125.0,LAC,2023-24
Theis,Tucker,115.0,LAC,2023-24
Brown,Mann,109.0,LAC,2023-24
Boston Jr.,Plumlee,105.0,LAC,2023-24
Hyland,Westbrook,102.0,LAC,2023-24
Hyland,Tucker,97.0,LAC,2023-24
Brown,Moon,94.0,LAC,2023-24
Boston Jr.,Moon,93.0,LAC,2023-24
Boston Jr.,Mann,89.0,LAC,2023-24
Brown,Plumlee,85.0,LAC,2023-24
Boston Jr.,Powell,79.0,LAC,2023-24
Coffey,Moon,74.0,LAC,2023-24
Boston Jr.,Harden,73.0,LAC,2023-24
Plumlee,Tucker,69.0,LAC,2023-24
Brown,Harden,69.0,LAC,2023-24
Brown,George,67.0,LAC,2023-24
Covington,Leonard,66.0,LAC,2023-24
Covington,George,64.0,LAC,2023-24
Boston Jr.,Tucker,63.0,LAC,2023-24
Covington,Westbrook,62.0,LAC,2023-24
Moon,Plumlee,60.0,LAC,2023-24
Boston Jr.,Westbrook,59.0,LAC,2023-24
Covington,Zubac,58.0,LAC,2023-24
Harden,Hyland,51.0,LAC,2023-24
Moon,Theis,51.0,LAC,2023-24
Batum,Powell,47.0,LAC,2023-24
Coffey,Diabate,42.0,LAC,2023-24
Brown,Diabate,42.0,LAC,2023-24
Hyland,Moon,39.0,LAC,2023-24
Brown,Leonard,39.0,LAC,2023-24
Diabate,Hyland,37.0,LAC,2023-24
Batum,Hyland,36.0,LAC,2023-24
Batum,Plumlee,35.0,LAC,2023-24
Mann,Moon,35.0,LAC,2023-24
Boston Jr.,Zubac,34.0,LAC,2023-24
Brown,Zubac,31.0,LAC,2023-24
Batum,Westbrook,29.0,LAC,2023-24
Diabate,Mann,29.0,LAC,2023-24
Brown,Miller,28.0,LAC,2023-24
Boston Jr.,George,26.0,LAC,2023-24
Diabate,Powell,25.0,LAC,2023-24
Boston Jr.,Leonard,25.0,LAC,2023-24
Hyland,Martin,25.0,LAC,2023-24
Martin,Plumlee,23.0,LAC,2023-24
Martin,Powell,23.0,LAC,2023-24
Batum,Martin,21.0,LAC,2023-24
Boston Jr.,Miller,21.0,LAC,2023-24
Batum,George,20.0,LAC,2023-24
Moon,Tucker,18.0,LAC,2023-24
Batum,Leonard,18.0,LAC,2023-24
Coffey,Miller,16.0,LAC,2023-24
Diabate,Leonard,14.0,LAC,2023-24
Diabate,Harden,13.0,LAC,2023-24
Miller,Moon,12.0,LAC,2023-24
Boston Jr.,Primo,10.0,LAC,2023-24
Plumlee,Theis,10.0,LAC,2023-24
Brown,Martin,10.0,LAC,2023-24
Coffey,Martin,10.0,LAC,2023-24
Brown,Primo,10.0,LAC,2023-24
Brown,Tucker,9.0,LAC,2023-24
Diabate,Martin,9.0,LAC,2023-24
Batum,Covington,8.0,LAC,2023-24
Diabate,Westbrook,8.0,LAC,2023-24
Boston Jr.,Diabate,8.0,LAC,2023-24
Covington,Hyland,8.0,LAC,2023-24
Mann,Miller,7.0,LAC,2023-24
Miller,Plumlee,7.0,LAC,2023-24
Diabate,Tucker,7.0,LAC,2023-24
Diabate,Miller,7.0,LAC,2023-24
Diabate,George,6.0,LAC,2023-24
Hyland,Primo,5.0,LAC,2023-24
Miller,Primo,5.0,LAC,2023-24
Moon,Primo,5.0,LAC,2023-24
Diabate,Primo,5.0,LAC,2023-24
Covington,Plumlee,5.0,LAC,2023-24
Covington,Powell,5.0,LAC,2023-24
Martin,Miller,4.0,LAC,2023-24
Miller,Powell,3.0,LAC,2023-24
Martin,Westbrook,3.0,LAC,2023-24
Batum,Zubac,2.0,LAC,2023-24
Miller,Zubac,2.0,LAC,2023-24
Moon,Powell,2.0,LAC,2023-24
Harden,Moon,1.0,LAC,2023-24
Leonard,Miller,0.0,LAC,2023-24
Davis,Reaves,1994.0,LAL,2023-24
Davis,Russell,1785.0,LAL,2023-24
Davis,James,1728.0,LAL,2023-24
James,Reaves,1710.0,LAL,2023-24
James,Russell,1610.0,LAL,2023-24
Davis,Prince,1504.0,LAL,2023-24
Hachimura,Reaves,1416.0,LAL,2023-24
Reaves,Russell,1401.0,LAL,2023-24
Prince,Russell,1322.0,LAL,2023-24
James,Prince,1294.0,LAL,2023-24
Prince,Reaves,1240.0,LAL,2023-24
Davis,Hachimura,1190.0,LAL,2023-24
Hachimura,Russell,1118.0,LAL,2023-24
Hachimura,James,1033.0,LAL,2023-24
Davis,Reddish,722.0,LAL,2023-24
Hachimura,Prince,610.0,LAL,2023-24
James,Reddish,602.0,LAL,2023-24
Reddish,Russell,531.0,LAL,2023-24
Reaves,Wood,525.0,LAL,2023-24
Reaves,Reddish,521.0,LAL,2023-24
Prince,Reddish,518.0,LAL,2023-24
Hayes,Russell,497.0,LAL,2023-24
Christie,Davis,475.0,LAL,2023-24
Hayes,Prince,470.0,LAL,2023-24
Hayes,James,464.0,LAL,2023-24
Davis,Dinwiddie,445.0,LAL,2023-24
Christie,Russell,436.0,LAL,2023-24
Hayes,Reaves,429.0,LAL,2023-24
Dinwiddie,Reaves,424.0,LAL,2023-24
Christie,Reaves,413.0,LAL,2023-24
Christie,James,410.0,LAL,2023-24
James,Wood,408.0,LAL,2023-24
Russell,Wood,395.0,LAL,2023-24
Christie,Prince,391.0,LAL,2023-24
Dinwiddie,Russell,382.0,LAL,2023-24
Dinwiddie,Hachimura,360.0,LAL,2023-24
Davis,Wood,358.0,LAL,2023-24
Hachimura,Hayes,356.0,LAL,2023-24
Davis,Vanderbilt,355.0,LAL,2023-24
Prince,Wood,346.0,LAL,2023-24
Christie,Wood,343.0,LAL,2023-24
Dinwiddie,Prince,333.0,LAL,2023-24
Reaves,Vanderbilt,323.0,LAL,2023-24
Christie,Hayes,318.0,LAL,2023-24
Hachimura,Reddish,306.0,LAL,2023-24
James,Vanderbilt,305.0,LAL,2023-24
Russell,Vanderbilt,290.0,LAL,2023-24
Hachimura,Wood,290.0,LAL,2023-24
Dinwiddie,James,288.0,LAL,2023-24
Christie,Hachimura,275.0,LAL,2023-24
Prince,Vanderbilt,232.0,LAL,2023-24
Hachimura,Vanderbilt,218.0,LAL,2023-24
Christie,Vanderbilt,213.0,LAL,2023-24
Vanderbilt,Wood,206.0,LAL,2023-24
Dinwiddie,Hayes,201.0,LAL,2023-24
Hayes,Wood,192.0,LAL,2023-24
Reddish,Wood,167.0,LAL,2023-24
Hayes,Reddish,150.0,LAL,2023-24
Russell,Vincent,137.0,LAL,2023-24
James,Vincent,133.0,LAL,2023-24
Davis,Vincent,126.0,LAL,2023-24
Christie,Reddish,125.0,LAL,2023-24
Prince,Vincent,112.0,LAL,2023-24
Christie,Dinwiddie,103.0,LAL,2023-24
Reddish,Vanderbilt,95.0,LAL,2023-24
Davis,Hayes,90.0,LAL,2023-24
Dinwiddie,Reddish,87.0,LAL,2023-24
Christie,Lewis,78.0,LAL,2023-24
Reaves,Vincent,77.0,LAL,2023-24
Hayes,Vincent,67.0,LAL,2023-24
Hood-Schifino,Wood,66.0,LAL,2023-24
Hayes,Lewis,64.0,LAL,2023-24
Hayes,Hood-Schifino,64.0,LAL,2023-24
Hachimura,Vincent,63.0,LAL,2023-24
Christie,Hood-Schifino,63.0,LAL,2023-24
Hayes,Vanderbilt,59.0,LAL,2023-24
Vincent,Wood,57.0,LAL,2023-24
Hood-Schifino,Lewis,52.0,LAL,2023-24
Hayes,Mays,50.0,LAL,2023-24
Reddish,Vincent,48.0,LAL,2023-24
Castleton,Christie,44.0,LAL,2023-24
Lewis,Wood,41.0,LAL,2023-24
Castleton,Lewis,40.0,LAL,2023-24
Dinwiddie,Vincent,38.0,LAL,2023-24
Christie,Mays,38.0,LAL,2023-24
Hood-Schifino,Reaves,31.0,LAL,2023-24
Hodge,Lewis,28.0,LAL,2023-24
Mays,Russell,26.0,LAL,2023-24
Dinwiddie,Wood,26.0,LAL,2023-24
Hachimura,Mays,26.0,LAL,2023-24
Mays,Wood,23.0,LAL,2023-24
Castleton,Hodge,23.0,LAL,2023-24
Mays,Windler,22.0,LAL,2023-24
Hayes,Windler,21.0,LAL,2023-24
Castleton,Reddish,21.0,LAL,2023-24
Castleton,Hayes,21.0,LAL,2023-24
Christie,Hodge,20.0,LAL,2023-24
Hood-Schifino,Prince,20.0,LAL,2023-24
Hood-Schifino,Windler,19.0,LAL,2023-24
Hodge,Wood,19.0,LAL,2023-24
Hood-Schifino,James,19.0,LAL,2023-24
Mays,Prince,18.0,LAL,2023-24
Mays,Vanderbilt,18.0,LAL,2023-24
Hood-Schifino,Mays,18.0,LAL,2023-24
Christie,Giles III,17.0,LAL,2023-24
Lewis,Reddish,17.0,LAL,2023-24
Hodge,Hood-Schifino,17.0,LAL,2023-24
Lewis,Mays,17.0,LAL,2023-24
James,Mays,15.0,LAL,2023-24
Giles III,Lewis,14.0,LAL,2023-24
Hachimura,Lewis,14.0,LAL,2023-24
Christie,Windler,14.0,LAL,2023-24
Hayes,Hodge,14.0,LAL,2023-24
Fudge,Lewis,14.0,LAL,2023-24
Fudge,Hodge,14.0,LAL,2023-24
Davis,Hood-Schifino,13.0,LAL,2023-24
Davis,Mays,12.0,LAL,2023-24
Castleton,Hachimura,11.0,LAL,2023-24
Mays,Reaves,11.0,LAL,2023-24
Giles III,Hayes,11.0,LAL,2023-24
Giles III,Mays,10.0,LAL,2023-24
Vanderbilt,Vincent,10.0,LAL,2023-24
Castleton,Prince,10.0,LAL,2023-24
Hood-Schifino,Vanderbilt,10.0,LAL,2023-24
Hodge,Reddish,10.0,LAL,2023-24
Fudge,Hood-Schifino,10.0,LAL,2023-24
Windler,Wood,9.0,LAL,2023-24
Castleton,Wood,9.0,LAL,2023-24
Castleton,Mays,9.0,LAL,2023-24
Castleton,Hood-Schifino,9.0,LAL,2023-24
Hood-Schifino,Reddish,8.0,LAL,2023-24
Hachimura,Hodge,8.0,LAL,2023-24
Castleton,Fudge,8.0,LAL,2023-24
Hood-Schifino,Russell,8.0,LAL,2023-24
Lewis,Prince,7.0,LAL,2023-24
Dinwiddie,Windler,6.0,LAL,2023-24
Russell,Windler,6.0,LAL,2023-24
Lewis,Reaves,5.0,LAL,2023-24
Lewis,Windler,5.0,LAL,2023-24
Castleton,Dinwiddie,5.0,LAL,2023-24
Giles III,Russell,4.0,LAL,2023-24
Giles III,Hood-Schifino,4.0,LAL,2023-24
Giles III,Prince,4.0,LAL,2023-24
Fudge,Wood,4.0,LAL,2023-24
Christie,Fudge,4.0,LAL,2023-24
Christie,Vincent,4.0,LAL,2023-24
Castleton,Russell,4.0,LAL,2023-24
Hodge,Reaves,4.0,LAL,2023-24
Mays,Reddish,3.0,LAL,2023-24
Vanderbilt,Windler,3.0,LAL,2023-24
Castleton,Vincent,3.0,LAL,2023-24
Hachimura,Windler,3.0,LAL,2023-24
Castleton,Giles III,3.0,LAL,2023-24
Hodge,Vanderbilt,3.0,LAL,2023-24
Giles III,James,3.0,LAL,2023-24
Castleton,Reaves,3.0,LAL,2023-24
Davis,Windler,3.0,LAL,2023-24
Hachimura,Hood-Schifino,3.0,LAL,2023-24
Castleton,Windler,3.0,LAL,2023-24
Dinwiddie,Lewis,3.0,LAL,2023-24
Fudge,Hayes,2.0,LAL,2023-24
Castleton,James,2.0,LAL,2023-24
Dinwiddie,Hood-Schifino,2.0,LAL,2023-24
Dinwiddie,Giles III,1.0,LAL,2023-24
Giles III,Reddish,1.0,LAL,2023-24
Lewis,Vincent,1.0,LAL,2023-24
Reaves,Windler,1.0,LAL,2023-24
Prince,Windler,1.0,LAL,2023-24
Giles III,Reaves,0.0,LAL,2023-24
Bane,Jackson Jr.,893.0,MEM,2023-24
Aldama,Jackson Jr.,832.0,MEM,2023-24
Jackson Jr.,Williams Jr.,784.0,MEM,2023-24
Aldama,Williams Jr.,625.0,MEM,2023-24
Bane,Biyombo,595.0,MEM,2023-24
Jackson Jr.,Konchar,584.0,MEM,2023-24
Jackson Jr.,Roddy,538.0,MEM,2023-24
Aldama,Bane,521.0,MEM,2023-24
Aldama,Konchar,510.0,MEM,2023-24
Jackson Jr.,Williams,508.0,MEM,2023-24
Bane,Smart,488.0,MEM,2023-24
Jackson Jr.,Kennard,457.0,MEM,2023-24
Konchar,Williams Jr.,453.0,MEM,2023-24
Jackson,Jackson Jr.,425.0,MEM,2023-24
Kennard,Williams Jr.,408.0,MEM,2023-24
Biyombo,Jackson Jr.,408.0,MEM,2023-24
Bane,Roddy,407.0,MEM,2023-24
Jackson,LaRavia,405.0,MEM,2023-24
Jackson Jr.,Smart,400.0,MEM,2023-24
Aldama,Kennard,383.0,MEM,2023-24
Aldama,Jackson,353.0,MEM,2023-24
Aldama,Williams,347.0,MEM,2023-24
Williams,Williams Jr.,343.0,MEM,2023-24
Bane,Williams,331.0,MEM,2023-24
Bane,Williams Jr.,324.0,MEM,2023-24
Jackson,Jemison,308.0,MEM,2023-24
Roddy,Williams,307.0,MEM,2023-24
Gilyard,Jackson Jr.,302.0,MEM,2023-24
Jackson,Pippen Jr.,289.0,MEM,2023-24
Konchar,Roddy,288.0,MEM,2023-24
Tillman,Williams,287.0,MEM,2023-24
Jackson,Kennard,275.0,MEM,2023-24
Bane,Tillman,269.0,MEM,2023-24
Roddy,Williams Jr.,266.0,MEM,2023-24
Jackson,Williams Jr.,265.0,MEM,2023-24
Aldama,Roddy,263.0,MEM,2023-24
Gilyard,Roddy,261.0,MEM,2023-24
Bane,Konchar,258.0,MEM,2023-24
Roddy,Tillman,257.0,MEM,2023-24
Jackson,Konchar,251.0,MEM,2023-24
Jackson Jr.,Tillman,245.0,MEM,2023-24
Jackson Jr.,LaRavia,240.0,MEM,2023-24
Tillman,Williams Jr.,239.0,MEM,2023-24
Goodwin,Jackson,232.0,MEM,2023-24
Aldama,Biyombo,228.0,MEM,2023-24
Biyombo,Roddy,225.0,MEM,2023-24
Aldama,Gilyard,221.0,MEM,2023-24
Biyombo,Smart,220.0,MEM,2023-24
Kennard,Konchar,216.0,MEM,2023-24
Bane,Morant,209.0,MEM,2023-24
Biyombo,Williams Jr.,209.0,MEM,2023-24
Smart,Williams,204.0,MEM,2023-24
Jemison,LaRavia,201.0,MEM,2023-24
Jackson Jr.,Rose,200.0,MEM,2023-24
Goodwin,Jemison,198.0,MEM,2023-24
Smart,Tillman,197.0,MEM,2023-24
LaRavia,Stevens,197.0,MEM,2023-24
Jackson Jr.,Morant,195.0,MEM,2023-24
Kennard,Roddy,195.0,MEM,2023-24
Jemison,Pippen Jr.,193.0,MEM,2023-24
Goodwin,LaRavia,189.0,MEM,2023-24
Aldama,LaRavia,188.0,MEM,2023-24
Roddy,Rose,188.0,MEM,2023-24
Gilyard,Williams Jr.,185.0,MEM,2023-24
Gilyard,Jackson,185.0,MEM,2023-24
Jackson Jr.,Pippen Jr.,184.0,MEM,2023-24
Konchar,LaRavia,182.0,MEM,2023-24
Konchar,Williams,181.0,MEM,2023-24
Jackson,Williams,178.0,MEM,2023-24
Jackson,Roddy,177.0,MEM,2023-24
Bane,Kennard,174.0,MEM,2023-24
Konchar,Tillman,169.0,MEM,2023-24
Kennard,Tillman,169.0,MEM,2023-24
Jackson,Stevens,166.0,MEM,2023-24
Gilyard,Konchar,159.0,MEM,2023-24
Aldama,Goodwin,154.0,MEM,2023-24
Aldama,Pippen Jr.,150.0,MEM,2023-24
Roddy,Smart,150.0,MEM,2023-24
Morant,Smart,146.0,MEM,2023-24
Bane,Gilyard,144.0,MEM,2023-24
Gilyard,Williams,142.0,MEM,2023-24
Aldama,Tillman,142.0,MEM,2023-24
Biyombo,Williams,141.0,MEM,2023-24
Gilyard,Kennard,140.0,MEM,2023-24
Kennard,Williams,140.0,MEM,2023-24
Kennard,Smart,139.0,MEM,2023-24
LaRavia,Pippen Jr.,138.0,MEM,2023-24
Bane,Rose,133.0,MEM,2023-24
Jemison,Kennard,131.0,MEM,2023-24
Biyombo,Morant,131.0,MEM,2023-24
Aldama,Jemison,125.0,MEM,2023-24
Morant,Williams Jr.,125.0,MEM,2023-24
Jemison,Williams Jr.,123.0,MEM,2023-24
Biyombo,Gilyard,119.0,MEM,2023-24
Biyombo,Konchar,116.0,MEM,2023-24
Aldama,Rose,115.0,MEM,2023-24
Biyombo,Rose,110.0,MEM,2023-24
Goodwin,Jackson Jr.,109.0,MEM,2023-24
Kennard,LaRavia,107.0,MEM,2023-24
Bane,Jackson,105.0,MEM,2023-24
Goodwin,Pippen Jr.,105.0,MEM,2023-24
Goodwin,Stevens,104.0,MEM,2023-24
Gilyard,Tillman,104.0,MEM,2023-24
Morant,Tillman,103.0,MEM,2023-24
Jemison,Konchar,102.0,MEM,2023-24
Jemison,Stevens,101.0,MEM,2023-24
Rose,Williams Jr.,100.0,MEM,2023-24
Aldama,Stevens,99.0,MEM,2023-24
Aldama,Smart,98.0,MEM,2023-24
Konchar,Pippen Jr.,97.0,MEM,2023-24
Stevens,Williams Jr.,97.0,MEM,2023-24
Goodwin,Williams Jr.,97.0,MEM,2023-24
Jarreau,LaRavia,93.0,MEM,2023-24
Aldama,Nowell,93.0,MEM,2023-24
Biyombo,Kennard,92.0,MEM,2023-24
Aldama,Morant,92.0,MEM,2023-24
Goodwin,Williams,89.0,MEM,2023-24
Jackson,Tillman,89.0,MEM,2023-24
Konchar,Rose,89.0,MEM,2023-24
Bane,LaRavia,89.0,MEM,2023-24
Rose,Williams,86.0,MEM,2023-24
Jackson,Jarreau,86.0,MEM,2023-24
Smart,Williams Jr.,84.0,MEM,2023-24
Nowell,Williams Jr.,83.0,MEM,2023-24
Bane,Nowell,83.0,MEM,2023-24
Jackson Jr.,Nowell,79.0,MEM,2023-24
Kennard,Pippen Jr.,78.0,MEM,2023-24
LaRavia,Williams Jr.,78.0,MEM,2023-24
Hurt,Jackson,78.0,MEM,2023-24
Jackson Jr.,Stevens,76.0,MEM,2023-24
Allen,Simpson,76.0,MEM,2023-24
LaRavia,Williams,74.0,MEM,2023-24
Pippen Jr.,Williams Jr.,69.0,MEM,2023-24
Jemison,Simpson,69.0,MEM,2023-24
Allen,Jemison,69.0,MEM,2023-24
Goodwin,Konchar,68.0,MEM,2023-24
Pippen Jr.,Stevens,68.0,MEM,2023-24
Morant,Williams,67.0,MEM,2023-24
Biyombo,Nowell,66.0,MEM,2023-24
Pippen Jr.,Simpson,65.0,MEM,2023-24
Clarke,Jackson,61.0,MEM,2023-24
Goodwin,Simpson,60.0,MEM,2023-24
Pippen Jr.,Roddy,59.0,MEM,2023-24
LaRavia,Rose,59.0,MEM,2023-24
Jarreau,Jemison,58.0,MEM,2023-24
Clarke,Goodwin,57.0,MEM,2023-24
Clarke,LaRavia,56.0,MEM,2023-24
Gabriel,LaRavia,56.0,MEM,2023-24
Allen,Jackson,55.0,MEM,2023-24
Goodwin,Pereira,55.0,MEM,2023-24
Jackson,Rose,53.0,MEM,2023-24
Goodwin,Kennard,53.0,MEM,2023-24
Aldama,Jarreau,53.0,MEM,2023-24
Allen,Pippen Jr.,52.0,MEM,2023-24
Jackson,Simpson,52.0,MEM,2023-24
Konchar,Smart,52.0,MEM,2023-24
Allen,Goodwin,52.0,MEM,2023-24
Kennard,Stevens,51.0,MEM,2023-24
Jackson,Pereira,50.0,MEM,2023-24
Nowell,Roddy,49.0,MEM,2023-24
Pereira,Pippen Jr.,48.0,MEM,2023-24
LaRavia,Roddy,47.0,MEM,2023-24
Evbuomwan,Roddy,47.0,MEM,2023-24
Kennard,Rose,45.0,MEM,2023-24
Konchar,Stevens,45.0,MEM,2023-24
Allen,White,44.0,MEM,2023-24
Pereira,Simpson,44.0,MEM,2023-24
Evbuomwan,Jackson,44.0,MEM,2023-24
Gabriel,Jackson,44.0,MEM,2023-24
Jemison,Pereira,43.0,MEM,2023-24
Allen,LaRavia,43.0,MEM,2023-24
Simpson,Stevens,42.0,MEM,2023-24
Pereira,Stevens,42.0,MEM,2023-24
Jarreau,Stevens,42.0,MEM,2023-24
Hurt,LaRavia,41.0,MEM,2023-24
Simpson,White,41.0,MEM,2023-24
Bane,Pippen Jr.,41.0,MEM,2023-24
Stevens,Watanabe,40.0,MEM,2023-24
Jemison,Williams,40.0,MEM,2023-24
Gabriel,Jarreau,40.0,MEM,2023-24
LaRavia,Simpson,40.0,MEM,2023-24
Pippen Jr.,Tillman,40.0,MEM,2023-24
Kennard,Morant,40.0,MEM,2023-24
Morant,Roddy,38.0,MEM,2023-24
Stevens,Williams,38.0,MEM,2023-24
Gilyard,LaRavia,37.0,MEM,2023-24
Evbuomwan,Gilyard,37.0,MEM,2023-24
Konchar,Nowell,37.0,MEM,2023-24
Gabriel,Konchar,37.0,MEM,2023-24
Jackson Jr.,Jarreau,36.0,MEM,2023-24
Lofton Jr.,Roddy,35.0,MEM,2023-24
Gilyard,Jemison,35.0,MEM,2023-24
LaRavia,Pereira,35.0,MEM,2023-24
Hurt,Pippen Jr.,34.0,MEM,2023-24
Rose,Tillman,33.0,MEM,2023-24
Clarke,Stevens,33.0,MEM,2023-24
Konchar,Lofton Jr.,32.0,MEM,2023-24
Pippen Jr.,White,31.0,MEM,2023-24
Gabriel,Stevens,31.0,MEM,2023-24
Clarke,Jackson Jr.,31.0,MEM,2023-24
Bane,Jarreau,31.0,MEM,2023-24
Gilyard,Lofton Jr.,31.0,MEM,2023-24
Evbuomwan,Kennard,30.0,MEM,2023-24
Clarke,Pippen Jr.,30.0,MEM,2023-24
Gabriel,Jemison,29.0,MEM,2023-24
Nowell,Tillman,29.0,MEM,2023-24
Gilyard,Hurt,29.0,MEM,2023-24
Kennard,Lofton Jr.,28.0,MEM,2023-24
Gilyard,Smart,28.0,MEM,2023-24
Bane,Lofton Jr.,28.0,MEM,2023-24
Clarke,Jemison,26.0,MEM,2023-24
Aldama,Lofton Jr.,26.0,MEM,2023-24
Jemison,Roddy,26.0,MEM,2023-24
Lofton Jr.,Williams Jr.,26.0,MEM,2023-24
LaRavia,Tillman,25.0,MEM,2023-24
Gabriel,Goodwin,25.0,MEM,2023-24
Hurt,Konchar,25.0,MEM,2023-24
Hurt,Roddy,25.0,MEM,2023-24
Clarke,Kennard,25.0,MEM,2023-24
Rose,Stevens,25.0,MEM,2023-24
Jarreau,Konchar,24.0,MEM,2023-24
Jackson Jr.,Jemison,24.0,MEM,2023-24
Nowell,Williams,24.0,MEM,2023-24
Bane,Jemison,24.0,MEM,2023-24
Hurt,Stevens,23.0,MEM,2023-24
Hurt,Jemison,23.0,MEM,2023-24
Lofton Jr.,Williams,23.0,MEM,2023-24
Pippen Jr.,Williams,23.0,MEM,2023-24
LaRavia,Watanabe,23.0,MEM,2023-24
Konchar,Morant,22.0,MEM,2023-24
Hurt,Kennard,21.0,MEM,2023-24
Jarreau,Pereira,21.0,MEM,2023-24
Goodwin,Jarreau,21.0,MEM,2023-24
Clarke,Pereira,20.0,MEM,2023-24
Gilyard,Pippen Jr.,19.0,MEM,2023-24
Clarke,Simpson,19.0,MEM,2023-24
Jemison,Watanabe,18.0,MEM,2023-24
Jackson,White,17.0,MEM,2023-24
Jackson,Watanabe,17.0,MEM,2023-24
Evbuomwan,Hurt,16.0,MEM,2023-24
Jemison,Rose,16.0,MEM,2023-24
Aldama,Hurt,16.0,MEM,2023-24
LaRavia,White,15.0,MEM,2023-24
Allen,Clarke,15.0,MEM,2023-24
Evbuomwan,Rose,15.0,MEM,2023-24
Goodwin,White,15.0,MEM,2023-24
Evbuomwan,Konchar,15.0,MEM,2023-24
Lofton Jr.,Smart,14.0,MEM,2023-24
Bane,Clarke,14.0,MEM,2023-24
Jackson Jr.,Watanabe,14.0,MEM,2023-24
Goodwin,Watanabe,14.0,MEM,2023-24
Gabriel,Williams Jr.,13.0,MEM,2023-24
Rose,Watanabe,13.0,MEM,2023-24
Evbuomwan,Pippen Jr.,12.0,MEM,2023-24
Allen,Pereira,12.0,MEM,2023-24
Hurt,Watanabe,12.0,MEM,2023-24
Jackson Jr.,Lofton Jr.,12.0,MEM,2023-24
Aldama,Watanabe,12.0,MEM,2023-24
Kennard,Watanabe,11.0,MEM,2023-24
Hurt,Williams Jr.,11.0,MEM,2023-24
Bane,Stevens,11.0,MEM,2023-24
LaRavia,Lofton Jr.,11.0,MEM,2023-24
Hurt,Jackson Jr.,11.0,MEM,2023-24
Evbuomwan,Williams Jr.,11.0,MEM,2023-24
LaRavia,Smart,11.0,MEM,2023-24
Jarreau,Kennard,10.0,MEM,2023-24
Watanabe,Williams Jr.,10.0,MEM,2023-24
Kennard,Pereira,10.0,MEM,2023-24
Gilyard,Stevens,10.0,MEM,2023-24
Hurt,Tillman,10.0,MEM,2023-24
Aldama,Gabriel,10.0,MEM,2023-24
Aldama,Pereira,9.0,MEM,2023-24
Nowell,Rose,9.0,MEM,2023-24
Jemison,White,9.0,MEM,2023-24
Stevens,White,9.0,MEM,2023-24
Rose,Smart,9.0,MEM,2023-24
Evbuomwan,Jemison,9.0,MEM,2023-24
Goodwin,Hurt,9.0,MEM,2023-24
Aldama,Evbuomwan,8.0,MEM,2023-24
Clarke,White,7.0,MEM,2023-24
Aldama,Clarke,7.0,MEM,2023-24
Jackson Jr.,Pereira,7.0,MEM,2023-24
Goodwin,Rose,6.0,MEM,2023-24
Gabriel,Jackson Jr.,6.0,MEM,2023-24
Jarreau,Pippen Jr.,6.0,MEM,2023-24
Allen,Stevens,6.0,MEM,2023-24
Gilyard,Watanabe,5.0,MEM,2023-24
Gabriel,Pippen Jr.,5.0,MEM,2023-24
Lofton Jr.,Tillman,5.0,MEM,2023-24
Lofton Jr.,Rose,5.0,MEM,2023-24
Lofton Jr.,Nowell,4.0,MEM,2023-24
Bane,Gabriel,4.0,MEM,2023-24
Jackson,Lofton Jr.,4.0,MEM,2023-24
Gilyard,Nowell,4.0,MEM,2023-24
Gabriel,Kennard,4.0,MEM,2023-24
Hurt,Williams,4.0,MEM,2023-24
Biyombo,LaRavia,4.0,MEM,2023-24
Watanabe,Williams,3.0,MEM,2023-24
Gilyard,Rose,3.0,MEM,2023-24
Clarke,Jarreau,3.0,MEM,2023-24
Adebayo,Robinson,1242.0,MIA,2023-24
Adebayo,Butler,1136.0,MIA,2023-24
Adebayo,Jaquez Jr.,1117.0,MIA,2023-24
Jaquez Jr.,Robinson,1105.0,MIA,2023-24
Adebayo,Herro,1041.0,MIA,2023-24
Adebayo,Martin,971.0,MIA,2023-24
Jaquez Jr.,Martin,971.0,MIA,2023-24
Butler,Robinson,932.0,MIA,2023-24
Martin,Robinson,917.0,MIA,2023-24
Butler,Martin,851.0,MIA,2023-24
Adebayo,Highsmith,813.0,MIA,2023-24
Adebayo,Rozier,796.0,MIA,2023-24
Richardson,Robinson,740.0,MIA,2023-24
Butler,Jaquez Jr.,729.0,MIA,2023-24
Jaquez Jr.,Richardson,675.0,MIA,2023-24
Adebayo,Jovic,661.0,MIA,2023-24
Butler,Lowry,653.0,MIA,2023-24
Highsmith,Jaquez Jr.,649.0,MIA,2023-24
Jaquez Jr.,Love,640.0,MIA,2023-24
Butler,Rozier,638.0,MIA,2023-24
Butler,Highsmith,624.0,MIA,2023-24
Butler,Herro,624.0,MIA,2023-24
Highsmith,Robinson,621.0,MIA,2023-24
Herro,Jaquez Jr.,604.0,MIA,2023-24
Adebayo,Richardson,597.0,MIA,2023-24
Herro,Martin,578.0,MIA,2023-24
Adebayo,Lowry,574.0,MIA,2023-24
Butler,Love,538.0,MIA,2023-24
Lowry,Robinson,509.0,MIA,2023-24
Butler,Jovic,505.0,MIA,2023-24
Robinson,Rozier,469.0,MIA,2023-24
Jaquez Jr.,Lowry,459.0,MIA,2023-24
Herro,Robinson,453.0,MIA,2023-24
Herro,Highsmith,445.0,MIA,2023-24
Martin,Rozier,428.0,MIA,2023-24
Martin,Richardson,417.0,MIA,2023-24
Butler,Richardson,415.0,MIA,2023-24
Herro,Lowry,392.0,MIA,2023-24
Jovic,Robinson,385.0,MIA,2023-24
Herro,Jovic,378.0,MIA,2023-24
Highsmith,Martin,366.0,MIA,2023-24
Love,Martin,364.0,MIA,2023-24
Love,Robinson,364.0,MIA,2023-24
Jaquez Jr.,Rozier,350.0,MIA,2023-24
Jovic,Rozier,338.0,MIA,2023-24
Love,Richardson,336.0,MIA,2023-24
Love,Lowry,332.0,MIA,2023-24
Jovic,Martin,316.0,MIA,2023-24
Highsmith,Richardson,301.0,MIA,2023-24
Lowry,Martin,297.0,MIA,2023-24
Jaquez Jr.,Jovic,296.0,MIA,2023-24
Herro,Richardson,295.0,MIA,2023-24
Highsmith,Lowry,291.0,MIA,2023-24
Highsmith,Love,287.0,MIA,2023-24
Highsmith,Rozier,286.0,MIA,2023-24
Lowry,Richardson,276.0,MIA,2023-24
Herro,Love,273.0,MIA,2023-24
Bryant,Jaquez Jr.,238.0,MIA,2023-24
Adebayo,Love,225.0,MIA,2023-24
Bryant,Butler,211.0,MIA,2023-24
Bryant,Robinson,204.0,MIA,2023-24
Robinson,Robinson,195.0,MIA,2023-24
Bryant,Highsmith,194.0,MIA,2023-24
Herro,Rozier,188.0,MIA,2023-24
Highsmith,Wright,184.0,MIA,2023-24
Highsmith,Jovic,183.0,MIA,2023-24
Jaquez Jr.,Wright,180.0,MIA,2023-24
Bryant,Martin,175.0,MIA,2023-24
Cain,Robinson,168.0,MIA,2023-24
Martin,Wright,151.0,MIA,2023-24
Cain,Jaquez Jr.,149.0,MIA,2023-24
Bryant,Herro,143.0,MIA,2023-24
Jovic,Lowry,138.0,MIA,2023-24
Jaquez Jr.,Mills,130.0,MIA,2023-24
Adebayo,Wright,129.0,MIA,2023-24
Butler,Mills,125.0,MIA,2023-24
Martin,Mills,115.0,MIA,2023-24
Bryant,Richardson,112.0,MIA,2023-24
Mills,Rozier,111.0,MIA,2023-24
Robinson,Smith,99.0,MIA,2023-24
Jovic,Mills,98.0,MIA,2023-24
Adebayo,Mills,96.0,MIA,2023-24
Adebayo,Cain,94.0,MIA,2023-24
Bryant,Lowry,90.0,MIA,2023-24
Butler,Wright,90.0,MIA,2023-24
Bryant,Wright,88.0,MIA,2023-24
Cain,Herro,86.0,MIA,2023-24
Love,Rozier,85.0,MIA,2023-24
Adebayo,Smith,79.0,MIA,2023-24
Cain,Lowry,74.0,MIA,2023-24
Richardson,Rozier,73.0,MIA,2023-24
Jovic,Richardson,71.0,MIA,2023-24
Robinson,Wright,70.0,MIA,2023-24
Cain,Love,70.0,MIA,2023-24
Bryant,Rozier,69.0,MIA,2023-24
Jaquez Jr.,Smith,66.0,MIA,2023-24
Bryant,Mills,65.0,MIA,2023-24
Jovic,Love,62.0,MIA,2023-24
Bryant,Cain,58.0,MIA,2023-24
Cain,Martin,56.0,MIA,2023-24
Hampton,Jaquez Jr.,56.0,MIA,2023-24
Rozier,Wright,50.0,MIA,2023-24
Hampton,Herro,48.0,MIA,2023-24
Cain,Swider,47.0,MIA,2023-24
Adebayo,Hampton,41.0,MIA,2023-24
Highsmith,Smith,39.0,MIA,2023-24
Highsmith,Mills,39.0,MIA,2023-24
Hampton,Robinson,39.0,MIA,2023-24
Highsmith,Swider,39.0,MIA,2023-24
Cain,Highsmith,38.0,MIA,2023-24
Herro,Smith,37.0,MIA,2023-24
Richardson,Smith,37.0,MIA,2023-24
Butler,Smith,36.0,MIA,2023-24
Jovic,Wright,35.0,MIA,2023-24
Robinson,Swider,35.0,MIA,2023-24
Cain,Jovic,34.0,MIA,2023-24
Love,Wright,34.0,MIA,2023-24
Bryant,Smith,33.0,MIA,2023-24
Jovic,Swider,33.0,MIA,2023-24
Richardson,Swider,33.0,MIA,2023-24
Lowry,Smith,33.0,MIA,2023-24
Herro,Wright,31.0,MIA,2023-24
Mills,Wright,31.0,MIA,2023-24
Martin,Swider,29.0,MIA,2023-24
Swider,Wright,28.0,MIA,2023-24
Cain,Wright,28.0,MIA,2023-24
Hampton,Love,26.0,MIA,2023-24
Cain,Richardson,26.0,MIA,2023-24
Cain,Hampton,24.0,MIA,2023-24
Bryant,Jovic,24.0,MIA,2023-24
Butler,Cain,20.0,MIA,2023-24
Adebayo,Swider,20.0,MIA,2023-24
Bryant,Love,18.0,MIA,2023-24
Mills,Robinson,17.0,MIA,2023-24
Hampton,Jovic,17.0,MIA,2023-24
Love,Smith,17.0,MIA,2023-24
Cain,Smith,17.0,MIA,2023-24
Jaquez Jr.,Swider,15.0,MIA,2023-24
Butler,Hampton,14.0,MIA,2023-24
Bryant,Swider,14.0,MIA,2023-24
Hampton,Highsmith,13.0,MIA,2023-24
Robinson,Williams,13.0,MIA,2023-24
Butler,Swider,11.0,MIA,2023-24
Cain,Mills,11.0,MIA,2023-24
Swider,Williams,11.0,MIA,2023-24
Cain,Williams,11.0,MIA,2023-24
Hampton,Swider,9.0,MIA,2023-24
Bryant,Hampton,8.0,MIA,2023-24
Highsmith,Williams,8.0,MIA,2023-24
Love,Mills,8.0,MIA,2023-24
Hampton,Lowry,7.0,MIA,2023-24
Love,Swider,6.0,MIA,2023-24
Rozier,Swider,6.0,MIA,2023-24
Martin,Smith,6.0,MIA,2023-24
Jovic,Smith,5.0,MIA,2023-24
Hampton,Martin,4.0,MIA,2023-24
Love,Williams,3.0,MIA,2023-24
Jaquez Jr.,Williams,3.0,MIA,2023-24
Williams,Wright,3.0,MIA,2023-24
Mills,Williams,3.0,MIA,2023-24
Mills,Swider,3.0,MIA,2023-24
Lowry,Swider,3.0,MIA,2023-24
Smith,Swider,2.0,MIA,2023-24
Hampton,Smith,2.0,MIA,2023-24
Cain,Rozier,1.0,MIA,2023-24
Jovic,Williams,1.0,MIA,2023-24
Lillard,Lopez,1957.0,MIL,2023-24
Beasley,Lopez,1871.0,MIL,2023-24
Beasley,Lillard,1805.0,MIL,2023-24
Antetokounmpo,Lillard,1774.0,MIL,2023-24
Antetokounmpo,Beasley,1674.0,MIL,2023-24
Antetokounmpo,Lopez,1555.0,MIL,2023-24
Connaughton,Portis,1279.0,MIL,2023-24
Lopez,Middleton,1164.0,MIL,2023-24
Lillard,Portis,1064.0,MIL,2023-24
Beasley,Middleton,1061.0,MIL,2023-24
Antetokounmpo,Middleton,1049.0,MIL,2023-24
Antetokounmpo,Portis,1044.0,MIL,2023-24
Antetokounmpo,Connaughton,997.0,MIL,2023-24
Lillard,Middleton,961.0,MIL,2023-24
Connaughton,Lillard,861.0,MIL,2023-24
Beasley,Portis,792.0,MIL,2023-24
Crowder,Lillard,776.0,MIL,2023-24
Beasley,Crowder,735.0,MIL,2023-24
Antetokounmpo,Crowder,704.0,MIL,2023-24
Lopez,Portis,698.0,MIL,2023-24
Connaughton,Lopez,696.0,MIL,2023-24
Crowder,Lopez,688.0,MIL,2023-24
Beasley,Connaughton,602.0,MIL,2023-24
Crowder,Portis,547.0,MIL,2023-24
Payne,Portis,522.0,MIL,2023-24
Middleton,Portis,495.0,MIL,2023-24
Connaughton,Crowder,451.0,MIL,2023-24
Antetokounmpo,Payne,429.0,MIL,2023-24
Green,Portis,421.0,MIL,2023-24
Antetokounmpo,Beauchamp,405.0,MIL,2023-24
Beauchamp,Portis,396.0,MIL,2023-24
Antetokounmpo,Jackson Jr.,376.0,MIL,2023-24
Beverley,Portis,376.0,MIL,2023-24
Antetokounmpo,Green,368.0,MIL,2023-24
Connaughton,Green,360.0,MIL,2023-24
Connaughton,Payne,317.0,MIL,2023-24
Lopez,Payne,307.0,MIL,2023-24
Beverley,Connaughton,301.0,MIL,2023-24
Jackson Jr.,Lopez,288.0,MIL,2023-24
Antetokounmpo,Beverley,284.0,MIL,2023-24
Jackson Jr.,Portis,284.0,MIL,2023-24
Jackson Jr.,Lillard,280.0,MIL,2023-24
Middleton,Payne,279.0,MIL,2023-24
Beauchamp,Lillard,279.0,MIL,2023-24
Connaughton,Middleton,268.0,MIL,2023-24
Beverley,Lopez,246.0,MIL,2023-24
Beasley,Payne,244.0,MIL,2023-24
Beauchamp,Connaughton,241.0,MIL,2023-24
Beverley,Lillard,232.0,MIL,2023-24
Beauchamp,Payne,222.0,MIL,2023-24
Beauchamp,Lopez,217.0,MIL,2023-24
Connaughton,Jackson Jr.,211.0,MIL,2023-24
Green,Lillard,199.0,MIL,2023-24
Beasley,Beverley,183.0,MIL,2023-24
Green,Lopez,175.0,MIL,2023-24
Crowder,Middleton,161.0,MIL,2023-24
Jackson Jr.,Middleton,156.0,MIL,2023-24
Beauchamp,Jackson Jr.,153.0,MIL,2023-24
Beverley,Middleton,147.0,MIL,2023-24
Beverley,Crowder,142.0,MIL,2023-24
Crowder,Payne,141.0,MIL,2023-24
Beasley,Jackson Jr.,139.0,MIL,2023-24
Beverley,Green,138.0,MIL,2023-24
Crowder,Green,128.0,MIL,2023-24
Green,Payne,125.0,MIL,2023-24
Beauchamp,Green,120.0,MIL,2023-24
Beasley,Green,116.0,MIL,2023-24
Beauchamp,Middleton,115.0,MIL,2023-24
Green,Jackson Jr.,110.0,MIL,2023-24
Gallinari,Portis,105.0,MIL,2023-24
Connaughton,Gallinari,104.0,MIL,2023-24
Lillard,Payne,103.0,MIL,2023-24
Jackson Jr.,Payne,102.0,MIL,2023-24
Beasley,Beauchamp,98.0,MIL,2023-24
Beverley,Gallinari,94.0,MIL,2023-24
Beauchamp,Crowder,77.0,MIL,2023-24
Antetokounmpo,Gallinari,72.0,MIL,2023-24
Green,Middleton,69.0,MIL,2023-24
Antetokounmpo,Livingston,68.0,MIL,2023-24
Gallinari,Green,66.0,MIL,2023-24
Beauchamp,Livingston,59.0,MIL,2023-24
Crowder,Jackson Jr.,49.0,MIL,2023-24
Antetokounmpo,Washington Jr.,47.0,MIL,2023-24
Jackson Jr.,Livingston,42.0,MIL,2023-24
Jackson Jr.,Washington Jr.,39.0,MIL,2023-24
Green,Livingston,36.0,MIL,2023-24
Beasley,Gallinari,32.0,MIL,2023-24
Livingston,Lopez,31.0,MIL,2023-24
Beauchamp,Washington Jr.,30.0,MIL,2023-24
Livingston,Payne,28.0,MIL,2023-24
Beverley,Jackson Jr.,26.0,MIL,2023-24
Green,Washington Jr.,25.0,MIL,2023-24
Gallinari,Middleton,24.0,MIL,2023-24
Crowder,Gallinari,23.0,MIL,2023-24
Gallinari,Lillard,22.0,MIL,2023-24
Gallinari,Jackson Jr.,22.0,MIL,2023-24
Livingston,Washington Jr.,21.0,MIL,2023-24
Beauchamp,Gallinari,18.0,MIL,2023-24
Livingston,Portis,17.0,MIL,2023-24
Connaughton,Livingston,16.0,MIL,2023-24
Gallinari,Washington Jr.,13.0,MIL,2023-24
Antetokounmpo,Antetokounmpo,13.0,MIL,2023-24
Antetokounmpo,Rollins,12.0,MIL,2023-24
Rollins,Washington Jr.,12.0,MIL,2023-24
Beauchamp,Rollins,11.0,MIL,2023-24
Livingston,Middleton,11.0,MIL,2023-24
Gallinari,Livingston,11.0,MIL,2023-24
Gallinari,Lopez,10.0,MIL,2023-24
Beauchamp,Beverley,9.0,MIL,2023-24
Crowder,Livingston,9.0,MIL,2023-24
Crowder,Washington Jr.,9.0,MIL,2023-24
Jackson Jr.,Rollins,8.0,MIL,2023-24
Portis,Washington Jr.,8.0,MIL,2023-24
Beasley,Washington Jr.,7.0,MIL,2023-24
Lopez,Wigginton,7.0,MIL,2023-24
Lopez,Washington Jr.,6.0,MIL,2023-24
Beasley,Livingston,5.0,MIL,2023-24
Livingston,Rollins,5.0,MIL,2023-24
Antetokounmpo,Wigginton,5.0,MIL,2023-24
Green,Wigginton,5.0,MIL,2023-24
Livingston,Wigginton,5.0,MIL,2023-24
Antetokounmpo,Bolden,3.0,MIL,2023-24
Bolden,Green,3.0,MIL,2023-24
Bolden,Jackson Jr.,3.0,MIL,2023-24
Bolden,Payne,3.0,MIL,2023-24
Lillard,Livingston,3.0,MIL,2023-24
Washington Jr.,Wigginton,2.0,MIL,2023-24
Beauchamp,Wigginton,2.0,MIL,2023-24
Payne,Wigginton,2.0,MIL,2023-24
Beverley,Livingston,1.0,MIL,2023-24
Beverley,Washington Jr.,1.0,MIL,2023-24
Connaughton,Washington Jr.,0.0,MIL,2023-24
Bolden,Livingston,0.0,MIL,2023-24
Bolden,Wigginton,0.0,MIL,2023-24
Edwards,Gobert,1922.0,MIN,2023-24
Conley,Gobert,1802.0,MIN,2023-24
Edwards,McDaniels,1715.0,MIN,2023-24
Gobert,McDaniels,1574.0,MIN,2023-24
Conley,Edwards,1506.0,MIN,2023-24
Edwards,Towns,1485.0,MIN,2023-24
Conley,McDaniels,1396.0,MIN,2023-24
Gobert,Towns,1277.0,MIN,2023-24
Edwards,Reid,1234.0,MIN,2023-24
Conley,Towns,1222.0,MIN,2023-24
Alexander-Walker,Edwards,1197.0,MIN,2023-24
McDaniels,Towns,1164.0,MIN,2023-24
Anderson,Edwards,1133.0,MIN,2023-24
Anderson,Reid,1115.0,MIN,2023-24
Alexander-Walker,Reid,1080.0,MIN,2023-24
Alexander-Walker,Gobert,1062.0,MIN,2023-24
Alexander-Walker,Anderson,1010.0,MIN,2023-24
Gobert,Reid,916.0,MIN,2023-24
Alexander-Walker,Towns,895.0,MIN,2023-24
Anderson,Gobert,864.0,MIN,2023-24
McDaniels,Reid,805.0,MIN,2023-24
Conley,Reid,798.0,MIN,2023-24
Anderson,Conley,706.0,MIN,2023-24
Anderson,Towns,704.0,MIN,2023-24
Reid,Towns,668.0,MIN,2023-24
Alexander-Walker,Conley,661.0,MIN,2023-24
Alexander-Walker,McDaniels,643.0,MIN,2023-24
Anderson,McDaniels,548.0,MIN,2023-24
McLaughlin,Reid,367.0,MIN,2023-24
Alexander-Walker,McLaughlin,357.0,MIN,2023-24
Milton,Reid,333.0,MIN,2023-24
Anderson,McLaughlin,318.0,MIN,2023-24
Anderson,Milton,304.0,MIN,2023-24
Edwards,Morris,287.0,MIN,2023-24
Gobert,McLaughlin,268.0,MIN,2023-24
Morris,Reid,241.0,MIN,2023-24
Alexander-Walker,Morris,232.0,MIN,2023-24
Milton,Towns,228.0,MIN,2023-24
McDaniels,McLaughlin,225.0,MIN,2023-24
Brown Jr.,Gobert,225.0,MIN,2023-24
Brown Jr.,Towns,217.0,MIN,2023-24
Edwards,McLaughlin,211.0,MIN,2023-24
Conley,McLaughlin,210.0,MIN,2023-24
Anderson,Morris,205.0,MIN,2023-24
Gobert,Milton,204.0,MIN,2023-24
Alexander-Walker,Brown Jr.,202.0,MIN,2023-24
Gobert,Morris,201.0,MIN,2023-24
Brown Jr.,Reid,201.0,MIN,2023-24
Brown Jr.,Conley,185.0,MIN,2023-24
Alexander-Walker,Milton,184.0,MIN,2023-24
Anderson,Brown Jr.,160.0,MIN,2023-24
Edwards,Milton,159.0,MIN,2023-24
McDaniels,Morris,157.0,MIN,2023-24
McLaughlin,Towns,150.0,MIN,2023-24
Conley,Milton,143.0,MIN,2023-24
Brown Jr.,Milton,128.0,MIN,2023-24
Brown Jr.,Edwards,100.0,MIN,2023-24
Edwards,Warren,81.0,MIN,2023-24
McDaniels,Milton,81.0,MIN,2023-24
Alexander-Walker,Warren,78.0,MIN,2023-24
McLaughlin,Milton,76.0,MIN,2023-24
Morris,Towns,68.0,MIN,2023-24
Conley,Morris,66.0,MIN,2023-24
McLaughlin,Morris,64.0,MIN,2023-24
Reid,Warren,58.0,MIN,2023-24
Minott,Moore Jr.,56.0,MIN,2023-24
Miller,Minott,54.0,MIN,2023-24
Garza,Moore Jr.,53.0,MIN,2023-24
Garza,McLaughlin,51.0,MIN,2023-24
Garza,Minott,48.0,MIN,2023-24
Alexander-Walker,Garza,48.0,MIN,2023-24
McLaughlin,Warren,47.0,MIN,2023-24
Brown Jr.,McLaughlin,46.0,MIN,2023-24
Edwards,Garza,45.0,MIN,2023-24
Miller,Moore Jr.,45.0,MIN,2023-24
Garza,Warren,43.0,MIN,2023-24
Brown Jr.,McDaniels,40.0,MIN,2023-24
Minott,Nix,40.0,MIN,2023-24
Milton,Minott,40.0,MIN,2023-24
Brown Jr.,Minott,40.0,MIN,2023-24
McLaughlin,Minott,37.0,MIN,2023-24
Morris,Warren,37.0,MIN,2023-24
Milton,Moore Jr.,36.0,MIN,2023-24
Gobert,Warren,36.0,MIN,2023-24
Garza,Morris,35.0,MIN,2023-24
Brown Jr.,Moore Jr.,33.0,MIN,2023-24
Brown Jr.,Garza,31.0,MIN,2023-24
Conley,Warren,31.0,MIN,2023-24
McLaughlin,Moore Jr.,29.0,MIN,2023-24
Garza,Miller,28.0,MIN,2023-24
Garza,McDaniels,28.0,MIN,2023-24
Garza,Milton,26.0,MIN,2023-24
McDaniels,Warren,24.0,MIN,2023-24
Garza,Nix,22.0,MIN,2023-24
Miller,Nix,21.0,MIN,2023-24
Moore Jr.,Nix,20.0,MIN,2023-24
Alexander-Walker,Minott,20.0,MIN,2023-24
Conley,Garza,18.0,MIN,2023-24
McLaughlin,Nix,18.0,MIN,2023-24
Miller,Milton,17.0,MIN,2023-24
Moore Jr.,Warren,15.0,MIN,2023-24
Brown Jr.,Miller,14.0,MIN,2023-24
McLaughlin,Miller,14.0,MIN,2023-24
Minott,Warren,14.0,MIN,2023-24
Anderson,Warren,14.0,MIN,2023-24
Brown Jr.,Nix,14.0,MIN,2023-24
Alexander-Walker,Nix,13.0,MIN,2023-24
Miller,Warren,12.0,MIN,2023-24
Minott,Morris,12.0,MIN,2023-24
Miller,Morris,10.0,MIN,2023-24
Garza,Reid,10.0,MIN,2023-24
Anderson,Garza,10.0,MIN,2023-24
Nix,Towns,10.0,MIN,2023-24
Milton,Nix,9.0,MIN,2023-24
Minott,Reid,9.0,MIN,2023-24
Nix,Reid,9.0,MIN,2023-24
Morris,Nix,7.0,MIN,2023-24
Moore Jr.,Morris,6.0,MIN,2023-24
Nix,Warren,6.0,MIN,2023-24
Alexander-Walker,Moore Jr.,6.0,MIN,2023-24
Gobert,Nix,5.0,MIN,2023-24
Anderson,Nix,4.0,MIN,2023-24
McDaniels,Moore Jr.,4.0,MIN,2023-24
Anderson,Moore Jr.,3.0,MIN,2023-24
McDaniels,Minott,2.0,MIN,2023-24
McDaniels,Nix,2.0,MIN,2023-24
Anderson,Minott,2.0,MIN,2023-24
Edwards,Minott,2.0,MIN,2023-24
Edwards,Moore Jr.,2.0,MIN,2023-24
Edwards,Miller,1.0,MIN,2023-24
Gobert,Moore Jr.,0.0,MIN,2023-24
Moore Jr.,Reid,0.0,MIN,2023-24
Garza,Jackson,0.0,MIN,2023-24
Jackson,McLaughlin,0.0,MIN,2023-24
Jackson,Minott,0.0,MIN,2023-24
Jackson,Morris,0.0,MIN,2023-24
Jackson,McDaniels,0.0,MIN,2023-24
Jackson,Reid,0.0,MIN,2023-24
Jones,McCollum,1535.0,NOP,2023-24
Jones,Williamson,1456.0,NOP,2023-24
Ingram,Jones,1433.0,NOP,2023-24
McCollum,Williamson,1348.0,NOP,2023-24
Jones,Valanciunas,1348.0,NOP,2023-24
Ingram,Valanciunas,1255.0,NOP,2023-24
McCollum,Valanciunas,1221.0,NOP,2023-24
Ingram,McCollum,1158.0,NOP,2023-24
Ingram,Williamson,1079.0,NOP,2023-24
Valanciunas,Williamson,1058.0,NOP,2023-24
McCollum,Murphy III,999.0,NOP,2023-24
Murphy III,Williamson,928.0,NOP,2023-24
Jones,Murphy III,916.0,NOP,2023-24
Ingram,Murphy III,717.0,NOP,2023-24
Nance Jr.,Williamson,709.0,NOP,2023-24
Murphy III,Valanciunas,707.0,NOP,2023-24
McCollum,Nance Jr.,638.0,NOP,2023-24
Daniels,Valanciunas,624.0,NOP,2023-24
Jones,Nance Jr.,619.0,NOP,2023-24
Daniels,Ingram,600.0,NOP,2023-24
Murphy III,Nance Jr.,598.0,NOP,2023-24
Alvarado,Marshall,593.0,NOP,2023-24
Daniels,Williamson,574.0,NOP,2023-24
Marshall,Murphy III,571.0,NOP,2023-24
Daniels,Hawkins,570.0,NOP,2023-24
Daniels,Jones,551.0,NOP,2023-24
Ingram,Nance Jr.,547.0,NOP,2023-24
Alvarado,Murphy III,534.0,NOP,2023-24
Marshall,Williamson,505.0,NOP,2023-24
Hawkins,Marshall,503.0,NOP,2023-24
Daniels,McCollum,489.0,NOP,2023-24
Hawkins,Valanciunas,488.0,NOP,2023-24
Ingram,Marshall,487.0,NOP,2023-24
Marshall,Valanciunas,451.0,NOP,2023-24
Daniels,Murphy III,440.0,NOP,2023-24
Marshall,McCollum,436.0,NOP,2023-24
Hawkins,Williamson,435.0,NOP,2023-24
Alvarado,Williamson,432.0,NOP,2023-24
Hawkins,Jones,421.0,NOP,2023-24
Marshall,Nance Jr.,414.0,NOP,2023-24
Hawkins,Ingram,404.0,NOP,2023-24
Daniels,Nance Jr.,391.0,NOP,2023-24
Alvarado,Ingram,381.0,NOP,2023-24
Hawkins,Nance Jr.,351.0,NOP,2023-24
Alvarado,Jones,349.0,NOP,2023-24
Jones,Marshall,344.0,NOP,2023-24
Alvarado,Nance Jr.,338.0,NOP,2023-24
Alvarado,Daniels,321.0,NOP,2023-24
Alvarado,Valanciunas,316.0,NOP,2023-24
Hawkins,McCollum,310.0,NOP,2023-24
Daniels,Marshall,300.0,NOP,2023-24
Alvarado,Hawkins,266.0,NOP,2023-24
Alvarado,McCollum,239.0,NOP,2023-24
Hawkins,Ryan,234.0,NOP,2023-24
Hawkins,Zeller,216.0,NOP,2023-24
Hawkins,Murphy III,183.0,NOP,2023-24
Hawkins,Robinson-Earl,180.0,NOP,2023-24
Daniels,Ryan,170.0,NOP,2023-24
Alvarado,Zeller,157.0,NOP,2023-24
Marshall,Zeller,156.0,NOP,2023-24
Daniels,Zeller,151.0,NOP,2023-24
Marshall,Robinson-Earl,144.0,NOP,2023-24
Ryan,Valanciunas,142.0,NOP,2023-24
Jones,Ryan,136.0,NOP,2023-24
Alvarado,Robinson-Earl,131.0,NOP,2023-24
Daniels,Robinson-Earl,131.0,NOP,2023-24
Nance Jr.,Ryan,119.0,NOP,2023-24
Ryan,Williamson,113.0,NOP,2023-24
McCollum,Ryan,111.0,NOP,2023-24
Ingram,Zeller,106.0,NOP,2023-24
Ingram,Ryan,106.0,NOP,2023-24
Ingram,Robinson-Earl,98.0,NOP,2023-24
Robinson-Earl,Ryan,94.0,NOP,2023-24
Marshall,Ryan,94.0,NOP,2023-24
Robinson-Earl,Zeller,89.0,NOP,2023-24
Daniels,Lewis Jr.,87.0,NOP,2023-24
Murphy III,Robinson-Earl,86.0,NOP,2023-24
Williamson,Zeller,77.0,NOP,2023-24
Robinson-Earl,Williamson,77.0,NOP,2023-24
Lewis Jr.,Ryan,74.0,NOP,2023-24
Ryan,Zeller,66.0,NOP,2023-24
Jones,Zeller,64.0,NOP,2023-24
Jones,Robinson-Earl,64.0,NOP,2023-24
Murphy III,Zeller,64.0,NOP,2023-24
McCollum,Robinson-Earl,61.0,NOP,2023-24
Lewis Jr.,Nance Jr.,61.0,NOP,2023-24
Hawkins,Lewis Jr.,61.0,NOP,2023-24
Lewis Jr.,Zeller,55.0,NOP,2023-24
Robinson-Earl,Valanciunas,51.0,NOP,2023-24
Ryan,Seabron,46.0,NOP,2023-24
Lewis Jr.,Robinson-Earl,43.0,NOP,2023-24
Nance Jr.,Robinson-Earl,42.0,NOP,2023-24
McCollum,Zeller,35.0,NOP,2023-24
Jones,Lewis Jr.,32.0,NOP,2023-24
Lewis Jr.,Williamson,31.0,NOP,2023-24
Ingram,Lewis Jr.,29.0,NOP,2023-24
Alvarado,Ryan,28.0,NOP,2023-24
Lewis Jr.,Seabron,28.0,NOP,2023-24
Hawkins,Seabron,24.0,NOP,2023-24
Robinson-Earl,Seabron,22.0,NOP,2023-24
Lewis Jr.,Valanciunas,22.0,NOP,2023-24
Seabron,Zeller,22.0,NOP,2023-24
Murphy III,Ryan,21.0,NOP,2023-24
Seabron,Valanciunas,18.0,NOP,2023-24
Liddell,Zeller,16.0,NOP,2023-24
Lewis Jr.,McCollum,15.0,NOP,2023-24
Alvarado,Lewis Jr.,15.0,NOP,2023-24
Liddell,Robinson-Earl,13.0,NOP,2023-24
Nance Jr.,Seabron,13.0,NOP,2023-24
Liddell,Marshall,12.0,NOP,2023-24
Daniels,Seabron,12.0,NOP,2023-24
Hawkins,Liddell,12.0,NOP,2023-24
Nance Jr.,Valanciunas,11.0,NOP,2023-24
Daniels,Liddell,10.0,NOP,2023-24
Lewis Jr.,Marshall,10.0,NOP,2023-24
McCollum,Seabron,9.0,NOP,2023-24
Ingram,Seabron,8.0,NOP,2023-24
Jones,Seabron,8.0,NOP,2023-24
Gates,Hawkins,8.0,NOP,2023-24
Liddell,Ryan,8.0,NOP,2023-24
Lewis Jr.,Liddell,8.0,NOP,2023-24
Gates,Ryan,8.0,NOP,2023-24
Alvarado,Liddell,8.0,NOP,2023-24
Seabron,Williamson,6.0,NOP,2023-24
Nance Jr.,Zeller,6.0,NOP,2023-24
Liddell,Seabron,5.0,NOP,2023-24
Gates,Zeller,5.0,NOP,2023-24
Gates,Lewis Jr.,5.0,NOP,2023-24
Brockington,Ryan,3.0,NOP,2023-24
Brockington,Robinson-Earl,3.0,NOP,2023-24
Brockington,Zeller,3.0,NOP,2023-24
Brockington,Hawkins,3.0,NOP,2023-24
Gates,Nance Jr.,3.0,NOP,2023-24
Daniels,Gates,3.0,NOP,2023-24
Crutcher,Hawkins,3.0,NOP,2023-24
Crutcher,Robinson-Earl,3.0,NOP,2023-24
Crutcher,Ryan,3.0,NOP,2023-24
Crutcher,Seabron,3.0,NOP,2023-24
Brunson,Hart,1764.0,NYK,2023-24
Brunson,DiVincenzo,1711.0,NYK,2023-24
DiVincenzo,Hart,1602.0,NYK,2023-24
Brunson,Randle,1365.0,NYK,2023-24
Hart,Hartenstein,1360.0,NYK,2023-24
Brunson,Hartenstein,1336.0,NYK,2023-24
DiVincenzo,Hartenstein,1331.0,NYK,2023-24
Hart,McBride,992.0,NYK,2023-24
Achiuwa,Hart,911.0,NYK,2023-24
DiVincenzo,McBride,800.0,NYK,2023-24
DiVincenzo,Randle,786.0,NYK,2023-24
Hartenstein,Randle,782.0,NYK,2023-24
Hart,Randle,753.0,NYK,2023-24
Achiuwa,DiVincenzo,751.0,NYK,2023-24
Brunson,Robinson,706.0,NYK,2023-24
Achiuwa,Brunson,698.0,NYK,2023-24
Anunoby,Brunson,636.0,NYK,2023-24
Achiuwa,McBride,617.0,NYK,2023-24
Hart,Quickley,599.0,NYK,2023-24
Brunson,Grimes,578.0,NYK,2023-24
Randle,Robinson,571.0,NYK,2023-24
Hartenstein,McBride,558.0,NYK,2023-24
Grimes,Hart,556.0,NYK,2023-24
Grimes,Randle,555.0,NYK,2023-24
Barrett,Brunson,548.0,NYK,2023-24
Anunoby,DiVincenzo,529.0,NYK,2023-24
Anunoby,Hartenstein,516.0,NYK,2023-24
Barrett,Randle,514.0,NYK,2023-24
Hartenstein,Quickley,485.0,NYK,2023-24
Brunson,McBride,473.0,NYK,2023-24
Anunoby,Hart,446.0,NYK,2023-24
Hart,Robinson,410.0,NYK,2023-24
Quickley,Randle,389.0,NYK,2023-24
Bogdanovic,McBride,379.0,NYK,2023-24
Brunson,Quickley,377.0,NYK,2023-24
Bogdanovic,Hart,374.0,NYK,2023-24
DiVincenzo,Sims,373.0,NYK,2023-24
Grimes,Robinson,366.0,NYK,2023-24
Barrett,DiVincenzo,352.0,NYK,2023-24
Anunoby,Randle,348.0,NYK,2023-24
Barrett,Hartenstein,346.0,NYK,2023-24
Achiuwa,Hartenstein,340.0,NYK,2023-24
Hart,Sims,339.0,NYK,2023-24
Barrett,Grimes,335.0,NYK,2023-24
Brunson,Sims,319.0,NYK,2023-24
DiVincenzo,Quickley,308.0,NYK,2023-24
Achiuwa,Bogdanovic,304.0,NYK,2023-24
Barrett,Robinson,303.0,NYK,2023-24
Bogdanovic,DiVincenzo,303.0,NYK,2023-24
DiVincenzo,Robinson,300.0,NYK,2023-24
McBride,Sims,295.0,NYK,2023-24
Barrett,Hart,271.0,NYK,2023-24
Barrett,Quickley,264.0,NYK,2023-24
Grimes,Hartenstein,260.0,NYK,2023-24
Bogdanovic,Burks,244.0,NYK,2023-24
Achiuwa,Sims,244.0,NYK,2023-24
Burks,Hart,211.0,NYK,2023-24
Achiuwa,Anunoby,200.0,NYK,2023-24
Achiuwa,Grimes,194.0,NYK,2023-24
Grimes,McBride,193.0,NYK,2023-24
Bogdanovic,Brunson,188.0,NYK,2023-24
Anunoby,McBride,187.0,NYK,2023-24
Burks,McBride,184.0,NYK,2023-24
Achiuwa,Burks,176.0,NYK,2023-24
Grimes,Quickley,171.0,NYK,2023-24
McBride,Randle,161.0,NYK,2023-24
Quickley,Robinson,158.0,NYK,2023-24
Anunoby,Grimes,158.0,NYK,2023-24
Bogdanovic,Hartenstein,156.0,NYK,2023-24
Bogdanovic,Sims,140.0,NYK,2023-24
Gibson,Hart,128.0,NYK,2023-24
Burks,Sims,121.0,NYK,2023-24
Randle,Sims,117.0,NYK,2023-24
Brunson,Burks,110.0,NYK,2023-24
McBride,Robinson,102.0,NYK,2023-24
Achiuwa,Randle,94.0,NYK,2023-24
DiVincenzo,Grimes,90.0,NYK,2023-24
Brunson,Gibson,75.0,NYK,2023-24
Burks,DiVincenzo,75.0,NYK,2023-24
Grimes,Sims,74.0,NYK,2023-24
DiVincenzo,Gibson,72.0,NYK,2023-24
Burks,Hartenstein,70.0,NYK,2023-24
Bogdanovic,Robinson,67.0,NYK,2023-24
Gibson,McBride,64.0,NYK,2023-24
Barrett,Sims,63.0,NYK,2023-24
Gibson,Quickley,58.0,NYK,2023-24
Anunoby,Sims,57.0,NYK,2023-24
Anunoby,Bogdanovic,54.0,NYK,2023-24
Gibson,Randle,52.0,NYK,2023-24
Achiuwa,Gibson,47.0,NYK,2023-24
Arcidiacono,McBride,45.0,NYK,2023-24
Gibson,Grimes,45.0,NYK,2023-24
Flynn,Hart,44.0,NYK,2023-24
Barrett,Gibson,44.0,NYK,2023-24
Anunoby,Robinson,43.0,NYK,2023-24
Jeffries,Sims,41.0,NYK,2023-24
Flynn,McBride,39.0,NYK,2023-24
Arcidiacono,Sims,38.0,NYK,2023-24
McBride,Quickley,38.0,NYK,2023-24
Jeffries,McBride,38.0,NYK,2023-24
Achiuwa,Flynn,37.0,NYK,2023-24
Brown Jr.,McBride,35.0,NYK,2023-24
McBride,Toppin,35.0,NYK,2023-24
Fournier,McBride,28.0,NYK,2023-24
Achiuwa,Robinson,28.0,NYK,2023-24
Flynn,Grimes,25.0,NYK,2023-24
Achiuwa,Brown Jr.,25.0,NYK,2023-24
Flynn,Sims,23.0,NYK,2023-24
Fournier,Hart,22.0,NYK,2023-24
Barrett,McBride,20.0,NYK,2023-24
Arcidiacono,Grimes,20.0,NYK,2023-24
Achiuwa,Toppin,19.0,NYK,2023-24
Sims,Toppin,19.0,NYK,2023-24
Fournier,Hartenstein,19.0,NYK,2023-24
Anunoby,Burks,18.0,NYK,2023-24
Achiuwa,Milton,18.0,NYK,2023-24
Arcidiacono,Jeffries,18.0,NYK,2023-24
Brown Jr.,DiVincenzo,18.0,NYK,2023-24
Achiuwa,Arcidiacono,17.0,NYK,2023-24
Fournier,Randle,17.0,NYK,2023-24
Milton,Sims,16.0,NYK,2023-24
Brunson,Fournier,16.0,NYK,2023-24
Arcidiacono,Flynn,16.0,NYK,2023-24
Anunoby,Flynn,16.0,NYK,2023-24
Fournier,Gibson,15.0,NYK,2023-24
Flynn,Hartenstein,15.0,NYK,2023-24
Brown Jr.,Gibson,15.0,NYK,2023-24
Grimes,Jeffries,15.0,NYK,2023-24
Fournier,Quickley,15.0,NYK,2023-24
Hart,Toppin,14.0,NYK,2023-24
McBride,Milton,14.0,NYK,2023-24
Bogdanovic,Milton,14.0,NYK,2023-24
Brown Jr.,Hart,14.0,NYK,2023-24
Burks,Robinson,13.0,NYK,2023-24
Brown Jr.,Toppin,13.0,NYK,2023-24
Gibson,Sims,13.0,NYK,2023-24
Brown Jr.,Sims,13.0,NYK,2023-24
Jeffries,Milton,12.0,NYK,2023-24
DiVincenzo,Toppin,11.0,NYK,2023-24
Achiuwa,Jeffries,11.0,NYK,2023-24
DiVincenzo,Flynn,11.0,NYK,2023-24
Diakite,Sims,9.0,NYK,2023-24
Diakite,Jeffries,9.0,NYK,2023-24
Diakite,Milton,9.0,NYK,2023-24
DiVincenzo,Fournier,9.0,NYK,2023-24
Gibson,Jeffries,8.0,NYK,2023-24
Achiuwa,Diakite,8.0,NYK,2023-24
Flynn,Gibson,8.0,NYK,2023-24
Flynn,Randle,8.0,NYK,2023-24
Jeffries,Windler,8.0,NYK,2023-24
Sims,Windler,8.0,NYK,2023-24
McBride,Windler,8.0,NYK,2023-24
Hart,Jeffries,7.0,NYK,2023-24
Burks,Gibson,7.0,NYK,2023-24
Hart,Milton,7.0,NYK,2023-24
Burks,Toppin,7.0,NYK,2023-24
DiVincenzo,Jeffries,7.0,NYK,2023-24
Fournier,Grimes,6.0,NYK,2023-24
Arcidiacono,Brown Jr.,6.0,NYK,2023-24
Hartenstein,Milton,5.0,NYK,2023-24
Achiuwa,Fournier,5.0,NYK,2023-24
Arcidiacono,DiVincenzo,5.0,NYK,2023-24
Gibson,Toppin,5.0,NYK,2023-24
Quickley,Sims,5.0,NYK,2023-24
Brown Jr.,Hartenstein,5.0,NYK,2023-24
Burks,Milton,4.0,NYK,2023-24
Jeffries,Toppin,4.0,NYK,2023-24
Brunson,Toppin,4.0,NYK,2023-24
Arcidiacono,Windler,4.0,NYK,2023-24
Anunoby,Fournier,4.0,NYK,2023-24
Arcidiacono,Gibson,4.0,NYK,2023-24
Hartenstein,Toppin,4.0,NYK,2023-24
DiVincenzo,Milton,4.0,NYK,2023-24
Arcidiacono,Hart,4.0,NYK,2023-24
Bogdanovic,Gibson,4.0,NYK,2023-24
Brunson,Milton,4.0,NYK,2023-24
Jeffries,Quickley,4.0,NYK,2023-24
Brown Jr.,Jeffries,3.0,NYK,2023-24
Grimes,Windler,3.0,NYK,2023-24
Milton,Robinson,3.0,NYK,2023-24
Arcidiacono,Toppin,3.0,NYK,2023-24
Brunson,Jeffries,3.0,NYK,2023-24
Brown Jr.,Skapintsev,2.0,NYK,2023-24
Brown Jr.,Flynn,2.0,NYK,2023-24
McBride,Skapintsev,2.0,NYK,2023-24
Hartenstein,Jeffries,2.0,NYK,2023-24
Arcidiacono,Skapintsev,2.0,NYK,2023-24
Skapintsev,Toppin,1.0,NYK,2023-24
Brown Jr.,Milton,1.0,NYK,2023-24
Milton,Toppin,1.0,NYK,2023-24
Jeffries,Robinson,1.0,NYK,2023-24
Robinson,Sims,1.0,NYK,2023-24
Bogdanovic,Jeffries,1.0,NYK,2023-24
Arcidiacono,Hartenstein,1.0,NYK,2023-24
Hartenstein,Skapintsev,1.0,NYK,2023-24
Quickley,Windler,1.0,NYK,2023-24
Arcidiacono,Brunson,1.0,NYK,2023-24
Diakite,McBride,1.0,NYK,2023-24
Anunoby,Gibson,0.0,NYK,2023-24
Arcidiacono,Barrett,0.0,NYK,2023-24
Barrett,Jeffries,0.0,NYK,2023-24
Burks,Jeffries,0.0,NYK,2023-24
Hartenstein,Sims,0.0,NYK,2023-24
Brunson,Diakite,0.0,NYK,2023-24
Gilgeous-Alexander,Williams,2461.0,OKC,2023-24
Holmgren,Williams,2183.0,OKC,2023-24
Dort,Williams,2178.0,OKC,2023-24
Giddey,Williams,1970.0,OKC,2023-24
Dort,Gilgeous-Alexander,1806.0,OKC,2023-24
Wallace,Williams,1712.0,OKC,2023-24
Gilgeous-Alexander,Holmgren,1629.0,OKC,2023-24
Dort,Holmgren,1593.0,OKC,2023-24
Giddey,Holmgren,1469.0,OKC,2023-24
Dort,Giddey,1423.0,OKC,2023-24
Joe,Williams,1392.0,OKC,2023-24
Giddey,Gilgeous-Alexander,1348.0,OKC,2023-24
Wiggins,Williams,1207.0,OKC,2023-24
Gilgeous-Alexander,Joe,1073.0,OKC,2023-24
Gilgeous-Alexander,Wallace,849.0,OKC,2023-24
Holmgren,Wallace,840.0,OKC,2023-24
Williams,Williams,829.0,OKC,2023-24
Joe,Wallace,694.0,OKC,2023-24
Dort,Joe,677.0,OKC,2023-24
Holmgren,Wiggins,646.0,OKC,2023-24
Wallace,Wiggins,631.0,OKC,2023-24
Giddey,Wallace,623.0,OKC,2023-24
Holmgren,Joe,605.0,OKC,2023-24
Giddey,Wiggins,441.0,OKC,2023-24
Micic,Williams,412.0,OKC,2023-24
Dort,Wallace,396.0,OKC,2023-24
Gilgeous-Alexander,Wiggins,394.0,OKC,2023-24
Dort,Wiggins,387.0,OKC,2023-24
Hayward,Williams,385.0,OKC,2023-24
Joe,Wiggins,366.0,OKC,2023-24
Giddey,Joe,286.0,OKC,2023-24
Dieng,Williams,279.0,OKC,2023-24
Holmgren,Micic,209.0,OKC,2023-24
Hayward,Joe,209.0,OKC,2023-24
Micic,Wallace,208.0,OKC,2023-24
Gilgeous-Alexander,Hayward,202.0,OKC,2023-24
Hayward,Holmgren,194.0,OKC,2023-24
Micic,Wiggins,185.0,OKC,2023-24
Hayward,Wallace,184.0,OKC,2023-24
Waters III,Williams,184.0,OKC,2023-24
Dieng,Wallace,179.0,OKC,2023-24
Dort,Hayward,176.0,OKC,2023-24
Hayward,Wiggins,149.0,OKC,2023-24
Dieng,Gilgeous-Alexander,141.0,OKC,2023-24
Waters III,Wiggins,126.0,OKC,2023-24
Dieng,Joe,121.0,OKC,2023-24
Giddey,Hayward,120.0,OKC,2023-24
Dieng,Holmgren,110.0,OKC,2023-24
Wallace,Waters III,110.0,OKC,2023-24
Mann,Williams,105.0,OKC,2023-24
Dieng,Wiggins,101.0,OKC,2023-24
Joe,Micic,76.0,OKC,2023-24
Dieng,Waters III,75.0,OKC,2023-24
Dort,Micic,71.0,OKC,2023-24
Dieng,Giddey,69.0,OKC,2023-24
Holmgren,Waters III,66.0,OKC,2023-24
Dieng,Micic,66.0,OKC,2023-24
Dieng,Dort,64.0,OKC,2023-24
Bertans,Williams,57.0,OKC,2023-24
Muscala,Waters III,56.0,OKC,2023-24
Muscala,Williams,56.0,OKC,2023-24
Dieng,Mann,52.0,OKC,2023-24
Bertans,Gilgeous-Alexander,52.0,OKC,2023-24
Giddey,Micic,51.0,OKC,2023-24
Giddey,Waters III,51.0,OKC,2023-24
Joe,Waters III,50.0,OKC,2023-24
Dieng,Sarr,48.0,OKC,2023-24
Mann,Wallace,46.0,OKC,2023-24
Mann,Waters III,46.0,OKC,2023-24
Johnson,Williams,45.0,OKC,2023-24
Biyombo,Wiggins,45.0,OKC,2023-24
Bertans,Joe,45.0,OKC,2023-24
Sarr,Waters III,43.0,OKC,2023-24
Biyombo,Waters III,43.0,OKC,2023-24
Pokusevski,Waters III,42.0,OKC,2023-24
Sarr,Wallace,42.0,OKC,2023-24
Muscala,Wallace,40.0,OKC,2023-24
Muscala,Wiggins,40.0,OKC,2023-24
Gilgeous-Alexander,Micic,39.0,OKC,2023-24
Mann,Pokusevski,38.0,OKC,2023-24
Gilgeous-Alexander,Waters III,38.0,OKC,2023-24
Mann,Wiggins,36.0,OKC,2023-24
Dort,Waters III,36.0,OKC,2023-24
Dieng,Pokusevski,35.0,OKC,2023-24
Biyombo,Muscala,34.0,OKC,2023-24
Dieng,Johnson,33.0,OKC,2023-24
Micic,Waters III,33.0,OKC,2023-24
Biyombo,Williams,32.0,OKC,2023-24
Hayward,Waters III,31.0,OKC,2023-24
Giddey,Muscala,31.0,OKC,2023-24
Hayward,Muscala,31.0,OKC,2023-24
Joe,Sarr,30.0,OKC,2023-24
Pokusevski,Sarr,29.0,OKC,2023-24
Biyombo,Dieng,28.0,OKC,2023-24
Gilgeous-Alexander,Sarr,28.0,OKC,2023-24
Biyombo,Hayward,28.0,OKC,2023-24
Mann,Micic,28.0,OKC,2023-24
Johnson,Waters III,28.0,OKC,2023-24
Biyombo,Wallace,27.0,OKC,2023-24
Bertans,Dort,26.0,OKC,2023-24
Pokusevski,Wallace,26.0,OKC,2023-24
Bertans,Wallace,25.0,OKC,2023-24
Bertans,Holmgren,25.0,OKC,2023-24
Johnson,Mann,24.0,OKC,2023-24
Giddey,Sarr,23.0,OKC,2023-24
Dieng,Muscala,23.0,OKC,2023-24
Sarr,Wiggins,23.0,OKC,2023-24
Bertans,Pokusevski,22.0,OKC,2023-24
Mann,Sarr,22.0,OKC,2023-24
Joe,Mann,21.0,OKC,2023-24
Johnson,Wiggins,21.0,OKC,2023-24
Johnson,Wallace,20.0,OKC,2023-24
Sarr,Williams,20.0,OKC,2023-24
Holmgren,Mann,19.0,OKC,2023-24
Bertans,Wiggins,18.0,OKC,2023-24
Johnson,Sarr,18.0,OKC,2023-24
Johnson,Pokusevski,18.0,OKC,2023-24
Gilgeous-Alexander,Mann,18.0,OKC,2023-24
Dort,Sarr,18.0,OKC,2023-24
Joe,Muscala,18.0,OKC,2023-24
Bertans,Mann,17.0,OKC,2023-24
Bertans,Sarr,17.0,OKC,2023-24
Bertans,Waters III,17.0,OKC,2023-24
Flagler,Wiggins,15.0,OKC,2023-24
Micic,Sarr,15.0,OKC,2023-24
Biyombo,Flagler,15.0,OKC,2023-24
Biyombo,Gilgeous-Alexander,14.0,OKC,2023-24
Dort,Muscala,13.0,OKC,2023-24
Pokusevski,Wiggins,13.0,OKC,2023-24
Bertans,Dieng,12.0,OKC,2023-24
Dieng,Hayward,12.0,OKC,2023-24
Giddey,Mann,12.0,OKC,2023-24
Gilgeous-Alexander,Johnson,12.0,OKC,2023-24
Bertans,Giddey,11.0,OKC,2023-24
Micic,Pokusevski,11.0,OKC,2023-24
Biyombo,Joe,11.0,OKC,2023-24
Flagler,Muscala,9.0,OKC,2023-24
Flagler,Waters III,9.0,OKC,2023-24
Gilgeous-Alexander,Muscala,9.0,OKC,2023-24
Biyombo,Dort,9.0,OKC,2023-24
Bertans,Johnson,8.0,OKC,2023-24
Pokusevski,Williams,8.0,OKC,2023-24
Muscala,Sarr,8.0,OKC,2023-24
Dort,Johnson,7.0,OKC,2023-24
Biyombo,Johnson,7.0,OKC,2023-24
Biyombo,Giddey,7.0,OKC,2023-24
Flagler,Johnson,6.0,OKC,2023-24
Joe,Johnson,5.0,OKC,2023-24
Hayward,Johnson,5.0,OKC,2023-24
Joe,Pokusevski,5.0,OKC,2023-24
Bertans,Micic,4.0,OKC,2023-24
Hayward,Sarr,4.0,OKC,2023-24
Flagler,Wallace,4.0,OKC,2023-24
Johnson,Micic,4.0,OKC,2023-24
Giddey,Johnson,3.0,OKC,2023-24
Gilgeous-Alexander,Pokusevski,3.0,OKC,2023-24
Giddey,Pokusevski,2.0,OKC,2023-24
Flagler,Hayward,2.0,OKC,2023-24
Banchero,Wagner,2332.0,ORL,2023-24
Anthony,Wagner,2062.0,ORL,2023-24
Banchero,Suggs,1913.0,ORL,2023-24
Suggs,Wagner,1652.0,ORL,2023-24
Harris,Wagner,1277.0,ORL,2023-24
Banchero,Carter Jr.,1231.0,ORL,2023-24
Ingles,Wagner,1124.0,ORL,2023-24
Carter Jr.,Wagner,1108.0,ORL,2023-24
Isaac,Wagner,1034.0,ORL,2023-24
Carter Jr.,Suggs,1000.0,ORL,2023-24
Black,Wagner,960.0,ORL,2023-24
Banchero,Harris,959.0,ORL,2023-24
Anthony,Banchero,886.0,ORL,2023-24
Anthony,Ingles,882.0,ORL,2023-24
Banchero,Bitadze,834.0,ORL,2023-24
Banchero,Black,793.0,ORL,2023-24
Anthony,Isaac,715.0,ORL,2023-24
Fultz,Wagner,701.0,ORL,2023-24
Wagner,Wagner,672.0,ORL,2023-24
Bitadze,Suggs,654.0,ORL,2023-24
Banchero,Fultz,650.0,ORL,2023-24
Carter Jr.,Harris,584.0,ORL,2023-24
Harris,Suggs,575.0,ORL,2023-24
Houstan,Wagner,571.0,ORL,2023-24
Bitadze,Black,544.0,ORL,2023-24
Bitadze,Wagner,538.0,ORL,2023-24
Anthony,Harris,529.0,ORL,2023-24
Banchero,Ingles,517.0,ORL,2023-24
Carter Jr.,Fultz,514.0,ORL,2023-24
Black,Suggs,510.0,ORL,2023-24
Ingles,Isaac,495.0,ORL,2023-24
Fultz,Suggs,489.0,ORL,2023-24
Banchero,Houstan,488.0,ORL,2023-24
Anthony,Houstan,376.0,ORL,2023-24
Anthony,Fultz,371.0,ORL,2023-24
Anthony,Black,362.0,ORL,2023-24
Anthony,Carter Jr.,342.0,ORL,2023-24
Harris,Ingles,333.0,ORL,2023-24
Anthony,Suggs,332.0,ORL,2023-24
Fultz,Ingles,328.0,ORL,2023-24
Houstan,Suggs,310.0,ORL,2023-24
Harris,Isaac,305.0,ORL,2023-24
Houstan,Okeke,296.0,ORL,2023-24
Banchero,Isaac,290.0,ORL,2023-24
Black,Carter Jr.,265.0,ORL,2023-24
Bitadze,Houstan,264.0,ORL,2023-24
Black,Ingles,254.0,ORL,2023-24
Ingles,Suggs,246.0,ORL,2023-24
Carter Jr.,Ingles,218.0,ORL,2023-24
Bitadze,Okeke,217.0,ORL,2023-24
Banchero,Okeke,215.0,ORL,2023-24
Anthony,Bitadze,213.0,ORL,2023-24
Bitadze,Harris,212.0,ORL,2023-24
Fultz,Isaac,207.0,ORL,2023-24
Black,Houstan,200.0,ORL,2023-24
Carter Jr.,Houstan,190.0,ORL,2023-24
Black,Isaac,189.0,ORL,2023-24
Isaac,Suggs,183.0,ORL,2023-24
Okeke,Suggs,182.0,ORL,2023-24
Okeke,Wagner,180.0,ORL,2023-24
Black,Harris,168.0,ORL,2023-24
Black,Okeke,163.0,ORL,2023-24
Anthony,Okeke,148.0,ORL,2023-24
Bitadze,Ingles,135.0,ORL,2023-24
Houstan,Ingles,121.0,ORL,2023-24
Harris,Houstan,119.0,ORL,2023-24
Carter Jr.,Isaac,118.0,ORL,2023-24
Fultz,Harris,117.0,ORL,2023-24
Queen,Wagner,93.0,ORL,2023-24
Banchero,Queen,87.0,ORL,2023-24
Okeke,Schofield,83.0,ORL,2023-24
Okeke,Queen,79.0,ORL,2023-24
Fultz,Houstan,77.0,ORL,2023-24
Black,Queen,72.0,ORL,2023-24
Black,Schofield,70.0,ORL,2023-24
Houstan,Isaac,69.0,ORL,2023-24
Houstan,Queen,69.0,ORL,2023-24
Bitadze,Fultz,61.0,ORL,2023-24
Howard,Okeke,57.0,ORL,2023-24
Houstan,Schofield,56.0,ORL,2023-24
Black,Howard,55.0,ORL,2023-24
Anthony,Queen,52.0,ORL,2023-24
Queen,Suggs,47.0,ORL,2023-24
Bitadze,Queen,43.0,ORL,2023-24
Fultz,Okeke,43.0,ORL,2023-24
Black,Fultz,43.0,ORL,2023-24
Houstan,Howard,42.0,ORL,2023-24
Bitadze,Schofield,37.0,ORL,2023-24
Carter Jr.,Okeke,31.0,ORL,2023-24
Howard,Schofield,30.0,ORL,2023-24
Bitadze,Isaac,28.0,ORL,2023-24
Bitadze,Howard,27.0,ORL,2023-24
Ingles,Okeke,25.0,ORL,2023-24
Queen,Schofield,21.0,ORL,2023-24
Anthony,Schofield,19.0,ORL,2023-24
Bitadze,Carter Jr.,17.0,ORL,2023-24
Isaac,Queen,17.0,ORL,2023-24
Fultz,Queen,16.0,ORL,2023-24
Howard,Wagner,14.0,ORL,2023-24
Ingles,Queen,14.0,ORL,2023-24
Carter Jr.,Queen,14.0,ORL,2023-24
Howard,Queen,14.0,ORL,2023-24
Harris,Queen,10.0,ORL,2023-24
Fultz,Schofield,7.0,ORL,2023-24
Anthony,Howard,7.0,ORL,2023-24
Schofield,Wagner,6.0,ORL,2023-24
Harris,Howard,6.0,ORL,2023-24
Banchero,Howard,4.0,ORL,2023-24
Howard,Suggs,4.0,ORL,2023-24
Schofield,Suggs,3.0,ORL,2023-24
Harris,Schofield,3.0,ORL,2023-24
Harris,Okeke,3.0,ORL,2023-24
Isaac,Okeke,2.0,ORL,2023-24
Banchero,Schofield,1.0,ORL,2023-24
Harris,Maxey,1713.0,PHI,2023-24
Maxey,Oubre Jr.,1333.0,PHI,2023-24
Harris,Oubre Jr.,1130.0,PHI,2023-24
Maxey,Reed,1042.0,PHI,2023-24
Batum,Maxey,1023.0,PHI,2023-24
Embiid,Maxey,947.0,PHI,2023-24
Embiid,Harris,945.0,PHI,2023-24
Batum,Harris,879.0,PHI,2023-24
Harris,Melton,866.0,PHI,2023-24
Harris,Reed,819.0,PHI,2023-24
Oubre Jr.,Reed,800.0,PHI,2023-24
Maxey,Melton,766.0,PHI,2023-24
Batum,Oubre Jr.,647.0,PHI,2023-24
Embiid,Melton,640.0,PHI,2023-24
Batum,Embiid,624.0,PHI,2023-24
Embiid,Oubre Jr.,597.0,PHI,2023-24
Batum,Reed,535.0,PHI,2023-24
Hield,Reed,486.0,PHI,2023-24
Lowry,Oubre Jr.,451.0,PHI,2023-24
Beverley,Maxey,447.0,PHI,2023-24
Hield,Maxey,444.0,PHI,2023-24
Hield,Oubre Jr.,427.0,PHI,2023-24
Bamba,Oubre Jr.,421.0,PHI,2023-24
Bamba,Maxey,418.0,PHI,2023-24
Beverley,Harris,407.0,PHI,2023-24
Lowry,Maxey,402.0,PHI,2023-24
Maxey,Morris Sr.,400.0,PHI,2023-24
Harris,Lowry,389.0,PHI,2023-24
Bamba,Harris,385.0,PHI,2023-24
Beverley,Oubre Jr.,380.0,PHI,2023-24
Batum,Melton,379.0,PHI,2023-24
Harris,Hield,379.0,PHI,2023-24
Beverley,Morris Sr.,366.0,PHI,2023-24
Beverley,Embiid,364.0,PHI,2023-24
Martin,Oubre Jr.,336.0,PHI,2023-24
Payne,Reed,327.0,PHI,2023-24
Beverley,Reed,314.0,PHI,2023-24
Batum,Hield,314.0,PHI,2023-24
Oubre Jr.,Payne,306.0,PHI,2023-24
Batum,Lowry,305.0,PHI,2023-24
Hield,Payne,304.0,PHI,2023-24
Harris,Payne,299.0,PHI,2023-24
Bamba,Lowry,294.0,PHI,2023-24
Melton,Oubre Jr.,285.0,PHI,2023-24
Martin,Reed,282.0,PHI,2023-24
Martin,Maxey,275.0,PHI,2023-24
Morris Sr.,Reed,266.0,PHI,2023-24
Morris Sr.,Oubre Jr.,264.0,PHI,2023-24
House Jr.,Maxey,250.0,PHI,2023-24
Covington,Maxey,248.0,PHI,2023-24
Hield,Martin,227.0,PHI,2023-24
Batum,Payne,226.0,PHI,2023-24
Melton,Reed,225.0,PHI,2023-24
Beverley,House Jr.,215.0,PHI,2023-24
House Jr.,Reed,208.0,PHI,2023-24
Harris,Morris Sr.,207.0,PHI,2023-24
Batum,Beverley,204.0,PHI,2023-24
Beverley,Melton,202.0,PHI,2023-24
Harris,House Jr.,199.0,PHI,2023-24
Hield,Lowry,196.0,PHI,2023-24
Covington,Harris,193.0,PHI,2023-24
Covington,Melton,192.0,PHI,2023-24
Embiid,House Jr.,191.0,PHI,2023-24
Lowry,Reed,179.0,PHI,2023-24
Bamba,Martin,177.0,PHI,2023-24
Martin,Payne,177.0,PHI,2023-24
Covington,Embiid,174.0,PHI,2023-24
Bamba,Hield,172.0,PHI,2023-24
Embiid,Morris Sr.,171.0,PHI,2023-24
Maxey,Payne,166.0,PHI,2023-24
Beverley,Covington,163.0,PHI,2023-24
Covington,Reed,161.0,PHI,2023-24
House Jr.,Oubre Jr.,160.0,PHI,2023-24
Reed,Springer,156.0,PHI,2023-24
Maxey,Springer,155.0,PHI,2023-24
House Jr.,Morris Sr.,155.0,PHI,2023-24
Korkmaz,Martin,149.0,PHI,2023-24
Batum,Morris Sr.,143.0,PHI,2023-24
Bamba,Beverley,142.0,PHI,2023-24
Bamba,Batum,138.0,PHI,2023-24
Martin,Springer,137.0,PHI,2023-24
Korkmaz,Springer,134.0,PHI,2023-24
Harris,Springer,131.0,PHI,2023-24
Council IV,Reed,131.0,PHI,2023-24
Lowry,Payne,129.0,PHI,2023-24
Harris,Martin,127.0,PHI,2023-24
House Jr.,Springer,125.0,PHI,2023-24
Melton,Morris Sr.,123.0,PHI,2023-24
Covington,Morris Sr.,120.0,PHI,2023-24
Council IV,Oubre Jr.,116.0,PHI,2023-24
Bamba,Payne,116.0,PHI,2023-24
Council IV,Martin,107.0,PHI,2023-24
Council IV,Hield,106.0,PHI,2023-24
Bamba,Springer,104.0,PHI,2023-24
House Jr.,Korkmaz,104.0,PHI,2023-24
Beverley,Martin,102.0,PHI,2023-24
Council IV,Payne,102.0,PHI,2023-24
Council IV,Maxey,101.0,PHI,2023-24
Beverley,Springer,101.0,PHI,2023-24
Oubre Jr.,Springer,99.0,PHI,2023-24
Beverley,Korkmaz,95.0,PHI,2023-24
House Jr.,Martin,94.0,PHI,2023-24
Batum,Martin,93.0,PHI,2023-24
Korkmaz,Reed,90.0,PHI,2023-24
Embiid,Lowry,84.0,PHI,2023-24
Harris,Korkmaz,82.0,PHI,2023-24
Embiid,Korkmaz,80.0,PHI,2023-24
Bamba,House Jr.,80.0,PHI,2023-24
Covington,Oubre Jr.,79.0,PHI,2023-24
Bamba,Melton,79.0,PHI,2023-24
Dowtin Jr.,Reed,78.0,PHI,2023-24
Bamba,Korkmaz,77.0,PHI,2023-24
Lowry,Martin,77.0,PHI,2023-24
Dowtin Jr.,Martin,77.0,PHI,2023-24
Bamba,Morris Sr.,75.0,PHI,2023-24
Dowtin Jr.,Hield,73.0,PHI,2023-24
Embiid,Springer,70.0,PHI,2023-24
Embiid,Martin,66.0,PHI,2023-24
Korkmaz,Maxey,63.0,PHI,2023-24
Martin,Smith,62.0,PHI,2023-24
Council IV,Smith,61.0,PHI,2023-24
Covington,House Jr.,61.0,PHI,2023-24
Maxey,Tucker,59.0,PHI,2023-24
Morris Sr.,Springer,59.0,PHI,2023-24
Dowtin Jr.,Oubre Jr.,58.0,PHI,2023-24
Korkmaz,Oubre Jr.,58.0,PHI,2023-24
Embiid,Tucker,57.0,PHI,2023-24
Harris,Tucker,57.0,PHI,2023-24
Council IV,Dowtin Jr.,53.0,PHI,2023-24
Bamba,Covington,52.0,PHI,2023-24
Embiid,Payne,52.0,PHI,2023-24
Melton,Tucker,51.0,PHI,2023-24
Council IV,Harris,51.0,PHI,2023-24
Batum,Covington,51.0,PHI,2023-24
Embiid,Hield,50.0,PHI,2023-24
Covington,Korkmaz,50.0,PHI,2023-24
Batum,House Jr.,46.0,PHI,2023-24
Bamba,Council IV,44.0,PHI,2023-24
Dowtin Jr.,Payne,43.0,PHI,2023-24
House Jr.,Melton,42.0,PHI,2023-24
Batum,Council IV,39.0,PHI,2023-24
Martin,Morris Sr.,39.0,PHI,2023-24
Batum,Springer,36.0,PHI,2023-24
Covington,Springer,36.0,PHI,2023-24
Dowtin Jr.,Harris,36.0,PHI,2023-24
Martin,Melton,33.0,PHI,2023-24
Korkmaz,Morris Sr.,33.0,PHI,2023-24
Melton,Springer,32.0,PHI,2023-24
Council IV,Korkmaz,30.0,PHI,2023-24
Council IV,Springer,30.0,PHI,2023-24
Korkmaz,Smith,30.0,PHI,2023-24
Reed,Smith,29.0,PHI,2023-24
Covington,Martin,28.0,PHI,2023-24
Korkmaz,Melton,27.0,PHI,2023-24
Batum,Dowtin Jr.,27.0,PHI,2023-24
Smith,Springer,24.0,PHI,2023-24
Council IV,Lowry,24.0,PHI,2023-24
Bamba,Dowtin Jr.,23.0,PHI,2023-24
Bamba,Reed,23.0,PHI,2023-24
Hield,Melton,22.0,PHI,2023-24
Bamba,Smith,20.0,PHI,2023-24
Melton,Payne,20.0,PHI,2023-24
Oubre Jr.,Smith,19.0,PHI,2023-24
Batum,Korkmaz,18.0,PHI,2023-24
Green,Oubre Jr.,18.0,PHI,2023-24
Dowtin Jr.,Maxey,17.0,PHI,2023-24
Lowry,Melton,15.0,PHI,2023-24
Dowtin Jr.,Lowry,15.0,PHI,2023-24
Hield,Smith,14.0,PHI,2023-24
Dowtin Jr.,Embiid,13.0,PHI,2023-24
Payne,Smith,13.0,PHI,2023-24
Embiid,Green,13.0,PHI,2023-24
Green,Maxey,12.0,PHI,2023-24
Dowtin Jr.,Melton,12.0,PHI,2023-24
Oubre Jr.,Tucker,12.0,PHI,2023-24
Dowtin Jr.,Smith,11.0,PHI,2023-24
Hield,Wilson,10.0,PHI,2023-24
Beverley,Green,10.0,PHI,2023-24
Council IV,Lofton Jr.,9.0,PHI,2023-24
Lofton Jr.,Martin,9.0,PHI,2023-24
Bazley,Hield,8.0,PHI,2023-24
Bazley,Payne,8.0,PHI,2023-24
Bazley,Council IV,8.0,PHI,2023-24
Payne,Wilson,8.0,PHI,2023-24
Green,Harris,8.0,PHI,2023-24
Council IV,Melton,7.0,PHI,2023-24
Council IV,House Jr.,7.0,PHI,2023-24
Maxey,Wilson,6.0,PHI,2023-24
Green,Melton,6.0,PHI,2023-24
Bamba,Bazley,6.0,PHI,2023-24
Council IV,Wilson,6.0,PHI,2023-24
Martin,Wilson,6.0,PHI,2023-24
Harris,Wilson,6.0,PHI,2023-24
Lofton Jr.,Smith,5.0,PHI,2023-24
Korkmaz,Lofton Jr.,5.0,PHI,2023-24
Green,Reed,5.0,PHI,2023-24
Embiid,Reed,5.0,PHI,2023-24
Lofton Jr.,Springer,4.0,PHI,2023-24
Harris,Smith,4.0,PHI,2023-24
Beverley,Tucker,4.0,PHI,2023-24
House Jr.,Smith,4.0,PHI,2023-24
Bamba,Lofton Jr.,4.0,PHI,2023-24
Lowry,Wilson,4.0,PHI,2023-24
Reed,Tucker,4.0,PHI,2023-24
Council IV,Morris Sr.,3.0,PHI,2023-24
Maxey,Smith,3.0,PHI,2023-24
House Jr.,Petrusev,3.0,PHI,2023-24
Korkmaz,Petrusev,3.0,PHI,2023-24
Petrusev,Springer,3.0,PHI,2023-24
Bazley,Maxey,2.0,PHI,2023-24
Reed,Wilson,2.0,PHI,2023-24
Bamba,Petrusev,2.0,PHI,2023-24
Petrusev,Reed,1.0,PHI,2023-24
Batum,Smith,1.0,PHI,2023-24
Council IV,Embiid,1.0,PHI,2023-24
Allen,Durant,2032.0,PHX,2023-24
Booker,Durant,1708.0,PHX,2023-24
Allen,Booker,1695.0,PHX,2023-24
Durant,Nurkic,1651.0,PHX,2023-24
Allen,Nurkic,1575.0,PHX,2023-24
Booker,Nurkic,1396.0,PHX,2023-24
Beal,Durant,1309.0,PHX,2023-24
Durant,Gordon,1273.0,PHX,2023-24
Beal,Booker,1109.0,PHX,2023-24
Allen,Beal,1094.0,PHX,2023-24
Booker,Gordon,1019.0,PHX,2023-24
Beal,Nurkic,1010.0,PHX,2023-24
Allen,Gordon,962.0,PHX,2023-24
Gordon,Nurkic,853.0,PHX,2023-24
Durant,Eubanks,687.0,PHX,2023-24
Booker,Eubanks,619.0,PHX,2023-24
Eubanks,Gordon,617.0,PHX,2023-24
Beal,Gordon,617.0,PHX,2023-24
Durant,Okogie,600.0,PHX,2023-24
Durant,O'Neale,528.0,PHX,2023-24
Allen,Eubanks,515.0,PHX,2023-24
Gordon,Okogie,501.0,PHX,2023-24
Allen,Okogie,454.0,PHX,2023-24
Nurkic,Okogie,439.0,PHX,2023-24
Allen,O'Neale,432.0,PHX,2023-24
Beal,Eubanks,428.0,PHX,2023-24
Booker,O'Neale,418.0,PHX,2023-24
Booker,Okogie,386.0,PHX,2023-24
Beal,O'Neale,376.0,PHX,2023-24
Nurkic,O'Neale,338.0,PHX,2023-24
Gordon,O'Neale,338.0,PHX,2023-24
Eubanks,Okogie,313.0,PHX,2023-24
Bates-Diop,Booker,306.0,PHX,2023-24
Allen,Bates-Diop,301.0,PHX,2023-24
Eubanks,Goodwin,286.0,PHX,2023-24
Booker,Metu,274.0,PHX,2023-24
Bates-Diop,Nurkic,261.0,PHX,2023-24
Bates-Diop,Gordon,245.0,PHX,2023-24
Bates-Diop,Durant,242.0,PHX,2023-24
Durant,Goodwin,242.0,PHX,2023-24
Eubanks,Watanabe,238.0,PHX,2023-24
Beal,Bol,238.0,PHX,2023-24
Beal,Okogie,236.0,PHX,2023-24
Goodwin,Watanabe,228.0,PHX,2023-24
Gordon,Metu,225.0,PHX,2023-24
Bol,Gordon,216.0,PHX,2023-24
Eubanks,O'Neale,215.0,PHX,2023-24
Bates-Diop,Eubanks,205.0,PHX,2023-24
Durant,Little,204.0,PHX,2023-24
Goodwin,Gordon,199.0,PHX,2023-24
Bates-Diop,Beal,199.0,PHX,2023-24
Allen,Bol,196.0,PHX,2023-24
Booker,Goodwin,194.0,PHX,2023-24
Goodwin,Nurkic,190.0,PHX,2023-24
Booker,Little,187.0,PHX,2023-24
Goodwin,Little,180.0,PHX,2023-24
Allen,Little,170.0,PHX,2023-24
Little,Nurkic,170.0,PHX,2023-24
Bol,Eubanks,169.0,PHX,2023-24
Allen,Goodwin,168.0,PHX,2023-24
Bol,Durant,167.0,PHX,2023-24
Bol,Booker,164.0,PHX,2023-24
Gordon,Watanabe,164.0,PHX,2023-24
Bol,Nurkic,164.0,PHX,2023-24
Beal,Metu,159.0,PHX,2023-24
Bates-Diop,Goodwin,158.0,PHX,2023-24
Allen,Metu,157.0,PHX,2023-24
Bol,O'Neale,151.0,PHX,2023-24
Goodwin,Metu,149.0,PHX,2023-24
Bates-Diop,Okogie,149.0,PHX,2023-24
Durant,Watanabe,140.0,PHX,2023-24
Gordon,Little,139.0,PHX,2023-24
Eubanks,Little,134.0,PHX,2023-24
Durant,Metu,132.0,PHX,2023-24
Booker,Watanabe,118.0,PHX,2023-24
Little,Okogie,117.0,PHX,2023-24
Okogie,Watanabe,116.0,PHX,2023-24
Metu,Okogie,114.0,PHX,2023-24
Eubanks,Metu,112.0,PHX,2023-24
Goodwin,Okogie,112.0,PHX,2023-24
Bol,Okogie,106.0,PHX,2023-24
Little,Watanabe,104.0,PHX,2023-24
Nurkic,Watanabe,103.0,PHX,2023-24
Metu,Nurkic,99.0,PHX,2023-24
Bates-Diop,Watanabe,99.0,PHX,2023-24
Little,Metu,90.0,PHX,2023-24
Bates-Diop,Little,81.0,PHX,2023-24
Durant,Lee,81.0,PHX,2023-24
Bates-Diop,Metu,79.0,PHX,2023-24
Azubuike,Booker,74.0,PHX,2023-24
Allen,Watanabe,74.0,PHX,2023-24
Eubanks,Lee,72.0,PHX,2023-24
Gordon,Lee,70.0,PHX,2023-24
Bol,Lee,65.0,PHX,2023-24
Azubuike,Gordon,63.0,PHX,2023-24
O'Neale,Okogie,63.0,PHX,2023-24
Metu,Watanabe,61.0,PHX,2023-24
Beal,Goodwin,55.0,PHX,2023-24
Allen,Azubuike,53.0,PHX,2023-24
O'Neale,Young,50.0,PHX,2023-24
Allen,Lee,49.0,PHX,2023-24
Lee,Metu,48.0,PHX,2023-24
Azubuike,Durant,48.0,PHX,2023-24
Lee,O'Neale,47.0,PHX,2023-24
Booker,Young,44.0,PHX,2023-24
Lee,Little,43.0,PHX,2023-24
Allen,Young,41.0,PHX,2023-24
Durant,Young,39.0,PHX,2023-24
Booker,Lee,39.0,PHX,2023-24
Beal,Watanabe,38.0,PHX,2023-24
Gordon,Young,38.0,PHX,2023-24
Beal,Young,37.0,PHX,2023-24
Beal,Lee,37.0,PHX,2023-24
Lee,Nurkic,36.0,PHX,2023-24
Little,Roddy,35.0,PHX,2023-24
Bol,Young,35.0,PHX,2023-24
Bol,Little,34.0,PHX,2023-24
Bol,Roddy,33.0,PHX,2023-24
Azubuike,Metu,32.0,PHX,2023-24
Azubuike,Little,32.0,PHX,2023-24
Azubuike,Lee,30.0,PHX,2023-24
Beal,Little,28.0,PHX,2023-24
Okogie,Young,27.0,PHX,2023-24
Bol,Metu,25.0,PHX,2023-24
Okogie,Roddy,24.0,PHX,2023-24
Lee,Okogie,24.0,PHX,2023-24
Azubuike,Bates-Diop,23.0,PHX,2023-24
Azubuike,Beal,23.0,PHX,2023-24
Little,Thomas,20.0,PHX,2023-24
Bates-Diop,Lee,20.0,PHX,2023-24
Azubuike,Okogie,19.0,PHX,2023-24
Lee,Roddy,19.0,PHX,2023-24
Bol,Goodwin,19.0,PHX,2023-24
Azubuike,Goodwin,19.0,PHX,2023-24
Okogie,Thomas,17.0,PHX,2023-24
Goodwin,Lee,17.0,PHX,2023-24
Eubanks,Roddy,16.0,PHX,2023-24
Lee,Watanabe,16.0,PHX,2023-24
Little,O'Neale,16.0,PHX,2023-24
Roddy,Thomas,15.0,PHX,2023-24
Little,Young,15.0,PHX,2023-24
Azubuike,Bol,14.0,PHX,2023-24
Bol,Watanabe,13.0,PHX,2023-24
Beal,Roddy,13.0,PHX,2023-24
Durant,Roddy,13.0,PHX,2023-24
Roddy,Young,12.0,PHX,2023-24
Bates-Diop,Bol,12.0,PHX,2023-24
Nurkic,Roddy,11.0,PHX,2023-24
Allen,Roddy,11.0,PHX,2023-24
Gordon,Roddy,11.0,PHX,2023-24
Little,Maledon,11.0,PHX,2023-24
Lee,Maledon,10.0,PHX,2023-24
Beal,Wainright,10.0,PHX,2023-24
Bol,Thomas,9.0,PHX,2023-24
Maledon,Roddy,9.0,PHX,2023-24
O'Neale,Roddy,9.0,PHX,2023-24
Bol,Wainright,8.0,PHX,2023-24
Azubuike,Watanabe,8.0,PHX,2023-24
Booker,Wainright,7.0,PHX,2023-24
O'Neale,Wainright,6.0,PHX,2023-24
Thomas,Young,6.0,PHX,2023-24
Lee,Thomas,6.0,PHX,2023-24
Little,Wainright,6.0,PHX,2023-24
Bol,Maledon,6.0,PHX,2023-24
Azubuike,Roddy,5.0,PHX,2023-24
Azubuike,Maledon,5.0,PHX,2023-24
Roddy,Wainright,5.0,PHX,2023-24
Wainright,Young,5.0,PHX,2023-24
Azubuike,Thomas,4.0,PHX,2023-24
Nurkic,Wainright,4.0,PHX,2023-24
Durant,Wainright,4.0,PHX,2023-24
Booker,Roddy,3.0,PHX,2023-24
Allen,Wainright,3.0,PHX,2023-24
Azubuike,Young,3.0,PHX,2023-24
Thomas,Wainright,3.0,PHX,2023-24
Lee,Young,3.0,PHX,2023-24
Allen,Maledon,2.0,PHX,2023-24
Gordon,Wainright,2.0,PHX,2023-24
Eubanks,Maledon,2.0,PHX,2023-24
Maledon,Okogie,2.0,PHX,2023-24
Azubuike,O'Neale,1.0,PHX,2023-24
Okogie,Wainright,1.0,PHX,2023-24
Maledon,Young,1.0,PHX,2023-24
Ayton,Grant,1020.0,POR,2023-24
Camara,Grant,799.0,POR,2023-24
Henderson,Walker,797.0,POR,2023-24
Camara,Simons,787.0,POR,2023-24
Ayton,Camara,778.0,POR,2023-24
Grant,Simons,774.0,POR,2023-24
Ayton,Simons,770.0,POR,2023-24
Grant,Thybulle,761.0,POR,2023-24
Brogdon,Grant,750.0,POR,2023-24
Ayton,Henderson,710.0,POR,2023-24
Grant,Henderson,656.0,POR,2023-24
Thybulle,Walker,642.0,POR,2023-24
Camara,Henderson,638.0,POR,2023-24
Henderson,Thybulle,629.0,POR,2023-24
Grant,Sharpe,626.0,POR,2023-24
Henderson,Reath,611.0,POR,2023-24
Ayton,Thybulle,608.0,POR,2023-24
Ayton,Walker,605.0,POR,2023-24
Henderson,Simons,598.0,POR,2023-24
Ayton,Brogdon,566.0,POR,2023-24
Ayton,Sharpe,562.0,POR,2023-24
Camara,Sharpe,559.0,POR,2023-24
Simons,Thybulle,555.0,POR,2023-24
Henderson,Murray,550.0,POR,2023-24
Murray,Walker,550.0,POR,2023-24
Grant,Walker,534.0,POR,2023-24
Reath,Simons,525.0,POR,2023-24
Simons,Walker,524.0,POR,2023-24
Camara,Murray,523.0,POR,2023-24
Murray,Simons,517.0,POR,2023-24
Brogdon,Camara,506.0,POR,2023-24
Ayton,Murray,496.0,POR,2023-24
Reath,Walker,475.0,POR,2023-24
Banton,Murray,456.0,POR,2023-24
Brogdon,Thybulle,455.0,POR,2023-24
Brogdon,Walker,453.0,POR,2023-24
Reath,Thybulle,450.0,POR,2023-24
Camara,Reath,450.0,POR,2023-24
Sharpe,Thybulle,442.0,POR,2023-24
Murray,Rupert,425.0,POR,2023-24
Murray,Reath,424.0,POR,2023-24
Brogdon,Sharpe,420.0,POR,2023-24
Camara,Thybulle,418.0,POR,2023-24
Camara,Walker,407.0,POR,2023-24
Grant,Reath,403.0,POR,2023-24
Banton,Walker,382.0,POR,2023-24
Brogdon,Henderson,382.0,POR,2023-24
Banton,Reath,380.0,POR,2023-24
Brogdon,Simons,375.0,POR,2023-24
Banton,Henderson,354.0,POR,2023-24
Ayton,Banton,329.0,POR,2023-24
Henderson,Sharpe,317.0,POR,2023-24
Henderson,Rupert,309.0,POR,2023-24
Rupert,Walker,297.0,POR,2023-24
Banton,Rupert,291.0,POR,2023-24
Sharpe,Walker,286.0,POR,2023-24
Banton,Camara,253.0,POR,2023-24
Banton,Simons,247.0,POR,2023-24
Minaya,Murray,241.0,POR,2023-24
Reath,Rupert,239.0,POR,2023-24
Brogdon,Reath,228.0,POR,2023-24
Sharpe,Simons,226.0,POR,2023-24
Murray,Thybulle,222.0,POR,2023-24
Grant,Mays,209.0,POR,2023-24
Reath,Sharpe,200.0,POR,2023-24
Mays,Sharpe,192.0,POR,2023-24
Grant,Murray,192.0,POR,2023-24
Ayton,Rupert,183.0,POR,2023-24
Hagans,Walker,177.0,POR,2023-24
Camara,Mays,171.0,POR,2023-24
Mays,Walker,166.0,POR,2023-24
Ayton,Mays,163.0,POR,2023-24
Minaya,Rupert,163.0,POR,2023-24
Banton,Minaya,162.0,POR,2023-24
Minaya,Reath,155.0,POR,2023-24
Banton,Thybulle,153.0,POR,2023-24
Mays,Thybulle,148.0,POR,2023-24
Banton,Hagans,147.0,POR,2023-24
Hagans,Murray,145.0,POR,2023-24
Camara,Rupert,132.0,POR,2023-24
Minaya,Walker,128.0,POR,2023-24
Henderson,Minaya,123.0,POR,2023-24
Hagans,Thybulle,115.0,POR,2023-24
Banton,Grant,114.0,POR,2023-24
Badji,Murray,111.0,POR,2023-24
Murray,Sharpe,105.0,POR,2023-24
Badji,Henderson,101.0,POR,2023-24
Badji,Grant,95.0,POR,2023-24
Hagans,Rupert,95.0,POR,2023-24
Grant,Hagans,93.0,POR,2023-24
Ayton,Minaya,93.0,POR,2023-24
Hagans,Reath,91.0,POR,2023-24
Brogdon,Williams III,91.0,POR,2023-24
Banton,Brown,87.0,POR,2023-24
Camara,Hagans,87.0,POR,2023-24
Sharpe,Williams III,84.0,POR,2023-24
Mays,Murray,82.0,POR,2023-24
Brown,Murray,82.0,POR,2023-24
Badji,Thybulle,79.0,POR,2023-24
Camara,Williams III,75.0,POR,2023-24
Brown,Camara,73.0,POR,2023-24
Brown,Henderson,69.0,POR,2023-24
Brown,Rupert,68.0,POR,2023-24
Badji,Camara,66.0,POR,2023-24
Rupert,Simons,62.0,POR,2023-24
Badji,Rupert,61.0,POR,2023-24
Grant,Williams III,59.0,POR,2023-24
Badji,Brogdon,59.0,POR,2023-24
Mays,Reath,58.0,POR,2023-24
Badji,Sharpe,58.0,POR,2023-24
Brown,Walker,58.0,POR,2023-24
Hagans,Simons,57.0,POR,2023-24
Brogdon,Mays,56.0,POR,2023-24
Camara,Minaya,56.0,POR,2023-24
Badji,Walker,54.0,POR,2023-24
Brown,Hagans,53.0,POR,2023-24
Badji,Simons,51.0,POR,2023-24
Walker,Williams III,48.0,POR,2023-24
Brown,Simons,48.0,POR,2023-24
Brogdon,Murray,47.0,POR,2023-24
Hagans,Minaya,47.0,POR,2023-24
Brogdon,Brown,44.0,POR,2023-24
Minaya,Thybulle,44.0,POR,2023-24
Brown,Minaya,44.0,POR,2023-24
Badji,Minaya,41.0,POR,2023-24
Brown,Grant,41.0,POR,2023-24
Minaya,Simons,41.0,POR,2023-24
Murray,Wainright,40.0,POR,2023-24
Ayton,Hagans,39.0,POR,2023-24
Rupert,Thybulle,38.0,POR,2023-24
Moore,Murray,34.0,POR,2023-24
Henderson,Mays,34.0,POR,2023-24
Badji,Banton,32.0,POR,2023-24
Mays,Williams III,32.0,POR,2023-24
Moore,Rupert,30.0,POR,2023-24
Bouyea,Sharpe,29.0,POR,2023-24
Henderson,Williams III,29.0,POR,2023-24
Ayton,Reath,28.0,POR,2023-24
Bouyea,Walker,28.0,POR,2023-24
Brown,Thybulle,27.0,POR,2023-24
Mays,Wainright,27.0,POR,2023-24
Badji,Hagans,26.0,POR,2023-24
Ayton,Bouyea,26.0,POR,2023-24
Bouyea,Murray,26.0,POR,2023-24
Rupert,Sharpe,22.0,POR,2023-24
Banton,Moore,21.0,POR,2023-24
Moore,Reath,21.0,POR,2023-24
Ayton,Williams III,20.0,POR,2023-24
Minaya,Moore,20.0,POR,2023-24
Bouyea,Rupert,19.0,POR,2023-24
Bouyea,Camara,19.0,POR,2023-24
Badji,Mays,18.0,POR,2023-24
Bouyea,Minaya,17.0,POR,2023-24
Wainright,Walker,17.0,POR,2023-24
Bouyea,Thybulle,16.0,POR,2023-24
Thybulle,Williams III,16.0,POR,2023-24
Bouyea,Reath,16.0,POR,2023-24
Sharpe,Wainright,15.0,POR,2023-24
Grant,Rupert,15.0,POR,2023-24
Mays,Rupert,15.0,POR,2023-24
Brown,Sharpe,15.0,POR,2023-24
Bouyea,Grant,14.0,POR,2023-24
Minaya,Sharpe,14.0,POR,2023-24
Thybulle,Wainright,14.0,POR,2023-24
Brown,Reath,14.0,POR,2023-24
Brown,Mays,14.0,POR,2023-24
Henderson,Wainright,13.0,POR,2023-24
Hagans,Henderson,12.0,POR,2023-24
Grant,Minaya,11.0,POR,2023-24
Badji,Moore,10.0,POR,2023-24
Simons,Williams III,10.0,POR,2023-24
Bouyea,Brown,9.0,POR,2023-24
Rupert,Wainright,9.0,POR,2023-24
Brogdon,Wainright,9.0,POR,2023-24
Camara,Moore,8.0,POR,2023-24
Brogdon,Rupert,7.0,POR,2023-24
Mays,Minaya,7.0,POR,2023-24
Camara,Wainright,7.0,POR,2023-24
Brown,Wainright,6.0,POR,2023-24
Badji,Wainright,6.0,POR,2023-24
Bouyea,Wainright,5.0,POR,2023-24
Minaya,Wainright,5.0,POR,2023-24
Simons,Wainright,5.0,POR,2023-24
Henderson,Moore,4.0,POR,2023-24
Brown,Moore,4.0,POR,2023-24
Grant,Wainright,2.0,POR,2023-24
Murray,Sabonis,2252.0,SAC,2023-24
Barnes,Sabonis,2127.0,SAC,2023-24
Fox,Sabonis,1917.0,SAC,2023-24
Fox,Murray,1822.0,SAC,2023-24
Barnes,Fox,1782.0,SAC,2023-24
Barnes,Murray,1749.0,SAC,2023-24
Huerter,Sabonis,1395.0,SAC,2023-24
Barnes,Huerter,1212.0,SAC,2023-24
Monk,Sabonis,1135.0,SAC,2023-24
Fox,Monk,1088.0,SAC,2023-24
Fox,Huerter,1084.0,SAC,2023-24
Huerter,Murray,1064.0,SAC,2023-24
Monk,Murray,924.0,SAC,2023-24
Mitchell,Sabonis,833.0,SAC,2023-24
Lyles,Monk,809.0,SAC,2023-24
Fox,Lyles,761.0,SAC,2023-24
Barnes,Monk,756.0,SAC,2023-24
Ellis,Sabonis,750.0,SAC,2023-24
Ellis,Murray,614.0,SAC,2023-24
Mitchell,Murray,609.0,SAC,2023-24
Lyles,Sabonis,560.0,SAC,2023-24
Barnes,Ellis,559.0,SAC,2023-24
Mitchell,Monk,551.0,SAC,2023-24
Ellis,Fox,531.0,SAC,2023-24
Barnes,Mitchell,483.0,SAC,2023-24
Lyles,Murray,481.0,SAC,2023-24
Huerter,Monk,443.0,SAC,2023-24
Duarte,Fox,422.0,SAC,2023-24
Duarte,Sabonis,420.0,SAC,2023-24
Lyles,Mitchell,385.0,SAC,2023-24
Ellis,Monk,373.0,SAC,2023-24
Duarte,Murray,368.0,SAC,2023-24
Monk,Vezenkov,355.0,SAC,2023-24
Duarte,Monk,345.0,SAC,2023-24
Fox,Len,327.0,SAC,2023-24
Huerter,Mitchell,295.0,SAC,2023-24
Fox,Vezenkov,291.0,SAC,2023-24
Barnes,Duarte,288.0,SAC,2023-24
Len,Monk,277.0,SAC,2023-24
Fox,Mitchell,276.0,SAC,2023-24
McGee,Monk,273.0,SAC,2023-24
Huerter,Lyles,260.0,SAC,2023-24
Len,Lyles,249.0,SAC,2023-24
Barnes,Lyles,248.0,SAC,2023-24
Lyles,Vezenkov,232.0,SAC,2023-24
Ellis,Lyles,227.0,SAC,2023-24
Fox,McGee,225.0,SAC,2023-24
Duarte,Mitchell,197.0,SAC,2023-24
Ellis,Huerter,180.0,SAC,2023-24
Sabonis,Vezenkov,169.0,SAC,2023-24
McGee,Vezenkov,164.0,SAC,2023-24
Ellis,Mitchell,161.0,SAC,2023-24
Lyles,McGee,151.0,SAC,2023-24
Len,Murray,146.0,SAC,2023-24
Len,Mitchell,144.0,SAC,2023-24
Ellis,Len,144.0,SAC,2023-24
Duarte,Lyles,140.0,SAC,2023-24
Mitchell,Vezenkov,128.0,SAC,2023-24
Edwards,Mitchell,125.0,SAC,2023-24
Duarte,Vezenkov,118.0,SAC,2023-24
Murray,Vezenkov,115.0,SAC,2023-24
Duarte,McGee,114.0,SAC,2023-24
Edwards,Jones,114.0,SAC,2023-24
Duarte,Len,113.0,SAC,2023-24
Ellis,Vezenkov,103.0,SAC,2023-24
Duarte,Huerter,102.0,SAC,2023-24
Barnes,Vezenkov,90.0,SAC,2023-24
Jones,Mitchell,82.0,SAC,2023-24
Duarte,Edwards,82.0,SAC,2023-24
Edwards,Len,81.0,SAC,2023-24
Duarte,Jones,78.0,SAC,2023-24
Edwards,Fox,78.0,SAC,2023-24
Edwards,Monk,77.0,SAC,2023-24
McGee,Murray,76.0,SAC,2023-24
Jones,McGee,75.0,SAC,2023-24
Huerter,Vezenkov,71.0,SAC,2023-24
Edwards,Sabonis,70.0,SAC,2023-24
Edwards,Ellis,70.0,SAC,2023-24
Barnes,McGee,70.0,SAC,2023-24
Len,Vezenkov,70.0,SAC,2023-24
Barnes,Edwards,66.0,SAC,2023-24
Jones,Len,64.0,SAC,2023-24
Barnes,Len,63.0,SAC,2023-24
Huerter,Len,62.0,SAC,2023-24
Duarte,Ellis,61.0,SAC,2023-24
Jones,Sabonis,59.0,SAC,2023-24
Jones,Murray,59.0,SAC,2023-24
Jones,Vezenkov,59.0,SAC,2023-24
Edwards,Lyles,57.0,SAC,2023-24
Edwards,McGee,55.0,SAC,2023-24
McGee,Mitchell,54.0,SAC,2023-24
Edwards,Vezenkov,51.0,SAC,2023-24
Jones,Monk,49.0,SAC,2023-24
Ellis,Jones,48.0,SAC,2023-24
Huerter,McGee,41.0,SAC,2023-24
Jones,Lyles,41.0,SAC,2023-24
Ellis,McGee,36.0,SAC,2023-24
Jones,Slawson,36.0,SAC,2023-24
Edwards,Slawson,35.0,SAC,2023-24
Edwards,Huerter,34.0,SAC,2023-24
Edwards,Murray,34.0,SAC,2023-24
Barnes,Jones,33.0,SAC,2023-24
Fox,Jones,30.0,SAC,2023-24
Lyles,Toscano-Anderson,27.0,SAC,2023-24
Monk,Toscano-Anderson,26.0,SAC,2023-24
Mitchell,Slawson,26.0,SAC,2023-24
Len,Toscano-Anderson,23.0,SAC,2023-24
Mitchell,Toscano-Anderson,20.0,SAC,2023-24
Edwards,Ford,19.0,SAC,2023-24
Fox,Toscano-Anderson,18.0,SAC,2023-24
Edwards,Toscano-Anderson,18.0,SAC,2023-24
Ellis,Ford,18.0,SAC,2023-24
Ellis,Toscano-Anderson,17.0,SAC,2023-24
McGee,Slawson,17.0,SAC,2023-24
Toscano-Anderson,Vezenkov,13.0,SAC,2023-24
Duarte,Toscano-Anderson,12.0,SAC,2023-24
Ford,Jones,11.0,SAC,2023-24
Jones,Toscano-Anderson,10.0,SAC,2023-24
Ford,Vezenkov,10.0,SAC,2023-24
Jones,Jones,10.0,SAC,2023-24
Huerter,Jones,10.0,SAC,2023-24
Ford,Len,9.0,SAC,2023-24
Slawson,Vezenkov,9.0,SAC,2023-24
Duarte,Ford,8.0,SAC,2023-24
McGee,Toscano-Anderson,8.0,SAC,2023-24
Duarte,Slawson,8.0,SAC,2023-24
Sabonis,Toscano-Anderson,7.0,SAC,2023-24
Edwards,Petrusev,6.0,SAC,2023-24
Mitchell,Petrusev,6.0,SAC,2023-24
Petrusev,Slawson,6.0,SAC,2023-24
Jones,Petrusev,6.0,SAC,2023-24
Murray,Toscano-Anderson,5.0,SAC,2023-24
Len,Sabonis,4.0,SAC,2023-24
Len,Slawson,4.0,SAC,2023-24
Ford,McGee,3.0,SAC,2023-24
Ford,Monk,2.0,SAC,2023-24
Ford,Murray,2.0,SAC,2023-24
McGee,Sabonis,2.0,SAC,2023-24
Barnes,Toscano-Anderson,2.0,SAC,2023-24
Huerter,Toscano-Anderson,2.0,SAC,2023-24
Monk,Slawson,1.0,SAC,2023-24
Huerter,Slawson,1.0,SAC,2023-24
Ford,Mitchell,1.0,SAC,2023-24
Ford,Slawson,1.0,SAC,2023-24
Ellis,Petrusev,0.0,SAC,2023-24
Ellis,Slawson,0.0,SAC,2023-24
Murray,Petrusev,0.0,SAC,2023-24
Murray,Slawson,0.0,SAC,2023-24
Sochan,Vassell,1649.0,SAS,2023-24
Jones,Vassell,1307.0,SAS,2023-24
Jones,Wembanyama,1286.0,SAS,2023-24
Sochan,Wembanyama,1246.0,SAS,2023-24
Vassell,Wembanyama,1221.0,SAS,2023-24
Jones,Sochan,1155.0,SAS,2023-24
Johnson,Vassell,1143.0,SAS,2023-24
Johnson,Sochan,1124.0,SAS,2023-24
Johnson,Wembanyama,995.0,SAS,2023-24
Champagnie,Jones,957.0,SAS,2023-24
Collins,Johnson,936.0,SAS,2023-24
Champagnie,Wembanyama,889.0,SAS,2023-24
Collins,Sochan,888.0,SAS,2023-24
Branham,Johnson,866.0,SAS,2023-24
Johnson,Jones,864.0,SAS,2023-24
Branham,Wembanyama,831.0,SAS,2023-24
Collins,Vassell,823.0,SAS,2023-24
Champagnie,Sochan,807.0,SAS,2023-24
Champagnie,Vassell,767.0,SAS,2023-24
Johnson,Osman,759.0,SAS,2023-24
Branham,Sochan,699.0,SAS,2023-24
Jones,Osman,632.0,SAS,2023-24
Collins,Jones,629.0,SAS,2023-24
Branham,Collins,613.0,SAS,2023-24
Branham,Vassell,589.0,SAS,2023-24
Branham,Osman,565.0,SAS,2023-24
Branham,Jones,532.0,SAS,2023-24
Osman,Vassell,524.0,SAS,2023-24
Osman,Wembanyama,519.0,SAS,2023-24
Johnson,Wesley,459.0,SAS,2023-24
Collins,Osman,447.0,SAS,2023-24
Branham,Champagnie,434.0,SAS,2023-24
Champagnie,Collins,417.0,SAS,2023-24
Collins,Wembanyama,413.0,SAS,2023-24
McDermott,Wembanyama,399.0,SAS,2023-24
Osman,Wesley,363.0,SAS,2023-24
Jones,McDermott,356.0,SAS,2023-24
Collins,Wesley,348.0,SAS,2023-24
Osman,Sochan,325.0,SAS,2023-24
Branham,Wesley,324.0,SAS,2023-24
Vassell,Wesley,318.0,SAS,2023-24
Johnson,McDermott,315.0,SAS,2023-24
McDermott,Osman,309.0,SAS,2023-24
McDermott,Sochan,304.0,SAS,2023-24
Champagnie,Wesley,279.0,SAS,2023-24
Champagnie,Johnson,265.0,SAS,2023-24
Champagnie,Mamukelashvili,257.0,SAS,2023-24
McDermott,Vassell,256.0,SAS,2023-24
Wembanyama,Wesley,254.0,SAS,2023-24
Collins,McDermott,251.0,SAS,2023-24
Branham,Mamukelashvili,237.0,SAS,2023-24
Barlow,Johnson,237.0,SAS,2023-24
Sochan,Wesley,237.0,SAS,2023-24
Branham,McDermott,236.0,SAS,2023-24
Barlow,Vassell,235.0,SAS,2023-24
Mamukelashvili,Wesley,217.0,SAS,2023-24
Jones,Mamukelashvili,211.0,SAS,2023-24
Champagnie,Osman,210.0,SAS,2023-24
Barlow,Wesley,188.0,SAS,2023-24
Barlow,Sochan,185.0,SAS,2023-24
Champagnie,Graham,178.0,SAS,2023-24
Graham,Mamukelashvili,166.0,SAS,2023-24
Barlow,Jones,162.0,SAS,2023-24
Barlow,Branham,156.0,SAS,2023-24
Barlow,Osman,151.0,SAS,2023-24
Barlow,Champagnie,145.0,SAS,2023-24
Graham,Wesley,144.0,SAS,2023-24
Bassey,Osman,139.0,SAS,2023-24
Bassey,Jones,138.0,SAS,2023-24
Mamukelashvili,Wembanyama,127.0,SAS,2023-24
Collins,Graham,122.0,SAS,2023-24
Collins,Mamukelashvili,118.0,SAS,2023-24
Jones,Wesley,118.0,SAS,2023-24
Branham,Graham,113.0,SAS,2023-24
Graham,Wembanyama,112.0,SAS,2023-24
Bassey,Branham,109.0,SAS,2023-24
Graham,Jones,109.0,SAS,2023-24
Champagnie,McDermott,101.0,SAS,2023-24
Cissoko,Wesley,97.0,SAS,2023-24
Mamukelashvili,Osman,92.0,SAS,2023-24
Cissoko,Graham,87.0,SAS,2023-24
Bassey,McDermott,75.0,SAS,2023-24
Bassey,Vassell,74.0,SAS,2023-24
Johnson,Mamukelashvili,71.0,SAS,2023-24
McDermott,Wesley,71.0,SAS,2023-24
Bassey,Johnson,67.0,SAS,2023-24
Bassey,Wembanyama,61.0,SAS,2023-24
Champagnie,Cissoko,61.0,SAS,2023-24
Cissoko,Jones,58.0,SAS,2023-24
Cissoko,Mamukelashvili,57.0,SAS,2023-24
Barlow,Mamukelashvili,55.0,SAS,2023-24
Bassey,Sochan,54.0,SAS,2023-24
Barlow,McDermott,50.0,SAS,2023-24
Cissoko,Collins,48.0,SAS,2023-24
Bassey,Champagnie,47.0,SAS,2023-24
Barlow,Graham,47.0,SAS,2023-24
Mamukelashvili,McDermott,46.0,SAS,2023-24
Mamukelashvili,Vassell,46.0,SAS,2023-24
Mamukelashvili,Sochan,41.0,SAS,2023-24
Cissoko,Gray,32.0,SAS,2023-24
Graham,Osman,31.0,SAS,2023-24
Bouyea,Duke Jr.,31.0,SAS,2023-24
Duke Jr.,Gray,30.0,SAS,2023-24
Cissoko,Duke Jr.,30.0,SAS,2023-24
Gray,Wesley,30.0,SAS,2023-24
Bouyea,Cissoko,27.0,SAS,2023-24
Graham,Johnson,26.0,SAS,2023-24
Branham,Cissoko,26.0,SAS,2023-24
Bouyea,Gray,25.0,SAS,2023-24
Duke Jr.,Wesley,24.0,SAS,2023-24
Duke Jr.,Graham,23.0,SAS,2023-24
Bassey,Graham,22.0,SAS,2023-24
Barlow,Wembanyama,22.0,SAS,2023-24
Bouyea,Wesley,20.0,SAS,2023-24
Cissoko,Wembanyama,18.0,SAS,2023-24
Diakite,Mamukelashvili,17.0,SAS,2023-24
Duke Jr.,Jones,17.0,SAS,2023-24
Diakite,Wesley,17.0,SAS,2023-24
Duke Jr.,Mamukelashvili,16.0,SAS,2023-24
Graham,Sochan,15.0,SAS,2023-24
Diakite,Graham,14.0,SAS,2023-24
Bassey,Mamukelashvili,14.0,SAS,2023-24
Collins,Duke Jr.,14.0,SAS,2023-24
Bouyea,Mamukelashvili,14.0,SAS,2023-24
Bouyea,Graham,13.0,SAS,2023-24
Gray,Jones,13.0,SAS,2023-24
Champagnie,Duke Jr.,13.0,SAS,2023-24
Graham,Vassell,12.0,SAS,2023-24
Graham,McDermott,11.0,SAS,2023-24
Graham,Gray,11.0,SAS,2023-24
Barlow,Collins,10.0,SAS,2023-24
Champagnie,Diakite,10.0,SAS,2023-24
Collins,Gray,9.0,SAS,2023-24
Barlow,Cissoko,8.0,SAS,2023-24
Barlow,Bassey,8.0,SAS,2023-24
Bouyea,Champagnie,8.0,SAS,2023-24
Champagnie,Gray,7.0,SAS,2023-24
Bouyea,Collins,6.0,SAS,2023-24
Cissoko,Johnson,5.0,SAS,2023-24
Barlow,Diakite,5.0,SAS,2023-24
Bassey,Cissoko,4.0,SAS,2023-24
Bouyea,Jones,4.0,SAS,2023-24
Bassey,Wesley,4.0,SAS,2023-24
Cissoko,Vassell,4.0,SAS,2023-24
Branham,Duke Jr.,3.0,SAS,2023-24
Duke Jr.,Wembanyama,3.0,SAS,2023-24
Gray,Mamukelashvili,2.0,SAS,2023-24
Branham,Diakite,2.0,SAS,2023-24
Diakite,Osman,2.0,SAS,2023-24
Cissoko,Sochan,2.0,SAS,2023-24
Diakite,Sochan,1.0,SAS,2023-24
Branham,Gray,1.0,SAS,2023-24
Schroder,Siakam,1042.0,TOR,2023-24
Barnes,Schroder,1038.0,TOR,2023-24
Barnes,Trent Jr.,1002.0,TOR,2023-24
Barnes,Siakam,949.0,TOR,2023-24
Barnes,Poeltl,903.0,TOR,2023-24
Poeltl,Siakam,868.0,TOR,2023-24
Poeltl,Schroder,830.0,TOR,2023-24
Barrett,Quickley,760.0,TOR,2023-24
Quickley,Trent Jr.,741.0,TOR,2023-24
Anunoby,Siakam,719.0,TOR,2023-24
Anunoby,Schroder,672.0,TOR,2023-24
Anunoby,Barnes,665.0,TOR,2023-24
Schroder,Trent Jr.,651.0,TOR,2023-24
Poeltl,Trent Jr.,646.0,TOR,2023-24
Barrett,Trent Jr.,594.0,TOR,2023-24
Barnes,Quickley,587.0,TOR,2023-24
Siakam,Trent Jr.,581.0,TOR,2023-24
Anunoby,Poeltl,577.0,TOR,2023-24
Barnes,Barrett,534.0,TOR,2023-24
Dick,Olynyk,475.0,TOR,2023-24
Olynyk,Trent Jr.,461.0,TOR,2023-24
Brown,Dick,456.0,TOR,2023-24
Agbaji,Olynyk,441.0,TOR,2023-24
Dick,Trent Jr.,437.0,TOR,2023-24
Poeltl,Quickley,421.0,TOR,2023-24
Barnes,Boucher,405.0,TOR,2023-24
Dick,Quickley,378.0,TOR,2023-24
Olynyk,Quickley,355.0,TOR,2023-24
Agbaji,Dick,348.0,TOR,2023-24
Agbaji,Trent Jr.,345.0,TOR,2023-24
Anunoby,Trent Jr.,336.0,TOR,2023-24
Barrett,Poeltl,336.0,TOR,2023-24
Brown,Trent Jr.,334.0,TOR,2023-24
Brown,Olynyk,330.0,TOR,2023-24
Barnes,Flynn,327.0,TOR,2023-24
Barnes,Dick,322.0,TOR,2023-24
Achiuwa,Barnes,309.0,TOR,2023-24
Barnes,Brown,308.0,TOR,2023-24
Boucher,Schroder,284.0,TOR,2023-24
Agbaji,Quickley,279.0,TOR,2023-24
Flynn,Trent Jr.,266.0,TOR,2023-24
Barrett,Olynyk,264.0,TOR,2023-24
Achiuwa,Trent Jr.,263.0,TOR,2023-24
Achiuwa,Flynn,263.0,TOR,2023-24
Boucher,Trent Jr.,257.0,TOR,2023-24
Barrett,Dick,255.0,TOR,2023-24
Brown,Quickley,246.0,TOR,2023-24
Barrett,Schroder,245.0,TOR,2023-24
Dick,Nwora,244.0,TOR,2023-24
Barnes,Young,242.0,TOR,2023-24
Agbaji,Brown,240.0,TOR,2023-24
Boucher,Flynn,236.0,TOR,2023-24
Boucher,Dick,220.0,TOR,2023-24
Barrett,Brown,218.0,TOR,2023-24
Dick,Freeman-Liberty,213.0,TOR,2023-24
Achiuwa,Siakam,203.0,TOR,2023-24
Dick,Schroder,198.0,TOR,2023-24
Quickley,Schroder,194.0,TOR,2023-24
Schroder,Young,190.0,TOR,2023-24
McDaniels,Nwora,188.0,TOR,2023-24
Freeman-Liberty,Olynyk,185.0,TOR,2023-24
Quickley,Siakam,181.0,TOR,2023-24
Brown,Nwora,175.0,TOR,2023-24
Achiuwa,Boucher,174.0,TOR,2023-24
Flynn,Siakam,173.0,TOR,2023-24
Dick,McDaniels,171.0,TOR,2023-24
Dick,Temple,169.0,TOR,2023-24
Agbaji,Freeman-Liberty,167.0,TOR,2023-24
Freeman-Liberty,Trent Jr.,166.0,TOR,2023-24
Brown,Schroder,160.0,TOR,2023-24
Agbaji,Barrett,159.0,TOR,2023-24
Barrett,Siakam,157.0,TOR,2023-24
Barrett,Young,155.0,TOR,2023-24
Dick,Poeltl,155.0,TOR,2023-24
Trent Jr.,Young,153.0,TOR,2023-24
Boucher,McDaniels,150.0,TOR,2023-24
Quickley,Young,148.0,TOR,2023-24
Nwora,Temple,147.0,TOR,2023-24
McDaniels,Temple,147.0,TOR,2023-24
Achiuwa,Schroder,147.0,TOR,2023-24
Anunoby,Flynn,146.0,TOR,2023-24
Freeman-Liberty,Nwora,143.0,TOR,2023-24
Anunoby,Boucher,141.0,TOR,2023-24
Porter,Quickley,141.0,TOR,2023-24
Barnes,McDaniels,138.0,TOR,2023-24
Barrett,Porter,135.0,TOR,2023-24
Achiuwa,Anunoby,135.0,TOR,2023-24
Boucher,Siakam,131.0,TOR,2023-24
Brown,Freeman-Liberty,129.0,TOR,2023-24
Porter,Trent Jr.,128.0,TOR,2023-24
Dick,Flynn,124.0,TOR,2023-24
Barnes,Porter,124.0,TOR,2023-24
Brown,Young,120.0,TOR,2023-24
Barrett,Boucher,120.0,TOR,2023-24
Nwora,Porter,120.0,TOR,2023-24
Dick,Porter,117.0,TOR,2023-24
McDaniels,Trent Jr.,113.0,TOR,2023-24
Barnes,Porter Jr.,112.0,TOR,2023-24
Boucher,Quickley,106.0,TOR,2023-24
Brown,Porter,105.0,TOR,2023-24
Dick,Siakam,102.0,TOR,2023-24
McDaniels,Schroder,101.0,TOR,2023-24
Flynn,McDaniels,99.0,TOR,2023-24
Porter,Schroder,97.0,TOR,2023-24
Porter Jr.,Schroder,96.0,TOR,2023-24
Barnes,Olynyk,96.0,TOR,2023-24
Dick,Young,95.0,TOR,2023-24
Brown,Poeltl,95.0,TOR,2023-24
Boucher,Poeltl,94.0,TOR,2023-24
Gueye,Nwora,93.0,TOR,2023-24
Nwora,Olynyk,88.0,TOR,2023-24
Freeman-Liberty,Temple,87.0,TOR,2023-24
Brown,McDaniels,87.0,TOR,2023-24
Nwora,Quickley,87.0,TOR,2023-24
Porter Jr.,Siakam,87.0,TOR,2023-24
Agbaji,Nwora,82.0,TOR,2023-24
Nwora,Trent Jr.,82.0,TOR,2023-24
Achiuwa,Dick,80.0,TOR,2023-24
Brown,Temple,77.0,TOR,2023-24
Freeman-Liberty,McDaniels,76.0,TOR,2023-24
Barrett,Freeman-Liberty,74.0,TOR,2023-24
Agbaji,Barnes,73.0,TOR,2023-24
Flynn,Poeltl,72.0,TOR,2023-24
Nwora,Ramsey,70.0,TOR,2023-24
Achiuwa,McDaniels,68.0,TOR,2023-24
Porter Jr.,Trent Jr.,66.0,TOR,2023-24
McDaniels,Porter,66.0,TOR,2023-24
Boucher,Porter,65.0,TOR,2023-24
Temple,Williams,64.0,TOR,2023-24
Dick,Williams,64.0,TOR,2023-24
Quickley,Temple,63.0,TOR,2023-24
Porter,Ramsey,63.0,TOR,2023-24
Freeman-Liberty,Gueye,63.0,TOR,2023-24
McDaniels,Quickley,62.0,TOR,2023-24
Barnes,Nwora,62.0,TOR,2023-24
Barrett,Nwora,61.0,TOR,2023-24
Flynn,Porter Jr.,56.0,TOR,2023-24
Gueye,Temple,55.0,TOR,2023-24
Boucher,Nwora,54.0,TOR,2023-24
Nwora,Simmons,54.0,TOR,2023-24
Agbaji,Temple,53.0,TOR,2023-24
Anunoby,Porter Jr.,53.0,TOR,2023-24
Brown,Ramsey,52.0,TOR,2023-24
Flynn,Schroder,52.0,TOR,2023-24
Dick,Ramsey,51.0,TOR,2023-24
McDaniels,Siakam,51.0,TOR,2023-24
Porter,Siakam,51.0,TOR,2023-24
Quickley,Williams,49.0,TOR,2023-24
Siakam,Young,49.0,TOR,2023-24
Nwora,Schroder,49.0,TOR,2023-24
Gueye,McDaniels,48.0,TOR,2023-24
Anunoby,McDaniels,48.0,TOR,2023-24
Boucher,Brown,48.0,TOR,2023-24
Boucher,Young,47.0,TOR,2023-24
Simmons,Temple,47.0,TOR,2023-24
Agbaji,Williams,46.0,TOR,2023-24
Achiuwa,Porter Jr.,46.0,TOR,2023-24
Agbaji,Porter,45.0,TOR,2023-24
Boucher,Porter Jr.,45.0,TOR,2023-24
Poeltl,Porter Jr.,44.0,TOR,2023-24
Dick,Gueye,44.0,TOR,2023-24
McDaniels,Young,44.0,TOR,2023-24
McDaniels,Williams,43.0,TOR,2023-24
Barrett,McDaniels,43.0,TOR,2023-24
Freeman-Liberty,Williams,42.0,TOR,2023-24
Agbaji,McDaniels,41.0,TOR,2023-24
Brown,Williams,41.0,TOR,2023-24
Freeman-Liberty,Quickley,41.0,TOR,2023-24
McDaniels,Poeltl,41.0,TOR,2023-24
Boucher,Temple,40.0,TOR,2023-24
McDaniels,Olynyk,37.0,TOR,2023-24
Anunoby,Dick,36.0,TOR,2023-24
Olynyk,Ramsey,35.0,TOR,2023-24
Porter,Temple,34.0,TOR,2023-24
Agbaji,Ramsey,34.0,TOR,2023-24
Gueye,Simmons,34.0,TOR,2023-24
McDaniels,Simmons,33.0,TOR,2023-24
Nwora,Young,32.0,TOR,2023-24
McDaniels,Ramsey,32.0,TOR,2023-24
Dick,Simmons,31.0,TOR,2023-24
McDaniels,Porter Jr.,29.0,TOR,2023-24
Freeman-Liberty,Porter,28.0,TOR,2023-24
Nwora,Williams,27.0,TOR,2023-24
Carton,Nwora,27.0,TOR,2023-24
Ramsey,Trent Jr.,26.0,TOR,2023-24
Agbaji,Poeltl,25.0,TOR,2023-24
Temple,Trent Jr.,25.0,TOR,2023-24
Boucher,Freeman-Liberty,24.0,TOR,2023-24
Nwora,Poeltl,23.0,TOR,2023-24
Carton,Dick,23.0,TOR,2023-24
Freeman-Liberty,Ramsey,23.0,TOR,2023-24
Temple,Young,23.0,TOR,2023-24
Brown,Simmons,23.0,TOR,2023-24
Olynyk,Temple,21.0,TOR,2023-24
Dick,Porter Jr.,20.0,TOR,2023-24
Barrett,Williams,20.0,TOR,2023-24
Brown,Gueye,19.0,TOR,2023-24
Quickley,Ramsey,18.0,TOR,2023-24
Agbaji,Gueye,18.0,TOR,2023-24
Barrett,Temple,16.0,TOR,2023-24
Barrett,Carton,16.0,TOR,2023-24
Gueye,Ramsey,16.0,TOR,2023-24
Boucher,Olynyk,16.0,TOR,2023-24
Trent Jr.,Williams,14.0,TOR,2023-24
Flynn,Young,14.0,TOR,2023-24
Gueye,Quickley,13.0,TOR,2023-24
Carton,Olynyk,13.0,TOR,2023-24
Flynn,Temple,12.0,TOR,2023-24
Achiuwa,Poeltl,11.0,TOR,2023-24
Ramsey,Temple,11.0,TOR,2023-24
Carton,Porter,10.0,TOR,2023-24
Gueye,Porter,10.0,TOR,2023-24
Olynyk,Porter,9.0,TOR,2023-24
Olynyk,Poeltl,9.0,TOR,2023-24
Simmons,Trent Jr.,9.0,TOR,2023-24
Freeman-Liberty,Simmons,8.0,TOR,2023-24
Gueye,Trent Jr.,8.0,TOR,2023-24
Agbaji,Boucher,8.0,TOR,2023-24
Boucher,Carton,7.0,TOR,2023-24
Carton,Freeman-Liberty,7.0,TOR,2023-24
Porter Jr.,Temple,7.0,TOR,2023-24
Schroder,Temple,6.0,TOR,2023-24
Achiuwa,Young,5.0,TOR,2023-24
Olynyk,Simmons,5.0,TOR,2023-24
Brown,Carton,5.0,TOR,2023-24
Carton,Ramsey,5.0,TOR,2023-24
Poeltl,Young,4.0,TOR,2023-24
Agbaji,Carton,4.0,TOR,2023-24
Dick,Nowell,4.0,TOR,2023-24
Harper Jr.,McDaniels,4.0,TOR,2023-24
Flynn,Harper Jr.,4.0,TOR,2023-24
Dick,Harper Jr.,4.0,TOR,2023-24
Boucher,Harper Jr.,4.0,TOR,2023-24
Carton,McDaniels,4.0,TOR,2023-24
Nowell,Temple,4.0,TOR,2023-24
McDaniels,Nowell,4.0,TOR,2023-24
Nowell,Young,4.0,TOR,2023-24
Porter,Young,4.0,TOR,2023-24
Carton,Gueye,3.0,TOR,2023-24
Porter Jr.,Young,3.0,TOR,2023-24
Barrett,Gueye,2.0,TOR,2023-24
Gueye,Williams,2.0,TOR,2023-24
Carton,Poeltl,2.0,TOR,2023-24
Carton,Quickley,2.0,TOR,2023-24
Collins,Sexton,1112.0,UTA,2023-24
Markkanen,Sexton,1073.0,UTA,2023-24
Collins,Markkanen,1064.0,UTA,2023-24
Collins,George,1010.0,UTA,2023-24
Clarkson,George,1005.0,UTA,2023-24
Clarkson,Collins,974.0,UTA,2023-24
Clarkson,Markkanen,896.0,UTA,2023-24
George,Markkanen,782.0,UTA,2023-24
George,Kessler,774.0,UTA,2023-24
Fontecchio,Sexton,738.0,UTA,2023-24
Clarkson,Kessler,734.0,UTA,2023-24
George,Sexton,723.0,UTA,2023-24
Dunn,Sexton,722.0,UTA,2023-24
Kessler,Sexton,697.0,UTA,2023-24
Fontecchio,Markkanen,685.0,UTA,2023-24
Kessler,Markkanen,671.0,UTA,2023-24
Dunn,Markkanen,657.0,UTA,2023-24
Clarkson,Olynyk,620.0,UTA,2023-24
Collins,Fontecchio,617.0,UTA,2023-24
Collins,Dunn,610.0,UTA,2023-24
Agbaji,George,605.0,UTA,2023-24
George,Hendricks,568.0,UTA,2023-24
Clarkson,Sexton,532.0,UTA,2023-24
Agbaji,Clarkson,528.0,UTA,2023-24
Olynyk,Sexton,503.0,UTA,2023-24
George,Olynyk,488.0,UTA,2023-24
Agbaji,Olynyk,477.0,UTA,2023-24
Hendricks,Sexton,476.0,UTA,2023-24
Dunn,Fontecchio,457.0,UTA,2023-24
Horton-Tucker,Kessler,456.0,UTA,2023-24
Horton-Tucker,Sexton,439.0,UTA,2023-24
Dunn,Kessler,433.0,UTA,2023-24
Collins,Olynyk,431.0,UTA,2023-24
Agbaji,Collins,431.0,UTA,2023-24
Agbaji,Kessler,426.0,UTA,2023-24
Fontecchio,George,425.0,UTA,2023-24
Fontecchio,Kessler,396.0,UTA,2023-24
Clarkson,Fontecchio,378.0,UTA,2023-24
Kessler,Olynyk,373.0,UTA,2023-24
Horton-Tucker,Markkanen,360.0,UTA,2023-24
Markkanen,Olynyk,346.0,UTA,2023-24
Agbaji,Markkanen,338.0,UTA,2023-24
Clarkson,Horton-Tucker,325.0,UTA,2023-24
Dunn,George,318.0,UTA,2023-24
Horton-Tucker,Olynyk,314.0,UTA,2023-24
Collins,Hendricks,310.0,UTA,2023-24
George,Yurtseven,308.0,UTA,2023-24
Collins,Horton-Tucker,305.0,UTA,2023-24
Clarkson,Dunn,304.0,UTA,2023-24
Collins,Kessler,298.0,UTA,2023-24
Sensabaugh,Sexton,297.0,UTA,2023-24
Agbaji,Sexton,297.0,UTA,2023-24
George,Sensabaugh,293.0,UTA,2023-24
Fontecchio,Olynyk,291.0,UTA,2023-24
Dunn,Hendricks,290.0,UTA,2023-24
Hendricks,Kessler,262.0,UTA,2023-24
Hendricks,Sensabaugh,253.0,UTA,2023-24
Agbaji,Horton-Tucker,239.0,UTA,2023-24
Dunn,Horton-Tucker,214.0,UTA,2023-24
George,Horton-Tucker,214.0,UTA,2023-24
Fontecchio,Horton-Tucker,213.0,UTA,2023-24
Sexton,Yurtseven,202.0,UTA,2023-24
Hendricks,Markkanen,201.0,UTA,2023-24
George,Samanic,200.0,UTA,2023-24
Agbaji,Fontecchio,196.0,UTA,2023-24
Kessler,Sensabaugh,194.0,UTA,2023-24
Hendricks,Yurtseven,186.0,UTA,2023-24
Samanic,Yurtseven,186.0,UTA,2023-24
George,Juzang,184.0,UTA,2023-24
Collins,Sensabaugh,184.0,UTA,2023-24
Agbaji,Dunn,183.0,UTA,2023-24
Fontecchio,Yurtseven,181.0,UTA,2023-24
Hendricks,Horton-Tucker,175.0,UTA,2023-24
Hendricks,Samanic,162.0,UTA,2023-24
Horton-Tucker,Yurtseven,160.0,UTA,2023-24
Dunn,Yurtseven,156.0,UTA,2023-24
Dunn,Sensabaugh,154.0,UTA,2023-24
Dunn,Olynyk,153.0,UTA,2023-24
Juzang,Sexton,153.0,UTA,2023-24
Juzang,Yurtseven,151.0,UTA,2023-24
Samanic,Sexton,144.0,UTA,2023-24
Horton-Tucker,Samanic,144.0,UTA,2023-24
Hendricks,Juzang,140.0,UTA,2023-24
Sensabaugh,Yurtseven,132.0,UTA,2023-24
Agbaji,Yurtseven,131.0,UTA,2023-24
Clarkson,Hendricks,130.0,UTA,2023-24
Dunn,Samanic,127.0,UTA,2023-24
Samanic,Sensabaugh,125.0,UTA,2023-24
Clarkson,Sensabaugh,119.0,UTA,2023-24
Horton-Tucker,Sensabaugh,116.0,UTA,2023-24
Horton-Tucker,Juzang,112.0,UTA,2023-24
Juzang,Potter,107.0,UTA,2023-24
Juzang,Samanic,102.0,UTA,2023-24
Collins,Yurtseven,102.0,UTA,2023-24
Agbaji,Hendricks,94.0,UTA,2023-24
Dunn,Juzang,89.0,UTA,2023-24
Bazley,Juzang,86.0,UTA,2023-24
Kessler,Potter,85.0,UTA,2023-24
Markkanen,Sensabaugh,84.0,UTA,2023-24
Juzang,Kessler,84.0,UTA,2023-24
Bazley,Horton-Tucker,83.0,UTA,2023-24
Potter,Sexton,78.0,UTA,2023-24
Lewis Jr.,Sensabaugh,76.0,UTA,2023-24
Bazley,Sensabaugh,76.0,UTA,2023-24
Juzang,Sensabaugh,76.0,UTA,2023-24
Horton-Tucker,Lofton Jr.,68.0,UTA,2023-24
Collins,Samanic,68.0,UTA,2023-24
George,Potter,66.0,UTA,2023-24
Potter,Sensabaugh,66.0,UTA,2023-24
Clarkson,Yurtseven,65.0,UTA,2023-24
Agbaji,Samanic,60.0,UTA,2023-24
Kessler,Samanic,59.0,UTA,2023-24
Collins,Juzang,59.0,UTA,2023-24
Bazley,Lofton Jr.,57.0,UTA,2023-24
Lofton Jr.,Sensabaugh,57.0,UTA,2023-24
Lewis Jr.,Potter,56.0,UTA,2023-24
Dunn,Potter,53.0,UTA,2023-24
Clarkson,Juzang,51.0,UTA,2023-24
Horton-Tucker,Potter,50.0,UTA,2023-24
Markkanen,Yurtseven,47.0,UTA,2023-24
Juzang,Preston,46.0,UTA,2023-24
Clarkson,Samanic,46.0,UTA,2023-24
Horton-Tucker,Preston,46.0,UTA,2023-24
Bazley,George,45.0,UTA,2023-24
Lewis Jr.,Samanic,43.0,UTA,2023-24
Lewis Jr.,Yurtseven,42.0,UTA,2023-24
Lewis Jr.,Sexton,40.0,UTA,2023-24
Bazley,Potter,39.0,UTA,2023-24
Potter,Yurtseven,37.0,UTA,2023-24
Bazley,Preston,36.0,UTA,2023-24
Hendricks,Lewis Jr.,35.0,UTA,2023-24
Kessler,Lewis Jr.,35.0,UTA,2023-24
George,Lofton Jr.,34.0,UTA,2023-24
Bazley,Yurtseven,34.0,UTA,2023-24
Hendricks,Potter,32.0,UTA,2023-24
Bazley,Samanic,32.0,UTA,2023-24
Lofton Jr.,Samanic,31.0,UTA,2023-24
George,Lewis Jr.,29.0,UTA,2023-24
Fontecchio,Samanic,28.0,UTA,2023-24
Hendricks,Olynyk,28.0,UTA,2023-24
Bazley,Sexton,28.0,UTA,2023-24
Olynyk,Yurtseven,28.0,UTA,2023-24
Juzang,Lofton Jr.,27.0,UTA,2023-24
Hendricks,Lofton Jr.,26.0,UTA,2023-24
Lofton Jr.,Preston,25.0,UTA,2023-24
Preston,Sensabaugh,24.0,UTA,2023-24
Lofton Jr.,Potter,23.0,UTA,2023-24
Bazley,Lewis Jr.,23.0,UTA,2023-24
Dunn,Lewis Jr.,22.0,UTA,2023-24
Juzang,Lewis Jr.,21.0,UTA,2023-24
Fontecchio,Hendricks,21.0,UTA,2023-24
Bazley,Dunn,21.0,UTA,2023-24
Preston,Yurtseven,20.0,UTA,2023-24
Juzang,Markkanen,16.0,UTA,2023-24
Lewis Jr.,Lofton Jr.,16.0,UTA,2023-24
Olynyk,Samanic,16.0,UTA,2023-24
Hendricks,Preston,15.0,UTA,2023-24
Kessler,Preston,15.0,UTA,2023-24
Potter,Preston,15.0,UTA,2023-24
Preston,Sexton,14.0,UTA,2023-24
Clarkson,Potter,13.0,UTA,2023-24
Potter,Samanic,12.0,UTA,2023-24
Bazley,Hendricks,12.0,UTA,2023-24
Horton-Tucker,Lewis Jr.,11.0,UTA,2023-24
Lewis Jr.,Markkanen,10.0,UTA,2023-24
Preston,Samanic,10.0,UTA,2023-24
Dunn,Preston,9.0,UTA,2023-24
Markkanen,Samanic,9.0,UTA,2023-24
Markkanen,Potter,5.0,UTA,2023-24
Lewis Jr.,Preston,4.0,UTA,2023-24
Collins,Potter,4.0,UTA,2023-24
Agbaji,Potter,3.0,UTA,2023-24
Fontecchio,Sensabaugh,2.0,UTA,2023-24
George,Preston,1.0,UTA,2023-24
Collins,Lewis Jr.,1.0,UTA,2023-24
Jones,Kuzma,1739.0,WAS,2023-24
Kuzma,Poole,1558.0,WAS,2023-24
Avdija,Poole,1459.0,WAS,2023-24
Jones,Poole,1322.0,WAS,2023-24
Avdija,Kuzma,1284.0,WAS,2023-24
Avdija,Jones,1206.0,WAS,2023-24
Gafford,Kuzma,1084.0,WAS,2023-24
Avdija,Kispert,1079.0,WAS,2023-24
Gafford,Jones,1072.0,WAS,2023-24
Kispert,Poole,967.0,WAS,2023-24
Coulibaly,Kispert,956.0,WAS,2023-24
Coulibaly,Kuzma,955.0,WAS,2023-24
Gafford,Poole,912.0,WAS,2023-24
Kispert,Kuzma,882.0,WAS,2023-24
Coulibaly,Jones,847.0,WAS,2023-24
Avdija,Gafford,771.0,WAS,2023-24
Coulibaly,Poole,716.0,WAS,2023-24
Avdija,Coulibaly,688.0,WAS,2023-24
Jones,Kispert,598.0,WAS,2023-24
Kispert,Shamet,416.0,WAS,2023-24
Coulibaly,Gafford,414.0,WAS,2023-24
Kispert,Wright,363.0,WAS,2023-24
Coulibaly,Shamet,354.0,WAS,2023-24
Coulibaly,Wright,331.0,WAS,2023-24
Bagley III,Kuzma,328.0,WAS,2023-24
Bagley III,Poole,325.0,WAS,2023-24
Davis,Kispert,317.0,WAS,2023-24
Avdija,Bagley III,310.0,WAS,2023-24
Gafford,Kispert,306.0,WAS,2023-24
Gallinari,Kispert,305.0,WAS,2023-24
Avdija,Shamet,304.0,WAS,2023-24
Kuzma,Shamet,302.0,WAS,2023-24
Bagley III,Jones,298.0,WAS,2023-24
Bagley III,Kispert,295.0,WAS,2023-24
Davis,Poole,289.0,WAS,2023-24
Butler,Kispert,282.0,WAS,2023-24
Coulibaly,Gallinari,276.0,WAS,2023-24
Baldwin Jr.,Kispert,276.0,WAS,2023-24
Poole,Shamet,264.0,WAS,2023-24
Holmes,Poole,260.0,WAS,2023-24
Jones,Shamet,255.0,WAS,2023-24
Coulibaly,Muscala,246.0,WAS,2023-24
Avdija,Davis,245.0,WAS,2023-24
Gill,Kispert,243.0,WAS,2023-24
Kispert,Muscala,231.0,WAS,2023-24
Holmes,Kispert,227.0,WAS,2023-24
Avdija,Baldwin Jr.,216.0,WAS,2023-24
Butler,Gill,215.0,WAS,2023-24
Avdija,Butler,213.0,WAS,2023-24
Bagley III,Coulibaly,209.0,WAS,2023-24
Baldwin Jr.,Butler,207.0,WAS,2023-24
Avdija,Wright,207.0,WAS,2023-24
Davis,Gill,205.0,WAS,2023-24
Baldwin Jr.,Davis,190.0,WAS,2023-24
Butler,Omoruyi,189.0,WAS,2023-24
Gill,Poole,189.0,WAS,2023-24
Shamet,Wright,186.0,WAS,2023-24
Avdija,Gallinari,184.0,WAS,2023-24
Bagley III,Shamet,184.0,WAS,2023-24
Baldwin Jr.,Poole,184.0,WAS,2023-24
Avdija,Gill,184.0,WAS,2023-24
Butler,Davis,182.0,WAS,2023-24
Kispert,Omoruyi,182.0,WAS,2023-24
Gallinari,Poole,179.0,WAS,2023-24
Davis,Omoruyi,176.0,WAS,2023-24
Holmes,Kuzma,169.0,WAS,2023-24
Butler,Poole,160.0,WAS,2023-24
Avdija,Muscala,157.0,WAS,2023-24
Baldwin Jr.,Gill,156.0,WAS,2023-24
Coulibaly,Omoruyi,152.0,WAS,2023-24
Butler,Champagnie,148.0,WAS,2023-24
Muscala,Poole,148.0,WAS,2023-24
Coulibaly,Gill,141.0,WAS,2023-24
Gallinari,Shamet,134.0,WAS,2023-24
Butler,Coulibaly,134.0,WAS,2023-24
Avdija,Holmes,131.0,WAS,2023-24
Gallinari,Kuzma,129.0,WAS,2023-24
Avdija,Omoruyi,127.0,WAS,2023-24
Gafford,Shamet,127.0,WAS,2023-24
Kuzma,Wright,126.0,WAS,2023-24
Omoruyi,Poole,125.0,WAS,2023-24
Kispert,Vukcevic,125.0,WAS,2023-24
Baldwin Jr.,Champagnie,115.0,WAS,2023-24
Kuzma,Muscala,114.0,WAS,2023-24
Gill,Omoruyi,113.0,WAS,2023-24
Coulibaly,Davis,110.0,WAS,2023-24
Avdija,Vukcevic,108.0,WAS,2023-24
Gallinari,Wright,108.0,WAS,2023-24
Muscala,Wright,108.0,WAS,2023-24
Butler,Kuzma,104.0,WAS,2023-24
Jones,Muscala,103.0,WAS,2023-24
Champagnie,Kispert,102.0,WAS,2023-24
Baldwin Jr.,Coulibaly,100.0,WAS,2023-24
Davis,Holmes,98.0,WAS,2023-24
Bernard,Butler,97.0,WAS,2023-24
Baldwin Jr.,Omoruyi,92.0,WAS,2023-24
Davis,Kuzma,91.0,WAS,2023-24
Poole,Vukcevic,89.0,WAS,2023-24
Champagnie,Poole,85.0,WAS,2023-24
Muscala,Shamet,85.0,WAS,2023-24
Davis,Shamet,83.0,WAS,2023-24
Champagnie,Gill,82.0,WAS,2023-24
Baldwin Jr.,Bernard,82.0,WAS,2023-24
Bagley III,Wright,81.0,WAS,2023-24
Bernard,Champagnie,77.0,WAS,2023-24
Bagley III,Butler,76.0,WAS,2023-24
Omoruyi,Shamet,75.0,WAS,2023-24
Poole,Wright,73.0,WAS,2023-24
Coulibaly,Holmes,71.0,WAS,2023-24
Bagley III,Davis,71.0,WAS,2023-24
Holmes,Jones,70.0,WAS,2023-24
Bernard,Gill,70.0,WAS,2023-24
Champagnie,Omoruyi,70.0,WAS,2023-24
Butler,Holmes,70.0,WAS,2023-24
Champagnie,Davis,69.0,WAS,2023-24
Bernard,Davis,66.0,WAS,2023-24
Gallinari,Jones,66.0,WAS,2023-24
Coulibaly,Rollins,63.0,WAS,2023-24
Baldwin Jr.,Holmes,60.0,WAS,2023-24
Butler,Vukcevic,60.0,WAS,2023-24
Gill,Kuzma,60.0,WAS,2023-24
Davis,Gallinari,54.0,WAS,2023-24
Gafford,Wright,53.0,WAS,2023-24
Bernard,Omoruyi,53.0,WAS,2023-24
Baldwin Jr.,Wright,52.0,WAS,2023-24
Kuzma,Omoruyi,49.0,WAS,2023-24
Baldwin Jr.,Vukcevic,49.0,WAS,2023-24
Avdija,Champagnie,48.0,WAS,2023-24
Bagley III,Baldwin Jr.,48.0,WAS,2023-24
Davis,Vukcevic,48.0,WAS,2023-24
Gallinari,Muscala,46.0,WAS,2023-24
Gill,Rollins,44.0,WAS,2023-24
Omoruyi,Rollins,43.0,WAS,2023-24
Champagnie,Holmes,42.0,WAS,2023-24
Davis,Rollins,38.0,WAS,2023-24
Holmes,Shamet,36.0,WAS,2023-24
Baldwin Jr.,Kuzma,34.0,WAS,2023-24
Davis,Wright,34.0,WAS,2023-24
Omoruyi,Wright,33.0,WAS,2023-24
Jones,Omoruyi,33.0,WAS,2023-24
Baldwin Jr.,Shamet,32.0,WAS,2023-24
Bernard,Kispert,32.0,WAS,2023-24
Butler,Muscala,32.0,WAS,2023-24
Butler,Gallinari,30.0,WAS,2023-24
Gill,Vukcevic,29.0,WAS,2023-24
Gill,Muscala,29.0,WAS,2023-24
Bernard,Poole,28.0,WAS,2023-24
Champagnie,Kuzma,28.0,WAS,2023-24
Butler,Shamet,27.0,WAS,2023-24
Kuzma,Vukcevic,26.0,WAS,2023-24
Champagnie,Vukcevic,25.0,WAS,2023-24
Baldwin Jr.,Rollins,24.0,WAS,2023-24
Avdija,Bernard,23.0,WAS,2023-24
Davis,Jones,23.0,WAS,2023-24
Bagley III,Vukcevic,21.0,WAS,2023-24
Bagley III,Champagnie,18.0,WAS,2023-24
Jones,Wright,17.0,WAS,2023-24
Butler,Rollins,17.0,WAS,2023-24
Gill,Shamet,15.0,WAS,2023-24
Bagley III,Bernard,15.0,WAS,2023-24
Bernard,Coulibaly,14.0,WAS,2023-24
Bagley III,Gill,13.0,WAS,2023-24
Davis,Muscala,12.0,WAS,2023-24
Holmes,Omoruyi,12.0,WAS,2023-24
Omoruyi,Vukcevic,11.0,WAS,2023-24
Muscala,Omoruyi,11.0,WAS,2023-24
Gill,Jones,11.0,WAS,2023-24
Champagnie,Coulibaly,11.0,WAS,2023-24
Bernard,Vukcevic,10.0,WAS,2023-24
Bernard,Holmes,10.0,WAS,2023-24
Butler,Jones,9.0,WAS,2023-24
Davis,Gafford,9.0,WAS,2023-24
Gill,Wright,9.0,WAS,2023-24
Kispert,Rollins,8.0,WAS,2023-24
Gallinari,Omoruyi,8.0,WAS,2023-24
Baldwin Jr.,Muscala,7.0,WAS,2023-24
Avdija,Rollins,7.0,WAS,2023-24
Gallinari,Gill,7.0,WAS,2023-24
Bernard,Kuzma,6.0,WAS,2023-24
Gafford,Gill,6.0,WAS,2023-24
Baldwin Jr.,Jones,6.0,WAS,2023-24
Muscala,Rollins,5.0,WAS,2023-24
Baldwin Jr.,Diallo,4.0,WAS,2023-24
Poole,Rollins,4.0,WAS,2023-24
Bernard,Wright,4.0,WAS,2023-24
Rollins,Wright,3.0,WAS,2023-24
Bernard,Diallo,3.0,WAS,2023-24
Coulibaly,Diallo,3.0,WAS,2023-24
Diallo,Wright,3.0,WAS,2023-24
Holmes,Vukcevic,3.0,WAS,2023-24
Gafford,Muscala,2.0,WAS,2023-24
Gafford,Gallinari,2.0,WAS,2023-24
Gafford,Omoruyi,2.0,WAS,2023-24
Baldwin Jr.,Jemison,2.0,WAS,2023-24
Gill,Jemison,2.0,WAS,2023-24
Bernard,Jones,1.0,WAS,2023-24
Holmes,Wright,1.0,WAS,2023-24
Avdija,Diallo,1.0,WAS,2023-24
Diallo,Gill,1.0,WAS,2023-24
Davis,Diallo,1.0,WAS,2023-24
Bernard,Jemison,1.0,WAS,2023-24
Davis,Jemison,1.0,WAS,2023-24
Coulibaly,Jemison,1.0,WAS,2023-24
Jemison,Shamet,1.0,WAS,2023-24
