Player1,Player2,SharedMinutes,Team,Season
Collins,Murray,1826.0,ATL,2022-23
Hunter,Murray,1648.0,ATL,2022-23
Hunter,Young,1644.0,ATL,2022-23
Collins,Young,1621.0,ATL,2022-23
Murray,Young,1608.0,ATL,2022-23
Collins,Hunter,1535.0,ATL,2022-23
Capela,Young,1431.0,ATL,2022-23
Capela,Murray,1361.0,ATL,2022-23
Capela,Collins,1273.0,ATL,2022-23
Capela,Hunter,1193.0,ATL,2022-23
Murray,Okongwu,1168.0,ATL,2022-23
Bogdanovic,Okongwu,938.0,ATL,2022-23
Okongwu,Young,935.0,ATL,2022-23
Bogdanovic,Murray,883.0,ATL,2022-23
Griffin,Okongwu,840.0,ATL,2022-23
Hunter,Okongwu,809.0,ATL,2022-23
Bogdanovic,Young,745.0,ATL,2022-23
Griffin,Murray,730.0,ATL,2022-23
Holiday,Okongwu,710.0,ATL,2022-23
Collins,Okongwu,672.0,ATL,2022-23
Griffin,Young,632.0,ATL,2022-23
Johnson,Okongwu,626.0,ATL,2022-23
Bogdanovic,Griffin,604.0,ATL,2022-23
Griffin,Johnson,592.0,ATL,2022-23
Holiday,Johnson,588.0,ATL,2022-23
Bogdanovic,Collins,559.0,ATL,2022-23
Bogdanovic,Hunter,551.0,ATL,2022-23
Holiday,Young,508.0,ATL,2022-23
Johnson,Murray,503.0,ATL,2022-23
Holiday,Murray,480.0,ATL,2022-23
Bogdanovic,Johnson,475.0,ATL,2022-23
Griffin,Holiday,462.0,ATL,2022-23
Johnson,Young,441.0,ATL,2022-23
Bogdanovic,Capela,408.0,ATL,2022-23
Bey,Murray,401.0,ATL,2022-23
Griffin,Hunter,390.0,ATL,2022-23
Collins,Griffin,384.0,ATL,2022-23
Bey,Okongwu,376.0,ATL,2022-23
Capela,Griffin,363.0,ATL,2022-23
Collins,Holiday,355.0,ATL,2022-23
Bey,Bogdanovic,351.0,ATL,2022-23
Bey,Young,333.0,ATL,2022-23
Capela,Holiday,288.0,ATL,2022-23
Holiday,Hunter,283.0,ATL,2022-23
Bogdanovic,Holiday,260.0,ATL,2022-23
Holiday,Holiday,241.0,ATL,2022-23
Capela,Johnson,235.0,ATL,2022-23
Bey,Capela,232.0,ATL,2022-23
Bey,Hunter,199.0,ATL,2022-23
Bey,Collins,179.0,ATL,2022-23
Bey,Griffin,164.0,ATL,2022-23
Holiday,Kaminsky,164.0,ATL,2022-23
Bey,Johnson,160.0,ATL,2022-23
Forrest,Griffin,154.0,ATL,2022-23
Forrest,Okongwu,145.0,ATL,2022-23
Hunter,Johnson,137.0,ATL,2022-23
Holiday,Krejci,112.0,ATL,2022-23
Bogdanovic,Forrest,111.0,ATL,2022-23
Forrest,Johnson,111.0,ATL,2022-23
Johnson,Kaminsky,107.0,ATL,2022-23
Forrest,Young,103.0,ATL,2022-23
Griffin,Kaminsky,102.0,ATL,2022-23
Forrest,Hunter,77.0,ATL,2022-23
Forrest,Holiday,77.0,ATL,2022-23
Culver,Murray,70.0,ATL,2022-23
Capela,Culver,68.0,ATL,2022-23
Krejci,Martin,65.0,ATL,2022-23
Culver,Young,65.0,ATL,2022-23
Culver,Holiday,63.0,ATL,2022-23
Kaminsky,Krejci,57.0,ATL,2022-23
Forrest,Krejci,56.0,ATL,2022-23
Collins,Johnson,56.0,ATL,2022-23
Bey,Holiday,55.0,ATL,2022-23
Kaminsky,Young,54.0,ATL,2022-23
Griffin,Krejci,54.0,ATL,2022-23
Mathews,Okongwu,53.0,ATL,2022-23
Forrest,Kaminsky,53.0,ATL,2022-23
Krejci,Okongwu,52.0,ATL,2022-23
Capela,Forrest,51.0,ATL,2022-23
Culver,Okongwu,50.0,ATL,2022-23
Holiday,Mathews,49.0,ATL,2022-23
Bogdanovic,Kaminsky,48.0,ATL,2022-23
Culver,Griffin,48.0,ATL,2022-23
Bey,Mathews,45.0,ATL,2022-23
Culver,Krejci,45.0,ATL,2022-23
Bogdanovic,Culver,43.0,ATL,2022-23
Griffin,Mathews,42.0,ATL,2022-23
Culver,Johnson,41.0,ATL,2022-23
Bogdanovic,Krejci,41.0,ATL,2022-23
Holiday,Martin,38.0,ATL,2022-23
Forrest,Martin,37.0,ATL,2022-23
Fernando,Krejci,37.0,ATL,2022-23
Krejci,Young,36.0,ATL,2022-23
Kaminsky,Martin,35.0,ATL,2022-23
Johnson,Krejci,34.0,ATL,2022-23
Kaminsky,Murray,33.0,ATL,2022-23
Culver,Forrest,30.0,ATL,2022-23
Fernando,Holiday,30.0,ATL,2022-23
Fernando,Mathews,30.0,ATL,2022-23
Collins,Forrest,29.0,ATL,2022-23
Krejci,Mathews,28.0,ATL,2022-23
Forrest,Murray,27.0,ATL,2022-23
Johnson,Martin,26.0,ATL,2022-23
Krejci,Murray,24.0,ATL,2022-23
Hunter,Kaminsky,22.0,ATL,2022-23
Forrest,Mathews,21.0,ATL,2022-23
Griffin,Martin,21.0,ATL,2022-23
Fernando,Martin,19.0,ATL,2022-23
Johnson,Mathews,19.0,ATL,2022-23
Culver,Kaminsky,18.0,ATL,2022-23
Fernando,Forrest,18.0,ATL,2022-23
Capela,Krejci,16.0,ATL,2022-23
Mathews,Young,14.0,ATL,2022-23
Bogdanovic,Mathews,11.0,ATL,2022-23
Fernando,Griffin,10.0,ATL,2022-23
Martin,Mathews,10.0,ATL,2022-23
Bey,Krejci,9.0,ATL,2022-23
Culver,Martin,9.0,ATL,2022-23
Fernando,Johnson,9.0,ATL,2022-23
Martin,Okongwu,8.0,ATL,2022-23
Collins,Culver,7.0,ATL,2022-23
Mathews,Murray,6.0,ATL,2022-23
Collins,Kaminsky,6.0,ATL,2022-23
Capela,Okongwu,5.0,ATL,2022-23
Kaminsky,Okongwu,5.0,ATL,2022-23
Krejci,Williams,4.0,ATL,2022-23
Bey,Forrest,4.0,ATL,2022-23
Bey,Fernando,4.0,ATL,2022-23
Holiday,Williams,4.0,ATL,2022-23
Fernando,Williams,4.0,ATL,2022-23
Martin,Williams,4.0,ATL,2022-23
Culver,Hunter,3.0,ATL,2022-23
Collins,Mathews,2.0,ATL,2022-23
Hunter,Krejci,2.0,ATL,2022-23
Hunter,Mathews,2.0,ATL,2022-23
Fernando,Young,2.0,ATL,2022-23
Fernando,Hunter,1.0,ATL,2022-23
Capela,Martin,0.0,ATL,2022-23
Martin,Young,0.0,ATL,2022-23
Claxton,O'Neale,1454.0,BKN,2022-23
Irving,O'Neale,1127.0,BKN,2022-23
Harris,O'Neale,1076.0,BKN,2022-23
Durant,O'Neale,1037.0,BKN,2022-23
Claxton,Irving,987.0,BKN,2022-23
Claxton,Harris,870.0,BKN,2022-23
Claxton,Durant,838.0,BKN,2022-23
O'Neale,Simmons,781.0,BKN,2022-23
Durant,Irving,774.0,BKN,2022-23
Curry,O'Neale,753.0,BKN,2022-23
Bridges,Dinwiddie,733.0,BKN,2022-23
Irving,Simmons,696.0,BKN,2022-23
Dinwiddie,Finney-Smith,629.0,BKN,2022-23
Harris,Irving,628.0,BKN,2022-23
Bridges,Johnson,623.0,BKN,2022-23
Bridges,Finney-Smith,618.0,BKN,2022-23
Bridges,Claxton,613.0,BKN,2022-23
Dinwiddie,Johnson,586.0,BKN,2022-23
Durant,Simmons,576.0,BKN,2022-23
Claxton,Curry,570.0,BKN,2022-23
Claxton,Dinwiddie,569.0,BKN,2022-23
Durant,Harris,568.0,BKN,2022-23
Claxton,Johnson,552.0,BKN,2022-23
Curry,Harris,529.0,BKN,2022-23
Claxton,Simmons,506.0,BKN,2022-23
Finney-Smith,Johnson,475.0,BKN,2022-23
Curry,Irving,459.0,BKN,2022-23
Harris,Simmons,424.0,BKN,2022-23
Claxton,Finney-Smith,423.0,BKN,2022-23
O'Neale,Thomas,400.0,BKN,2022-23
Dinwiddie,O'Neale,397.0,BKN,2022-23
Bridges,O'Neale,388.0,BKN,2022-23
Curry,Durant,354.0,BKN,2022-23
O'Neale,Watanabe,350.0,BKN,2022-23
Curry,Simmons,341.0,BKN,2022-23
Claxton,Sumner,340.0,BKN,2022-23
O'Neale,Sumner,339.0,BKN,2022-23
Claxton,Thomas,333.0,BKN,2022-23
Durant,Sumner,312.0,BKN,2022-23
Claxton,Watanabe,301.0,BKN,2022-23
Irving,Watanabe,294.0,BKN,2022-23
Johnson,O'Neale,290.0,BKN,2022-23
Curry,Watanabe,276.0,BKN,2022-23
Sharpe,Thomas,269.0,BKN,2022-23
Thomas,Watanabe,268.0,BKN,2022-23
Durant,Watanabe,261.0,BKN,2022-23
Harris,Sumner,257.0,BKN,2022-23
Mills,Watanabe,248.0,BKN,2022-23
Harris,Thomas,246.0,BKN,2022-23
Irving,Warren,241.0,BKN,2022-23
Curry,Thomas,238.0,BKN,2022-23
Harris,Watanabe,231.0,BKN,2022-23
Sumner,Thomas,230.0,BKN,2022-23
Finney-Smith,O'Neale,225.0,BKN,2022-23
Curry,Warren,224.0,BKN,2022-23
O'Neale,Sharpe,221.0,BKN,2022-23
Mills,Thomas,218.0,BKN,2022-23
Sumner,Watanabe,215.0,BKN,2022-23
Claxton,Warren,210.0,BKN,2022-23
Sharpe,Watanabe,204.0,BKN,2022-23
Simmons,Watanabe,198.0,BKN,2022-23
Warren,Watanabe,188.0,BKN,2022-23
Durant,Thomas,184.0,BKN,2022-23
Mills,Sharpe,182.0,BKN,2022-23
Mills,O'Neale,181.0,BKN,2022-23
Bridges,Harris,181.0,BKN,2022-23
Durant,Warren,169.0,BKN,2022-23
Dinwiddie,Harris,169.0,BKN,2022-23
O'Neale,Warren,168.0,BKN,2022-23
Claxton,Mills,165.0,BKN,2022-23
Simmons,Thomas,154.0,BKN,2022-23
Harris,Mills,151.0,BKN,2022-23
Sharpe,Sumner,150.0,BKN,2022-23
Dinwiddie,Thomas,148.0,BKN,2022-23
Simmons,Warren,148.0,BKN,2022-23
Irving,Mills,147.0,BKN,2022-23
Bridges,Curry,145.0,BKN,2022-23
Harris,Sharpe,144.0,BKN,2022-23
Curry,Sumner,139.0,BKN,2022-23
Curry,Johnson,138.0,BKN,2022-23
Sumner,Warren,131.0,BKN,2022-23
Harris,Johnson,129.0,BKN,2022-23
Mills,Sumner,128.0,BKN,2022-23
Duke Jr.,Thomas,127.0,BKN,2022-23
Bridges,Thomas,126.0,BKN,2022-23
Mills,Simmons,125.0,BKN,2022-23
Dinwiddie,Sharpe,125.0,BKN,2022-23
Finney-Smith,Thomas,120.0,BKN,2022-23
Durant,Morris,111.0,BKN,2022-23
Duke Jr.,Watanabe,110.0,BKN,2022-23
Duke Jr.,Sharpe,107.0,BKN,2022-23
Morris,Sumner,107.0,BKN,2022-23
Curry,Sharpe,106.0,BKN,2022-23
Finney-Smith,Harris,98.0,BKN,2022-23
Irving,Morris,94.0,BKN,2022-23
Morris,Thomas,94.0,BKN,2022-23
Morris,O'Neale,94.0,BKN,2022-23
Morris,Watanabe,93.0,BKN,2022-23
Curry,Finney-Smith,91.0,BKN,2022-23
Irving,Thomas,87.0,BKN,2022-23
Duke Jr.,Mills,87.0,BKN,2022-23
Thomas,Warren,86.0,BKN,2022-23
Irving,Sumner,85.0,BKN,2022-23
Harris,Warren,85.0,BKN,2022-23
Durant,Mills,83.0,BKN,2022-23
Curry,Dinwiddie,83.0,BKN,2022-23
Johnson,Thomas,82.0,BKN,2022-23
Curry,Morris,82.0,BKN,2022-23
Mills,Morris,80.0,BKN,2022-23
Bridges,Sharpe,78.0,BKN,2022-23
Duke Jr.,Sumner,76.0,BKN,2022-23
Irving,Sharpe,74.0,BKN,2022-23
Mills,Warren,67.0,BKN,2022-23
Edwards,Sharpe,67.0,BKN,2022-23
Morris,Simmons,66.0,BKN,2022-23
Simmons,Sumner,63.0,BKN,2022-23
Claxton,Morris,60.0,BKN,2022-23
Edwards,Thomas,58.0,BKN,2022-23
Finney-Smith,Sharpe,58.0,BKN,2022-23
Dinwiddie,Watanabe,58.0,BKN,2022-23
Duke Jr.,Smith,58.0,BKN,2022-23
Curry,Mills,57.0,BKN,2022-23
Smith,Thomas,56.0,BKN,2022-23
Johnson,Sharpe,54.0,BKN,2022-23
Morris,Warren,53.0,BKN,2022-23
Edwards,Sumner,51.0,BKN,2022-23
Durant,Sharpe,51.0,BKN,2022-23
Harris,Morris,50.0,BKN,2022-23
Duke Jr.,Edwards,46.0,BKN,2022-23
Smith,Watanabe,43.0,BKN,2022-23
Sharpe,Warren,40.0,BKN,2022-23
Sharpe,Smith,39.0,BKN,2022-23
Mills,Smith,39.0,BKN,2022-23
Duke Jr.,Durant,38.0,BKN,2022-23
Sharpe,Simmons,33.0,BKN,2022-23
Duke Jr.,Gray,33.0,BKN,2022-23
Duke Jr.,O'Neale,30.0,BKN,2022-23
Morris,Sharpe,29.0,BKN,2022-23
Gray,Thomas,29.0,BKN,2022-23
Bridges,Watanabe,29.0,BKN,2022-23
Duke Jr.,Simmons,26.0,BKN,2022-23
Finney-Smith,Noel,26.0,BKN,2022-23
Claxton,Duke Jr.,26.0,BKN,2022-23
Edwards,Mills,25.0,BKN,2022-23
Finney-Smith,Watanabe,25.0,BKN,2022-23
Bridges,Noel,24.0,BKN,2022-23
Dinwiddie,Simmons,24.0,BKN,2022-23
Gray,Watanabe,23.0,BKN,2022-23
O'Neale,Smith,23.0,BKN,2022-23
Gray,Mills,22.0,BKN,2022-23
Gray,Smith,21.0,BKN,2022-23
Duke Jr.,Harris,21.0,BKN,2022-23
Johnson,Simmons,21.0,BKN,2022-23
Dinwiddie,Noel,20.0,BKN,2022-23
Dinwiddie,Sumner,20.0,BKN,2022-23
Duke Jr.,Morris,20.0,BKN,2022-23
Bridges,Sumner,19.0,BKN,2022-23
Edwards,Morris,18.0,BKN,2022-23
Noel,O'Neale,18.0,BKN,2022-23
Bridges,Simmons,18.0,BKN,2022-23
Edwards,Watanabe,18.0,BKN,2022-23
Johnson,Watanabe,18.0,BKN,2022-23
Finney-Smith,Simmons,17.0,BKN,2022-23
Smith,Warren,16.0,BKN,2022-23
Duke Jr.,Irving,15.0,BKN,2022-23
Dinwiddie,Mills,15.0,BKN,2022-23
Claxton,Smith,13.0,BKN,2022-23
Harris,Noel,12.0,BKN,2022-23
Gray,Sharpe,12.0,BKN,2022-23
Johnson,Sumner,12.0,BKN,2022-23
Curry,Noel,11.0,BKN,2022-23
Curry,Duke Jr.,11.0,BKN,2022-23
Noel,Watanabe,9.0,BKN,2022-23
Mills,Noel,9.0,BKN,2022-23
Curry,Edwards,9.0,BKN,2022-23
Bridges,Mills,9.0,BKN,2022-23
Finney-Smith,Mills,7.0,BKN,2022-23
Noel,Sumner,7.0,BKN,2022-23
Johnson,Mills,7.0,BKN,2022-23
Brown,Watanabe,7.0,BKN,2022-23
Brown,Thomas,7.0,BKN,2022-23
Duke Jr.,Noel,6.0,BKN,2022-23
Edwards,Harris,6.0,BKN,2022-23
Claxton,Sharpe,6.0,BKN,2022-23
Duke Jr.,Warren,6.0,BKN,2022-23
Duke Jr.,Williams,5.0,BKN,2022-23
Watanabe,Williams,5.0,BKN,2022-23
Thomas,Williams,5.0,BKN,2022-23
Morris,Williams,5.0,BKN,2022-23
Johnson,Noel,5.0,BKN,2022-23
Brown,Smith,4.0,BKN,2022-23
Brown,Duke Jr.,4.0,BKN,2022-23
Smith,Sumner,4.0,BKN,2022-23
Claxton,Edwards,4.0,BKN,2022-23
Edwards,O'Neale,4.0,BKN,2022-23
Noel,Thomas,3.0,BKN,2022-23
Brown,Sumner,3.0,BKN,2022-23
Brown,Sharpe,3.0,BKN,2022-23
Simmons,Smith,3.0,BKN,2022-23
Noel,Smith,2.0,BKN,2022-23
Edwards,Smith,2.0,BKN,2022-23
Harris,Smith,1.0,BKN,2022-23
Brown,Tatum,1627.0,BOS,2022-23
Horford,Tatum,1579.0,BOS,2022-23
Tatum,White,1573.0,BOS,2022-23
Smart,Tatum,1543.0,BOS,2022-23
Brown,Horford,1533.0,BOS,2022-23
Brown,Smart,1502.0,BOS,2022-23
Brown,White,1416.0,BOS,2022-23
Horford,Smart,1278.0,BOS,2022-23
Tatum,Williams,1262.0,BOS,2022-23
Horford,White,1210.0,BOS,2022-23
Brown,Williams,1049.0,BOS,2022-23
Smart,White,1032.0,BOS,2022-23
Brogdon,Tatum,1012.0,BOS,2022-23
Brogdon,Williams,1004.0,BOS,2022-23
White,Williams,998.0,BOS,2022-23
Brogdon,Brown,883.0,BOS,2022-23
Smart,Williams,795.0,BOS,2022-23
Brogdon,White,761.0,BOS,2022-23
Horford,Williams,693.0,BOS,2022-23
Hauser,Williams,692.0,BOS,2022-23
Brogdon,Hauser,647.0,BOS,2022-23
Hauser,White,625.0,BOS,2022-23
Brogdon,Smart,600.0,BOS,2022-23
Hauser,Tatum,582.0,BOS,2022-23
Brogdon,Horford,556.0,BOS,2022-23
Tatum,Williams III,556.0,BOS,2022-23
White,Williams III,502.0,BOS,2022-23
Hauser,Kornet,496.0,BOS,2022-23
Brogdon,Kornet,442.0,BOS,2022-23
Kornet,Williams,431.0,BOS,2022-23
Brown,Williams III,411.0,BOS,2022-23
Kornet,Tatum,405.0,BOS,2022-23
Brogdon,Williams III,389.0,BOS,2022-23
Brown,Hauser,383.0,BOS,2022-23
Hauser,Pritchard,365.0,BOS,2022-23
Williams,Williams III,359.0,BOS,2022-23
Griffin,Tatum,353.0,BOS,2022-23
Griffin,White,343.0,BOS,2022-23
Kornet,White,335.0,BOS,2022-23
Horford,Williams III,332.0,BOS,2022-23
Pritchard,Williams,329.0,BOS,2022-23
Griffin,Smart,284.0,BOS,2022-23
Griffin,Williams,281.0,BOS,2022-23
Kornet,Pritchard,278.0,BOS,2022-23
Smart,Williams III,267.0,BOS,2022-23
Hauser,Williams III,266.0,BOS,2022-23
Pritchard,Tatum,263.0,BOS,2022-23
Brown,Kornet,263.0,BOS,2022-23
Hauser,Horford,260.0,BOS,2022-23
Brown,Griffin,254.0,BOS,2022-23
Brogdon,Pritchard,239.0,BOS,2022-23
Brogdon,Griffin,226.0,BOS,2022-23
Pritchard,White,209.0,BOS,2022-23
Griffin,Hauser,202.0,BOS,2022-23
Muscala,White,199.0,BOS,2022-23
Hauser,Smart,197.0,BOS,2022-23
Hauser,Muscala,191.0,BOS,2022-23
Kornet,Smart,174.0,BOS,2022-23
Muscala,Williams,154.0,BOS,2022-23
Brown,Pritchard,143.0,BOS,2022-23
Brogdon,Muscala,142.0,BOS,2022-23
Pritchard,Williams III,136.0,BOS,2022-23
Muscala,Pritchard,104.0,BOS,2022-23
Griffin,Pritchard,100.0,BOS,2022-23
Jackson,Pritchard,100.0,BOS,2022-23
Griffin,Muscala,96.0,BOS,2022-23
Hauser,Jackson,95.0,BOS,2022-23
Horford,Pritchard,94.0,BOS,2022-23
Hauser,Vonleh,93.0,BOS,2022-23
Kornet,Muscala,84.0,BOS,2022-23
Tatum,Vonleh,84.0,BOS,2022-23
Brown,Muscala,81.0,BOS,2022-23
Vonleh,Williams,78.0,BOS,2022-23
Jackson,Kornet,75.0,BOS,2022-23
Horford,Kornet,69.0,BOS,2022-23
Muscala,Tatum,68.0,BOS,2022-23
Brown,Vonleh,68.0,BOS,2022-23
Smart,Vonleh,67.0,BOS,2022-23
Muscala,Williams III,67.0,BOS,2022-23
Brogdon,Vonleh,66.0,BOS,2022-23
Pritchard,Vonleh,64.0,BOS,2022-23
Griffin,Horford,58.0,BOS,2022-23
Vonleh,White,58.0,BOS,2022-23
Davison,Kornet,53.0,BOS,2022-23
Jackson,Vonleh,51.0,BOS,2022-23
Davison,Pritchard,49.0,BOS,2022-23
Davison,Hauser,47.0,BOS,2022-23
Muscala,Smart,46.0,BOS,2022-23
Griffin,Kornet,45.0,BOS,2022-23
Pritchard,Smart,42.0,BOS,2022-23
Kornet,Vonleh,36.0,BOS,2022-23
Kabengele,Pritchard,36.0,BOS,2022-23
Davison,Muscala,32.0,BOS,2022-23
Griffin,Jackson,31.0,BOS,2022-23
Hauser,Kabengele,25.0,BOS,2022-23
Davison,Kabengele,24.0,BOS,2022-23
Champagnie,Kornet,22.0,BOS,2022-23
Champagnie,Pritchard,21.0,BOS,2022-23
Davison,Williams,17.0,BOS,2022-23
Jackson,Williams,17.0,BOS,2022-23
Horford,Muscala,16.0,BOS,2022-23
Champagnie,Davison,15.0,BOS,2022-23
Jackson,White,13.0,BOS,2022-23
Jackson,Tatum,12.0,BOS,2022-23
Kabengele,Kornet,12.0,BOS,2022-23
Griffin,Vonleh,12.0,BOS,2022-23
Champagnie,Kabengele,11.0,BOS,2022-23
Davison,Griffin,11.0,BOS,2022-23
Kabengele,Muscala,11.0,BOS,2022-23
Champagnie,Hauser,10.0,BOS,2022-23
Horford,Vonleh,10.0,BOS,2022-23
Davison,Jackson,10.0,BOS,2022-23
Champagnie,Muscala,9.0,BOS,2022-23
Jackson,Kabengele,9.0,BOS,2022-23
Kabengele,Vonleh,8.0,BOS,2022-23
Jackson,Williams III,7.0,BOS,2022-23
Brogdon,Jackson,5.0,BOS,2022-23
Davison,Vonleh,5.0,BOS,2022-23
Kabengele,Tatum,4.0,BOS,2022-23
Champagnie,Williams,4.0,BOS,2022-23
Kabengele,White,3.0,BOS,2022-23
Davison,White,3.0,BOS,2022-23
Brown,Jackson,3.0,BOS,2022-23
Kabengele,Williams,1.0,BOS,2022-23
Davison,Tatum,1.0,BOS,2022-23
Davison,Smart,1.0,BOS,2022-23
Jackson,Smart,0.0,BOS,2022-23
Rozier,Washington,1457.0,CHA,2022-23
Plumlee,Washington,1262.0,CHA,2022-23
Plumlee,Rozier,1208.0,CHA,2022-23
Hayward,Washington,987.0,CHA,2022-23
Oubre Jr.,Washington,987.0,CHA,2022-23
Ball,Washington,973.0,CHA,2022-23
Hayward,Rozier,969.0,CHA,2022-23
McDaniels,Washington,922.0,CHA,2022-23
Oubre Jr.,Rozier,882.0,CHA,2022-23
McDaniels,Rozier,840.0,CHA,2022-23
Ball,Rozier,809.0,CHA,2022-23
Oubre Jr.,Plumlee,793.0,CHA,2022-23
Smith Jr.,Washington,791.0,CHA,2022-23
McDaniels,Plumlee,789.0,CHA,2022-23
Ball,Plumlee,705.0,CHA,2022-23
Hayward,Oubre Jr.,622.0,CHA,2022-23
Hayward,Plumlee,606.0,CHA,2022-23
Ball,Hayward,596.0,CHA,2022-23
Rozier,Smith Jr.,587.0,CHA,2022-23
Richards,Washington,560.0,CHA,2022-23
Hayward,Smith Jr.,552.0,CHA,2022-23
McDaniels,Oubre Jr.,523.0,CHA,2022-23
Richards,Rozier,519.0,CHA,2022-23
Oubre Jr.,Smith Jr.,511.0,CHA,2022-23
Ball,McDaniels,494.0,CHA,2022-23
Oubre Jr.,Richards,473.0,CHA,2022-23
Richards,Smith Jr.,453.0,CHA,2022-23
Hayward,Williams,446.0,CHA,2022-23
McDaniels,Richards,441.0,CHA,2022-23
Hayward,Richards,429.0,CHA,2022-23
Plumlee,Smith Jr.,423.0,CHA,2022-23
McDaniels,Smith Jr.,418.0,CHA,2022-23
Rozier,Thor,407.0,CHA,2022-23
Smith Jr.,Thor,399.0,CHA,2022-23
Maledon,Richards,389.0,CHA,2022-23
Rozier,Williams,381.0,CHA,2022-23
Washington,Williams,354.0,CHA,2022-23
Smith Jr.,Williams,345.0,CHA,2022-23
Thor,Williams,343.0,CHA,2022-23
Richards,Thor,336.0,CHA,2022-23
Maledon,McDaniels,334.0,CHA,2022-23
Maledon,Thor,323.0,CHA,2022-23
Ball,Williams,321.0,CHA,2022-23
McGowens,Richards,320.0,CHA,2022-23
Hayward,McDaniels,320.0,CHA,2022-23
Hayward,Thor,319.0,CHA,2022-23
McGowens,Thor,306.0,CHA,2022-23
Maledon,McGowens,305.0,CHA,2022-23
McGowens,Smith Jr.,304.0,CHA,2022-23
McGowens,Washington,303.0,CHA,2022-23
Maledon,Washington,301.0,CHA,2022-23
Bouknight,Richards,286.0,CHA,2022-23
Jones,McGowens,283.0,CHA,2022-23
Ball,Oubre Jr.,278.0,CHA,2022-23
Maledon,Oubre Jr.,276.0,CHA,2022-23
Ball,Smith Jr.,274.0,CHA,2022-23
Bouknight,Maledon,264.0,CHA,2022-23
Jones,Maledon,248.0,CHA,2022-23
Jones,Richards,235.0,CHA,2022-23
McDaniels,Thor,232.0,CHA,2022-23
McGowens,Rozier,229.0,CHA,2022-23
McDaniels,Williams,223.0,CHA,2022-23
McGowens,Williams,221.0,CHA,2022-23
Ball,Richards,212.0,CHA,2022-23
Bouknight,McDaniels,211.0,CHA,2022-23
McGowens,Mykhailiuk,210.0,CHA,2022-23
Mykhailiuk,Thor,207.0,CHA,2022-23
Maledon,Mykhailiuk,205.0,CHA,2022-23
Jones,Oubre Jr.,195.0,CHA,2022-23
Maledon,Plumlee,195.0,CHA,2022-23
Oubre Jr.,Thor,192.0,CHA,2022-23
Bouknight,Thor,189.0,CHA,2022-23
Jones,Rozier,184.0,CHA,2022-23
Maledon,Williams,183.0,CHA,2022-23
Mykhailiuk,Washington,180.0,CHA,2022-23
Bouknight,Jones,176.0,CHA,2022-23
McGowens,Oubre Jr.,173.0,CHA,2022-23
Jones,Smith Jr.,172.0,CHA,2022-23
Bouknight,Washington,168.0,CHA,2022-23
Maledon,Rozier,166.0,CHA,2022-23
Ball,Thor,162.0,CHA,2022-23
Jones,Mykhailiuk,160.0,CHA,2022-23
Mykhailiuk,Richards,154.0,CHA,2022-23
Jones,Thor,152.0,CHA,2022-23
Mykhailiuk,Williams,147.0,CHA,2022-23
Oubre Jr.,Williams,139.0,CHA,2022-23
Hayward,Maledon,136.0,CHA,2022-23
Plumlee,Thor,132.0,CHA,2022-23
Mykhailiuk,Smith Jr.,130.0,CHA,2022-23
Bouknight,McGowens,126.0,CHA,2022-23
Hayward,Mykhailiuk,109.0,CHA,2022-23
Jones,Washington,109.0,CHA,2022-23
Bouknight,Smith Jr.,101.0,CHA,2022-23
McGowens,Plumlee,100.0,CHA,2022-23
Thor,Washington,92.0,CHA,2022-23
Bouknight,Williams,88.0,CHA,2022-23
Hayward,McGowens,88.0,CHA,2022-23
McDaniels,McGowens,88.0,CHA,2022-23
Bouknight,Rozier,88.0,CHA,2022-23
Bouknight,Mykhailiuk,86.0,CHA,2022-23
Jones,McDaniels,78.0,CHA,2022-23
Bouknight,Plumlee,75.0,CHA,2022-23
Bouknight,Oubre Jr.,71.0,CHA,2022-23
Ball,Martin,71.0,CHA,2022-23
Martin,Smith Jr.,71.0,CHA,2022-23
Martin,Rozier,70.0,CHA,2022-23
Martin,Washington,70.0,CHA,2022-23
Martin,McDaniels,63.0,CHA,2022-23
Bouknight,Hayward,62.0,CHA,2022-23
Ball,McGowens,61.0,CHA,2022-23
Martin,Williams,56.0,CHA,2022-23
Martin,Thor,54.0,CHA,2022-23
Martin,Plumlee,51.0,CHA,2022-23
Hayward,Jones,50.0,CHA,2022-23
Mykhailiuk,Rozier,48.0,CHA,2022-23
Ball,Maledon,45.0,CHA,2022-23
Mykhailiuk,Oubre Jr.,45.0,CHA,2022-23
Jones,Williams,44.0,CHA,2022-23
Jones,Plumlee,41.0,CHA,2022-23
Jones,Sneed,40.0,CHA,2022-23
Bouknight,Sneed,37.0,CHA,2022-23
Maledon,Smith Jr.,29.0,CHA,2022-23
McGowens,Sneed,28.0,CHA,2022-23
Martin,Richards,27.0,CHA,2022-23
Ball,Mykhailiuk,23.0,CHA,2022-23
Maledon,Sneed,22.0,CHA,2022-23
Ball,Jones,21.0,CHA,2022-23
Sneed,Thor,21.0,CHA,2022-23
McGowens,Simmons,21.0,CHA,2022-23
Bouknight,Simmons,17.0,CHA,2022-23
Jones,Simmons,16.0,CHA,2022-23
Ball,Bouknight,15.0,CHA,2022-23
Richards,Simmons,15.0,CHA,2022-23
Mykhailiuk,Sneed,13.0,CHA,2022-23
Maledon,Simmons,11.0,CHA,2022-23
Simmons,Sneed,11.0,CHA,2022-23
Sneed,Williams,11.0,CHA,2022-23
Simmons,Thor,10.0,CHA,2022-23
Richards,Sneed,9.0,CHA,2022-23
Simmons,Williams,8.0,CHA,2022-23
Mykhailiuk,Simmons,3.0,CHA,2022-23
Martin,McGowens,2.0,CHA,2022-23
Richards,Williams,2.0,CHA,2022-23
Hayward,Martin,1.0,CHA,2022-23
LaVine,Vucevic,2235.0,CHI,2022-23
DeRozan,Vucevic,2064.0,CHI,2022-23
DeRozan,LaVine,1744.0,CHI,2022-23
LaVine,Williams,1697.0,CHI,2022-23
Vucevic,Williams,1689.0,CHI,2022-23
DeRozan,Williams,1559.0,CHI,2022-23
Dosunmu,Vucevic,1481.0,CHI,2022-23
Dosunmu,Williams,1436.0,CHI,2022-23
DeRozan,Dosunmu,1384.0,CHI,2022-23
Dosunmu,LaVine,1326.0,CHI,2022-23
Caruso,Vucevic,1170.0,CHI,2022-23
Caruso,LaVine,1161.0,CHI,2022-23
Caruso,DeRozan,1019.0,CHI,2022-23
Vucevic,White,921.0,CHI,2022-23
White,Williams,890.0,CHI,2022-23
LaVine,White,878.0,CHI,2022-23
DeRozan,White,860.0,CHI,2022-23
Dosunmu,White,820.0,CHI,2022-23
Caruso,Williams,610.0,CHI,2022-23
Drummond,White,605.0,CHI,2022-23
Beverley,LaVine,596.0,CHI,2022-23
Jones Jr.,White,585.0,CHI,2022-23
Beverley,Vucevic,560.0,CHI,2022-23
Beverley,DeRozan,474.0,CHI,2022-23
Caruso,Dosunmu,467.0,CHI,2022-23
DeRozan,Drummond,467.0,CHI,2022-23
Caruso,White,447.0,CHI,2022-23
Jones Jr.,LaVine,434.0,CHI,2022-23
DeRozan,Jones Jr.,415.0,CHI,2022-23
DeRozan,Dragic,412.0,CHI,2022-23
Dosunmu,Jones Jr.,401.0,CHI,2022-23
Dragic,Drummond,400.0,CHI,2022-23
Dosunmu,Drummond,394.0,CHI,2022-23
Dragic,Jones Jr.,387.0,CHI,2022-23
Drummond,LaVine,376.0,CHI,2022-23
Drummond,Williams,361.0,CHI,2022-23
Dragic,LaVine,361.0,CHI,2022-23
Dragic,White,353.0,CHI,2022-23
Beverley,Caruso,319.0,CHI,2022-23
Caruso,Jones Jr.,308.0,CHI,2022-23
Caruso,Dragic,301.0,CHI,2022-23
DeRozan,Green,289.0,CHI,2022-23
Dragic,Williams,284.0,CHI,2022-23
Jones Jr.,Vucevic,277.0,CHI,2022-23
Jones Jr.,Williams,271.0,CHI,2022-23
Caruso,Drummond,268.0,CHI,2022-23
Drummond,Jones Jr.,260.0,CHI,2022-23
Dragic,Vucevic,245.0,CHI,2022-23
Green,Vucevic,244.0,CHI,2022-23
Beverley,Williams,239.0,CHI,2022-23
Dragic,Green,214.0,CHI,2022-23
Caruso,Green,213.0,CHI,2022-23
Green,LaVine,201.0,CHI,2022-23
Dosunmu,Dragic,191.0,CHI,2022-23
Green,White,188.0,CHI,2022-23
Dosunmu,Green,183.0,CHI,2022-23
Drummond,Green,150.0,CHI,2022-23
Dosunmu,Terry,148.0,CHI,2022-23
Terry,White,142.0,CHI,2022-23
Beverley,White,128.0,CHI,2022-23
Terry,Williams,88.0,CHI,2022-23
Green,Jones Jr.,86.0,CHI,2022-23
Green,Williams,80.0,CHI,2022-23
Jones Jr.,Terry,75.0,CHI,2022-23
Terry,Vucevic,64.0,CHI,2022-23
Drummond,Terry,58.0,CHI,2022-23
LaVine,Terry,53.0,CHI,2022-23
Dosunmu,Jones,41.0,CHI,2022-23
Jones,Terry,40.0,CHI,2022-23
Dosunmu,Taylor,36.0,CHI,2022-23
Green,Terry,35.0,CHI,2022-23
Beverley,Drummond,34.0,CHI,2022-23
Beverley,Dosunmu,34.0,CHI,2022-23
Beverley,Jones Jr.,32.0,CHI,2022-23
DeRozan,Terry,29.0,CHI,2022-23
Bradley,Terry,26.0,CHI,2022-23
Jones,White,26.0,CHI,2022-23
Taylor,Terry,25.0,CHI,2022-23
Bradley,White,24.0,CHI,2022-23
Jones,Taylor,24.0,CHI,2022-23
Bradley,Dosunmu,23.0,CHI,2022-23
Jones,Williams,21.0,CHI,2022-23
Simonovic,Terry,20.0,CHI,2022-23
Jones Jr.,Taylor,18.0,CHI,2022-23
Caruso,Terry,17.0,CHI,2022-23
Bradley,Jones Jr.,17.0,CHI,2022-23
Jones,Simonovic,16.0,CHI,2022-23
Dosunmu,Simonovic,14.0,CHI,2022-23
Bradley,Williams,14.0,CHI,2022-23
Taylor,White,14.0,CHI,2022-23
Drummond,Vucevic,13.0,CHI,2022-23
Taylor,Williams,13.0,CHI,2022-23
Jones,Jones Jr.,12.0,CHI,2022-23
Jones,Vucevic,12.0,CHI,2022-23
Dragic,Terry,12.0,CHI,2022-23
Simonovic,Taylor,11.0,CHI,2022-23
Hill,Terry,9.0,CHI,2022-23
Bradley,Green,9.0,CHI,2022-23
Jones,LaVine,7.0,CHI,2022-23
Drummond,Jones,7.0,CHI,2022-23
Hill,White,6.0,CHI,2022-23
Bradley,Hill,5.0,CHI,2022-23
Bradley,Jones,5.0,CHI,2022-23
Hill,Jones,5.0,CHI,2022-23
Simonovic,White,5.0,CHI,2022-23
Bradley,Simonovic,5.0,CHI,2022-23
Green,Jones,4.0,CHI,2022-23
Simonovic,Williams,4.0,CHI,2022-23
Hill,LaVine,3.0,CHI,2022-23
Drummond,Hill,3.0,CHI,2022-23
Beverley,Terry,3.0,CHI,2022-23
Hill,Simonovic,3.0,CHI,2022-23
Green,Taylor,3.0,CHI,2022-23
Jones Jr.,Simonovic,2.0,CHI,2022-23
Beverley,Green,1.0,CHI,2022-23
Dosunmu,Hill,1.0,CHI,2022-23
Hill,Vucevic,1.0,CHI,2022-23
Hill,Williams,0.0,CHI,2022-23
Green,Hill,0.0,CHI,2022-23
Bradley,LaVine,0.0,CHI,2022-23
Garland,Mobley,1971.0,CLE,2022-23
Mitchell,Mobley,1818.0,CLE,2022-23
Allen,Mitchell,1620.0,CLE,2022-23
Garland,Mitchell,1482.0,CLE,2022-23
LeVert,Mobley,1468.0,CLE,2022-23
Allen,Garland,1437.0,CLE,2022-23
Allen,Mobley,1418.0,CLE,2022-23
Allen,LeVert,1239.0,CLE,2022-23
LeVert,Mitchell,1229.0,CLE,2022-23
Garland,LeVert,1203.0,CLE,2022-23
Mobley,Okoro,1143.0,CLE,2022-23
Garland,Okoro,1076.0,CLE,2022-23
Mitchell,Okoro,1017.0,CLE,2022-23
Allen,Okoro,1010.0,CLE,2022-23
Mobley,Osman,876.0,CLE,2022-23
LeVert,Osman,817.0,CLE,2022-23
Mobley,Stevens,732.0,CLE,2022-23
Garland,Osman,708.0,CLE,2022-23
Garland,Stevens,703.0,CLE,2022-23
LeVert,Okoro,685.0,CLE,2022-23
Mitchell,Osman,669.0,CLE,2022-23
Mitchell,Stevens,609.0,CLE,2022-23
Allen,Osman,604.0,CLE,2022-23
LeVert,Love,541.0,CLE,2022-23
Mobley,Wade,530.0,CLE,2022-23
Okoro,Osman,520.0,CLE,2022-23
LeVert,Stevens,514.0,CLE,2022-23
Allen,Stevens,485.0,CLE,2022-23
Mitchell,Wade,475.0,CLE,2022-23
Love,Osman,444.0,CLE,2022-23
LeVert,Wade,430.0,CLE,2022-23
Love,Mitchell,407.0,CLE,2022-23
Garland,Wade,387.0,CLE,2022-23
Love,Mobley,384.0,CLE,2022-23
Osman,Wade,374.0,CLE,2022-23
LeVert,Rubio,373.0,CLE,2022-23
Allen,Wade,367.0,CLE,2022-23
Garland,Love,359.0,CLE,2022-23
Mobley,Rubio,339.0,CLE,2022-23
Osman,Stevens,329.0,CLE,2022-23
Allen,Love,321.0,CLE,2022-23
Neto,Osman,289.0,CLE,2022-23
Osman,Rubio,288.0,CLE,2022-23
LeVert,Neto,276.0,CLE,2022-23
Love,Okoro,270.0,CLE,2022-23
Mobley,Neto,258.0,CLE,2022-23
Okoro,Wade,249.0,CLE,2022-23
Allen,Rubio,226.0,CLE,2022-23
Garland,Rubio,221.0,CLE,2022-23
Okoro,Stevens,212.0,CLE,2022-23
Rubio,Wade,204.0,CLE,2022-23
Lopez,Osman,198.0,CLE,2022-23
Love,Stevens,190.0,CLE,2022-23
Rubio,Stevens,185.0,CLE,2022-23
Mitchell,Rubio,178.0,CLE,2022-23
Neto,Stevens,162.0,CLE,2022-23
Neto,Okoro,152.0,CLE,2022-23
Neto,Wade,142.0,CLE,2022-23
Love,Neto,140.0,CLE,2022-23
Allen,Neto,125.0,CLE,2022-23
LeVert,Lopez,125.0,CLE,2022-23
Lopez,Neto,116.0,CLE,2022-23
Lopez,Okoro,114.0,CLE,2022-23
Lopez,Wade,113.0,CLE,2022-23
Love,Wade,112.0,CLE,2022-23
Okoro,Rubio,104.0,CLE,2022-23
Stevens,Wade,102.0,CLE,2022-23
Lopez,Stevens,98.0,CLE,2022-23
Diakite,Mobley,92.0,CLE,2022-23
Lopez,Mitchell,90.0,CLE,2022-23
Garland,Lopez,88.0,CLE,2022-23
Diakite,Neto,85.0,CLE,2022-23
Garland,Neto,80.0,CLE,2022-23
Mitchell,Neto,77.0,CLE,2022-23
Lopez,Mobley,76.0,CLE,2022-23
Diakite,Garland,69.0,CLE,2022-23
Diakite,Stevens,66.0,CLE,2022-23
Lopez,Love,66.0,CLE,2022-23
Green,Neto,63.0,CLE,2022-23
Diakite,Osman,63.0,CLE,2022-23
Diakite,Mitchell,59.0,CLE,2022-23
Green,Mobley,52.0,CLE,2022-23
Green,Stevens,49.0,CLE,2022-23
Love,Rubio,47.0,CLE,2022-23
Diakite,Wade,46.0,CLE,2022-23
Lopez,Rubio,41.0,CLE,2022-23
Merrill,Mobley,41.0,CLE,2022-23
Diakite,LeVert,41.0,CLE,2022-23
Merrill,Neto,40.0,CLE,2022-23
Green,Wade,36.0,CLE,2022-23
Diakite,Okoro,36.0,CLE,2022-23
Diakite,Merrill,33.0,CLE,2022-23
Green,Merrill,28.0,CLE,2022-23
Merrill,Stevens,28.0,CLE,2022-23
Green,Lopez,26.0,CLE,2022-23
Diakite,Lopez,25.0,CLE,2022-23
Diakite,Green,25.0,CLE,2022-23
Diakite,Rubio,24.0,CLE,2022-23
Green,Rubio,20.0,CLE,2022-23
Green,Osman,19.0,CLE,2022-23
Merrill,Wade,17.0,CLE,2022-23
Allen,Green,17.0,CLE,2022-23
Green,Mitchell,14.0,CLE,2022-23
Merrill,Rubio,13.0,CLE,2022-23
Lopez,Merrill,12.0,CLE,2022-23
Garland,Green,12.0,CLE,2022-23
Neto,Windler,8.0,CLE,2022-23
Green,Windler,8.0,CLE,2022-23
Green,LeVert,7.0,CLE,2022-23
Neto,Rubio,7.0,CLE,2022-23
Diakite,Love,7.0,CLE,2022-23
Mobley,Windler,6.0,CLE,2022-23
Merrill,Windler,6.0,CLE,2022-23
Diakite,Windler,6.0,CLE,2022-23
Merrill,Osman,6.0,CLE,2022-23
Wade,Windler,4.0,CLE,2022-23
Allen,Diakite,3.0,CLE,2022-23
Rubio,Windler,2.0,CLE,2022-23
Wade,Wade,2.0,CLE,2022-23
Green,Okoro,0.0,CLE,2022-23
Allen,Lopez,0.0,CLE,2022-23
Bullock,Doncic,1434.0,DAL,2022-23
Doncic,Hardaway Jr.,1376.0,DAL,2022-23
Bullock,Dinwiddie,1112.0,DAL,2022-23
Dinwiddie,Doncic,1098.0,DAL,2022-23
Bullock,Hardaway Jr.,1055.0,DAL,2022-23
Dinwiddie,Hardaway Jr.,989.0,DAL,2022-23
Hardaway Jr.,Wood,985.0,DAL,2022-23
Doncic,Powell,981.0,DAL,2022-23
Doncic,Finney-Smith,951.0,DAL,2022-23
Doncic,Wood,936.0,DAL,2022-23
Dinwiddie,Finney-Smith,904.0,DAL,2022-23
Bullock,Wood,903.0,DAL,2022-23
Bullock,Powell,895.0,DAL,2022-23
Dinwiddie,Wood,804.0,DAL,2022-23
Bullock,Green,797.0,DAL,2022-23
Hardaway Jr.,Powell,792.0,DAL,2022-23
Green,Hardaway Jr.,737.0,DAL,2022-23
Bullock,Finney-Smith,734.0,DAL,2022-23
Dinwiddie,Powell,729.0,DAL,2022-23
Doncic,Green,721.0,DAL,2022-23
Finney-Smith,Hardaway Jr.,656.0,DAL,2022-23
Green,Wood,656.0,DAL,2022-23
Doncic,Kleber,555.0,DAL,2022-23
Finney-Smith,Powell,534.0,DAL,2022-23
Green,Powell,520.0,DAL,2022-23
Green,Kleber,513.0,DAL,2022-23
Bullock,Irving,490.0,DAL,2022-23
Hardaway Jr.,Kleber,483.0,DAL,2022-23
Bullock,Kleber,479.0,DAL,2022-23
Kleber,Wood,473.0,DAL,2022-23
Doncic,Irving,440.0,DAL,2022-23
Dinwiddie,Green,424.0,DAL,2022-23
Hardaway Jr.,Irving,422.0,DAL,2022-23
Green,Irving,422.0,DAL,2022-23
Finney-Smith,Wood,400.0,DAL,2022-23
Finney-Smith,Green,348.0,DAL,2022-23
Irving,Powell,328.0,DAL,2022-23
Bullock,Hardy,298.0,DAL,2022-23
Hardy,Wood,292.0,DAL,2022-23
Green,Hardy,277.0,DAL,2022-23
Irving,Wood,274.0,DAL,2022-23
Dinwiddie,Kleber,273.0,DAL,2022-23
Ntilikina,Wood,263.0,DAL,2022-23
Bullock,Ntilikina,253.0,DAL,2022-23
Finney-Smith,Kleber,237.0,DAL,2022-23
Bertans,Dinwiddie,235.0,DAL,2022-23
Hardaway Jr.,Hardy,220.0,DAL,2022-23
Bertans,Bullock,218.0,DAL,2022-23
Doncic,Ntilikina,198.0,DAL,2022-23
Hardaway Jr.,Ntilikina,194.0,DAL,2022-23
Hardy,Pinson,190.0,DAL,2022-23
Doncic,McGee,186.0,DAL,2022-23
Irving,Kleber,185.0,DAL,2022-23
Dinwiddie,Ntilikina,181.0,DAL,2022-23
Hardy,Ntilikina,179.0,DAL,2022-23
Bullock,McGee,179.0,DAL,2022-23
Powell,Wood,165.0,DAL,2022-23
Hardy,Powell,155.0,DAL,2022-23
Bertans,Ntilikina,154.0,DAL,2022-23
Bertans,Hardy,153.0,DAL,2022-23
Doncic,Hardy,152.0,DAL,2022-23
Bertans,Wood,148.0,DAL,2022-23
Ntilikina,Pinson,148.0,DAL,2022-23
Bullock,Wright IV,136.0,DAL,2022-23
Green,McGee,135.0,DAL,2022-23
Dinwiddie,McGee,135.0,DAL,2022-23
Bertans,Powell,134.0,DAL,2022-23
Hardy,Wright IV,130.0,DAL,2022-23
Hardy,Kleber,128.0,DAL,2022-23
Bertans,Green,127.0,DAL,2022-23
Ntilikina,Powell,126.0,DAL,2022-23
Bertans,Doncic,124.0,DAL,2022-23
Doncic,Holiday,119.0,DAL,2022-23
Bertans,Hardaway Jr.,119.0,DAL,2022-23
Pinson,Wright IV,117.0,DAL,2022-23
Holiday,Irving,115.0,DAL,2022-23
Hardy,Irving,113.0,DAL,2022-23
Holiday,Wood,112.0,DAL,2022-23
Hardaway Jr.,McGee,110.0,DAL,2022-23
Dinwiddie,Hardy,106.0,DAL,2022-23
Finney-Smith,McGee,106.0,DAL,2022-23
Hardaway Jr.,Holiday,105.0,DAL,2022-23
Hardy,McGee,104.0,DAL,2022-23
Wood,Wright IV,104.0,DAL,2022-23
Hardaway Jr.,Wright IV,101.0,DAL,2022-23
Ntilikina,Wright IV,100.0,DAL,2022-23
Bullock,Holiday,95.0,DAL,2022-23
Green,Ntilikina,94.0,DAL,2022-23
Bertans,Pinson,94.0,DAL,2022-23
Bertans,Wright IV,93.0,DAL,2022-23
Bullock,Pinson,92.0,DAL,2022-23
Pinson,Wood,88.0,DAL,2022-23
Kleber,Powell,88.0,DAL,2022-23
Powell,Wright IV,87.0,DAL,2022-23
Bullock,Walker,86.0,DAL,2022-23
Holiday,Kleber,78.0,DAL,2022-23
Lawson,Wright IV,76.0,DAL,2022-23
Irving,Ntilikina,74.0,DAL,2022-23
Lawson,Pinson,72.0,DAL,2022-23
Holiday,Wright IV,72.0,DAL,2022-23
McGee,Ntilikina,70.0,DAL,2022-23
Holiday,Powell,70.0,DAL,2022-23
Green,Pinson,70.0,DAL,2022-23
Ntilikina,Walker,69.0,DAL,2022-23
Walker,Wood,69.0,DAL,2022-23
Holiday,Ntilikina,69.0,DAL,2022-23
Irving,McGee,67.0,DAL,2022-23
Bertans,McGee,63.0,DAL,2022-23
Green,Wright IV,62.0,DAL,2022-23
Hardaway Jr.,Walker,61.0,DAL,2022-23
Green,Holiday,60.0,DAL,2022-23
Hardy,Holiday,57.0,DAL,2022-23
McGee,Pinson,55.0,DAL,2022-23
Bertans,Finney-Smith,54.0,DAL,2022-23
Doncic,Pinson,52.0,DAL,2022-23
Holiday,Pinson,51.0,DAL,2022-23
Dinwiddie,Wright IV,51.0,DAL,2022-23
Lawson,Ntilikina,51.0,DAL,2022-23
Finney-Smith,Walker,50.0,DAL,2022-23
Hardy,Lawson,50.0,DAL,2022-23
Finney-Smith,Ntilikina,50.0,DAL,2022-23
McGee,Wood,46.0,DAL,2022-23
Doncic,Wright IV,45.0,DAL,2022-23
Kleber,Wright IV,45.0,DAL,2022-23
Dinwiddie,Walker,42.0,DAL,2022-23
Morris,Ntilikina,41.0,DAL,2022-23
Holiday,Lawson,39.0,DAL,2022-23
Dinwiddie,Pinson,36.0,DAL,2022-23
Irving,Pinson,35.0,DAL,2022-23
Bertans,Holiday,35.0,DAL,2022-23
Bullock,Lawson,33.0,DAL,2022-23
McGee,Walker,32.0,DAL,2022-23
Pinson,Powell,32.0,DAL,2022-23
Finney-Smith,Hardy,32.0,DAL,2022-23
Bertans,Walker,32.0,DAL,2022-23
Morris,Pinson,32.0,DAL,2022-23
Campazzo,Wood,31.0,DAL,2022-23
Powell,Walker,31.0,DAL,2022-23
Doncic,Walker,31.0,DAL,2022-23
Bertans,Irving,29.0,DAL,2022-23
Bertans,Kleber,29.0,DAL,2022-23
Holiday,Morris,29.0,DAL,2022-23
Campazzo,Finney-Smith,26.0,DAL,2022-23
Green,Lawson,26.0,DAL,2022-23
Hardy,Walker,26.0,DAL,2022-23
Kleber,McGee,25.0,DAL,2022-23
Bertans,Morris,25.0,DAL,2022-23
McGee,Wright IV,25.0,DAL,2022-23
Hardaway Jr.,Pinson,24.0,DAL,2022-23
Hardy,Morris,24.0,DAL,2022-23
Kleber,Ntilikina,23.0,DAL,2022-23
Campazzo,Green,22.0,DAL,2022-23
Hardaway Jr.,Morris,22.0,DAL,2022-23
Campazzo,Hardaway Jr.,18.0,DAL,2022-23
Bullock,Morris,18.0,DAL,2022-23
Bullock,Campazzo,17.0,DAL,2022-23
Morris,Wright IV,16.0,DAL,2022-23
Irving,Morris,16.0,DAL,2022-23
Pinson,Walker,16.0,DAL,2022-23
Green,Morris,15.0,DAL,2022-23
Campazzo,Dinwiddie,15.0,DAL,2022-23
Campazzo,Ntilikina,15.0,DAL,2022-23
Bertans,Lawson,14.0,DAL,2022-23
Doncic,Morris,13.0,DAL,2022-23
Lawson,Wood,13.0,DAL,2022-23
Morris,Wood,12.0,DAL,2022-23
Lawson,McGee,12.0,DAL,2022-23
Lawson,Morris,11.0,DAL,2022-23
Lawson,Powell,11.0,DAL,2022-23
Holiday,McGee,10.0,DAL,2022-23
Campazzo,Powell,10.0,DAL,2022-23
Campazzo,Doncic,10.0,DAL,2022-23
Doncic,Lawson,10.0,DAL,2022-23
Campazzo,Kleber,10.0,DAL,2022-23
Finney-Smith,Pinson,8.0,DAL,2022-23
Bertans,Campazzo,8.0,DAL,2022-23
Dorsey,Pinson,8.0,DAL,2022-23
Dorsey,Hardy,8.0,DAL,2022-23
Dorsey,Wright IV,8.0,DAL,2022-23
Campazzo,Pinson,8.0,DAL,2022-23
Finney-Smith,Wright IV,7.0,DAL,2022-23
Campazzo,McGee,6.0,DAL,2022-23
Hardaway Jr.,Lawson,5.0,DAL,2022-23
Dorsey,Powell,4.0,DAL,2022-23
Bertans,Dorsey,4.0,DAL,2022-23
Finney-Smith,Lawson,3.0,DAL,2022-23
Walker,Wright IV,3.0,DAL,2022-23
Irving,Wright IV,2.0,DAL,2022-23
Green,Silva,2.0,DAL,2022-23
Hardaway Jr.,Silva,2.0,DAL,2022-23
Hardy,Silva,2.0,DAL,2022-23
Silva,Wood,2.0,DAL,2022-23
McGee,Morris,2.0,DAL,2022-23
Dinwiddie,Lawson,2.0,DAL,2022-23
Caldwell-Pope,Jokic,1900.0,DEN,2022-23
Caldwell-Pope,Gordon,1690.0,DEN,2022-23
Gordon,Jokic,1684.0,DEN,2022-23
Jokic,Murray,1518.0,DEN,2022-23
Gordon,Murray,1452.0,DEN,2022-23
Caldwell-Pope,Murray,1436.0,DEN,2022-23
Jokic,Porter Jr.,1390.0,DEN,2022-23
Caldwell-Pope,Porter Jr.,1384.0,DEN,2022-23
Brown,Jokic,1229.0,DEN,2022-23
Gordon,Porter Jr.,1227.0,DEN,2022-23
Brown,Caldwell-Pope,1159.0,DEN,2022-23
Murray,Porter Jr.,1091.0,DEN,2022-23
Brown,Gordon,1048.0,DEN,2022-23
Brown,Murray,967.0,DEN,2022-23
Brown,Green,732.0,DEN,2022-23
Braun,Brown,702.0,DEN,2022-23
Brown,Porter Jr.,685.0,DEN,2022-23
Braun,Green,597.0,DEN,2022-23
Brown,Cancar,528.0,DEN,2022-23
Brown,Hyland,485.0,DEN,2022-23
Brown,Nnaji,471.0,DEN,2022-23
Green,Murray,453.0,DEN,2022-23
Brown,Jordan,388.0,DEN,2022-23
Caldwell-Pope,Green,373.0,DEN,2022-23
Green,Hyland,369.0,DEN,2022-23
Braun,Jokic,355.0,DEN,2022-23
Cancar,Jokic,344.0,DEN,2022-23
Braun,Cancar,341.0,DEN,2022-23
Braun,Nnaji,326.0,DEN,2022-23
Caldwell-Pope,Cancar,321.0,DEN,2022-23
Braun,Murray,311.0,DEN,2022-23
Cancar,Nnaji,303.0,DEN,2022-23
Braun,Hyland,302.0,DEN,2022-23
Braun,Caldwell-Pope,302.0,DEN,2022-23
Hyland,Murray,300.0,DEN,2022-23
Cancar,Murray,299.0,DEN,2022-23
Green,Porter Jr.,296.0,DEN,2022-23
Murray,Nnaji,292.0,DEN,2022-23
Braun,Jordan,287.0,DEN,2022-23
Green,Jokic,286.0,DEN,2022-23
Braun,Gordon,286.0,DEN,2022-23
Hyland,Jokic,279.0,DEN,2022-23
Cancar,Hyland,273.0,DEN,2022-23
Green,Jordan,272.0,DEN,2022-23
Caldwell-Pope,Hyland,272.0,DEN,2022-23
Hyland,Nnaji,264.0,DEN,2022-23
Hyland,Jordan,259.0,DEN,2022-23
Cancar,Porter Jr.,247.0,DEN,2022-23
Caldwell-Pope,Nnaji,233.0,DEN,2022-23
Brown,Jackson,233.0,DEN,2022-23
Jordan,Porter Jr.,216.0,DEN,2022-23
Green,Nnaji,211.0,DEN,2022-23
Braun,Porter Jr.,209.0,DEN,2022-23
Braun,Smith,202.0,DEN,2022-23
Cancar,Smith,189.0,DEN,2022-23
Hyland,Porter Jr.,181.0,DEN,2022-23
Jordan,Murray,172.0,DEN,2022-23
Nnaji,Smith,161.0,DEN,2022-23
Gordon,Hyland,160.0,DEN,2022-23
Caldwell-Pope,Jordan,157.0,DEN,2022-23
Green,Jackson,152.0,DEN,2022-23
Cancar,Reed,152.0,DEN,2022-23
Gordon,Green,151.0,DEN,2022-23
Reed,Smith,147.0,DEN,2022-23
Green,Smith,145.0,DEN,2022-23
Braun,Watson,128.0,DEN,2022-23
Nnaji,Porter Jr.,128.0,DEN,2022-23
Cancar,Jordan,128.0,DEN,2022-23
Braun,Jackson,127.0,DEN,2022-23
Nnaji,Reed,126.0,DEN,2022-23
Brown,Bryant,125.0,DEN,2022-23
Brown,Reed,124.0,DEN,2022-23
Braun,Reed,123.0,DEN,2022-23
Bryant,Green,121.0,DEN,2022-23
Brown,Smith,121.0,DEN,2022-23
Bryant,Jackson,119.0,DEN,2022-23
Braun,Bryant,112.0,DEN,2022-23
Cancar,Green,108.0,DEN,2022-23
Jordan,Smith,107.0,DEN,2022-23
Hyland,Reed,104.0,DEN,2022-23
Gordon,Nnaji,101.0,DEN,2022-23
Brown,Watson,98.0,DEN,2022-23
Jordan,Reed,96.0,DEN,2022-23
Cancar,Gordon,96.0,DEN,2022-23
Cancar,Watson,95.0,DEN,2022-23
Jackson,Murray,93.0,DEN,2022-23
Green,Reed,90.0,DEN,2022-23
Gordon,Jordan,89.0,DEN,2022-23
Caldwell-Pope,Smith,82.0,DEN,2022-23
Jokic,Nnaji,80.0,DEN,2022-23
Caldwell-Pope,Jackson,80.0,DEN,2022-23
Gordon,Jackson,78.0,DEN,2022-23
Jackson,Jokic,77.0,DEN,2022-23
Jokic,Reed,75.0,DEN,2022-23
Cancar,Jackson,73.0,DEN,2022-23
Bryant,Caldwell-Pope,71.0,DEN,2022-23
Smith,Watson,71.0,DEN,2022-23
Jokic,Smith,68.0,DEN,2022-23
Bryant,Smith,67.0,DEN,2022-23
Bryant,Murray,67.0,DEN,2022-23
Jackson,Watson,62.0,DEN,2022-23
Nnaji,Watson,61.0,DEN,2022-23
Caldwell-Pope,Reed,61.0,DEN,2022-23
Jordan,Nnaji,59.0,DEN,2022-23
Porter Jr.,Smith,57.0,DEN,2022-23
Jackson,Jordan,57.0,DEN,2022-23
Jordan,Watson,56.0,DEN,2022-23
Gordon,Smith,54.0,DEN,2022-23
Gordon,Reed,50.0,DEN,2022-23
Smith,White,50.0,DEN,2022-23
Jackson,Nnaji,49.0,DEN,2022-23
Murray,Reed,43.0,DEN,2022-23
Nnaji,White,42.0,DEN,2022-23
Bryant,Cancar,41.0,DEN,2022-23
Braun,White,38.0,DEN,2022-23
Gordon,Watson,37.0,DEN,2022-23
Jackson,Smith,35.0,DEN,2022-23
Hyland,Smith,32.0,DEN,2022-23
Cancar,White,30.0,DEN,2022-23
Reed,White,27.0,DEN,2022-23
Bryant,White,24.0,DEN,2022-23
Reed,Watson,24.0,DEN,2022-23
Watson,White,23.0,DEN,2022-23
Porter Jr.,Reed,22.0,DEN,2022-23
Jackson,Porter Jr.,22.0,DEN,2022-23
Murray,Watson,22.0,DEN,2022-23
Bryant,Nnaji,21.0,DEN,2022-23
Bryant,Watson,20.0,DEN,2022-23
Murray,Smith,20.0,DEN,2022-23
Jackson,White,19.0,DEN,2022-23
Green,Watson,16.0,DEN,2022-23
Bryant,Porter Jr.,16.0,DEN,2022-23
Porter Jr.,Watson,13.0,DEN,2022-23
Bryant,Gordon,12.0,DEN,2022-23
Brown,White,9.0,DEN,2022-23
Caldwell-Pope,Watson,7.0,DEN,2022-23
Jokic,Watson,3.0,DEN,2022-23
Jordan,White,1.0,DEN,2022-23
Gordon,White,1.0,DEN,2022-23
Bryant,Jokic,0.0,DEN,2022-23
Bogdanovic,Ivey,1383.0,DET,2022-23
Hayes,Ivey,1168.0,DET,2022-23
Bogdanovic,Stewart,1116.0,DET,2022-23
Bogdanovic,Hayes,1051.0,DET,2022-23
Ivey,Stewart,1012.0,DET,2022-23
Duren,Ivey,974.0,DET,2022-23
Duren,Hayes,923.0,DET,2022-23
Bey,Bogdanovic,895.0,DET,2022-23
Bey,Ivey,877.0,DET,2022-23
Bogdanovic,Duren,821.0,DET,2022-23
Hayes,Stewart,811.0,DET,2022-23
Hayes,Livers,705.0,DET,2022-23
Bey,Stewart,675.0,DET,2022-23
Bey,Hayes,624.0,DET,2022-23
Ivey,Livers,604.0,DET,2022-23
Bagley III,Hayes,559.0,DET,2022-23
Bagley III,Ivey,552.0,DET,2022-23
Bey,Duren,545.0,DET,2022-23
Duren,Joseph,531.0,DET,2022-23
Bey,Burks,495.0,DET,2022-23
Bogdanovic,Burks,491.0,DET,2022-23
Burks,Duren,476.0,DET,2022-23
Duren,Stewart,463.0,DET,2022-23
Burks,Diallo,459.0,DET,2022-23
Diallo,Hayes,436.0,DET,2022-23
Duren,Livers,415.0,DET,2022-23
Burks,Joseph,403.0,DET,2022-23
Burks,Ivey,402.0,DET,2022-23
Hayes,Wiseman,400.0,DET,2022-23
Diallo,Livers,398.0,DET,2022-23
Diallo,Duren,394.0,DET,2022-23
Ivey,Wiseman,387.0,DET,2022-23
Bagley III,Livers,372.0,DET,2022-23
Diallo,Joseph,364.0,DET,2022-23
Bagley III,Joseph,359.0,DET,2022-23
Hayes,Joseph,358.0,DET,2022-23
Bagley III,Bogdanovic,347.0,DET,2022-23
Bogdanovic,Cunningham,341.0,DET,2022-23
Burks,Knox II,335.0,DET,2022-23
Diallo,Ivey,327.0,DET,2022-23
Bey,Cunningham,323.0,DET,2022-23
Burks,Hayes,323.0,DET,2022-23
Bogdanovic,Livers,316.0,DET,2022-23
Ivey,Joseph,312.0,DET,2022-23
Joseph,Knox II,309.0,DET,2022-23
Burks,Stewart,303.0,DET,2022-23
Cunningham,Stewart,298.0,DET,2022-23
Joseph,Livers,295.0,DET,2022-23
Bey,Knox II,293.0,DET,2022-23
Bey,Joseph,284.0,DET,2022-23
Bogdanovic,Diallo,283.0,DET,2022-23
Hampton,Joseph,283.0,DET,2022-23
Cunningham,Ivey,282.0,DET,2022-23
Livers,Wiseman,278.0,DET,2022-23
Bey,Diallo,274.0,DET,2022-23
Bey,Livers,272.0,DET,2022-23
Bagley III,Burks,267.0,DET,2022-23
Hayes,McGruder,260.0,DET,2022-23
Burks,Livers,258.0,DET,2022-23
Duren,Knox II,256.0,DET,2022-23
Joseph,Wiseman,255.0,DET,2022-23
Livers,Stewart,242.0,DET,2022-23
Joseph,McGruder,237.0,DET,2022-23
Diallo,Stewart,237.0,DET,2022-23
Bagley III,Bey,231.0,DET,2022-23
Joseph,Omoruyi,224.0,DET,2022-23
McGruder,Wiseman,217.0,DET,2022-23
Bagley III,McGruder,214.0,DET,2022-23
Diallo,Knox II,212.0,DET,2022-23
Hayes,Omoruyi,203.0,DET,2022-23
Hayes,Knox II,202.0,DET,2022-23
Ivey,McGruder,202.0,DET,2022-23
Bogdanovic,Joseph,188.0,DET,2022-23
Hampton,Omoruyi,187.0,DET,2022-23
Bagley III,Wiseman,185.0,DET,2022-23
Hampton,Hayes,184.0,DET,2022-23
Duren,Hampton,179.0,DET,2022-23
Ivey,Omoruyi,175.0,DET,2022-23
Duren,Omoruyi,168.0,DET,2022-23
Bagley III,Diallo,161.0,DET,2022-23
Ivey,Knox II,155.0,DET,2022-23
Bagley III,Stewart,154.0,DET,2022-23
Omoruyi,Wiseman,154.0,DET,2022-23
Joseph,Rhoden,148.0,DET,2022-23
Bagley III,Knox II,142.0,DET,2022-23
Joseph,Stewart,142.0,DET,2022-23
Livers,McGruder,138.0,DET,2022-23
Hampton,Ivey,131.0,DET,2022-23
Bagley III,Hampton,124.0,DET,2022-23
Hampton,Wiseman,124.0,DET,2022-23
Duren,McGruder,112.0,DET,2022-23
Knox II,Livers,108.0,DET,2022-23
Bagley III,Duren,107.0,DET,2022-23
Livers,Omoruyi,106.0,DET,2022-23
Hayes,Noel,104.0,DET,2022-23
McGruder,Omoruyi,101.0,DET,2022-23
Bogdanovic,Knox II,96.0,DET,2022-23
Diallo,McGruder,95.0,DET,2022-23
Burks,McGruder,92.0,DET,2022-23
Hampton,Rhoden,91.0,DET,2022-23
Ivey,Noel,87.0,DET,2022-23
Ivey,Rhoden,84.0,DET,2022-23
Hayes,Rhoden,80.0,DET,2022-23
Bagley III,Omoruyi,80.0,DET,2022-23
Knox II,Stewart,79.0,DET,2022-23
Cunningham,Hayes,78.0,DET,2022-23
Diallo,Wiseman,78.0,DET,2022-23
Boeheim,Joseph,77.0,DET,2022-23
Bey,Noel,76.0,DET,2022-23
Cunningham,Duren,75.0,DET,2022-23
Duren,Rhoden,75.0,DET,2022-23
Burks,Wiseman,74.0,DET,2022-23
Bogdanovic,Noel,72.0,DET,2022-23
Bey,McGruder,71.0,DET,2022-23
Hampton,Livers,68.0,DET,2022-23
Knox II,McGruder,65.0,DET,2022-23
Hampton,McGruder,64.0,DET,2022-23
Cunningham,Livers,63.0,DET,2022-23
Bogdanovic,McGruder,62.0,DET,2022-23
Rhoden,Wiseman,62.0,DET,2022-23
Duren,Wiseman,59.0,DET,2022-23
Diallo,Noel,57.0,DET,2022-23
Omoruyi,Rhoden,56.0,DET,2022-23
Diallo,Hampton,55.0,DET,2022-23
Bagley III,Rhoden,55.0,DET,2022-23
Bogdanovic,Wiseman,54.0,DET,2022-23
Cunningham,Diallo,54.0,DET,2022-23
Knox II,Noel,50.0,DET,2022-23
Boeheim,Duren,49.0,DET,2022-23
McGruder,Stewart,47.0,DET,2022-23
Livers,Noel,46.0,DET,2022-23
Burks,Noel,37.0,DET,2022-23
Boeheim,Hayes,37.0,DET,2022-23
Boeheim,Rhoden,37.0,DET,2022-23
Boeheim,Hampton,31.0,DET,2022-23
McGruder,Rhoden,26.0,DET,2022-23
Stewart,Wiseman,25.0,DET,2022-23
Cunningham,Joseph,25.0,DET,2022-23
Boeheim,McGruder,24.0,DET,2022-23
Cunningham,Noel,23.0,DET,2022-23
Joseph,Noel,23.0,DET,2022-23
Boeheim,Omoruyi,23.0,DET,2022-23
Boeheim,Ivey,22.0,DET,2022-23
Diallo,Rhoden,19.0,DET,2022-23
Burks,Hampton,19.0,DET,2022-23
Boeheim,Wiseman,19.0,DET,2022-23
McGruder,Noel,18.0,DET,2022-23
Livers,Rhoden,13.0,DET,2022-23
Cunningham,Knox II,12.0,DET,2022-23
Boeheim,Livers,10.0,DET,2022-23
Bagley III,Boeheim,9.0,DET,2022-23
Bey,Rhoden,8.0,DET,2022-23
Diallo,Omoruyi,7.0,DET,2022-23
Knox II,Rhoden,6.0,DET,2022-23
Key,McGruder,6.0,DET,2022-23
Diallo,Key,5.0,DET,2022-23
Hayes,Key,5.0,DET,2022-23
Key,Knox II,4.0,DET,2022-23
Duren,Noel,3.0,DET,2022-23
Duren,Key,3.0,DET,2022-23
Bagley III,Key,2.0,DET,2022-23
Burks,Key,2.0,DET,2022-23
Joseph,Key,2.0,DET,2022-23
Hayes,Umude,1.0,DET,2022-23
Joseph,Umude,1.0,DET,2022-23
Livers,Umude,1.0,DET,2022-23
Umude,Wiseman,1.0,DET,2022-23
Bey,Key,1.0,DET,2022-23
Cunningham,Key,1.0,DET,2022-23
Cunningham,McGruder,1.0,DET,2022-23
Boeheim,Diallo,1.0,DET,2022-23
Boeheim,Key,1.0,DET,2022-23
Green,Poole,1984.0,GSW,2022-23
Green,Thompson,1858.0,GSW,2022-23
Curry,Green,1725.0,GSW,2022-23
DiVincenzo,Green,1390.0,GSW,2022-23
Looney,Thompson,1333.0,GSW,2022-23
Curry,Thompson,1300.0,GSW,2022-23
Poole,Thompson,1206.0,GSW,2022-23
Green,Looney,1194.0,GSW,2022-23
DiVincenzo,Poole,1186.0,GSW,2022-23
Green,Wiggins,1069.0,GSW,2022-23
Curry,Looney,1064.0,GSW,2022-23
Looney,Poole,1061.0,GSW,2022-23
DiVincenzo,Thompson,1021.0,GSW,2022-23
DiVincenzo,Looney,946.0,GSW,2022-23
Kuminga,Poole,874.0,GSW,2022-23
Curry,Poole,868.0,GSW,2022-23
Curry,Wiggins,831.0,GSW,2022-23
Lamb,Poole,771.0,GSW,2022-23
Green,Kuminga,767.0,GSW,2022-23
DiVincenzo,Kuminga,756.0,GSW,2022-23
Thompson,Wiggins,739.0,GSW,2022-23
Curry,DiVincenzo,676.0,GSW,2022-23
Green,Lamb,669.0,GSW,2022-23
Looney,Wiggins,666.0,GSW,2022-23
Kuminga,Thompson,652.0,GSW,2022-23
Poole,Wiggins,649.0,GSW,2022-23
DiVincenzo,Lamb,570.0,GSW,2022-23
Green,Moody,492.0,GSW,2022-23
Kuminga,Lamb,482.0,GSW,2022-23
Green,Jerome,479.0,GSW,2022-23
Curry,Kuminga,461.0,GSW,2022-23
Moody,Poole,449.0,GSW,2022-23
Kuminga,Looney,443.0,GSW,2022-23
Lamb,Looney,405.0,GSW,2022-23
Lamb,Thompson,379.0,GSW,2022-23
Jerome,Poole,372.0,GSW,2022-23
Jerome,Kuminga,364.0,GSW,2022-23
Kuminga,Moody,346.0,GSW,2022-23
Jerome,Lamb,343.0,GSW,2022-23
Lamb,Moody,324.0,GSW,2022-23
Curry,Lamb,320.0,GSW,2022-23
Jerome,Looney,318.0,GSW,2022-23
DiVincenzo,Jerome,309.0,GSW,2022-23
Jerome,Moody,286.0,GSW,2022-23
Jerome,Thompson,282.0,GSW,2022-23
DiVincenzo,Wiggins,255.0,GSW,2022-23
Looney,Moody,251.0,GSW,2022-23
DiVincenzo,Moody,211.0,GSW,2022-23
Curry,Moody,201.0,GSW,2022-23
Green,Green,159.0,GSW,2022-23
Moody,Wiseman,156.0,GSW,2022-23
Moody,Thompson,150.0,GSW,2022-23
Lamb,Wiggins,145.0,GSW,2022-23
Poole,Wiseman,142.0,GSW,2022-23
Green,Wiseman,134.0,GSW,2022-23
Baldwin Jr.,Moody,131.0,GSW,2022-23
Jerome,Wiseman,128.0,GSW,2022-23
Baldwin Jr.,Jerome,128.0,GSW,2022-23
Kuminga,Wiggins,127.0,GSW,2022-23
Baldwin Jr.,Lamb,124.0,GSW,2022-23
Kuminga,Wiseman,117.0,GSW,2022-23
Moody,Wiggins,102.0,GSW,2022-23
Jerome,Wiggins,97.0,GSW,2022-23
Baldwin Jr.,Poole,91.0,GSW,2022-23
Baldwin Jr.,Kuminga,88.0,GSW,2022-23
Iguodala,Poole,84.0,GSW,2022-23
Baldwin Jr.,Green,84.0,GSW,2022-23
Green,Iguodala,81.0,GSW,2022-23
Lamb,Wiseman,79.0,GSW,2022-23
Curry,Payton II,76.0,GSW,2022-23
Baldwin Jr.,DiVincenzo,75.0,GSW,2022-23
Curry,Jerome,75.0,GSW,2022-23
Curry,Wiseman,68.0,GSW,2022-23
Curry,Iguodala,65.0,GSW,2022-23
Looney,Payton II,65.0,GSW,2022-23
Payton II,Poole,62.0,GSW,2022-23
Green,Payton II,61.0,GSW,2022-23
DiVincenzo,Wiseman,58.0,GSW,2022-23
DiVincenzo,Iguodala,54.0,GSW,2022-23
Thompson,Wiseman,54.0,GSW,2022-23
Payton II,Thompson,50.0,GSW,2022-23
Iguodala,Thompson,48.0,GSW,2022-23
Moody,Rollins,47.0,GSW,2022-23
Baldwin Jr.,Looney,46.0,GSW,2022-23
Wiggins,Wiseman,45.0,GSW,2022-23
Kuminga,Rollins,41.0,GSW,2022-23
Lamb,Rollins,39.0,GSW,2022-23
Lamb,Payton II,39.0,GSW,2022-23
DiVincenzo,Payton II,37.0,GSW,2022-23
Moody,Payton II,36.0,GSW,2022-23
Rollins,Wiseman,35.0,GSW,2022-23
Baldwin Jr.,Wiseman,32.0,GSW,2022-23
Baldwin Jr.,Rollins,32.0,GSW,2022-23
Iguodala,Lamb,25.0,GSW,2022-23
Kuminga,Payton II,24.0,GSW,2022-23
Iguodala,Jerome,24.0,GSW,2022-23
Iguodala,Looney,22.0,GSW,2022-23
Iguodala,Wiggins,21.0,GSW,2022-23
Jerome,Rollins,21.0,GSW,2022-23
Moody,Quinones,18.0,GSW,2022-23
Lamb,Quinones,18.0,GSW,2022-23
Baldwin Jr.,Thompson,16.0,GSW,2022-23
Baldwin Jr.,Quinones,15.0,GSW,2022-23
Kuminga,Quinones,12.0,GSW,2022-23
Iguodala,Moody,12.0,GSW,2022-23
Baldwin Jr.,Curry,10.0,GSW,2022-23
Poole,Rollins,7.0,GSW,2022-23
Green,Rollins,7.0,GSW,2022-23
Baldwin Jr.,Iguodala,6.0,GSW,2022-23
Baldwin Jr.,Payton II,5.0,GSW,2022-23
Baldwin Jr.,Wiggins,5.0,GSW,2022-23
Payton II,Quinones,5.0,GSW,2022-23
DiVincenzo,Rollins,4.0,GSW,2022-23
Poole,Quinones,2.0,GSW,2022-23
Jerome,Quinones,2.0,GSW,2022-23
Iguodala,Kuminga,2.0,GSW,2022-23
Looney,Rollins,2.0,GSW,2022-23
Rollins,Wiggins,1.0,GSW,2022-23
Green,Smith Jr.,1905.0,HOU,2022-23
Green,Sengun,1741.0,HOU,2022-23
Green,Porter Jr.,1703.0,HOU,2022-23
Sengun,Smith Jr.,1657.0,HOU,2022-23
Green,Martin Jr.,1595.0,HOU,2022-23
Porter Jr.,Smith Jr.,1524.0,HOU,2022-23
Martin Jr.,Smith Jr.,1276.0,HOU,2022-23
Martin Jr.,Sengun,1265.0,HOU,2022-23
Porter Jr.,Sengun,1218.0,HOU,2022-23
Martin Jr.,Porter Jr.,1078.0,HOU,2022-23
Eason,Martin Jr.,949.0,HOU,2022-23
Gordon,Smith Jr.,944.0,HOU,2022-23
Gordon,Sengun,912.0,HOU,2022-23
Gordon,Green,851.0,HOU,2022-23
Eason,Green,832.0,HOU,2022-23
Eason,Garuba,711.0,HOU,2022-23
Gordon,Porter Jr.,708.0,HOU,2022-23
Eason,Porter Jr.,643.0,HOU,2022-23
Gordon,Martin Jr.,607.0,HOU,2022-23
Garuba,Martin Jr.,605.0,HOU,2022-23
Eason,Nix,596.0,HOU,2022-23
Eason,Sengun,589.0,HOU,2022-23
Martin Jr.,Nix,584.0,HOU,2022-23
Christopher,Eason,522.0,HOU,2022-23
Eason,Smith Jr.,495.0,HOU,2022-23
Eason,Gordon,455.0,HOU,2022-23
Garuba,Green,446.0,HOU,2022-23
Green,Tate,407.0,HOU,2022-23
Garuba,Porter Jr.,394.0,HOU,2022-23
Nix,Smith Jr.,380.0,HOU,2022-23
Garuba,Nix,363.0,HOU,2022-23
Smith Jr.,Tate,363.0,HOU,2022-23
Christopher,Smith Jr.,359.0,HOU,2022-23
Sengun,Tate,346.0,HOU,2022-23
Martin Jr.,Tate,339.0,HOU,2022-23
Nix,Sengun,333.0,HOU,2022-23
Eason,Mathews,311.0,HOU,2022-23
Eason,Washington Jr.,304.0,HOU,2022-23
Eason,Tate,303.0,HOU,2022-23
Christopher,Martin Jr.,303.0,HOU,2022-23
Christopher,Garuba,292.0,HOU,2022-23
Gordon,Nix,289.0,HOU,2022-23
Garuba,Smith Jr.,283.0,HOU,2022-23
Green,Nix,270.0,HOU,2022-23
Christopher,Sengun,255.0,HOU,2022-23
Mathews,Sengun,252.0,HOU,2022-23
Gordon,Mathews,247.0,HOU,2022-23
Mathews,Smith Jr.,236.0,HOU,2022-23
Christopher,Nix,233.0,HOU,2022-23
Garuba,Gordon,221.0,HOU,2022-23
Martin Jr.,Washington Jr.,205.0,HOU,2022-23
Mathews,Porter Jr.,204.0,HOU,2022-23
Christopher,Green,196.0,HOU,2022-23
Mathews,Nix,195.0,HOU,2022-23
Fernando,Porter Jr.,189.0,HOU,2022-23
Green,Mathews,187.0,HOU,2022-23
Fernando,Smith Jr.,182.0,HOU,2022-23
Eason,Fernando,180.0,HOU,2022-23
Fernando,Green,178.0,HOU,2022-23
Smith Jr.,Washington Jr.,176.0,HOU,2022-23
Porter Jr.,Tate,173.0,HOU,2022-23
Christopher,Tate,169.0,HOU,2022-23
Garuba,Tate,166.0,HOU,2022-23
Fernando,Gordon,163.0,HOU,2022-23
Christopher,Porter Jr.,163.0,HOU,2022-23
Garuba,Washington Jr.,159.0,HOU,2022-23
Garuba,Mathews,156.0,HOU,2022-23
Martin Jr.,Mathews,154.0,HOU,2022-23
Fernando,Martin Jr.,142.0,HOU,2022-23
Christopher,Washington Jr.,138.0,HOU,2022-23
Sengun,Washington Jr.,136.0,HOU,2022-23
Fernando,Mathews,131.0,HOU,2022-23
Eason,Marjanovic,130.0,HOU,2022-23
Christopher,Marjanovic,126.0,HOU,2022-23
Mathews,Tate,118.0,HOU,2022-23
Christopher,Gordon,105.0,HOU,2022-23
Christopher,Mathews,105.0,HOU,2022-23
Gordon,Tate,103.0,HOU,2022-23
Tate,Washington Jr.,93.0,HOU,2022-23
Nix,Washington Jr.,93.0,HOU,2022-23
Green,Washington Jr.,91.0,HOU,2022-23
Mathews,Washington Jr.,91.0,HOU,2022-23
Christopher,Fernando,91.0,HOU,2022-23
Marjanovic,Nix,86.0,HOU,2022-23
Nix,Tate,82.0,HOU,2022-23
Gordon,Washington Jr.,64.0,HOU,2022-23
Fernando,Washington Jr.,64.0,HOU,2022-23
Fernando,Nix,62.0,HOU,2022-23
Fernando,Tate,61.0,HOU,2022-23
Marjanovic,Washington Jr.,60.0,HOU,2022-23
Nix,Porter Jr.,58.0,HOU,2022-23
Marjanovic,Martin Jr.,57.0,HOU,2022-23
Eason,Kaminsky,46.0,HOU,2022-23
Garuba,Marjanovic,40.0,HOU,2022-23
Christopher,Kaminsky,40.0,HOU,2022-23
Marjanovic,Smith Jr.,35.0,HOU,2022-23
Kaminsky,Washington Jr.,30.0,HOU,2022-23
Green,Marjanovic,29.0,HOU,2022-23
Marjanovic,Mathews,29.0,HOU,2022-23
Christopher,Hudgins,28.0,HOU,2022-23
Kaminsky,Nix,28.0,HOU,2022-23
Porter Jr.,Washington Jr.,27.0,HOU,2022-23
Kaminsky,Marjanovic,23.0,HOU,2022-23
Marjanovic,Porter Jr.,22.0,HOU,2022-23
Hudgins,Marjanovic,21.0,HOU,2022-23
Garuba,Hudgins,21.0,HOU,2022-23
Days,Hudgins,20.0,HOU,2022-23
Christopher,Days,19.0,HOU,2022-23
Garuba,Kaminsky,18.0,HOU,2022-23
Days,Kaminsky,15.0,HOU,2022-23
Days,Garuba,13.0,HOU,2022-23
Eason,Hudgins,13.0,HOU,2022-23
Days,Marjanovic,11.0,HOU,2022-23
Hudgins,Kaminsky,11.0,HOU,2022-23
Gordon,Marjanovic,11.0,HOU,2022-23
Kaminsky,Smith Jr.,11.0,HOU,2022-23
Days,Eason,9.0,HOU,2022-23
Kaminsky,Martin Jr.,9.0,HOU,2022-23
Fernando,Garuba,8.0,HOU,2022-23
Days,Washington Jr.,7.0,HOU,2022-23
Days,Smith Jr.,6.0,HOU,2022-23
Green,Kaminsky,5.0,HOU,2022-23
Marjanovic,Tate,5.0,HOU,2022-23
Hudgins,Nix,4.0,HOU,2022-23
Days,Martin Jr.,4.0,HOU,2022-23
Marjanovic,Sengun,3.0,HOU,2022-23
Hudgins,Washington Jr.,2.0,HOU,2022-23
Fernando,Sengun,1.0,HOU,2022-23
Kaminsky,Tate,0.0,HOU,2022-23
Fernando,Hudgins,0.0,HOU,2022-23
Kaminsky,Porter Jr.,0.0,HOU,2022-23
Hield,Turner,1509.0,IND,2022-23
Haliburton,Hield,1506.0,IND,2022-23
Hield,Nembhard,1339.0,IND,2022-23
Haliburton,Turner,1243.0,IND,2022-23
Nembhard,Turner,1153.0,IND,2022-23
Hield,Nesmith,1136.0,IND,2022-23
Nembhard,Nesmith,1088.0,IND,2022-23
Haliburton,Nembhard,1064.0,IND,2022-23
Hield,Mathurin,1062.0,IND,2022-23
Nesmith,Turner,1051.0,IND,2022-23
Mathurin,McConnell,1045.0,IND,2022-23
Mathurin,Nembhard,964.0,IND,2022-23
Haliburton,Nesmith,922.0,IND,2022-23
Haliburton,Mathurin,841.0,IND,2022-23
Mathurin,Turner,805.0,IND,2022-23
Mathurin,Nesmith,799.0,IND,2022-23
Hield,Smith,784.0,IND,2022-23
Brissett,Mathurin,714.0,IND,2022-23
Jackson,Mathurin,679.0,IND,2022-23
Hield,McConnell,679.0,IND,2022-23
Mathurin,Smith,653.0,IND,2022-23
Haliburton,Smith,651.0,IND,2022-23
Brissett,McConnell,625.0,IND,2022-23
Nembhard,Smith,545.0,IND,2022-23
McConnell,Nesmith,529.0,IND,2022-23
Duarte,McConnell,523.0,IND,2022-23
Duarte,Mathurin,519.0,IND,2022-23
Jackson,McConnell,508.0,IND,2022-23
McConnell,Turner,477.0,IND,2022-23
Hield,Jackson,465.0,IND,2022-23
McConnell,Smith,440.0,IND,2022-23
Jackson,Nembhard,433.0,IND,2022-23
Brissett,Hield,425.0,IND,2022-23
Jackson,Nesmith,417.0,IND,2022-23
Brissett,Nembhard,411.0,IND,2022-23
Nesmith,Smith,399.0,IND,2022-23
Duarte,Hield,391.0,IND,2022-23
Brissett,Jackson,364.0,IND,2022-23
McConnell,Nembhard,351.0,IND,2022-23
Smith,Turner,340.0,IND,2022-23
Nembhard,Nwora,330.0,IND,2022-23
Duarte,Smith,327.0,IND,2022-23
Haliburton,Jackson,324.0,IND,2022-23
Brissett,Smith,322.0,IND,2022-23
Mathurin,Nwora,296.0,IND,2022-23
Brissett,Turner,289.0,IND,2022-23
Brissett,Nesmith,284.0,IND,2022-23
Duarte,Jackson,283.0,IND,2022-23
Duarte,Nembhard,265.0,IND,2022-23
Haliburton,McConnell,248.0,IND,2022-23
Nwora,Smith,243.0,IND,2022-23
Brissett,Duarte,241.0,IND,2022-23
Nesmith,Nwora,239.0,IND,2022-23
McConnell,Nwora,235.0,IND,2022-23
Duarte,Turner,232.0,IND,2022-23
Hield,Nwora,221.0,IND,2022-23
Jackson,Nwora,210.0,IND,2022-23
Duarte,Haliburton,207.0,IND,2022-23
Brissett,Haliburton,193.0,IND,2022-23
Jackson,Smith,193.0,IND,2022-23
Duarte,Nesmith,177.0,IND,2022-23
Bitadze,Mathurin,130.0,IND,2022-23
Haliburton,Nwora,117.0,IND,2022-23
Bitadze,McConnell,116.0,IND,2022-23
Nwora,Turner,115.0,IND,2022-23
Mathurin,Taylor,113.0,IND,2022-23
Duarte,Taylor,111.0,IND,2022-23
Brissett,Nwora,104.0,IND,2022-23
Duarte,Nwora,101.0,IND,2022-23
McConnell,Taylor,94.0,IND,2022-23
Brissett,Hill,93.0,IND,2022-23
Bitadze,Duarte,88.0,IND,2022-23
Jackson,Taylor,86.0,IND,2022-23
Hield,Taylor,83.0,IND,2022-23
Mathurin,Theis,79.0,IND,2022-23
Bitadze,Nembhard,78.0,IND,2022-23
Hill,Nwora,77.0,IND,2022-23
Hield,Hill,72.0,IND,2022-23
Haliburton,Taylor,72.0,IND,2022-23
McConnell,Theis,71.0,IND,2022-23
Bitadze,Brissett,68.0,IND,2022-23
Bitadze,Taylor,67.0,IND,2022-23
Hill,Smith,67.0,IND,2022-23
Hield,Johnson,66.0,IND,2022-23
Nembhard,Taylor,65.0,IND,2022-23
Bitadze,Hield,65.0,IND,2022-23
Johnson,Mathurin,61.0,IND,2022-23
Hill,McConnell,60.0,IND,2022-23
Hield,Theis,59.0,IND,2022-23
Bitadze,Haliburton,58.0,IND,2022-23
Johnson,Nembhard,57.0,IND,2022-23
Haliburton,Theis,56.0,IND,2022-23
Brissett,Johnson,53.0,IND,2022-23
Hill,Johnson,51.0,IND,2022-23
Duarte,Johnson,51.0,IND,2022-23
Hill,Nembhard,49.0,IND,2022-23
Hill,Nesmith,47.0,IND,2022-23
Smith,Taylor,47.0,IND,2022-23
Brissett,Taylor,44.0,IND,2022-23
Nesmith,Theis,43.0,IND,2022-23
Bitadze,Nesmith,43.0,IND,2022-23
Jackson,Johnson,43.0,IND,2022-23
Hill,Mathurin,42.0,IND,2022-23
Hield,York,42.0,IND,2022-23
Queen,Taylor,42.0,IND,2022-23
Johnson,Smith,40.0,IND,2022-23
Duarte,Theis,38.0,IND,2022-23
Nembhard,Theis,38.0,IND,2022-23
Johnson,McConnell,36.0,IND,2022-23
Hill,Jackson,36.0,IND,2022-23
Bitadze,Johnson,35.0,IND,2022-23
Nesmith,Taylor,34.0,IND,2022-23
Johnson,Nwora,33.0,IND,2022-23
Jackson,Queen,33.0,IND,2022-23
Jackson,York,32.0,IND,2022-23
Brissett,York,31.0,IND,2022-23
Bitadze,Smith,31.0,IND,2022-23
Mathurin,Queen,30.0,IND,2022-23
Haliburton,Johnson,30.0,IND,2022-23
Brown,Jackson,30.0,IND,2022-23
Brissett,Brown,30.0,IND,2022-23
Hill,Turner,29.0,IND,2022-23
Hill,York,26.0,IND,2022-23
Mathurin,York,26.0,IND,2022-23
Johnson,Nesmith,26.0,IND,2022-23
Brissett,Queen,25.0,IND,2022-23
Duarte,Queen,25.0,IND,2022-23
Nembhard,Queen,24.0,IND,2022-23
Brissett,Theis,24.0,IND,2022-23
Brown,Nembhard,23.0,IND,2022-23
Johnson,Taylor,23.0,IND,2022-23
Nwora,Theis,22.0,IND,2022-23
Bitadze,Jackson,20.0,IND,2022-23
Hield,Queen,19.0,IND,2022-23
Johnson,York,18.0,IND,2022-23
McConnell,Queen,18.0,IND,2022-23
Brown,Mathurin,18.0,IND,2022-23
Taylor,Turner,17.0,IND,2022-23
Nembhard,York,15.0,IND,2022-23
McConnell,York,14.0,IND,2022-23
Brown,Taylor,14.0,IND,2022-23
Bitadze,Queen,13.0,IND,2022-23
Johnson,Queen,13.0,IND,2022-23
Jackson,Turner,12.0,IND,2022-23
Brown,McConnell,11.0,IND,2022-23
Nesmith,Queen,10.0,IND,2022-23
Brown,Hield,9.0,IND,2022-23
Nwora,York,9.0,IND,2022-23
Duarte,Hill,9.0,IND,2022-23
Johnson,Turner,8.0,IND,2022-23
Queen,Turner,8.0,IND,2022-23
Bitadze,Brown,8.0,IND,2022-23
Queen,Smith,7.0,IND,2022-23
Hill,Theis,6.0,IND,2022-23
Nesmith,York,5.0,IND,2022-23
Brown,Queen,5.0,IND,2022-23
Brown,Smith,5.0,IND,2022-23
Brown,Nesmith,3.0,IND,2022-23
Smith,York,2.0,IND,2022-23
Morris Sr.,Zubac,1282.0,LAC,2022-23
George,Zubac,1217.0,LAC,2022-23
George,Morris Sr.,1199.0,LAC,2022-23
Leonard,Zubac,1081.0,LAC,2022-23
George,Leonard,993.0,LAC,2022-23
Leonard,Morris Sr.,945.0,LAC,2022-23
Jackson,Zubac,939.0,LAC,2022-23
Mann,Zubac,932.0,LAC,2022-23
Batum,Powell,810.0,LAC,2022-23
George,Jackson,803.0,LAC,2022-23
Jackson,Morris Sr.,790.0,LAC,2022-23
Batum,Mann,777.0,LAC,2022-23
Batum,Leonard,723.0,LAC,2022-23
Powell,Zubac,719.0,LAC,2022-23
Mann,Morris Sr.,706.0,LAC,2022-23
Leonard,Mann,679.0,LAC,2022-23
Mann,Powell,674.0,LAC,2022-23
Batum,Zubac,661.0,LAC,2022-23
George,Mann,658.0,LAC,2022-23
Batum,George,656.0,LAC,2022-23
George,Powell,554.0,LAC,2022-23
Jackson,Powell,543.0,LAC,2022-23
Leonard,Powell,529.0,LAC,2022-23
Batum,Morris Sr.,458.0,LAC,2022-23
Batum,Jackson,443.0,LAC,2022-23
Leonard,Westbrook,441.0,LAC,2022-23
Morris Sr.,Powell,440.0,LAC,2022-23
Jackson,Leonard,419.0,LAC,2022-23
Jackson,Mann,416.0,LAC,2022-23
Powell,Wall,394.0,LAC,2022-23
Kennard,Zubac,386.0,LAC,2022-23
Coffey,Mann,385.0,LAC,2022-23
George,Kennard,384.0,LAC,2022-23
Covington,Powell,377.0,LAC,2022-23
Covington,Mann,372.0,LAC,2022-23
Batum,Wall,368.0,LAC,2022-23
Morris Sr.,Wall,362.0,LAC,2022-23
Westbrook,Zubac,354.0,LAC,2022-23
Batum,Covington,339.0,LAC,2022-23
Gordon,Leonard,335.0,LAC,2022-23
Wall,Zubac,320.0,LAC,2022-23
George,Westbrook,315.0,LAC,2022-23
Mann,Wall,313.0,LAC,2022-23
Gordon,Westbrook,313.0,LAC,2022-23
Mann,Plumlee,305.0,LAC,2022-23
Kennard,Mann,300.0,LAC,2022-23
Batum,Kennard,294.0,LAC,2022-23
Batum,Gordon,285.0,LAC,2022-23
Jackson,Kennard,280.0,LAC,2022-23
Kennard,Morris Sr.,277.0,LAC,2022-23
Kennard,Powell,269.0,LAC,2022-23
George,Wall,264.0,LAC,2022-23
Coffey,Covington,264.0,LAC,2022-23
Batum,Westbrook,261.0,LAC,2022-23
Morris Sr.,Westbrook,257.0,LAC,2022-23
George,Gordon,243.0,LAC,2022-23
Gordon,Zubac,240.0,LAC,2022-23
Coffey,Zubac,225.0,LAC,2022-23
Kennard,Wall,223.0,LAC,2022-23
Batum,Plumlee,221.0,LAC,2022-23
Gordon,Plumlee,218.0,LAC,2022-23
Covington,Jackson,215.0,LAC,2022-23
Coffey,Powell,210.0,LAC,2022-23
Hyland,Mann,203.0,LAC,2022-23
Gordon,Mann,201.0,LAC,2022-23
Leonard,Plumlee,194.0,LAC,2022-23
Plumlee,Westbrook,192.0,LAC,2022-23
Coffey,Jackson,180.0,LAC,2022-23
George,Plumlee,174.0,LAC,2022-23
Hyland,Plumlee,174.0,LAC,2022-23
Coffey,Morris Sr.,165.0,LAC,2022-23
Brown,Mann,162.0,LAC,2022-23
Kennard,Leonard,159.0,LAC,2022-23
Jackson,Wall,156.0,LAC,2022-23
Leonard,Wall,153.0,LAC,2022-23
Plumlee,Powell,153.0,LAC,2022-23
Brown,Coffey,151.0,LAC,2022-23
Covington,Wall,151.0,LAC,2022-23
Boston Jr.,Coffey,149.0,LAC,2022-23
Batum,Coffey,148.0,LAC,2022-23
Mann,Westbrook,145.0,LAC,2022-23
Covington,Zubac,142.0,LAC,2022-23
Covington,George,138.0,LAC,2022-23
Brown,Powell,132.0,LAC,2022-23
Gordon,Morris Sr.,126.0,LAC,2022-23
Powell,Westbrook,123.0,LAC,2022-23
Coffey,Diabate,122.0,LAC,2022-23
Covington,Hyland,122.0,LAC,2022-23
Hyland,Powell,120.0,LAC,2022-23
Boston Jr.,Diabate,120.0,LAC,2022-23
Covington,Kennard,120.0,LAC,2022-23
Brown,Wall,116.0,LAC,2022-23
Coffey,Wall,112.0,LAC,2022-23
Boston Jr.,Covington,111.0,LAC,2022-23
Covington,Plumlee,109.0,LAC,2022-23
Covington,Leonard,107.0,LAC,2022-23
Boston Jr.,Preston,107.0,LAC,2022-23
Brown,Covington,106.0,LAC,2022-23
Covington,Diabate,99.0,LAC,2022-23
Batum,Hyland,99.0,LAC,2022-23
Coffey,Preston,96.0,LAC,2022-23
Gordon,Powell,94.0,LAC,2022-23
Boston Jr.,Brown,86.0,LAC,2022-23
Boston Jr.,Mann,84.0,LAC,2022-23
Covington,Morris Sr.,80.0,LAC,2022-23
Coffey,Kennard,78.0,LAC,2022-23
Diabate,Preston,78.0,LAC,2022-23
Hyland,Leonard,76.0,LAC,2022-23
Batum,Brown,71.0,LAC,2022-23
Covington,Preston,69.0,LAC,2022-23
Covington,Westbrook,69.0,LAC,2022-23
Brown,Preston,62.0,LAC,2022-23
Batum,Diabate,57.0,LAC,2022-23
Batum,Boston Jr.,57.0,LAC,2022-23
Boston Jr.,Zubac,55.0,LAC,2022-23
Hyland,Westbrook,54.0,LAC,2022-23
Morris Sr.,Plumlee,53.0,LAC,2022-23
Coffey,Hyland,50.0,LAC,2022-23
Brown,Jackson,49.0,LAC,2022-23
Gordon,Hyland,48.0,LAC,2022-23
Diabate,Jackson,47.0,LAC,2022-23
Brown,Morris Sr.,45.0,LAC,2022-23
Brown,Diabate,44.0,LAC,2022-23
Covington,Gordon,44.0,LAC,2022-23
Brown,Kennard,43.0,LAC,2022-23
Hyland,Zubac,38.0,LAC,2022-23
Boston Jr.,Wall,37.0,LAC,2022-23
Diabate,Mann,36.0,LAC,2022-23
Boston Jr.,Morris Sr.,36.0,LAC,2022-23
Diabate,Powell,35.0,LAC,2022-23
Boston Jr.,Jackson,32.0,LAC,2022-23
Boston Jr.,George,31.0,LAC,2022-23
Coffey,Leonard,31.0,LAC,2022-23
Coffey,George,30.0,LAC,2022-23
Diabate,Wall,27.0,LAC,2022-23
Brown,Leonard,25.0,LAC,2022-23
Diabate,Hyland,23.0,LAC,2022-23
Brown,George,23.0,LAC,2022-23
Boston Jr.,Kennard,22.0,LAC,2022-23
Mann,Preston,22.0,LAC,2022-23
Diabate,Leonard,21.0,LAC,2022-23
Diabate,Moon,20.0,LAC,2022-23
Boston Jr.,Powell,20.0,LAC,2022-23
Coffey,Moon,20.0,LAC,2022-23
Diabate,Morris Sr.,19.0,LAC,2022-23
Covington,Moon,18.0,LAC,2022-23
Hyland,Moon,16.0,LAC,2022-23
Powell,Preston,16.0,LAC,2022-23
Preston,Zubac,15.0,LAC,2022-23
George,Hyland,15.0,LAC,2022-23
Coffey,Plumlee,15.0,LAC,2022-23
Diabate,Kennard,12.0,LAC,2022-23
Coffey,Gordon,9.0,LAC,2022-23
Boston Jr.,Leonard,9.0,LAC,2022-23
Hyland,Morris Sr.,8.0,LAC,2022-23
Batum,Preston,8.0,LAC,2022-23
Diabate,Zubac,5.0,LAC,2022-23
Brown,Zubac,5.0,LAC,2022-23
Kennard,Preston,5.0,LAC,2022-23
Diabate,George,3.0,LAC,2022-23
Boston Jr.,Hyland,2.0,LAC,2022-23
Mann,Moon,2.0,LAC,2022-23
Boston Jr.,Moon,2.0,LAC,2022-23
Moon,Preston,2.0,LAC,2022-23
James,Schroder,1052.0,LAL,2022-23
Davis,Reaves,979.0,LAL,2022-23
Brown Jr.,Davis,960.0,LAL,2022-23
Davis,James,873.0,LAL,2022-23
Davis,Schroder,830.0,LAL,2022-23
Beverley,James,818.0,LAL,2022-23
Brown Jr.,Schroder,803.0,LAL,2022-23
James,Reaves,768.0,LAL,2022-23
Brown Jr.,Reaves,723.0,LAL,2022-23
James,Westbrook,708.0,LAL,2022-23
Brown Jr.,James,702.0,LAL,2022-23
Davis,Walker IV,676.0,LAL,2022-23
Reaves,Westbrook,668.0,LAL,2022-23
Reaves,Schroder,667.0,LAL,2022-23
Beverley,Schroder,659.0,LAL,2022-23
Bryant,Schroder,649.0,LAL,2022-23
James,Walker IV,614.0,LAL,2022-23
Brown Jr.,Westbrook,602.0,LAL,2022-23
Reaves,Walker IV,590.0,LAL,2022-23
Davis,Westbrook,588.0,LAL,2022-23
Bryant,James,538.0,LAL,2022-23
Walker IV,Westbrook,525.0,LAL,2022-23
Gabriel,Reaves,524.0,LAL,2022-23
Beverley,Walker IV,517.0,LAL,2022-23
Beverley,Davis,514.0,LAL,2022-23
Schroder,Westbrook,486.0,LAL,2022-23
Davis,Vanderbilt,485.0,LAL,2022-23
Hachimura,Schroder,461.0,LAL,2022-23
Schroder,Walker IV,460.0,LAL,2022-23
Brown Jr.,Walker IV,459.0,LAL,2022-23
Beverley,Brown Jr.,455.0,LAL,2022-23
Beverley,Bryant,453.0,LAL,2022-23
Beverley,Westbrook,449.0,LAL,2022-23
Gabriel,Westbrook,439.0,LAL,2022-23
Davis,Russell,435.0,LAL,2022-23
Beasley,Davis,385.0,LAL,2022-23
Brown Jr.,Gabriel,385.0,LAL,2022-23
Gabriel,Schroder,384.0,LAL,2022-23
Davis,Hachimura,378.0,LAL,2022-23
Bryant,Westbrook,356.0,LAL,2022-23
Beverley,Reaves,355.0,LAL,2022-23
Beasley,Vanderbilt,355.0,LAL,2022-23
Hachimura,Reaves,353.0,LAL,2022-23
Brown Jr.,Hachimura,353.0,LAL,2022-23
Reaves,Vanderbilt,351.0,LAL,2022-23
Brown Jr.,Bryant,345.0,LAL,2022-23
Beasley,Brown Jr.,321.0,LAL,2022-23
Gabriel,James,311.0,LAL,2022-23
Schroder,Vanderbilt,310.0,LAL,2022-23
Beasley,Schroder,305.0,LAL,2022-23
Russell,Vanderbilt,295.0,LAL,2022-23
Nunn,Westbrook,290.0,LAL,2022-23
Brown Jr.,Vanderbilt,287.0,LAL,2022-23
Gabriel,Walker IV,279.0,LAL,2022-23
Reaves,Russell,275.0,LAL,2022-23
Gabriel,Nunn,268.0,LAL,2022-23
Christie,Westbrook,265.0,LAL,2022-23
Brown Jr.,Russell,259.0,LAL,2022-23
Bryant,Walker IV,259.0,LAL,2022-23
Bryant,Reaves,235.0,LAL,2022-23
Beasley,Reaves,224.0,LAL,2022-23
Christie,Gabriel,215.0,LAL,2022-23
Hachimura,James,214.0,LAL,2022-23
Brown Jr.,Nunn,208.0,LAL,2022-23
Gabriel,Hachimura,206.0,LAL,2022-23
Beasley,Hachimura,206.0,LAL,2022-23
Beasley,Russell,196.0,LAL,2022-23
Hachimura,Russell,186.0,LAL,2022-23
Toscano-Anderson,Westbrook,183.0,LAL,2022-23
James,Nunn,181.0,LAL,2022-23
Russell,Schroder,175.0,LAL,2022-23
Christie,James,172.0,LAL,2022-23
Christie,Nunn,171.0,LAL,2022-23
Beasley,Gabriel,170.0,LAL,2022-23
James,Vanderbilt,162.0,LAL,2022-23
Hachimura,Walker IV,162.0,LAL,2022-23
Schroder,Toscano-Anderson,161.0,LAL,2022-23
Bryant,Christie,153.0,LAL,2022-23
Christie,Schroder,149.0,LAL,2022-23
Brown Jr.,Christie,146.0,LAL,2022-23
Beverley,Gabriel,143.0,LAL,2022-23
Nunn,Reaves,141.0,LAL,2022-23
James,Russell,141.0,LAL,2022-23
Beasley,James,138.0,LAL,2022-23
Bryant,Toscano-Anderson,126.0,LAL,2022-23
Nunn,Schroder,125.0,LAL,2022-23
James,Toscano-Anderson,123.0,LAL,2022-23
Reaves,Toscano-Anderson,112.0,LAL,2022-23
Bryant,Nunn,111.0,LAL,2022-23
Davis,Nunn,106.0,LAL,2022-23
Christie,Toscano-Anderson,102.0,LAL,2022-23
Davis,Gabriel,95.0,LAL,2022-23
Beverley,Toscano-Anderson,95.0,LAL,2022-23
Nunn,Toscano-Anderson,94.0,LAL,2022-23
Gabriel,Toscano-Anderson,92.0,LAL,2022-23
Gabriel,Russell,92.0,LAL,2022-23
Christie,Walker IV,91.0,LAL,2022-23
Hachimura,Westbrook,90.0,LAL,2022-23
Christie,Jones,90.0,LAL,2022-23
Brown Jr.,Toscano-Anderson,90.0,LAL,2022-23
Beverley,Hachimura,87.0,LAL,2022-23
Brown Jr.,Jones,87.0,LAL,2022-23
Christie,Reaves,87.0,LAL,2022-23
Jones,Nunn,86.0,LAL,2022-23
Gabriel,Vanderbilt,84.0,LAL,2022-23
Beasley,Walker IV,79.0,LAL,2022-23
Nunn,Walker IV,72.0,LAL,2022-23
Bryant,Gabriel,69.0,LAL,2022-23
Christie,Davis,68.0,LAL,2022-23
Vanderbilt,Walker IV,68.0,LAL,2022-23
Beverley,Christie,67.0,LAL,2022-23
James,Ryan,59.0,LAL,2022-23
Bryant,Hachimura,57.0,LAL,2022-23
Bamba,Hachimura,54.0,LAL,2022-23
Reaves,Ryan,54.0,LAL,2022-23
James,Jones,54.0,LAL,2022-23
Beverley,Nunn,53.0,LAL,2022-23
Toscano-Anderson,Walker IV,53.0,LAL,2022-23
Davis,Toscano-Anderson,52.0,LAL,2022-23
Bamba,Schroder,49.0,LAL,2022-23
Hachimura,Vanderbilt,49.0,LAL,2022-23
Gabriel,Ryan,48.0,LAL,2022-23
Jones,Westbrook,47.0,LAL,2022-23
Bamba,Reaves,46.0,LAL,2022-23
Jones,Walker IV,45.0,LAL,2022-23
Davis,Ryan,44.0,LAL,2022-23
Ryan,Westbrook,43.0,LAL,2022-23
Beverley,Jones,43.0,LAL,2022-23
Christie,Hachimura,42.0,LAL,2022-23
Jones,Reaves,41.0,LAL,2022-23
Bamba,Brown Jr.,40.0,LAL,2022-23
Ryan,Walker IV,36.0,LAL,2022-23
Ryan,Toscano-Anderson,36.0,LAL,2022-23
Christie,Ryan,35.0,LAL,2022-23
Beverley,Ryan,35.0,LAL,2022-23
Bamba,Beasley,34.0,LAL,2022-23
Bamba,Walker IV,32.0,LAL,2022-23
Jones,Toscano-Anderson,31.0,LAL,2022-23
Christie,Pippen Jr.,30.0,LAL,2022-23
Nunn,Ryan,28.0,LAL,2022-23
Gabriel,Jones,28.0,LAL,2022-23
Bamba,James,28.0,LAL,2022-23
Jones,Pippen Jr.,27.0,LAL,2022-23
Jones,Ryan,26.0,LAL,2022-23
Reed,Walker IV,26.0,LAL,2022-23
Gabriel,Reed,25.0,LAL,2022-23
Bamba,Vanderbilt,22.0,LAL,2022-23
Swider,Westbrook,21.0,LAL,2022-23
Jones,Schroder,21.0,LAL,2022-23
Brown,Westbrook,20.0,LAL,2022-23
Gabriel,Swider,19.0,LAL,2022-23
Christie,Swider,18.0,LAL,2022-23
Brown Jr.,Ryan,18.0,LAL,2022-23
Bryant,Jones,17.0,LAL,2022-23
Brown,Gabriel,16.0,LAL,2022-23
Gabriel,Pippen Jr.,16.0,LAL,2022-23
Brown,Nunn,16.0,LAL,2022-23
Brown,Swider,16.0,LAL,2022-23
Nunn,Pippen Jr.,15.0,LAL,2022-23
Christie,Reed,15.0,LAL,2022-23
Nunn,Swider,15.0,LAL,2022-23
Schroder,Swider,14.0,LAL,2022-23
Bamba,Reed,13.0,LAL,2022-23
Bryant,Davis,13.0,LAL,2022-23
Bamba,Gabriel,12.0,LAL,2022-23
Pippen Jr.,Toscano-Anderson,11.0,LAL,2022-23
Brown,Christie,11.0,LAL,2022-23
Hachimura,Reed,10.0,LAL,2022-23
Pippen Jr.,Swider,10.0,LAL,2022-23
Swider,Toscano-Anderson,8.0,LAL,2022-23
Beasley,Reed,8.0,LAL,2022-23
Pippen Jr.,Ryan,8.0,LAL,2022-23
Brown,Schroder,8.0,LAL,2022-23
Bryant,Swider,8.0,LAL,2022-23
Beasley,Christie,7.0,LAL,2022-23
Jones,Swider,7.0,LAL,2022-23
Beverley,Swider,5.0,LAL,2022-23
Bryant,Ryan,4.0,LAL,2022-23
Ryan,Schroder,4.0,LAL,2022-23
Brown Jr.,Reed,4.0,LAL,2022-23
Swider,Walker IV,3.0,LAL,2022-23
Davis,Swider,3.0,LAL,2022-23
Brown Jr.,Swider,3.0,LAL,2022-23
Brown,Toscano-Anderson,3.0,LAL,2022-23
Reaves,Reed,3.0,LAL,2022-23
Brown,Pippen Jr.,3.0,LAL,2022-23
Brown,Bryant,3.0,LAL,2022-23
Russell,Walker IV,2.0,LAL,2022-23
Brown,Jones,2.0,LAL,2022-23
Bamba,Christie,2.0,LAL,2022-23
Ryan,Swider,2.0,LAL,2022-23
Brown,Brown Jr.,2.0,LAL,2022-23
Brooks,Morant,1323.0,MEM,2022-23
Brooks,Jackson Jr.,1210.0,MEM,2022-23
Bane,Jackson Jr.,1016.0,MEM,2022-23
Jackson Jr.,Jones,966.0,MEM,2022-23
Bane,Brooks,927.0,MEM,2022-23
Brooks,Jones,906.0,MEM,2022-23
Adams,Morant,904.0,MEM,2022-23
Bane,Jones,873.0,MEM,2022-23
Aldama,Morant,869.0,MEM,2022-23
Jackson Jr.,Morant,831.0,MEM,2022-23
Aldama,Brooks,821.0,MEM,2022-23
Adams,Brooks,816.0,MEM,2022-23
Bane,Morant,816.0,MEM,2022-23
Aldama,Jones,792.0,MEM,2022-23
Konchar,Morant,738.0,MEM,2022-23
Clarke,Jones,734.0,MEM,2022-23
Jones,Roddy,689.0,MEM,2022-23
Aldama,Bane,684.0,MEM,2022-23
Jones,Konchar,669.0,MEM,2022-23
Brooks,Tillman,668.0,MEM,2022-23
Bane,Tillman,665.0,MEM,2022-23
Aldama,Konchar,623.0,MEM,2022-23
Brooks,Konchar,608.0,MEM,2022-23
Jones,Tillman,589.0,MEM,2022-23
Adams,Konchar,559.0,MEM,2022-23
Jackson Jr.,Konchar,533.0,MEM,2022-23
Adams,Aldama,527.0,MEM,2022-23
Jackson Jr.,Tillman,515.0,MEM,2022-23
Brooks,Clarke,506.0,MEM,2022-23
Clarke,Jackson Jr.,480.0,MEM,2022-23
Aldama,Roddy,478.0,MEM,2022-23
Konchar,Roddy,471.0,MEM,2022-23
Clarke,Morant,470.0,MEM,2022-23
Aldama,Tillman,466.0,MEM,2022-23
Bane,Clarke,455.0,MEM,2022-23
Bane,Konchar,450.0,MEM,2022-23
Adams,Bane,436.0,MEM,2022-23
Morant,Tillman,436.0,MEM,2022-23
Bane,Roddy,419.0,MEM,2022-23
Morant,Roddy,406.0,MEM,2022-23
Clarke,Konchar,403.0,MEM,2022-23
Adams,Jackson Jr.,397.0,MEM,2022-23
Jones,Morant,395.0,MEM,2022-23
Aldama,Clarke,386.0,MEM,2022-23
Roddy,Tillman,352.0,MEM,2022-23
Clarke,Roddy,351.0,MEM,2022-23
Brooks,Roddy,348.0,MEM,2022-23
Jackson Jr.,Roddy,348.0,MEM,2022-23
Adams,Jones,346.0,MEM,2022-23
Aldama,Kennard,342.0,MEM,2022-23
Konchar,Tillman,300.0,MEM,2022-23
Jones,Kennard,271.0,MEM,2022-23
Bane,Kennard,267.0,MEM,2022-23
Adams,Roddy,264.0,MEM,2022-23
Jackson Jr.,Kennard,264.0,MEM,2022-23
Kennard,Tillman,258.0,MEM,2022-23
Brooks,Kennard,243.0,MEM,2022-23
Aldama,Williams,237.0,MEM,2022-23
Jones,LaRavia,228.0,MEM,2022-23
Morant,Williams,228.0,MEM,2022-23
Aldama,Jackson Jr.,226.0,MEM,2022-23
Brooks,Williams,220.0,MEM,2022-23
Kennard,Morant,218.0,MEM,2022-23
Jones,Williams,214.0,MEM,2022-23
Jackson Jr.,Williams,202.0,MEM,2022-23
Clarke,Williams,194.0,MEM,2022-23
Chandler,Roddy,191.0,MEM,2022-23
Clarke,LaRavia,184.0,MEM,2022-23
Kennard,Roddy,177.0,MEM,2022-23
LaRavia,Roddy,167.0,MEM,2022-23
Kennard,Konchar,154.0,MEM,2022-23
Tillman,Williams,152.0,MEM,2022-23
Roddy,Williams,147.0,MEM,2022-23
Bane,Williams,140.0,MEM,2022-23
Brooks,LaRavia,137.0,MEM,2022-23
Konchar,LaRavia,133.0,MEM,2022-23
Adams,Williams,131.0,MEM,2022-23
Chandler,Tillman,129.0,MEM,2022-23
Aldama,LaRavia,122.0,MEM,2022-23
Bane,LaRavia,119.0,MEM,2022-23
Lofton Jr.,Roddy,117.0,MEM,2022-23
LaRavia,Tillman,112.0,MEM,2022-23
Chandler,LaRavia,107.0,MEM,2022-23
Aldama,Chandler,107.0,MEM,2022-23
LaRavia,Morant,104.0,MEM,2022-23
Chandler,Williams,94.0,MEM,2022-23
Konchar,Williams,93.0,MEM,2022-23
Konchar,Lofton Jr.,93.0,MEM,2022-23
Chandler,Lofton Jr.,85.0,MEM,2022-23
Roddy,Williams Jr.,83.0,MEM,2022-23
Adams,LaRavia,82.0,MEM,2022-23
Brooks,Chandler,73.0,MEM,2022-23
Chandler,Konchar,68.0,MEM,2022-23
Lofton Jr.,Williams Jr.,68.0,MEM,2022-23
Clarke,Kennard,58.0,MEM,2022-23
Chandler,Williams Jr.,57.0,MEM,2022-23
Jackson Jr.,LaRavia,55.0,MEM,2022-23
Lofton Jr.,Williams,52.0,MEM,2022-23
Chandler,Clarke,51.0,MEM,2022-23
Bane,Chandler,44.0,MEM,2022-23
Chandler,Jackson Jr.,43.0,MEM,2022-23
LaRavia,Williams,41.0,MEM,2022-23
LaRavia,Lofton Jr.,41.0,MEM,2022-23
Tillman,Williams Jr.,40.0,MEM,2022-23
Gilyard,Williams Jr.,40.0,MEM,2022-23
Konchar,Williams Jr.,39.0,MEM,2022-23
Aldama,Lofton Jr.,38.0,MEM,2022-23
Bane,Lofton Jr.,38.0,MEM,2022-23
Williams,Williams Jr.,37.0,MEM,2022-23
Kennard,Lofton Jr.,36.0,MEM,2022-23
Gilyard,Roddy,35.0,MEM,2022-23
Kennard,Williams,32.0,MEM,2022-23
Gilyard,Lofton Jr.,32.0,MEM,2022-23
Adams,Chandler,31.0,MEM,2022-23
Chandler,Jones,31.0,MEM,2022-23
Clarke,Green,30.0,MEM,2022-23
Clarke,Tillman,29.0,MEM,2022-23
Gilyard,Konchar,28.0,MEM,2022-23
Jackson Jr.,Lofton Jr.,27.0,MEM,2022-23
Bane,Green,27.0,MEM,2022-23
Green,Jones,25.0,MEM,2022-23
Gilyard,Williams,25.0,MEM,2022-23
LaRavia,Williams Jr.,24.0,MEM,2022-23
Green,Jackson Jr.,23.0,MEM,2022-23
Jones,Lofton Jr.,22.0,MEM,2022-23
Chandler,Kennard,20.0,MEM,2022-23
Lofton Jr.,Morant,19.0,MEM,2022-23
Brooks,Lofton Jr.,17.0,MEM,2022-23
Lofton Jr.,Tillman,15.0,MEM,2022-23
Adams,Clarke,15.0,MEM,2022-23
Aldama,Green,14.0,MEM,2022-23
Clarke,Williams Jr.,14.0,MEM,2022-23
Brooks,Williams Jr.,12.0,MEM,2022-23
Kennard,LaRavia,12.0,MEM,2022-23
Green,Konchar,10.0,MEM,2022-23
Green,Tillman,10.0,MEM,2022-23
Green,Williams,9.0,MEM,2022-23
Green,Roddy,9.0,MEM,2022-23
Brooks,Green,9.0,MEM,2022-23
Green,Morant,6.0,MEM,2022-23
Jones,Williams Jr.,2.0,MEM,2022-23
Chandler,Morant,1.0,MEM,2022-23
Adebayo,Herro,1785.0,MIA,2022-23
Adebayo,Butler,1437.0,MIA,2022-23
Adebayo,Strus,1424.0,MIA,2022-23
Adebayo,Martin,1407.0,MIA,2022-23
Butler,Herro,1294.0,MIA,2022-23
Adebayo,Vincent,1226.0,MIA,2022-23
Herro,Martin,1224.0,MIA,2022-23
Adebayo,Lowry,1198.0,MIA,2022-23
Martin,Strus,1119.0,MIA,2022-23
Lowry,Martin,1068.0,MIA,2022-23
Butler,Vincent,1050.0,MIA,2022-23
Herro,Lowry,1046.0,MIA,2022-23
Strus,Vincent,1019.0,MIA,2022-23
Butler,Strus,1005.0,MIA,2022-23
Herro,Strus,1003.0,MIA,2022-23
Butler,Martin,974.0,MIA,2022-23
Butler,Lowry,947.0,MIA,2022-23
Lowry,Strus,925.0,MIA,2022-23
Herro,Vincent,821.0,MIA,2022-23
Martin,Vincent,629.0,MIA,2022-23
Oladipo,Strus,627.0,MIA,2022-23
Adebayo,Oladipo,615.0,MIA,2022-23
Herro,Oladipo,588.0,MIA,2022-23
Robinson,Strus,571.0,MIA,2022-23
Highsmith,Strus,567.0,MIA,2022-23
Adebayo,Highsmith,497.0,MIA,2022-23
Robinson,Vincent,479.0,MIA,2022-23
Herro,Highsmith,469.0,MIA,2022-23
Oladipo,Robinson,449.0,MIA,2022-23
Martin,Oladipo,435.0,MIA,2022-23
Martin,Robinson,433.0,MIA,2022-23
Highsmith,Robinson,426.0,MIA,2022-23
Butler,Robinson,413.0,MIA,2022-23
Butler,Oladipo,391.0,MIA,2022-23
Oladipo,Vincent,380.0,MIA,2022-23
Herro,Robinson,371.0,MIA,2022-23
Highsmith,Vincent,360.0,MIA,2022-23
Butler,Love,354.0,MIA,2022-23
Love,Vincent,335.0,MIA,2022-23
Adebayo,Robinson,317.0,MIA,2022-23
Highsmith,Lowry,314.0,MIA,2022-23
Lowry,Vincent,309.0,MIA,2022-23
Herro,Love,308.0,MIA,2022-23
Lowry,Robinson,302.0,MIA,2022-23
Highsmith,Martin,287.0,MIA,2022-23
Adebayo,Love,281.0,MIA,2022-23
Lowry,Oladipo,248.0,MIA,2022-23
Highsmith,Oladipo,235.0,MIA,2022-23
Butler,Highsmith,216.0,MIA,2022-23
Dedmon,Strus,185.0,MIA,2022-23
Dedmon,Martin,170.0,MIA,2022-23
Dedmon,Vincent,164.0,MIA,2022-23
Dedmon,Robinson,157.0,MIA,2022-23
Jovic,Lowry,156.0,MIA,2022-23
Butler,Dedmon,156.0,MIA,2022-23
Dedmon,Herro,148.0,MIA,2022-23
Strus,Zeller,147.0,MIA,2022-23
Jovic,Martin,147.0,MIA,2022-23
Dedmon,Lowry,146.0,MIA,2022-23
Martin,Zeller,138.0,MIA,2022-23
Jovic,Strus,137.0,MIA,2022-23
Cain,Robinson,134.0,MIA,2022-23
Oladipo,Zeller,127.0,MIA,2022-23
Cain,Strus,120.0,MIA,2022-23
Cain,Oladipo,115.0,MIA,2022-23
Cain,Highsmith,114.0,MIA,2022-23
Herro,Zeller,113.0,MIA,2022-23
Butler,Zeller,107.0,MIA,2022-23
Dedmon,Highsmith,105.0,MIA,2022-23
Robinson,Robinson,89.0,MIA,2022-23
Love,Martin,89.0,MIA,2022-23
Love,Strus,86.0,MIA,2022-23
Vincent,Zeller,85.0,MIA,2022-23
Cain,Martin,82.0,MIA,2022-23
Dedmon,Oladipo,81.0,MIA,2022-23
Adebayo,Jovic,77.0,MIA,2022-23
Cain,Vincent,77.0,MIA,2022-23
Love,Lowry,76.0,MIA,2022-23
Herro,Jovic,72.0,MIA,2022-23
Cain,Lowry,66.0,MIA,2022-23
Highsmith,Jovic,65.0,MIA,2022-23
Adebayo,Cain,61.0,MIA,2022-23
Robinson,Yurtseven,59.0,MIA,2022-23
Bouyea,Strus,57.0,MIA,2022-23
Robinson,Zeller,55.0,MIA,2022-23
Bouyea,Highsmith,54.0,MIA,2022-23
Love,Oladipo,53.0,MIA,2022-23
Butler,Jovic,52.0,MIA,2022-23
Martin,Smith,46.0,MIA,2022-23
Oladipo,Yurtseven,46.0,MIA,2022-23
Haslem,Strus,44.0,MIA,2022-23
Butler,Cain,44.0,MIA,2022-23
Highsmith,Smith,43.0,MIA,2022-23
Highsmith,Yurtseven,43.0,MIA,2022-23
Cain,Dedmon,43.0,MIA,2022-23
Cain,Yurtseven,40.0,MIA,2022-23
Jovic,Robinson,40.0,MIA,2022-23
Adebayo,Bouyea,39.0,MIA,2022-23
Love,Zeller,39.0,MIA,2022-23
Herro,Smith,39.0,MIA,2022-23
Bouyea,Robinson,38.0,MIA,2022-23
Butler,Haslem,34.0,MIA,2022-23
Martin,Yurtseven,32.0,MIA,2022-23
Adebayo,Smith,31.0,MIA,2022-23
Haslem,Highsmith,30.0,MIA,2022-23
Haslem,Herro,30.0,MIA,2022-23
Dedmon,Smith,29.0,MIA,2022-23
Haslem,Lowry,29.0,MIA,2022-23
Lowry,Zeller,29.0,MIA,2022-23
Highsmith,Zeller,28.0,MIA,2022-23
Strus,Yurtseven,27.0,MIA,2022-23
Butler,Yurtseven,26.0,MIA,2022-23
Cain,Jovic,26.0,MIA,2022-23
Haslem,Martin,26.0,MIA,2022-23
Haslem,Vincent,25.0,MIA,2022-23
Highsmith,Love,23.0,MIA,2022-23
Butler,Smith,22.0,MIA,2022-23
Cain,Herro,22.0,MIA,2022-23
Haslem,Robinson,19.0,MIA,2022-23
Bouyea,Herro,19.0,MIA,2022-23
Jovic,Vincent,19.0,MIA,2022-23
Vincent,Yurtseven,18.0,MIA,2022-23
Bouyea,Martin,18.0,MIA,2022-23
Bouyea,Vincent,17.0,MIA,2022-23
Smith,Strus,17.0,MIA,2022-23
Bouyea,Butler,14.0,MIA,2022-23
Lowry,Yurtseven,13.0,MIA,2022-23
Haslem,Yurtseven,12.0,MIA,2022-23
Dedmon,Jovic,12.0,MIA,2022-23
Love,Robinson,12.0,MIA,2022-23
Haslem,Oladipo,12.0,MIA,2022-23
Love,Yurtseven,12.0,MIA,2022-23
Lowry,Smith,12.0,MIA,2022-23
Cain,Smith,8.0,MIA,2022-23
Jovic,Oladipo,8.0,MIA,2022-23
Herro,Yurtseven,8.0,MIA,2022-23
Jovic,Smith,7.0,MIA,2022-23
Cain,Haslem,7.0,MIA,2022-23
Robinson,Smith,7.0,MIA,2022-23
Cain,Zeller,5.0,MIA,2022-23
Adebayo,Haslem,5.0,MIA,2022-23
Haslem,Love,4.0,MIA,2022-23
Smith,Vincent,3.0,MIA,2022-23
Haslem,Zeller,3.0,MIA,2022-23
Oladipo,Smith,2.0,MIA,2022-23
Haslem,Jovic,2.0,MIA,2022-23
Haslem,Smith,2.0,MIA,2022-23
Adebayo,Dedmon,0.0,MIA,2022-23
Holiday,Lopez,1540.0,MIL,2022-23
Allen,Lopez,1348.0,MIL,2022-23
Allen,Antetokounmpo,1278.0,MIL,2022-23
Allen,Holiday,1177.0,MIL,2022-23
Antetokounmpo,Holiday,1176.0,MIL,2022-23
Antetokounmpo,Lopez,1089.0,MIL,2022-23
Carter,Lopez,1026.0,MIL,2022-23
Antetokounmpo,Carter,908.0,MIL,2022-23
Lopez,Portis,883.0,MIL,2022-23
Holiday,Portis,856.0,MIL,2022-23
Antetokounmpo,Connaughton,835.0,MIL,2022-23
Allen,Carter,829.0,MIL,2022-23
Carter,Portis,806.0,MIL,2022-23
Connaughton,Lopez,789.0,MIL,2022-23
Connaughton,Holiday,768.0,MIL,2022-23
Allen,Connaughton,712.0,MIL,2022-23
Allen,Portis,651.0,MIL,2022-23
Holiday,Ingles,621.0,MIL,2022-23
Carter,Holiday,611.0,MIL,2022-23
Antetokounmpo,Portis,606.0,MIL,2022-23
Ingles,Lopez,533.0,MIL,2022-23
Carter,Connaughton,528.0,MIL,2022-23
Connaughton,Portis,519.0,MIL,2022-23
Ingles,Portis,489.0,MIL,2022-23
Lopez,Middleton,463.0,MIL,2022-23
Holiday,Middleton,452.0,MIL,2022-23
Hill,Portis,379.0,MIL,2022-23
Allen,Middleton,375.0,MIL,2022-23
Antetokounmpo,Ingles,374.0,MIL,2022-23
Lopez,Matthews,370.0,MIL,2022-23
Antetokounmpo,Middleton,365.0,MIL,2022-23
Connaughton,Ingles,361.0,MIL,2022-23
Antetokounmpo,Matthews,359.0,MIL,2022-23
Antetokounmpo,Beauchamp,348.0,MIL,2022-23
Holiday,Matthews,314.0,MIL,2022-23
Matthews,Portis,301.0,MIL,2022-23
Carter,Ingles,301.0,MIL,2022-23
Allen,Ingles,298.0,MIL,2022-23
Nwora,Portis,294.0,MIL,2022-23
Beauchamp,Carter,293.0,MIL,2022-23
Antetokounmpo,Hill,291.0,MIL,2022-23
Middleton,Portis,282.0,MIL,2022-23
Carter,Matthews,281.0,MIL,2022-23
Beauchamp,Portis,277.0,MIL,2022-23
Beauchamp,Lopez,270.0,MIL,2022-23
Ingles,Middleton,265.0,MIL,2022-23
Carter,Middleton,264.0,MIL,2022-23
Hill,Lopez,257.0,MIL,2022-23
Hill,Nwora,245.0,MIL,2022-23
Antetokounmpo,Nwora,224.0,MIL,2022-23
Hill,Matthews,220.0,MIL,2022-23
Lopez,Nwora,218.0,MIL,2022-23
Ingles,Matthews,210.0,MIL,2022-23
Carter,Nwora,202.0,MIL,2022-23
Allen,Hill,198.0,MIL,2022-23
Allen,Matthews,187.0,MIL,2022-23
Beauchamp,Holiday,167.0,MIL,2022-23
Connaughton,Middleton,166.0,MIL,2022-23
Hill,Holiday,162.0,MIL,2022-23
Crowder,Ingles,160.0,MIL,2022-23
Connaughton,Matthews,146.0,MIL,2022-23
Antetokounmpo,Green,143.0,MIL,2022-23
Allen,Nwora,142.0,MIL,2022-23
Crowder,Portis,141.0,MIL,2022-23
Holiday,Nwora,140.0,MIL,2022-23
Carter,Crowder,132.0,MIL,2022-23
Connaughton,Hill,126.0,MIL,2022-23
Crowder,Holiday,126.0,MIL,2022-23
Matthews,Nwora,126.0,MIL,2022-23
Carter,Green,125.0,MIL,2022-23
Allen,Beauchamp,123.0,MIL,2022-23
Matthews,Middleton,123.0,MIL,2022-23
Crowder,Lopez,122.0,MIL,2022-23
Beauchamp,Connaughton,121.0,MIL,2022-23
Carter,Hill,121.0,MIL,2022-23
Beauchamp,Matthews,111.0,MIL,2022-23
Beauchamp,Nwora,111.0,MIL,2022-23
Antetokounmpo,Crowder,108.0,MIL,2022-23
Green,Lopez,105.0,MIL,2022-23
Beauchamp,Ingles,104.0,MIL,2022-23
Green,Portis,101.0,MIL,2022-23
Beauchamp,Green,98.0,MIL,2022-23
Hill,Ibaka,96.0,MIL,2022-23
Carter,Mamukelashvili,86.0,MIL,2022-23
Crowder,Middleton,86.0,MIL,2022-23
Beauchamp,Hill,84.0,MIL,2022-23
Connaughton,Crowder,83.0,MIL,2022-23
Ibaka,Nwora,82.0,MIL,2022-23
Beauchamp,Mamukelashvili,78.0,MIL,2022-23
Connaughton,Green,77.0,MIL,2022-23
Allen,Green,76.0,MIL,2022-23
Green,Nwora,76.0,MIL,2022-23
Beauchamp,Wigginton,67.0,MIL,2022-23
Connaughton,Nwora,63.0,MIL,2022-23
Green,Ingles,61.0,MIL,2022-23
Antetokounmpo,Wigginton,59.0,MIL,2022-23
Allen,Mamukelashvili,59.0,MIL,2022-23
Antetokounmpo,Ibaka,59.0,MIL,2022-23
Beauchamp,Ibaka,58.0,MIL,2022-23
Allen,Ibaka,53.0,MIL,2022-23
Antetokounmpo,Dragic,53.0,MIL,2022-23
Ibaka,Matthews,51.0,MIL,2022-23
Hill,Middleton,51.0,MIL,2022-23
Mamukelashvili,Portis,50.0,MIL,2022-23
Carter,Ibaka,50.0,MIL,2022-23
Mamukelashvili,Nwora,49.0,MIL,2022-23
Green,Mamukelashvili,49.0,MIL,2022-23
Beauchamp,Dragic,48.0,MIL,2022-23
Green,Hill,48.0,MIL,2022-23
Antetokounmpo,Mamukelashvili,47.0,MIL,2022-23
Ibaka,Portis,47.0,MIL,2022-23
Beauchamp,Leonard,47.0,MIL,2022-23
Crowder,Leonard,47.0,MIL,2022-23
Lopez,Mamukelashvili,46.0,MIL,2022-23
Holiday,Mamukelashvili,42.0,MIL,2022-23
Ingles,Leonard,41.0,MIL,2022-23
Carter,Leonard,41.0,MIL,2022-23
Beauchamp,Crowder,41.0,MIL,2022-23
Green,Holiday,40.0,MIL,2022-23
Allen,Crowder,39.0,MIL,2022-23
Connaughton,Mamukelashvili,38.0,MIL,2022-23
Leonard,Portis,35.0,MIL,2022-23
Dragic,Wigginton,35.0,MIL,2022-23
Antetokounmpo,Leonard,34.0,MIL,2022-23
Hill,Mamukelashvili,33.0,MIL,2022-23
Hill,Ingles,33.0,MIL,2022-23
Leonard,Wigginton,32.0,MIL,2022-23
Holiday,Ibaka,30.0,MIL,2022-23
Crowder,Matthews,30.0,MIL,2022-23
Mamukelashvili,Matthews,29.0,MIL,2022-23
Crowder,Wigginton,28.0,MIL,2022-23
Dragic,Matthews,28.0,MIL,2022-23
Ingles,Nwora,28.0,MIL,2022-23
Ibaka,Mamukelashvili,27.0,MIL,2022-23
Matthews,Wigginton,27.0,MIL,2022-23
Crowder,Green,26.0,MIL,2022-23
Holiday,Leonard,26.0,MIL,2022-23
Green,Matthews,26.0,MIL,2022-23
Dragic,Leonard,24.0,MIL,2022-23
Middleton,Nwora,24.0,MIL,2022-23
Carter,Wigginton,22.0,MIL,2022-23
Green,Ibaka,20.0,MIL,2022-23
Green,Leonard,18.0,MIL,2022-23
Leonard,Middleton,17.0,MIL,2022-23
Connaughton,Ibaka,17.0,MIL,2022-23
Dragic,Ingles,16.0,MIL,2022-23
Carter,Dragic,14.0,MIL,2022-23
Leonard,Matthews,13.0,MIL,2022-23
Dragic,Portis,13.0,MIL,2022-23
Connaughton,Dragic,13.0,MIL,2022-23
Green,Wigginton,12.0,MIL,2022-23
Connaughton,Leonard,9.0,MIL,2022-23
Connaughton,Wigginton,9.0,MIL,2022-23
Ingles,Mamukelashvili,8.0,MIL,2022-23
Crowder,Dragic,7.0,MIL,2022-23
Mamukelashvili,Middleton,7.0,MIL,2022-23
Beauchamp,Middleton,6.0,MIL,2022-23
Green,Middleton,6.0,MIL,2022-23
Dragic,Green,5.0,MIL,2022-23
Dragic,Lopez,5.0,MIL,2022-23
Allen,Leonard,4.0,MIL,2022-23
Ingles,Wigginton,3.0,MIL,2022-23
Allen,Dragic,3.0,MIL,2022-23
Ibaka,Ingles,2.0,MIL,2022-23
Portis,Wigginton,2.0,MIL,2022-23
Edwards,McDaniels,1905.0,MIN,2022-23
Edwards,Gobert,1629.0,MIN,2022-23
Gobert,McDaniels,1515.0,MIN,2022-23
Edwards,Russell,1368.0,MIN,2022-23
Anderson,Edwards,1354.0,MIN,2022-23
McDaniels,Russell,1225.0,MIN,2022-23
Anderson,McDaniels,1144.0,MIN,2022-23
Gobert,Russell,1092.0,MIN,2022-23
Anderson,Gobert,1074.0,MIN,2022-23
Edwards,Reid,789.0,MIN,2022-23
Anderson,Russell,758.0,MIN,2022-23
Edwards,Towns,735.0,MIN,2022-23
Edwards,Nowell,637.0,MIN,2022-23
Edwards,Rivers,630.0,MIN,2022-23
Edwards,Prince,611.0,MIN,2022-23
McDaniels,Towns,610.0,MIN,2022-23
Conley,Gobert,607.0,MIN,2022-23
Nowell,Reid,580.0,MIN,2022-23
Conley,McDaniels,575.0,MIN,2022-23
McDaniels,Reid,569.0,MIN,2022-23
Conley,Edwards,553.0,MIN,2022-23
Anderson,Conley,530.0,MIN,2022-23
Russell,Towns,521.0,MIN,2022-23
Gobert,Towns,519.0,MIN,2022-23
Rivers,Russell,499.0,MIN,2022-23
Anderson,Reid,497.0,MIN,2022-23
Anderson,Prince,487.0,MIN,2022-23
Nowell,Rivers,479.0,MIN,2022-23
McDaniels,Prince,477.0,MIN,2022-23
McDaniels,Nowell,472.0,MIN,2022-23
Gobert,Nowell,465.0,MIN,2022-23
Gobert,Prince,446.0,MIN,2022-23
Gobert,Rivers,432.0,MIN,2022-23
Reid,Russell,431.0,MIN,2022-23
Nowell,Russell,430.0,MIN,2022-23
Nowell,Prince,426.0,MIN,2022-23
Reid,Rivers,421.0,MIN,2022-23
Anderson,Nowell,411.0,MIN,2022-23
Prince,Reid,395.0,MIN,2022-23
McLaughlin,Prince,395.0,MIN,2022-23
McDaniels,Rivers,385.0,MIN,2022-23
McLaughlin,Reid,341.0,MIN,2022-23
Anderson,Towns,339.0,MIN,2022-23
Anderson,Rivers,338.0,MIN,2022-23
Edwards,McLaughlin,324.0,MIN,2022-23
Anderson,McLaughlin,294.0,MIN,2022-23
Prince,Russell,293.0,MIN,2022-23
Prince,Towns,259.0,MIN,2022-23
McLaughlin,Nowell,252.0,MIN,2022-23
Conley,Prince,212.0,MIN,2022-23
McDaniels,McLaughlin,204.0,MIN,2022-23
Prince,Rivers,201.0,MIN,2022-23
Gobert,Reid,196.0,MIN,2022-23
Alexander-Walker,Anderson,195.0,MIN,2022-23
McLaughlin,Towns,187.0,MIN,2022-23
Alexander-Walker,McLaughlin,181.0,MIN,2022-23
Alexander-Walker,Reid,180.0,MIN,2022-23
Alexander-Walker,Prince,170.0,MIN,2022-23
Nowell,Towns,161.0,MIN,2022-23
Conley,Towns,159.0,MIN,2022-23
Gobert,McLaughlin,159.0,MIN,2022-23
Knight,Nowell,145.0,MIN,2022-23
Alexander-Walker,Edwards,143.0,MIN,2022-23
Edwards,Knight,141.0,MIN,2022-23
Alexander-Walker,McDaniels,130.0,MIN,2022-23
Forbes,Nowell,129.0,MIN,2022-23
Alexander-Walker,Gobert,118.0,MIN,2022-23
Alexander-Walker,Conley,117.0,MIN,2022-23
Edwards,Garza,114.0,MIN,2022-23
Garza,Nowell,113.0,MIN,2022-23
Garza,Prince,110.0,MIN,2022-23
Knight,Rivers,110.0,MIN,2022-23
Conley,Reid,107.0,MIN,2022-23
Forbes,Reid,107.0,MIN,2022-23
Edwards,Forbes,105.0,MIN,2022-23
Forbes,Gobert,101.0,MIN,2022-23
Forbes,Russell,98.0,MIN,2022-23
Knight,McDaniels,97.0,MIN,2022-23
Knight,Russell,95.0,MIN,2022-23
McLaughlin,Rivers,83.0,MIN,2022-23
Edwards,Ryan,83.0,MIN,2022-23
Reid,Towns,82.0,MIN,2022-23
Garza,Rivers,79.0,MIN,2022-23
Garza,Ryan,78.0,MIN,2022-23
Forbes,McDaniels,77.0,MIN,2022-23
Rivers,Towns,76.0,MIN,2022-23
Garza,McDaniels,70.0,MIN,2022-23
Russell,Ryan,69.0,MIN,2022-23
Knight,Ryan,64.0,MIN,2022-23
Nowell,Ryan,61.0,MIN,2022-23
Garza,Minott,61.0,MIN,2022-23
Garza,Knight,61.0,MIN,2022-23
Anderson,Knight,60.0,MIN,2022-23
Rivers,Ryan,59.0,MIN,2022-23
Minott,Moore Jr.,57.0,MIN,2022-23
Anderson,Garza,56.0,MIN,2022-23
Knight,Reid,55.0,MIN,2022-23
Garza,Russell,55.0,MIN,2022-23
Reid,Ryan,54.0,MIN,2022-23
Moore Jr.,Reid,52.0,MIN,2022-23
Anderson,Forbes,52.0,MIN,2022-23
Alexander-Walker,Towns,52.0,MIN,2022-23
Knight,Moore Jr.,52.0,MIN,2022-23
Edwards,Moore Jr.,52.0,MIN,2022-23
Forbes,Prince,51.0,MIN,2022-23
Garza,Moore Jr.,51.0,MIN,2022-23
Knight,Minott,50.0,MIN,2022-23
Forbes,Towns,50.0,MIN,2022-23
Anderson,Moore Jr.,49.0,MIN,2022-23
Moore Jr.,Nowell,47.0,MIN,2022-23
McDaniels,Ryan,46.0,MIN,2022-23
Minott,Ryan,44.0,MIN,2022-23
Moore Jr.,Ryan,44.0,MIN,2022-23
Moore Jr.,Russell,43.0,MIN,2022-23
Forbes,Knight,43.0,MIN,2022-23
Knight,Prince,41.0,MIN,2022-23
Forbes,Rivers,41.0,MIN,2022-23
Forbes,Moore Jr.,41.0,MIN,2022-23
Gobert,Ryan,40.0,MIN,2022-23
Garza,McLaughlin,38.0,MIN,2022-23
Knight,McLaughlin,38.0,MIN,2022-23
Conley,Rivers,35.0,MIN,2022-23
Alexander-Walker,Rivers,35.0,MIN,2022-23
Forbes,Ryan,33.0,MIN,2022-23
Conley,Nowell,32.0,MIN,2022-23
McLaughlin,Minott,31.0,MIN,2022-23
McLaughlin,Russell,31.0,MIN,2022-23
Gobert,Knight,30.0,MIN,2022-23
Gobert,Moore Jr.,27.0,MIN,2022-23
Forbes,Garza,25.0,MIN,2022-23
Alexander-Walker,Nowell,24.0,MIN,2022-23
Forbes,Minott,23.0,MIN,2022-23
Conley,McLaughlin,19.0,MIN,2022-23
McDaniels,Moore Jr.,19.0,MIN,2022-23
Minott,Reid,17.0,MIN,2022-23
Alexander-Walker,Garza,17.0,MIN,2022-23
Moore Jr.,Rivers,17.0,MIN,2022-23
Minott,Prince,16.0,MIN,2022-23
Moore Jr.,Prince,15.0,MIN,2022-23
Edwards,Minott,15.0,MIN,2022-23
Prince,Ryan,15.0,MIN,2022-23
Minott,Nowell,14.0,MIN,2022-23
Anderson,Minott,13.0,MIN,2022-23
Alexander-Walker,Minott,12.0,MIN,2022-23
Alexander-Walker,Knight,12.0,MIN,2022-23
Forbes,McLaughlin,12.0,MIN,2022-23
Anderson,Ryan,9.0,MIN,2022-23
McLaughlin,Moore Jr.,8.0,MIN,2022-23
McDaniels,Minott,8.0,MIN,2022-23
Garza,Reid,5.0,MIN,2022-23
Conley,Garza,5.0,MIN,2022-23
Knight,Lawson,2.0,MIN,2022-23
Lawson,McLaughlin,2.0,MIN,2022-23
Lawson,Nowell,2.0,MIN,2022-23
Lawson,Reid,2.0,MIN,2022-23
Alexander-Walker,Moore Jr.,2.0,MIN,2022-23
Garza,Towns,2.0,MIN,2022-23
Gobert,Minott,2.0,MIN,2022-23
Conley,Minott,1.0,MIN,2022-23
McLaughlin,Ryan,1.0,MIN,2022-23
McCollum,Murphy III,1841.0,NOP,2022-23
McCollum,Valanciunas,1537.0,NOP,2022-23
Jones,McCollum,1449.0,NOP,2022-23
Murphy III,Valanciunas,1362.0,NOP,2022-23
Jones,Murphy III,1258.0,NOP,2022-23
Ingram,Jones,1188.0,NOP,2022-23
Jones,Valanciunas,1158.0,NOP,2022-23
Marshall,McCollum,1133.0,NOP,2022-23
Ingram,McCollum,1041.0,NOP,2022-23
Marshall,Murphy III,987.0,NOP,2022-23
Ingram,Murphy III,880.0,NOP,2022-23
Marshall,Valanciunas,807.0,NOP,2022-23
Ingram,Valanciunas,789.0,NOP,2022-23
McCollum,Nance Jr.,772.0,NOP,2022-23
Murphy III,Nance Jr.,721.0,NOP,2022-23
Marshall,Nance Jr.,669.0,NOP,2022-23
Alvarado,Murphy III,637.0,NOP,2022-23
McCollum,Williamson,617.0,NOP,2022-23
Alvarado,Marshall,607.0,NOP,2022-23
Alvarado,Nance Jr.,595.0,NOP,2022-23
Alvarado,McCollum,571.0,NOP,2022-23
Alvarado,Valanciunas,567.0,NOP,2022-23
Ingram,Nance Jr.,563.0,NOP,2022-23
Murphy III,Williamson,524.0,NOP,2022-23
Jones,Nance Jr.,511.0,NOP,2022-23
Daniels,McCollum,510.0,NOP,2022-23
Daniels,Murphy III,490.0,NOP,2022-23
Valanciunas,Williamson,474.0,NOP,2022-23
Alvarado,Jones,466.0,NOP,2022-23
Graham,Marshall,452.0,NOP,2022-23
Jones,Marshall,433.0,NOP,2022-23
Graham,Nance Jr.,425.0,NOP,2022-23
Daniels,Marshall,420.0,NOP,2022-23
Daniels,Valanciunas,386.0,NOP,2022-23
Jones,Williamson,377.0,NOP,2022-23
Ingram,Marshall,370.0,NOP,2022-23
Daniels,Nance Jr.,368.0,NOP,2022-23
Nance Jr.,Williamson,345.0,NOP,2022-23
McCollum,Richardson,336.0,NOP,2022-23
Alvarado,Williamson,329.0,NOP,2022-23
Alvarado,Graham,327.0,NOP,2022-23
Marshall,Williamson,316.0,NOP,2022-23
Alvarado,Daniels,306.0,NOP,2022-23
Hayes,Marshall,302.0,NOP,2022-23
Ingram,Richardson,298.0,NOP,2022-23
Alvarado,Ingram,298.0,NOP,2022-23
Graham,Murphy III,291.0,NOP,2022-23
Hayes,McCollum,275.0,NOP,2022-23
Marshall,Richardson,261.0,NOP,2022-23
Murphy III,Richardson,255.0,NOP,2022-23
Graham,Valanciunas,253.0,NOP,2022-23
Daniels,Jones,250.0,NOP,2022-23
Graham,Williamson,245.0,NOP,2022-23
Daniels,Graham,242.0,NOP,2022-23
Ingram,Williamson,238.0,NOP,2022-23
Hayes,Murphy III,235.0,NOP,2022-23
Daniels,Hayes,235.0,NOP,2022-23
Daniels,Williamson,234.0,NOP,2022-23
Alvarado,Hayes,233.0,NOP,2022-23
Graham,McCollum,231.0,NOP,2022-23
Richardson,Valanciunas,228.0,NOP,2022-23
Jones,Richardson,217.0,NOP,2022-23
Hernangomez,McCollum,209.0,NOP,2022-23
Hernangomez,Marshall,204.0,NOP,2022-23
Graham,Hayes,203.0,NOP,2022-23
Hernangomez,Murphy III,187.0,NOP,2022-23
Daniels,Hernangomez,181.0,NOP,2022-23
Daniels,Ingram,174.0,NOP,2022-23
Alvarado,Hernangomez,174.0,NOP,2022-23
Nance Jr.,Richardson,173.0,NOP,2022-23
Graham,Hernangomez,171.0,NOP,2022-23
Daniels,Richardson,156.0,NOP,2022-23
Hayes,Valanciunas,144.0,NOP,2022-23
Graham,Jones,136.0,NOP,2022-23
Hernangomez,Jones,134.0,NOP,2022-23
Hayes,Jones,132.0,NOP,2022-23
Hayes,Hernangomez,129.0,NOP,2022-23
Lewis Jr.,Marshall,127.0,NOP,2022-23
Graham,Ingram,122.0,NOP,2022-23
Hayes,Lewis Jr.,121.0,NOP,2022-23
Hayes,Nance Jr.,113.0,NOP,2022-23
Hernangomez,Temple,108.0,NOP,2022-23
Daniels,Temple,101.0,NOP,2022-23
Hayes,Temple,94.0,NOP,2022-23
Lewis Jr.,Murphy III,83.0,NOP,2022-23
Daniels,Lewis Jr.,77.0,NOP,2022-23
Hayes,Richardson,77.0,NOP,2022-23
Hernangomez,Lewis Jr.,75.0,NOP,2022-23
Hernangomez,Williamson,75.0,NOP,2022-23
Hayes,Ingram,73.0,NOP,2022-23
Nance Jr.,Valanciunas,72.0,NOP,2022-23
Hernangomez,Nance Jr.,70.0,NOP,2022-23
Hernangomez,Ingram,66.0,NOP,2022-23
Graham,Temple,66.0,NOP,2022-23
Jones,Lewis Jr.,65.0,NOP,2022-23
Lewis Jr.,Temple,63.0,NOP,2022-23
Ingram,Lewis Jr.,60.0,NOP,2022-23
Lewis Jr.,Nance Jr.,53.0,NOP,2022-23
Lewis Jr.,Valanciunas,53.0,NOP,2022-23
Graham,Lewis Jr.,41.0,NOP,2022-23
Hernangomez,Richardson,39.0,NOP,2022-23
Alvarado,Richardson,39.0,NOP,2022-23
Lewis Jr.,Richardson,38.0,NOP,2022-23
Marshall,Temple,36.0,NOP,2022-23
Nance Jr.,Temple,29.0,NOP,2022-23
Alvarado,Temple,29.0,NOP,2022-23
Lewis Jr.,McCollum,28.0,NOP,2022-23
Alvarado,Lewis Jr.,26.0,NOP,2022-23
Temple,Valanciunas,26.0,NOP,2022-23
McCollum,Temple,22.0,NOP,2022-23
Murphy III,Temple,20.0,NOP,2022-23
Hayes,Seabron,12.0,NOP,2022-23
Richardson,Temple,11.0,NOP,2022-23
Jones,Temple,10.0,NOP,2022-23
Hayes,Williamson,10.0,NOP,2022-23
Lewis Jr.,Seabron,10.0,NOP,2022-23
Alvarado,Seabron,8.0,NOP,2022-23
Temple,Williamson,8.0,NOP,2022-23
Hernangomez,Seabron,6.0,NOP,2022-23
Daniels,Seabron,6.0,NOP,2022-23
Seabron,Temple,5.0,NOP,2022-23
Graham,Seabron,3.0,NOP,2022-23
Murphy III,Seabron,1.0,NOP,2022-23
Nance Jr.,Seabron,1.0,NOP,2022-23
Brunson,Randle,2025.0,NYK,2022-23
Barrett,Randle,1781.0,NYK,2022-23
Grimes,Randle,1768.0,NYK,2022-23
Barrett,Brunson,1590.0,NYK,2022-23
Brunson,Grimes,1412.0,NYK,2022-23
Quickley,Randle,1353.0,NYK,2022-23
Randle,Robinson,1336.0,NYK,2022-23
Barrett,Grimes,1172.0,NYK,2022-23
Grimes,Robinson,1125.0,NYK,2022-23
Hartenstein,Quickley,1122.0,NYK,2022-23
Brunson,Robinson,1110.0,NYK,2022-23
Barrett,Robinson,1068.0,NYK,2022-23
Grimes,Quickley,1063.0,NYK,2022-23
Barrett,Quickley,1030.0,NYK,2022-23
Brunson,Quickley,971.0,NYK,2022-23
Barrett,Hartenstein,878.0,NYK,2022-23
Hartenstein,Randle,826.0,NYK,2022-23
Quickley,Robinson,813.0,NYK,2022-23
Quickley,Toppin,809.0,NYK,2022-23
Brunson,Hartenstein,723.0,NYK,2022-23
Hartenstein,Toppin,604.0,NYK,2022-23
Barrett,Toppin,589.0,NYK,2022-23
Hart,Quickley,567.0,NYK,2022-23
Grimes,Hartenstein,548.0,NYK,2022-23
Barrett,Sims,513.0,NYK,2022-23
Hartenstein,McBride,500.0,NYK,2022-23
McBride,Quickley,497.0,NYK,2022-23
Brunson,Sims,480.0,NYK,2022-23
Randle,Sims,479.0,NYK,2022-23
Quickley,Sims,458.0,NYK,2022-23
Hart,Hartenstein,451.0,NYK,2022-23
Grimes,Sims,426.0,NYK,2022-23
Barrett,McBride,350.0,NYK,2022-23
Barrett,Hart,348.0,NYK,2022-23
Brunson,Toppin,347.0,NYK,2022-23
Hart,Randle,346.0,NYK,2022-23
Hart,Toppin,309.0,NYK,2022-23
Grimes,McBride,301.0,NYK,2022-23
McBride,Randle,298.0,NYK,2022-23
McBride,Toppin,290.0,NYK,2022-23
Randle,Reddish,284.0,NYK,2022-23
Brunson,Reddish,274.0,NYK,2022-23
Hartenstein,Reddish,272.0,NYK,2022-23
Quickley,Rose,270.0,NYK,2022-23
Fournier,Randle,262.0,NYK,2022-23
Grimes,Hart,261.0,NYK,2022-23
Grimes,Toppin,258.0,NYK,2022-23
Hart,Robinson,248.0,NYK,2022-23
Brunson,Hart,247.0,NYK,2022-23
Brunson,Fournier,245.0,NYK,2022-23
Barrett,Reddish,237.0,NYK,2022-23
Barrett,Fournier,230.0,NYK,2022-23
Hartenstein,Rose,221.0,NYK,2022-23
Fournier,Hartenstein,214.0,NYK,2022-23
Robinson,Toppin,203.0,NYK,2022-23
McBride,Sims,202.0,NYK,2022-23
Quickley,Reddish,190.0,NYK,2022-23
Fournier,Quickley,188.0,NYK,2022-23
Rose,Toppin,187.0,NYK,2022-23
Reddish,Toppin,180.0,NYK,2022-23
Sims,Toppin,170.0,NYK,2022-23
McBride,Robinson,169.0,NYK,2022-23
Fournier,Robinson,169.0,NYK,2022-23
Hart,McBride,147.0,NYK,2022-23
Reddish,Rose,147.0,NYK,2022-23
Fournier,Toppin,142.0,NYK,2022-23
Randle,Rose,133.0,NYK,2022-23
Fournier,McBride,127.0,NYK,2022-23
Hartenstein,Sims,127.0,NYK,2022-23
Rose,Sims,103.0,NYK,2022-23
Fournier,Sims,102.0,NYK,2022-23
Barrett,Rose,98.0,NYK,2022-23
Reddish,Sims,78.0,NYK,2022-23
Randle,Toppin,72.0,NYK,2022-23
Brunson,McBride,70.0,NYK,2022-23
Grimes,Rose,66.0,NYK,2022-23
Fournier,Rose,60.0,NYK,2022-23
Reddish,Robinson,50.0,NYK,2022-23
Fournier,Grimes,45.0,NYK,2022-23
Robinson,Rose,37.0,NYK,2022-23
McBride,Mykhailiuk,35.0,NYK,2022-23
Hart,Sims,34.0,NYK,2022-23
Fournier,Hart,34.0,NYK,2022-23
Mykhailiuk,Sims,31.0,NYK,2022-23
Mykhailiuk,Quickley,24.0,NYK,2022-23
McBride,Rose,24.0,NYK,2022-23
Arcidiacono,Mykhailiuk,21.0,NYK,2022-23
Arcidiacono,McBride,20.0,NYK,2022-23
Fournier,Reddish,19.0,NYK,2022-23
Arcidiacono,Sims,18.0,NYK,2022-23
Hartenstein,Mykhailiuk,14.0,NYK,2022-23
Mykhailiuk,Toppin,12.0,NYK,2022-23
Arcidiacono,Hartenstein,11.0,NYK,2022-23
Robinson,Sims,11.0,NYK,2022-23
Arcidiacono,Quickley,9.0,NYK,2022-23
Arcidiacono,Grimes,9.0,NYK,2022-23
Keels,Sims,8.0,NYK,2022-23
Keels,McBride,8.0,NYK,2022-23
Grimes,Mykhailiuk,8.0,NYK,2022-23
Keels,Toppin,7.0,NYK,2022-23
Grimes,Keels,7.0,NYK,2022-23
Grimes,Reddish,7.0,NYK,2022-23
Brunson,Rose,6.0,NYK,2022-23
Arcidiacono,Toppin,5.0,NYK,2022-23
Hartenstein,Robinson,5.0,NYK,2022-23
Arcidiacono,Fournier,3.0,NYK,2022-23
Arcidiacono,Rose,2.0,NYK,2022-23
Mykhailiuk,Rose,2.0,NYK,2022-23
McBride,Reddish,2.0,NYK,2022-23
Arcidiacono,Keels,1.0,NYK,2022-23
Keels,Mykhailiuk,1.0,NYK,2022-23
Arcidiacono,Randle,1.0,NYK,2022-23
Fournier,Mykhailiuk,0.0,NYK,2022-23
Giddey,Williams,2707.0,OKC,2022-23
Gilgeous-Alexander,Williams,2430.0,OKC,2022-23
Dort,Williams,2353.0,OKC,2022-23
Dort,Gilgeous-Alexander,1628.0,OKC,2022-23
Dort,Giddey,1521.0,OKC,2022-23
Giddey,Gilgeous-Alexander,1362.0,OKC,2022-23
Joe,Williams,1355.0,OKC,2022-23
Williams,Williams,1322.0,OKC,2022-23
Wiggins,Williams,1087.0,OKC,2022-23
Mann,Williams,957.0,OKC,2022-23
Gilgeous-Alexander,Joe,686.0,OKC,2022-23
Dort,Joe,638.0,OKC,2022-23
Giddey,Wiggins,573.0,OKC,2022-23
Gilgeous-Alexander,Wiggins,568.0,OKC,2022-23
Giddey,Joe,552.0,OKC,2022-23
Robinson-Earl,Williams,522.0,OKC,2022-23
Gilgeous-Alexander,Muscala,472.0,OKC,2022-23
Gilgeous-Alexander,Pokusevski,471.0,OKC,2022-23
Bazley,Williams,460.0,OKC,2022-23
Giddey,Robinson-Earl,457.0,OKC,2022-23
Dort,Pokusevski,452.0,OKC,2022-23
Dort,Robinson-Earl,448.0,OKC,2022-23
Dort,Wiggins,446.0,OKC,2022-23
Pokusevski,Williams,443.0,OKC,2022-23
Muscala,Williams,436.0,OKC,2022-23
Joe,Wiggins,406.0,OKC,2022-23
Giddey,Mann,405.0,OKC,2022-23
Gilgeous-Alexander,Robinson-Earl,400.0,OKC,2022-23
Mann,Wiggins,390.0,OKC,2022-23
Giddey,Pokusevski,380.0,OKC,2022-23
Dieng,Williams,364.0,OKC,2022-23
Waters III,Williams,357.0,OKC,2022-23
Gilgeous-Alexander,Mann,349.0,OKC,2022-23
Dieng,Mann,291.0,OKC,2022-23
Dort,Mann,287.0,OKC,2022-23
Bazley,Mann,287.0,OKC,2022-23
Bazley,Giddey,272.0,OKC,2022-23
Mann,Robinson-Earl,265.0,OKC,2022-23
Dort,Muscala,260.0,OKC,2022-23
Giddey,Muscala,254.0,OKC,2022-23
Joe,Mann,245.0,OKC,2022-23
Joe,Muscala,230.0,OKC,2022-23
Bazley,Gilgeous-Alexander,219.0,OKC,2022-23
Omoruyi,Williams,216.0,OKC,2022-23
Muscala,Wiggins,191.0,OKC,2022-23
Mann,Muscala,190.0,OKC,2022-23
Waters III,Wiggins,186.0,OKC,2022-23
Joe,Waters III,185.0,OKC,2022-23
Saric,Williams,175.0,OKC,2022-23
Gilgeous-Alexander,Waters III,174.0,OKC,2022-23
Bazley,Dort,167.0,OKC,2022-23
Pokusevski,Robinson-Earl,166.0,OKC,2022-23
Dieng,Giddey,161.0,OKC,2022-23
Mann,Pokusevski,161.0,OKC,2022-23
Robinson-Earl,Wiggins,160.0,OKC,2022-23
Dieng,Wiggins,159.0,OKC,2022-23
Dieng,Joe,157.0,OKC,2022-23
Pokusevski,Wiggins,156.0,OKC,2022-23
Joe,Saric,151.0,OKC,2022-23
Dort,Waters III,151.0,OKC,2022-23
Mann,Waters III,146.0,OKC,2022-23
Bazley,Wiggins,144.0,OKC,2022-23
Giddey,Waters III,143.0,OKC,2022-23
Bazley,Dieng,138.0,OKC,2022-23
Joe,Robinson-Earl,133.0,OKC,2022-23
Saric,Wiggins,130.0,OKC,2022-23
Dieng,Robinson-Earl,130.0,OKC,2022-23
Dieng,Gilgeous-Alexander,130.0,OKC,2022-23
Mann,Omoruyi,123.0,OKC,2022-23
Bazley,Joe,120.0,OKC,2022-23
Giddey,Omoruyi,112.0,OKC,2022-23
Giddey,Saric,100.0,OKC,2022-23
Bazley,Pokusevski,99.0,OKC,2022-23
Joe,Pokusevski,98.0,OKC,2022-23
Gilgeous-Alexander,Omoruyi,91.0,OKC,2022-23
Dieng,Waters III,88.0,OKC,2022-23
Omoruyi,Wiggins,87.0,OKC,2022-23
Dieng,Dort,87.0,OKC,2022-23
Dieng,Pokusevski,82.0,OKC,2022-23
Dieng,Saric,82.0,OKC,2022-23
Joe,Omoruyi,81.0,OKC,2022-23
Muscala,Waters III,80.0,OKC,2022-23
Saric,Waters III,79.0,OKC,2022-23
Butler,Mann,75.0,OKC,2022-23
Dort,Omoruyi,73.0,OKC,2022-23
Robinson-Earl,Waters III,69.0,OKC,2022-23
Butler,Dieng,67.0,OKC,2022-23
Dieng,Sarr,66.0,OKC,2022-23
Mann,Sarr,63.0,OKC,2022-23
Dort,Saric,62.0,OKC,2022-23
Gilgeous-Alexander,Saric,57.0,OKC,2022-23
Butler,Sarr,54.0,OKC,2022-23
Bazley,Muscala,53.0,OKC,2022-23
Butler,Robinson-Earl,52.0,OKC,2022-23
Robinson-Earl,Sarr,52.0,OKC,2022-23
Mann,Saric,46.0,OKC,2022-23
Omoruyi,Waters III,44.0,OKC,2022-23
Omoruyi,Pokusevski,42.0,OKC,2022-23
Dieng,Muscala,38.0,OKC,2022-23
Robinson-Earl,Saric,35.0,OKC,2022-23
Dort,Sarr,31.0,OKC,2022-23
Bazley,Robinson-Earl,29.0,OKC,2022-23
Muscala,Robinson-Earl,28.0,OKC,2022-23
Bazley,Omoruyi,27.0,OKC,2022-23
Gilgeous-Alexander,Sarr,27.0,OKC,2022-23
Joe,Sarr,27.0,OKC,2022-23
Muscala,Pokusevski,25.0,OKC,2022-23
Giddey,Sarr,25.0,OKC,2022-23
Sarr,Williams,24.0,OKC,2022-23
Muscala,Omoruyi,23.0,OKC,2022-23
Sarr,Waters III,23.0,OKC,2022-23
Butler,Waters III,19.0,OKC,2022-23
Sarr,Wiggins,16.0,OKC,2022-23
Omoruyi,Robinson-Earl,14.0,OKC,2022-23
Butler,Wiggins,13.0,OKC,2022-23
Bazley,Waters III,13.0,OKC,2022-23
Pokusevski,Waters III,11.0,OKC,2022-23
Butler,Williams,10.0,OKC,2022-23
Dieng,Omoruyi,8.0,OKC,2022-23
Butler,Pokusevski,6.0,OKC,2022-23
Butler,Saric,4.0,OKC,2022-23
Omoruyi,Saric,3.0,OKC,2022-23
Banchero,Wagner,2140.0,ORL,2022-23
Banchero,Fultz,1636.0,ORL,2022-23
Bol,Wagner,1621.0,ORL,2022-23
Fultz,Wagner,1613.0,ORL,2022-23
Anthony,Wagner,1489.0,ORL,2022-23
Banchero,Carter Jr.,1357.0,ORL,2022-23
Banchero,Harris,1232.0,ORL,2022-23
Suggs,Wagner,1212.0,ORL,2022-23
Carter Jr.,Wagner,1187.0,ORL,2022-23
Harris,Wagner,1168.0,ORL,2022-23
Carter Jr.,Fultz,1054.0,ORL,2022-23
Fultz,Harris,1022.0,ORL,2022-23
Carter Jr.,Harris,963.0,ORL,2022-23
Ross,Wagner,791.0,ORL,2022-23
Wagner,Wagner,739.0,ORL,2022-23
Anthony,Banchero,715.0,ORL,2022-23
Banchero,Bol,714.0,ORL,2022-23
Houstan,Wagner,625.0,ORL,2022-23
Bol,Suggs,574.0,ORL,2022-23
Anthony,Suggs,543.0,ORL,2022-23
Banchero,Suggs,532.0,ORL,2022-23
Anthony,Bol,504.0,ORL,2022-23
Anthony,Ross,481.0,ORL,2022-23
Anthony,Carter Jr.,449.0,ORL,2022-23
Anthony,Fultz,445.0,ORL,2022-23
Carter Jr.,Suggs,443.0,ORL,2022-23
Bamba,Wagner,409.0,ORL,2022-23
Bol,Fultz,386.0,ORL,2022-23
Banchero,Ross,377.0,ORL,2022-23
Anthony,Harris,372.0,ORL,2022-23
Bamba,Ross,354.0,ORL,2022-23
Carter Jr.,Ross,346.0,ORL,2022-23
Fultz,Suggs,341.0,ORL,2022-23
Bol,Carter Jr.,331.0,ORL,2022-23
Bol,Harris,326.0,ORL,2022-23
Bol,Okeke,312.0,ORL,2022-23
Anthony,Houstan,307.0,ORL,2022-23
Bol,Houstan,307.0,ORL,2022-23
Anthony,Bamba,302.0,ORL,2022-23
Okeke,Wagner,272.0,ORL,2022-23
Schofield,Wagner,261.0,ORL,2022-23
Bol,Ross,249.0,ORL,2022-23
Harris,Houstan,237.0,ORL,2022-23
Banchero,Houstan,232.0,ORL,2022-23
Okeke,Suggs,232.0,ORL,2022-23
Bamba,Banchero,212.0,ORL,2022-23
Bamba,Bol,205.0,ORL,2022-23
Houstan,Ross,203.0,ORL,2022-23
Anthony,Bitadze,195.0,ORL,2022-23
Anthony,Schofield,193.0,ORL,2022-23
Ross,Suggs,190.0,ORL,2022-23
Ross,Schofield,190.0,ORL,2022-23
Bitadze,Wagner,190.0,ORL,2022-23
Bamba,Harris,189.0,ORL,2022-23
Harris,Schofield,187.0,ORL,2022-23
Houstan,Suggs,176.0,ORL,2022-23
Bamba,Okeke,174.0,ORL,2022-23
Houstan,Okeke,174.0,ORL,2022-23
Houstan,Schofield,171.0,ORL,2022-23
Hampton,Wagner,166.0,ORL,2022-23
Bamba,Suggs,163.0,ORL,2022-23
Harris,Ross,159.0,ORL,2022-23
Carter Jr.,Houstan,158.0,ORL,2022-23
Bol,Hampton,156.0,ORL,2022-23
Bamba,Houstan,155.0,ORL,2022-23
Harris,Okeke,153.0,ORL,2022-23
Carter Jr.,Okeke,151.0,ORL,2022-23
Harris,Suggs,146.0,ORL,2022-23
Bol,Schofield,145.0,ORL,2022-23
Banchero,Hampton,144.0,ORL,2022-23
Bamba,Hampton,142.0,ORL,2022-23
Hampton,Houstan,137.0,ORL,2022-23
Bamba,Schofield,137.0,ORL,2022-23
Bitadze,Suggs,132.0,ORL,2022-23
Hampton,Harris,128.0,ORL,2022-23
Fultz,Ross,125.0,ORL,2022-23
Hampton,Ross,118.0,ORL,2022-23
Okeke,Ross,117.0,ORL,2022-23
Hampton,Okeke,108.0,ORL,2022-23
Fultz,Houstan,105.0,ORL,2022-23
Bamba,Carter Jr.,102.0,ORL,2022-23
Bitadze,Houstan,100.0,ORL,2022-23
Banchero,Isaac,99.0,ORL,2022-23
Banchero,Okeke,95.0,ORL,2022-23
Okeke,Schofield,91.0,ORL,2022-23
Hampton,Schofield,88.0,ORL,2022-23
Bamba,Fultz,87.0,ORL,2022-23
Fultz,Isaac,83.0,ORL,2022-23
Carter Jr.,Hampton,73.0,ORL,2022-23
Bitadze,Bol,72.0,ORL,2022-23
Banchero,Schofield,72.0,ORL,2022-23
Schofield,Suggs,72.0,ORL,2022-23
Bitadze,Harris,68.0,ORL,2022-23
Hampton,Suggs,63.0,ORL,2022-23
Isaac,Wagner,59.0,ORL,2022-23
Isaac,Suggs,58.0,ORL,2022-23
Bitadze,Fultz,58.0,ORL,2022-23
Carter Jr.,Isaac,57.0,ORL,2022-23
Anthony,Isaac,52.0,ORL,2022-23
Bitadze,Schofield,48.0,ORL,2022-23
Banchero,Bitadze,47.0,ORL,2022-23
Anthony,Okeke,47.0,ORL,2022-23
Harris,Isaac,45.0,ORL,2022-23
Anthony,Hampton,44.0,ORL,2022-23
Fultz,Schofield,41.0,ORL,2022-23
Bitadze,Okeke,34.0,ORL,2022-23
Carter-Williams,Okeke,31.0,ORL,2022-23
Carter-Williams,Harris,28.0,ORL,2022-23
Bitadze,Carter-Williams,27.0,ORL,2022-23
Carter-Williams,Schofield,26.0,ORL,2022-23
Carter-Williams,Houstan,23.0,ORL,2022-23
Bol,Isaac,22.0,ORL,2022-23
Carter Jr.,Schofield,20.0,ORL,2022-23
Harris,Scrubb,19.0,ORL,2022-23
Harris,Harris,19.0,ORL,2022-23
Bol,Carter-Williams,17.0,ORL,2022-23
Fultz,Okeke,15.0,ORL,2022-23
Okeke,Scrubb,14.0,ORL,2022-23
Schofield,Scrubb,14.0,ORL,2022-23
Houstan,Scrubb,14.0,ORL,2022-23
Bitadze,Scrubb,13.0,ORL,2022-23
Carter-Williams,Scrubb,13.0,ORL,2022-23
Bol,Scrubb,11.0,ORL,2022-23
Bamba,Isaac,9.0,ORL,2022-23
Fultz,Hampton,9.0,ORL,2022-23
Houstan,Isaac,8.0,ORL,2022-23
Scrubb,Wagner,7.0,ORL,2022-23
Carter-Williams,Wagner,4.0,ORL,2022-23
Scrubb,Suggs,3.0,ORL,2022-23
Anthony,Carter-Williams,2.0,ORL,2022-23
Carter Jr.,Carter-Williams,1.0,ORL,2022-23
Embiid,Harris,1658.0,PHI,2022-23
Harden,Harris,1626.0,PHI,2022-23
Harris,Tucker,1572.0,PHI,2022-23
Harris,Melton,1524.0,PHI,2022-23
Embiid,Harden,1483.0,PHI,2022-23
Embiid,Melton,1437.0,PHI,2022-23
Embiid,Tucker,1414.0,PHI,2022-23
Harden,Tucker,1334.0,PHI,2022-23
Harris,Maxey,1297.0,PHI,2022-23
Harden,Melton,1239.0,PHI,2022-23
Embiid,Maxey,1199.0,PHI,2022-23
Melton,Tucker,1193.0,PHI,2022-23
Harden,Maxey,1066.0,PHI,2022-23
Milton,Niang,927.0,PHI,2022-23
Maxey,Tucker,921.0,PHI,2022-23
Maxey,Melton,832.0,PHI,2022-23
Maxey,Niang,797.0,PHI,2022-23
Embiid,Niang,614.0,PHI,2022-23
Melton,Niang,584.0,PHI,2022-23
Embiid,Milton,571.0,PHI,2022-23
Melton,Milton,554.0,PHI,2022-23
Harris,Milton,545.0,PHI,2022-23
Maxey,Milton,524.0,PHI,2022-23
Milton,Reed,486.0,PHI,2022-23
Harden,Niang,482.0,PHI,2022-23
House Jr.,Milton,474.0,PHI,2022-23
Harrell,Milton,449.0,PHI,2022-23
Harris,Niang,421.0,PHI,2022-23
Niang,Reed,418.0,PHI,2022-23
Milton,Tucker,407.0,PHI,2022-23
House Jr.,Niang,405.0,PHI,2022-23
Harrell,Niang,388.0,PHI,2022-23
Milton,Thybulle,339.0,PHI,2022-23
Harden,Milton,332.0,PHI,2022-23
Harrell,Maxey,325.0,PHI,2022-23
Niang,Thybulle,317.0,PHI,2022-23
House Jr.,Melton,311.0,PHI,2022-23
Embiid,House Jr.,301.0,PHI,2022-23
Maxey,Reed,297.0,PHI,2022-23
Maxey,Thybulle,294.0,PHI,2022-23
Harrell,Harris,284.0,PHI,2022-23
Melton,Reed,276.0,PHI,2022-23
Harris,Reed,275.0,PHI,2022-23
House Jr.,Reed,268.0,PHI,2022-23
Harrell,Melton,260.0,PHI,2022-23
McDaniels,Niang,255.0,PHI,2022-23
McDaniels,Milton,250.0,PHI,2022-23
Harden,Reed,246.0,PHI,2022-23
Korkmaz,Milton,242.0,PHI,2022-23
Embiid,Thybulle,237.0,PHI,2022-23
House Jr.,Maxey,230.0,PHI,2022-23
Harrell,Thybulle,221.0,PHI,2022-23
Harden,Harrell,220.0,PHI,2022-23
McDaniels,Reed,219.0,PHI,2022-23
Niang,Tucker,217.0,PHI,2022-23
Maxey,McDaniels,213.0,PHI,2022-23
Harris,Thybulle,208.0,PHI,2022-23
Harden,House Jr.,201.0,PHI,2022-23
House Jr.,Korkmaz,195.0,PHI,2022-23
Korkmaz,Reed,190.0,PHI,2022-23
Harris,House Jr.,186.0,PHI,2022-23
Harrell,Tucker,178.0,PHI,2022-23
Harrell,House Jr.,171.0,PHI,2022-23
Harden,Thybulle,167.0,PHI,2022-23
Embiid,McDaniels,152.0,PHI,2022-23
Korkmaz,Niang,152.0,PHI,2022-23
Thybulle,Tucker,151.0,PHI,2022-23
Harden,McDaniels,147.0,PHI,2022-23
McDaniels,Melton,138.0,PHI,2022-23
Melton,Thybulle,131.0,PHI,2022-23
House Jr.,Tucker,127.0,PHI,2022-23
House Jr.,McDaniels,112.0,PHI,2022-23
Reed,Tucker,103.0,PHI,2022-23
Reed,Thybulle,103.0,PHI,2022-23
House Jr.,Thybulle,90.0,PHI,2022-23
Harrell,Korkmaz,88.0,PHI,2022-23
Harris,Korkmaz,84.0,PHI,2022-23
Korkmaz,Melton,83.0,PHI,2022-23
Milton,Springer,81.0,PHI,2022-23
Korkmaz,Thybulle,65.0,PHI,2022-23
Embiid,Korkmaz,55.0,PHI,2022-23
Korkmaz,Springer,53.0,PHI,2022-23
Reed,Springer,50.0,PHI,2022-23
Dedmon,Korkmaz,49.0,PHI,2022-23
House Jr.,Springer,47.0,PHI,2022-23
Dedmon,Milton,43.0,PHI,2022-23
Harris,McDaniels,41.0,PHI,2022-23
McDaniels,Springer,39.0,PHI,2022-23
Dedmon,House Jr.,34.0,PHI,2022-23
Korkmaz,McClung,34.0,PHI,2022-23
Korkmaz,McDaniels,32.0,PHI,2022-23
Korkmaz,Tucker,30.0,PHI,2022-23
Harrell,Reed,30.0,PHI,2022-23
Dedmon,Niang,28.0,PHI,2022-23
Harrell,McDaniels,25.0,PHI,2022-23
Dedmon,Maxey,25.0,PHI,2022-23
Niang,Springer,25.0,PHI,2022-23
Dedmon,McClung,25.0,PHI,2022-23
Harrell,Springer,24.0,PHI,2022-23
Dedmon,Harris,21.0,PHI,2022-23
McClung,Milton,21.0,PHI,2022-23
McDaniels,Tucker,21.0,PHI,2022-23
King,Korkmaz,19.0,PHI,2022-23
House Jr.,McClung,19.0,PHI,2022-23
Harrell,McClung,18.0,PHI,2022-23
Dedmon,Melton,17.0,PHI,2022-23
Dedmon,Springer,17.0,PHI,2022-23
McClung,Reed,16.0,PHI,2022-23
King,Milton,16.0,PHI,2022-23
Dedmon,McDaniels,15.0,PHI,2022-23
Dedmon,King,15.0,PHI,2022-23
Dedmon,Harrell,15.0,PHI,2022-23
King,McClung,15.0,PHI,2022-23
Springer,Thybulle,13.0,PHI,2022-23
Harrell,King,13.0,PHI,2022-23
McClung,McDaniels,13.0,PHI,2022-23
Harden,Korkmaz,12.0,PHI,2022-23
Dedmon,Tucker,12.0,PHI,2022-23
Korkmaz,Maxey,12.0,PHI,2022-23
Korkmaz,Lee,11.0,PHI,2022-23
House Jr.,King,11.0,PHI,2022-23
King,Reed,11.0,PHI,2022-23
Embiid,Reed,11.0,PHI,2022-23
House Jr.,Lee,11.0,PHI,2022-23
King,McDaniels,8.0,PHI,2022-23
Lee,Reed,8.0,PHI,2022-23
Champagnie,House Jr.,6.0,PHI,2022-23
Champagnie,Korkmaz,5.0,PHI,2022-23
Champagnie,Reed,5.0,PHI,2022-23
Champagnie,Lee,4.0,PHI,2022-23
Lee,Thybulle,4.0,PHI,2022-23
Melton,Springer,4.0,PHI,2022-23
Harrell,Lee,3.0,PHI,2022-23
Lee,Niang,3.0,PHI,2022-23
McClung,Niang,3.0,PHI,2022-23
Harris,Springer,2.0,PHI,2022-23
Champagnie,Milton,2.0,PHI,2022-23
Champagnie,Melton,1.0,PHI,2022-23
Champagnie,Foster Jr.,1.0,PHI,2022-23
Foster Jr.,House Jr.,1.0,PHI,2022-23
Foster Jr.,Korkmaz,1.0,PHI,2022-23
Foster Jr.,Milton,1.0,PHI,2022-23
Harden,Springer,1.0,PHI,2022-23
Champagnie,Niang,0.0,PHI,2022-23
Embiid,Springer,0.0,PHI,2022-23
Maxey,Springer,0.0,PHI,2022-23
Ayton,Bridges,1332.0,PHX,2022-23
Ayton,Craig,1266.0,PHX,2022-23
Ayton,Paul,1260.0,PHX,2022-23
Bridges,Craig,1179.0,PHX,2022-23
Ayton,Booker,1170.0,PHX,2022-23
Craig,Paul,1058.0,PHX,2022-23
Bridges,Paul,983.0,PHX,2022-23
Booker,Paul,956.0,PHX,2022-23
Booker,Craig,903.0,PHX,2022-23
Booker,Bridges,868.0,PHX,2022-23
Bridges,Lee,766.0,PHX,2022-23
Landale,Lee,760.0,PHX,2022-23
Okogie,Paul,698.0,PHX,2022-23
Lee,Wainright,679.0,PHX,2022-23
Lee,Okogie,639.0,PHX,2022-23
Booker,Okogie,634.0,PHX,2022-23
Ayton,Okogie,618.0,PHX,2022-23
Booker,Payne,600.0,PHX,2022-23
Bridges,Payne,528.0,PHX,2022-23
Craig,Lee,522.0,PHX,2022-23
Ayton,Lee,517.0,PHX,2022-23
Ayton,Payne,476.0,PHX,2022-23
Craig,Okogie,476.0,PHX,2022-23
Craig,Payne,474.0,PHX,2022-23
Biyombo,Lee,469.0,PHX,2022-23
Lee,Paul,401.0,PHX,2022-23
Lee,Saric,379.0,PHX,2022-23
Landale,Wainright,376.0,PHX,2022-23
Biyombo,Bridges,367.0,PHX,2022-23
Johnson,Paul,366.0,PHX,2022-23
Biyombo,Paul,366.0,PHX,2022-23
Bridges,Johnson,364.0,PHX,2022-23
Bridges,Shamet,357.0,PHX,2022-23
Lee,Payne,343.0,PHX,2022-23
Lee,Shamet,343.0,PHX,2022-23
Biyombo,Craig,342.0,PHX,2022-23
Booker,Lee,334.0,PHX,2022-23
Landale,Okogie,331.0,PHX,2022-23
Craig,Shamet,328.0,PHX,2022-23
Biyombo,Okogie,318.0,PHX,2022-23
Okogie,Wainright,318.0,PHX,2022-23
Biyombo,Booker,315.0,PHX,2022-23
Bridges,Landale,309.0,PHX,2022-23
Booker,Landale,302.0,PHX,2022-23
Bridges,Saric,295.0,PHX,2022-23
Landale,Payne,291.0,PHX,2022-23
Ayton,Shamet,282.0,PHX,2022-23
Landale,Shamet,275.0,PHX,2022-23
Paul,Shamet,274.0,PHX,2022-23
Craig,Landale,269.0,PHX,2022-23
Bridges,Wainright,245.0,PHX,2022-23
Lee,Washington Jr.,243.0,PHX,2022-23
Ayton,Wainright,240.0,PHX,2022-23
Lee,Lee,236.0,PHX,2022-23
Paul,Wainright,233.0,PHX,2022-23
Bridges,Okogie,233.0,PHX,2022-23
Biyombo,Wainright,230.0,PHX,2022-23
Landale,Paul,229.0,PHX,2022-23
Booker,Shamet,226.0,PHX,2022-23
Ayton,Johnson,223.0,PHX,2022-23
Durant,Paul,213.0,PHX,2022-23
Biyombo,Shamet,201.0,PHX,2022-23
Ayton,Saric,187.0,PHX,2022-23
Booker,Wainright,185.0,PHX,2022-23
Ayton,Durant,176.0,PHX,2022-23
Booker,Johnson,175.0,PHX,2022-23
Payne,Wainright,175.0,PHX,2022-23
Shamet,Wainright,174.0,PHX,2022-23
Bridges,Washington Jr.,174.0,PHX,2022-23
Booker,Durant,172.0,PHX,2022-23
Wainright,Washington Jr.,170.0,PHX,2022-23
Okogie,Shamet,166.0,PHX,2022-23
Okogie,Payne,163.0,PHX,2022-23
Craig,Saric,163.0,PHX,2022-23
Payne,Shamet,162.0,PHX,2022-23
Lee,Ross,160.0,PHX,2022-23
Biyombo,Payne,160.0,PHX,2022-23
Landale,Saric,156.0,PHX,2022-23
Durant,Okogie,155.0,PHX,2022-23
Okogie,Washington Jr.,154.0,PHX,2022-23
Craig,Johnson,153.0,PHX,2022-23
Okogie,Saric,149.0,PHX,2022-23
Paul,Ross,148.0,PHX,2022-23
Ross,Wainright,146.0,PHX,2022-23
Biyombo,Washington Jr.,146.0,PHX,2022-23
Payne,Ross,143.0,PHX,2022-23
Craig,Wainright,142.0,PHX,2022-23
Landale,Washington Jr.,136.0,PHX,2022-23
Craig,Washington Jr.,134.0,PHX,2022-23
Landale,Ross,131.0,PHX,2022-23
Saric,Shamet,128.0,PHX,2022-23
Paul,Saric,123.0,PHX,2022-23
Biyombo,Saric,121.0,PHX,2022-23
Booker,Ross,119.0,PHX,2022-23
Biyombo,Johnson,118.0,PHX,2022-23
Okogie,Ross,114.0,PHX,2022-23
Craig,Ross,108.0,PHX,2022-23
Ayton,Washington Jr.,104.0,PHX,2022-23
Biyombo,Ross,104.0,PHX,2022-23
Saric,Wainright,101.0,PHX,2022-23
Booker,Warren,100.0,PHX,2022-23
Payne,Warren,95.0,PHX,2022-23
Johnson,Lee,94.0,PHX,2022-23
Bazley,Lee,87.0,PHX,2022-23
Saric,Washington Jr.,83.0,PHX,2022-23
Booker,Washington Jr.,79.0,PHX,2022-23
Ayton,Ross,78.0,PHX,2022-23
Ross,Warren,77.0,PHX,2022-23
Payne,Saric,69.0,PHX,2022-23
Biyombo,Warren,68.0,PHX,2022-23
Landale,Warren,66.0,PHX,2022-23
Durant,Ross,66.0,PHX,2022-23
Johnson,Landale,65.0,PHX,2022-23
Shamet,Washington Jr.,63.0,PHX,2022-23
Booker,Saric,62.0,PHX,2022-23
Shamet,Warren,60.0,PHX,2022-23
Craig,Durant,60.0,PHX,2022-23
Paul,Warren,59.0,PHX,2022-23
Ayton,Landale,59.0,PHX,2022-23
Biyombo,Durant,49.0,PHX,2022-23
Okogie,Warren,48.0,PHX,2022-23
Bazley,Ross,44.0,PHX,2022-23
Wainright,Warren,43.0,PHX,2022-23
Lee,Warren,41.0,PHX,2022-23
Durant,Payne,41.0,PHX,2022-23
Ayton,Warren,40.0,PHX,2022-23
Ross,Shamet,34.0,PHX,2022-23
Craig,Warren,27.0,PHX,2022-23
Johnson,Wainright,27.0,PHX,2022-23
Durant,Landale,26.0,PHX,2022-23
Johnson,Shamet,26.0,PHX,2022-23
Durant,Wainright,24.0,PHX,2022-23
Bazley,Okogie,19.0,PHX,2022-23
Johnson,Okogie,19.0,PHX,2022-23
Durant,Lee,19.0,PHX,2022-23
Paul,Payne,17.0,PHX,2022-23
Bazley,Wainright,16.0,PHX,2022-23
Bazley,Craig,16.0,PHX,2022-23
Durant,Warren,15.0,PHX,2022-23
Johnson,Saric,12.0,PHX,2022-23
Johnson,Payne,11.0,PHX,2022-23
Johnson,Washington Jr.,11.0,PHX,2022-23
Payne,Washington Jr.,10.0,PHX,2022-23
Bazley,Payne,10.0,PHX,2022-23
Bazley,Landale,10.0,PHX,2022-23
Paul,Washington Jr.,9.0,PHX,2022-23
Bazley,Warren,9.0,PHX,2022-23
Durant,Shamet,8.0,PHX,2022-23
Bazley,Paul,7.0,PHX,2022-23
Bazley,Biyombo,5.0,PHX,2022-23
Bazley,Shamet,5.0,PHX,2022-23
Biyombo,Landale,5.0,PHX,2022-23
Bazley,Durant,4.0,PHX,2022-23
Grant,Simons,1572.0,POR,2022-23
Grant,Lillard,1512.0,POR,2022-23
Grant,Hart,1399.0,POR,2022-23
Hart,Simons,1326.0,POR,2022-23
Lillard,Simons,1248.0,POR,2022-23
Hart,Lillard,1246.0,POR,2022-23
Nurkic,Simons,1091.0,POR,2022-23
Grant,Nurkic,1034.0,POR,2022-23
Hart,Nurkic,953.0,POR,2022-23
Lillard,Nurkic,885.0,POR,2022-23
Eubanks,Lillard,861.0,POR,2022-23
Eubanks,Grant,857.0,POR,2022-23
Eubanks,Simons,796.0,POR,2022-23
Eubanks,Sharpe,788.0,POR,2022-23
Sharpe,Watford,726.0,POR,2022-23
Little,Sharpe,650.0,POR,2022-23
Grant,Sharpe,638.0,POR,2022-23
Sharpe,Simons,593.0,POR,2022-23
Eubanks,Hart,583.0,POR,2022-23
Lillard,Sharpe,566.0,POR,2022-23
Grant,Winslow,490.0,POR,2022-23
Lillard,Watford,481.0,POR,2022-23
Simons,Watford,481.0,POR,2022-23
Simons,Winslow,470.0,POR,2022-23
Sharpe,Walker,432.0,POR,2022-23
Hart,Winslow,422.0,POR,2022-23
Eubanks,Little,411.0,POR,2022-23
Nurkic,Sharpe,408.0,POR,2022-23
Little,Simons,400.0,POR,2022-23
Grant,Watford,384.0,POR,2022-23
Lillard,Thybulle,381.0,POR,2022-23
Little,Watford,380.0,POR,2022-23
Nurkic,Winslow,378.0,POR,2022-23
Hart,Sharpe,355.0,POR,2022-23
Grant,Little,327.0,POR,2022-23
Sharpe,Winslow,319.0,POR,2022-23
Lillard,Little,318.0,POR,2022-23
Eubanks,Thybulle,318.0,POR,2022-23
Lillard,Reddish,312.0,POR,2022-23
Eubanks,Winslow,293.0,POR,2022-23
Eubanks,Watford,283.0,POR,2022-23
Reddish,Thybulle,282.0,POR,2022-23
Thybulle,Watford,277.0,POR,2022-23
Johnson,Sharpe,268.0,POR,2022-23
Eubanks,Reddish,260.0,POR,2022-23
Grant,Reddish,253.0,POR,2022-23
Sharpe,Thybulle,245.0,POR,2022-23
Knox II,Sharpe,235.0,POR,2022-23
Nurkic,Watford,233.0,POR,2022-23
Lillard,Winslow,222.0,POR,2022-23
Watford,Winslow,213.0,POR,2022-23
Reddish,Watford,211.0,POR,2022-23
Grant,Thybulle,207.0,POR,2022-23
Hart,Watford,203.0,POR,2022-23
Johnson,Walker,202.0,POR,2022-23
Walker,Watford,200.0,POR,2022-23
Reddish,Sharpe,199.0,POR,2022-23
Knox II,Walker,195.0,POR,2022-23
Payton II,Sharpe,192.0,POR,2022-23
Little,Walker,190.0,POR,2022-23
Little,Reddish,177.0,POR,2022-23
Little,Winslow,172.0,POR,2022-23
Little,Nurkic,170.0,POR,2022-23
Butler Jr.,Walker,170.0,POR,2022-23
Lillard,Payton II,164.0,POR,2022-23
Johnson,Watford,164.0,POR,2022-23
Simons,Thybulle,159.0,POR,2022-23
Little,Thybulle,156.0,POR,2022-23
Eubanks,Walker,155.0,POR,2022-23
Reddish,Simons,144.0,POR,2022-23
Payton II,Simons,143.0,POR,2022-23
Eubanks,Johnson,143.0,POR,2022-23
Simons,Walker,136.0,POR,2022-23
Hart,Little,132.0,POR,2022-23
Lillard,Walker,125.0,POR,2022-23
Butler Jr.,Knox II,124.0,POR,2022-23
Grant,Payton II,123.0,POR,2022-23
Eubanks,Payton II,123.0,POR,2022-23
Nurkic,Thybulle,122.0,POR,2022-23
Johnson,Little,116.0,POR,2022-23
Grant,Johnson,110.0,POR,2022-23
Mays,Sharpe,108.0,POR,2022-23
Arcidiacono,Sharpe,107.0,POR,2022-23
Knox II,Mays,104.0,POR,2022-23
Eubanks,Knox II,100.0,POR,2022-23
Butler Jr.,Sharpe,99.0,POR,2022-23
Johnson,Knox II,95.0,POR,2022-23
Arcidiacono,Eubanks,92.0,POR,2022-23
Eubanks,Mays,90.0,POR,2022-23
Mays,Williams,90.0,POR,2022-23
Harrison,Walker,88.0,POR,2022-23
Mays,Watford,88.0,POR,2022-23
Knox II,Williams,86.0,POR,2022-23
Nurkic,Reddish,84.0,POR,2022-23
Hart,Johnson,83.0,POR,2022-23
Little,Payton II,83.0,POR,2022-23
Butler Jr.,Harrison,82.0,POR,2022-23
Johnson,Nurkic,81.0,POR,2022-23
Arcidiacono,Thybulle,80.0,POR,2022-23
Harrison,Knox II,80.0,POR,2022-23
Knox II,Little,76.0,POR,2022-23
Johnson,Simons,75.0,POR,2022-23
Knox II,Watford,72.0,POR,2022-23
Brown III,Walker,71.0,POR,2022-23
Knox II,Reddish,71.0,POR,2022-23
Payton II,Watford,71.0,POR,2022-23
Hart,Walker,70.0,POR,2022-23
Arcidiacono,Little,70.0,POR,2022-23
Johnson,Reddish,67.0,POR,2022-23
Reddish,Walker,65.0,POR,2022-23
Butler Jr.,Mays,65.0,POR,2022-23
Knox II,Thybulle,62.0,POR,2022-23
Butler Jr.,Minaya,62.0,POR,2022-23
Brown III,Watford,61.0,POR,2022-23
Mays,Walker,59.0,POR,2022-23
Johnson,Winslow,59.0,POR,2022-23
Brown III,Johnson,59.0,POR,2022-23
Arcidiacono,Reddish,58.0,POR,2022-23
Nurkic,Payton II,57.0,POR,2022-23
Minaya,Walker,57.0,POR,2022-23
Butler Jr.,Williams,55.0,POR,2022-23
Brown III,Sharpe,55.0,POR,2022-23
Sharpe,Williams,51.0,POR,2022-23
Eubanks,Williams,50.0,POR,2022-23
Butler Jr.,Eubanks,49.0,POR,2022-23
Mays,Minaya,49.0,POR,2022-23
Johnson,Lillard,49.0,POR,2022-23
Harrison,Sharpe,48.0,POR,2022-23
Arcidiacono,Watford,48.0,POR,2022-23
Arcidiacono,Knox II,48.0,POR,2022-23
Walker,Williams,46.0,POR,2022-23
Mays,Thybulle,45.0,POR,2022-23
Harrison,Williams,45.0,POR,2022-23
Watford,Williams,44.0,POR,2022-23
Butler Jr.,Watford,43.0,POR,2022-23
Nurkic,Walker,42.0,POR,2022-23
Thybulle,Walker,41.0,POR,2022-23
Harrison,Minaya,41.0,POR,2022-23
Butler Jr.,Johnson,40.0,POR,2022-23
Knox II,Minaya,35.0,POR,2022-23
Harrison,Mays,35.0,POR,2022-23
Payton II,Walker,34.0,POR,2022-23
Butler Jr.,Little,34.0,POR,2022-23
Walker,Winslow,34.0,POR,2022-23
Grant,Walker,33.0,POR,2022-23
Arcidiacono,Walker,33.0,POR,2022-23
Minaya,Williams,31.0,POR,2022-23
Hart,Payton II,30.0,POR,2022-23
Eubanks,Harrison,29.0,POR,2022-23
Minaya,Sharpe,27.0,POR,2022-23
Brown III,Winslow,24.0,POR,2022-23
Comanche,Minaya,21.0,POR,2022-23
Butler Jr.,Thybulle,21.0,POR,2022-23
Arcidiacono,Johnson,20.0,POR,2022-23
Knox II,Lillard,20.0,POR,2022-23
Brown III,Simons,20.0,POR,2022-23
Brown III,Nurkic,18.0,POR,2022-23
Brown III,Grant,17.0,POR,2022-23
Johnson,Thybulle,17.0,POR,2022-23
Eubanks,Minaya,17.0,POR,2022-23
Harrison,Watford,17.0,POR,2022-23
Brown III,Butler Jr.,16.0,POR,2022-23
Minaya,Watford,16.0,POR,2022-23
Brown III,Little,15.0,POR,2022-23
Brown III,Eubanks,14.0,POR,2022-23
Comanche,Mays,14.0,POR,2022-23
Butler Jr.,Comanche,13.0,POR,2022-23
Comanche,Williams,12.0,POR,2022-23
Comanche,Walker,10.0,POR,2022-23
Arcidiacono,Butler Jr.,10.0,POR,2022-23
Harrison,Thybulle,9.0,POR,2022-23
Arcidiacono,Nurkic,8.0,POR,2022-23
Knox II,Nurkic,8.0,POR,2022-23
Comanche,Knox II,7.0,POR,2022-23
Comanche,Sharpe,7.0,POR,2022-23
Arcidiacono,Lillard,6.0,POR,2022-23
Knox II,Simons,6.0,POR,2022-23
Harrison,Little,6.0,POR,2022-23
Butler Jr.,Reddish,5.0,POR,2022-23
Little,Mays,5.0,POR,2022-23
Arcidiacono,Grant,4.0,POR,2022-23
Thybulle,Williams,2.0,POR,2022-23
Brown III,Hart,2.0,POR,2022-23
Butler Jr.,Lillard,0.0,POR,2022-23
Eubanks,Nurkic,0.0,POR,2022-23
Johnson,Payton II,0.0,POR,2022-23
Barnes,Sabonis,2119.0,SAC,2022-23
Huerter,Sabonis,1922.0,SAC,2022-23
Murray,Sabonis,1909.0,SAC,2022-23
Barnes,Fox,1843.0,SAC,2022-23
Barnes,Huerter,1755.0,SAC,2022-23
Barnes,Murray,1728.0,SAC,2022-23
Fox,Sabonis,1646.0,SAC,2022-23
Huerter,Murray,1554.0,SAC,2022-23
Fox,Murray,1550.0,SAC,2022-23
Fox,Huerter,1434.0,SAC,2022-23
Mitchell,Sabonis,1101.0,SAC,2022-23
Fox,Monk,950.0,SAC,2022-23
Lyles,Monk,899.0,SAC,2022-23
Monk,Sabonis,867.0,SAC,2022-23
Barnes,Mitchell,810.0,SAC,2022-23
Barnes,Monk,799.0,SAC,2022-23
Huerter,Mitchell,760.0,SAC,2022-23
Mitchell,Murray,751.0,SAC,2022-23
Mitchell,Monk,716.0,SAC,2022-23
Fox,Lyles,663.0,SAC,2022-23
Monk,Murray,640.0,SAC,2022-23
Metu,Monk,548.0,SAC,2022-23
Lyles,Mitchell,515.0,SAC,2022-23
Lyles,Sabonis,488.0,SAC,2022-23
Barnes,Lyles,472.0,SAC,2022-23
Fox,Metu,461.0,SAC,2022-23
Davis,Sabonis,447.0,SAC,2022-23
Lyles,Metu,430.0,SAC,2022-23
Davis,Monk,414.0,SAC,2022-23
Davis,Fox,402.0,SAC,2022-23
Huerter,Monk,400.0,SAC,2022-23
Barnes,Davis,343.0,SAC,2022-23
Davis,Mitchell,323.0,SAC,2022-23
Lyles,Murray,312.0,SAC,2022-23
Davis,Murray,304.0,SAC,2022-23
Davis,Lyles,293.0,SAC,2022-23
Huerter,Lyles,284.0,SAC,2022-23
Davis,Metu,260.0,SAC,2022-23
Barnes,Metu,231.0,SAC,2022-23
Metu,Murray,219.0,SAC,2022-23
Edwards,Sabonis,212.0,SAC,2022-23
Fox,Mitchell,202.0,SAC,2022-23
Metu,Mitchell,182.0,SAC,2022-23
Holmes,Lyles,179.0,SAC,2022-23
Fox,Holmes,174.0,SAC,2022-23
Holmes,Monk,170.0,SAC,2022-23
Davis,Huerter,170.0,SAC,2022-23
Holmes,Murray,162.0,SAC,2022-23
Barnes,Holmes,151.0,SAC,2022-23
Edwards,Mitchell,138.0,SAC,2022-23
Edwards,Murray,135.0,SAC,2022-23
Edwards,Fox,135.0,SAC,2022-23
Fox,Okpala,133.0,SAC,2022-23
Barnes,Edwards,130.0,SAC,2022-23
Monk,Okpala,126.0,SAC,2022-23
Okpala,Sabonis,115.0,SAC,2022-23
Huerter,Metu,113.0,SAC,2022-23
Holmes,Mitchell,113.0,SAC,2022-23
Edwards,Monk,109.0,SAC,2022-23
Dellavedova,Lyles,106.0,SAC,2022-23
Edwards,Lyles,105.0,SAC,2022-23
Dellavedova,Monk,105.0,SAC,2022-23
Holmes,Huerter,98.0,SAC,2022-23
Huerter,Okpala,98.0,SAC,2022-23
Fox,Len,93.0,SAC,2022-23
Lyles,Okpala,92.0,SAC,2022-23
Barnes,Len,92.0,SAC,2022-23
Davis,Dellavedova,86.0,SAC,2022-23
Edwards,Huerter,83.0,SAC,2022-23
Davis,Holmes,82.0,SAC,2022-23
Mitchell,Okpala,80.0,SAC,2022-23
Dellavedova,Murray,78.0,SAC,2022-23
Len,Lyles,76.0,SAC,2022-23
Dellavedova,Sabonis,76.0,SAC,2022-23
Len,Monk,73.0,SAC,2022-23
Metu,Okpala,69.0,SAC,2022-23
Barnes,Dellavedova,69.0,SAC,2022-23
Dellavedova,Metu,64.0,SAC,2022-23
Len,Murray,64.0,SAC,2022-23
Dellavedova,Holmes,62.0,SAC,2022-23
Barnes,Okpala,56.0,SAC,2022-23
Davis,Dozier,50.0,SAC,2022-23
Holmes,Okpala,49.0,SAC,2022-23
Dellavedova,Huerter,48.0,SAC,2022-23
Murray,Okpala,46.0,SAC,2022-23
Edwards,Metu,46.0,SAC,2022-23
Huerter,Len,46.0,SAC,2022-23
Davis,Len,42.0,SAC,2022-23
Davis,Edwards,40.0,SAC,2022-23
Dozier,Metu,38.0,SAC,2022-23
Dozier,Holmes,37.0,SAC,2022-23
Len,Mitchell,34.0,SAC,2022-23
Ellis,Metu,34.0,SAC,2022-23
Ellis,Holmes,33.0,SAC,2022-23
Dellavedova,Okpala,32.0,SAC,2022-23
Dozier,Lyles,32.0,SAC,2022-23
Davis,Okpala,31.0,SAC,2022-23
Dozier,Ellis,29.0,SAC,2022-23
Dellavedova,Len,29.0,SAC,2022-23
Edwards,Len,28.0,SAC,2022-23
Dozier,Edwards,27.0,SAC,2022-23
Davis,Ellis,26.0,SAC,2022-23
Holmes,Metu,24.0,SAC,2022-23
Dellavedova,Dozier,24.0,SAC,2022-23
Dellavedova,Ellis,24.0,SAC,2022-23
Ellis,Mitchell,22.0,SAC,2022-23
Ellis,Lyles,21.0,SAC,2022-23
Dozier,Murray,21.0,SAC,2022-23
Fox,Queta,21.0,SAC,2022-23
Monk,Queta,21.0,SAC,2022-23
Ellis,Murray,21.0,SAC,2022-23
Davis,Queta,18.0,SAC,2022-23
Metu,Sabonis,17.0,SAC,2022-23
Len,Okpala,17.0,SAC,2022-23
Dellavedova,Edwards,16.0,SAC,2022-23
Lyles,Queta,16.0,SAC,2022-23
Holmes,Len,16.0,SAC,2022-23
Ellis,Monk,14.0,SAC,2022-23
Dozier,Len,14.0,SAC,2022-23
Dozier,Huerter,12.0,SAC,2022-23
Murray,Queta,11.0,SAC,2022-23
Edwards,Holmes,11.0,SAC,2022-23
Ellis,Len,11.0,SAC,2022-23
Ellis,Okpala,10.0,SAC,2022-23
Dozier,Sabonis,10.0,SAC,2022-23
Ellis,Huerter,9.0,SAC,2022-23
Dellavedova,Mitchell,8.0,SAC,2022-23
Barnes,Dozier,7.0,SAC,2022-23
Barnes,Moneke,7.0,SAC,2022-23
Dozier,Monk,6.0,SAC,2022-23
Ellis,Fox,6.0,SAC,2022-23
Fox,Moneke,6.0,SAC,2022-23
Burton,Ellis,6.0,SAC,2022-23
Barnes,Queta,6.0,SAC,2022-23
Burton,Murray,5.0,SAC,2022-23
Edwards,Ellis,5.0,SAC,2022-23
Dozier,Okpala,5.0,SAC,2022-23
Ellis,Sabonis,5.0,SAC,2022-23
Burton,Dellavedova,5.0,SAC,2022-23
Metu,Queta,4.0,SAC,2022-23
Len,Metu,4.0,SAC,2022-23
Dozier,Queta,4.0,SAC,2022-23
Ellis,Queta,4.0,SAC,2022-23
Huerter,Moneke,4.0,SAC,2022-23
Burton,Holmes,3.0,SAC,2022-23
Dellavedova,Fox,3.0,SAC,2022-23
Metu,Moneke,3.0,SAC,2022-23
Dellavedova,Moneke,3.0,SAC,2022-23
Moneke,Monk,3.0,SAC,2022-23
Moneke,Okpala,3.0,SAC,2022-23
Len,Moneke,3.0,SAC,2022-23
Burton,Len,2.0,SAC,2022-23
Okpala,Queta,2.0,SAC,2022-23
Dellavedova,Queta,2.0,SAC,2022-23
Barnes,Ellis,2.0,SAC,2022-23
Dozier,Fox,2.0,SAC,2022-23
Ellis,Moneke,2.0,SAC,2022-23
Moneke,Murray,2.0,SAC,2022-23
Huerter,Queta,2.0,SAC,2022-23
Moneke,Sabonis,2.0,SAC,2022-23
Dozier,Mitchell,2.0,SAC,2022-23
Mitchell,Queta,1.0,SAC,2022-23
Burton,Metu,1.0,SAC,2022-23
Burton,Lyles,1.0,SAC,2022-23
Burton,Mitchell,1.0,SAC,2022-23
Davis,Moneke,1.0,SAC,2022-23
Mitchell,Moneke,1.0,SAC,2022-23
Len,Sabonis,0.0,SAC,2022-23
Johnson,Jones,1263.0,SAS,2022-23
Johnson,Poeltl,981.0,SAS,2022-23
Johnson,Sochan,959.0,SAS,2022-23
Branham,Johnson,897.0,SAS,2022-23
Collins,Johnson,880.0,SAS,2022-23
Jones,Poeltl,822.0,SAS,2022-23
Jones,Sochan,758.0,SAS,2022-23
Poeltl,Sochan,709.0,SAS,2022-23
Branham,Collins,682.0,SAS,2022-23
Jones,Vassell,666.0,SAS,2022-23
Bates-Diop,Johnson,657.0,SAS,2022-23
Johnson,McDermott,648.0,SAS,2022-23
Johnson,Richardson,648.0,SAS,2022-23
Johnson,Vassell,598.0,SAS,2022-23
Collins,Jones,598.0,SAS,2022-23
Bates-Diop,Jones,568.0,SAS,2022-23
Collins,McDermott,525.0,SAS,2022-23
Bates-Diop,Branham,511.0,SAS,2022-23
Branham,Jones,474.0,SAS,2022-23
Bates-Diop,Collins,457.0,SAS,2022-23
Sochan,Vassell,455.0,SAS,2022-23
Jones,McDermott,441.0,SAS,2022-23
McDermott,Richardson,424.0,SAS,2022-23
Collins,Sochan,423.0,SAS,2022-23
Jones,Langford,421.0,SAS,2022-23
Poeltl,Vassell,387.0,SAS,2022-23
Johnson,Langford,377.0,SAS,2022-23
Collins,Vassell,372.0,SAS,2022-23
Branham,Sochan,361.0,SAS,2022-23
Collins,Richardson,353.0,SAS,2022-23
Bates-Diop,Sochan,351.0,SAS,2022-23
Branham,McDermott,349.0,SAS,2022-23
Bates-Diop,Poeltl,339.0,SAS,2022-23
Bates-Diop,Vassell,322.0,SAS,2022-23
Poeltl,Richardson,317.0,SAS,2022-23
Branham,Richardson,305.0,SAS,2022-23
McDermott,Vassell,295.0,SAS,2022-23
Jones,Richardson,284.0,SAS,2022-23
Bates-Diop,McDermott,271.0,SAS,2022-23
Langford,Sochan,263.0,SAS,2022-23
Langford,Poeltl,260.0,SAS,2022-23
Richardson,Sochan,256.0,SAS,2022-23
McDermott,Poeltl,248.0,SAS,2022-23
McDermott,Sochan,242.0,SAS,2022-23
Branham,Poeltl,233.0,SAS,2022-23
Collins,Langford,228.0,SAS,2022-23
Bates-Diop,Graham,226.0,SAS,2022-23
Barlow,Wesley,217.0,SAS,2022-23
Bates-Diop,Wesley,213.0,SAS,2022-23
Collins,Graham,202.0,SAS,2022-23
Bates-Diop,Richardson,199.0,SAS,2022-23
Bassey,McDermott,198.0,SAS,2022-23
Jones,Mamukelashvili,196.0,SAS,2022-23
Richardson,Vassell,193.0,SAS,2022-23
Branham,Vassell,192.0,SAS,2022-23
McDermott,Wesley,189.0,SAS,2022-23
Bassey,Johnson,183.0,SAS,2022-23
Johnson,Wesley,178.0,SAS,2022-23
Branham,Wesley,176.0,SAS,2022-23
Johnson,Roby,171.0,SAS,2022-23
Langford,McDermott,168.0,SAS,2022-23
Graham,Wesley,166.0,SAS,2022-23
Branham,Roby,163.0,SAS,2022-23
Collins,Wesley,162.0,SAS,2022-23
Bassey,Bates-Diop,161.0,SAS,2022-23
Branham,Mamukelashvili,161.0,SAS,2022-23
Champagnie,Wesley,159.0,SAS,2022-23
Bassey,Richardson,159.0,SAS,2022-23
Graham,Johnson,157.0,SAS,2022-23
Branham,Graham,156.0,SAS,2022-23
Bassey,Vassell,155.0,SAS,2022-23
Barlow,Branham,153.0,SAS,2022-23
Mamukelashvili,Wesley,153.0,SAS,2022-23
Branham,Langford,147.0,SAS,2022-23
Champagnie,Mamukelashvili,143.0,SAS,2022-23
Bates-Diop,Langford,141.0,SAS,2022-23
Langford,Vassell,136.0,SAS,2022-23
Barlow,Champagnie,127.0,SAS,2022-23
Bates-Diop,Mamukelashvili,126.0,SAS,2022-23
McDermott,Roby,125.0,SAS,2022-23
Dieng,Wesley,123.0,SAS,2022-23
Bassey,Branham,114.0,SAS,2022-23
Graham,Jones,113.0,SAS,2022-23
Langford,Mamukelashvili,112.0,SAS,2022-23
Collins,Roby,110.0,SAS,2022-23
Graham,McDermott,109.0,SAS,2022-23
Dieng,Johnson,107.0,SAS,2022-23
Bates-Diop,Roby,106.0,SAS,2022-23
Graham,Sochan,105.0,SAS,2022-23
Langford,Richardson,105.0,SAS,2022-23
Branham,Dieng,104.0,SAS,2022-23
Graham,Mamukelashvili,103.0,SAS,2022-23
Barlow,Graham,101.0,SAS,2022-23
Champagnie,Jones,101.0,SAS,2022-23
Barlow,Mamukelashvili,100.0,SAS,2022-23
Bassey,Roby,100.0,SAS,2022-23
Bates-Diop,Champagnie,98.0,SAS,2022-23
Bates-Diop,Dieng,95.0,SAS,2022-23
Langford,Wesley,93.0,SAS,2022-23
Johnson,Johnson,91.0,SAS,2022-23
Richardson,Roby,91.0,SAS,2022-23
Johnson,Mamukelashvili,91.0,SAS,2022-23
Barlow,Dieng,90.0,SAS,2022-23
Bassey,Jones,87.0,SAS,2022-23
Bassey,Sochan,85.0,SAS,2022-23
Branham,Champagnie,84.0,SAS,2022-23
Jones,Roby,80.0,SAS,2022-23
Bassey,Wesley,80.0,SAS,2022-23
Barlow,Bates-Diop,80.0,SAS,2022-23
Collins,Mamukelashvili,78.0,SAS,2022-23
Bassey,Langford,77.0,SAS,2022-23
Barlow,McDermott,76.0,SAS,2022-23
Barlow,Jones,76.0,SAS,2022-23
Langford,Roby,74.0,SAS,2022-23
Graham,Vassell,71.0,SAS,2022-23
Roby,Wesley,70.0,SAS,2022-23
Roby,Vassell,66.0,SAS,2022-23
Dieng,Jones,66.0,SAS,2022-23
Champagnie,Dieng,66.0,SAS,2022-23
Mamukelashvili,McDermott,65.0,SAS,2022-23
Barlow,Johnson,63.0,SAS,2022-23
Dieng,Langford,62.0,SAS,2022-23
Vassell,Wesley,61.0,SAS,2022-23
Dieng,Roby,60.0,SAS,2022-23
Bassey,Graham,58.0,SAS,2022-23
Dieng,Vassell,56.0,SAS,2022-23
Mamukelashvili,Vassell,54.0,SAS,2022-23
Champagnie,Collins,51.0,SAS,2022-23
Graham,Langford,51.0,SAS,2022-23
Dieng,Mamukelashvili,50.0,SAS,2022-23
Primo,Richardson,48.0,SAS,2022-23
Barlow,Langford,47.0,SAS,2022-23
Champagnie,McDermott,45.0,SAS,2022-23
Dieng,McDermott,45.0,SAS,2022-23
Champagnie,Langford,44.0,SAS,2022-23
Barlow,Bassey,44.0,SAS,2022-23
Jones,Wesley,44.0,SAS,2022-23
Sochan,Wesley,44.0,SAS,2022-23
Dieng,Graham,43.0,SAS,2022-23
Champagnie,Graham,42.0,SAS,2022-23
Bassey,Hall,42.0,SAS,2022-23
Johnson,Primo,40.0,SAS,2022-23
Barlow,Roby,39.0,SAS,2022-23
Dieng,Sochan,38.0,SAS,2022-23
Hall,Roby,37.0,SAS,2022-23
Champagnie,Johnson,36.0,SAS,2022-23
Collins,Primo,36.0,SAS,2022-23
Roby,Sochan,34.0,SAS,2022-23
Bassey,Dieng,33.0,SAS,2022-23
McDermott,Primo,30.0,SAS,2022-23
Branham,Hall,30.0,SAS,2022-23
Primo,Vassell,28.0,SAS,2022-23
Barlow,Vassell,28.0,SAS,2022-23
Richardson,Wesley,26.0,SAS,2022-23
Poeltl,Primo,25.0,SAS,2022-23
Poeltl,Roby,25.0,SAS,2022-23
Bates-Diop,Hall,24.0,SAS,2022-23
Dieng,Hall,24.0,SAS,2022-23
Barlow,Hall,22.0,SAS,2022-23
Dieng,Richardson,21.0,SAS,2022-23
Collins,Poeltl,20.0,SAS,2022-23
Hall,Sochan,19.0,SAS,2022-23
Barlow,Collins,19.0,SAS,2022-23
Mamukelashvili,Sochan,18.0,SAS,2022-23
Poeltl,Wesley,18.0,SAS,2022-23
Primo,Sochan,16.0,SAS,2022-23
Primo,Roby,16.0,SAS,2022-23
Bassey,Mamukelashvili,14.0,SAS,2022-23
Jones,Primo,12.0,SAS,2022-23
Barlow,Sochan,10.0,SAS,2022-23
Bassey,Champagnie,10.0,SAS,2022-23
Graham,Roby,9.0,SAS,2022-23
Champagnie,Vassell,8.0,SAS,2022-23
Hall,Poeltl,8.0,SAS,2022-23
Hall,Richardson,7.0,SAS,2022-23
Hall,Jones,6.0,SAS,2022-23
Hall,Langford,5.0,SAS,2022-23
Dieng,Primo,5.0,SAS,2022-23
Langford,Primo,5.0,SAS,2022-23
Hall,Vassell,5.0,SAS,2022-23
Hall,McDermott,3.0,SAS,2022-23
Bates-Diop,Primo,3.0,SAS,2022-23
Champagnie,Sochan,2.0,SAS,2022-23
Siakam,VanVleet,1894.0,TOR,2022-23
Barnes,Siakam,1850.0,TOR,2022-23
Barnes,VanVleet,1772.0,TOR,2022-23
Anunoby,VanVleet,1672.0,TOR,2022-23
Anunoby,Barnes,1649.0,TOR,2022-23
Anunoby,Siakam,1620.0,TOR,2022-23
Barnes,Trent Jr.,1461.0,TOR,2022-23
Siakam,Trent Jr.,1460.0,TOR,2022-23
Trent Jr.,VanVleet,1275.0,TOR,2022-23
Anunoby,Trent Jr.,1186.0,TOR,2022-23
Barnes,Boucher,766.0,TOR,2022-23
Boucher,Trent Jr.,758.0,TOR,2022-23
Achiuwa,Trent Jr.,719.0,TOR,2022-23
Boucher,Siakam,704.0,TOR,2022-23
Achiuwa,Barnes,697.0,TOR,2022-23
Achiuwa,Siakam,679.0,TOR,2022-23
Boucher,VanVleet,658.0,TOR,2022-23
Poeltl,Siakam,646.0,TOR,2022-23
Achiuwa,VanVleet,622.0,TOR,2022-23
Anunoby,Boucher,615.0,TOR,2022-23
Poeltl,VanVleet,562.0,TOR,2022-23
Achiuwa,Boucher,555.0,TOR,2022-23
Anunoby,Poeltl,548.0,TOR,2022-23
Barnes,Poeltl,512.0,TOR,2022-23
Barnes,Koloko,462.0,TOR,2022-23
Anunoby,Koloko,460.0,TOR,2022-23
Barnes,Young,447.0,TOR,2022-23
Koloko,VanVleet,442.0,TOR,2022-23
VanVleet,Young,427.0,TOR,2022-23
Koloko,Siakam,424.0,TOR,2022-23
Boucher,Young,396.0,TOR,2022-23
Boucher,Flynn,381.0,TOR,2022-23
Achiuwa,Anunoby,379.0,TOR,2022-23
Anunoby,Young,378.0,TOR,2022-23
Trent Jr.,Young,377.0,TOR,2022-23
Siakam,Young,352.0,TOR,2022-23
Koloko,Trent Jr.,352.0,TOR,2022-23
Barnes,Hernangomez,333.0,TOR,2022-23
Barnes,Flynn,325.0,TOR,2022-23
Hernangomez,VanVleet,324.0,TOR,2022-23
Anunoby,Hernangomez,293.0,TOR,2022-23
Flynn,Siakam,290.0,TOR,2022-23
Hernangomez,Siakam,280.0,TOR,2022-23
Boucher,Koloko,271.0,TOR,2022-23
Boucher,Hernangomez,265.0,TOR,2022-23
Flynn,Young,228.0,TOR,2022-23
Flynn,Trent Jr.,219.0,TOR,2022-23
Anunoby,Flynn,219.0,TOR,2022-23
Flynn,Koloko,208.0,TOR,2022-23
Flynn,VanVleet,203.0,TOR,2022-23
Poeltl,Trent Jr.,199.0,TOR,2022-23
Boucher,Dowtin Jr.,194.0,TOR,2022-23
Flynn,Hernangomez,183.0,TOR,2022-23
Hernangomez,Koloko,172.0,TOR,2022-23
Hernangomez,Young,171.0,TOR,2022-23
Achiuwa,Flynn,167.0,TOR,2022-23
Barton,Boucher,130.0,TOR,2022-23
Anunoby,Dowtin Jr.,124.0,TOR,2022-23
Banton,Boucher,122.0,TOR,2022-23
Barton,Siakam,119.0,TOR,2022-23
Hernangomez,Trent Jr.,109.0,TOR,2022-23
Banton,Young,106.0,TOR,2022-23
Barton,Trent Jr.,100.0,TOR,2022-23
Birch,Siakam,99.0,TOR,2022-23
Achiuwa,Hernangomez,98.0,TOR,2022-23
Boucher,Poeltl,98.0,TOR,2022-23
Dowtin Jr.,Siakam,98.0,TOR,2022-23
Achiuwa,Koloko,97.0,TOR,2022-23
Anunoby,Banton,96.0,TOR,2022-23
Achiuwa,Young,95.0,TOR,2022-23
Achiuwa,Banton,94.0,TOR,2022-23
Banton,Flynn,93.0,TOR,2022-23
Barnes,Dowtin Jr.,90.0,TOR,2022-23
Banton,Barnes,90.0,TOR,2022-23
Anunoby,Porter Jr.,89.0,TOR,2022-23
Boucher,Porter Jr.,89.0,TOR,2022-23
Anunoby,Birch,88.0,TOR,2022-23
Achiuwa,Dowtin Jr.,88.0,TOR,2022-23
Anunoby,Barton,85.0,TOR,2022-23
Banton,Koloko,85.0,TOR,2022-23
Achiuwa,Barton,84.0,TOR,2022-23
Achiuwa,Poeltl,81.0,TOR,2022-23
Birch,VanVleet,81.0,TOR,2022-23
Barnes,Birch,81.0,TOR,2022-23
Birch,Trent Jr.,79.0,TOR,2022-23
Barnes,Porter Jr.,78.0,TOR,2022-23
Banton,Siakam,77.0,TOR,2022-23
Banton,Trent Jr.,74.0,TOR,2022-23
Dowtin Jr.,Koloko,72.0,TOR,2022-23
Dowtin Jr.,Flynn,70.0,TOR,2022-23
Barton,VanVleet,70.0,TOR,2022-23
Barton,Poeltl,70.0,TOR,2022-23
Banton,Hernangomez,69.0,TOR,2022-23
Birch,Boucher,68.0,TOR,2022-23
Barnes,Barton,67.0,TOR,2022-23
Porter Jr.,Young,65.0,TOR,2022-23
Koloko,Young,58.0,TOR,2022-23
Banton,VanVleet,57.0,TOR,2022-23
Achiuwa,Porter Jr.,53.0,TOR,2022-23
Porter Jr.,Trent Jr.,49.0,TOR,2022-23
Dowtin Jr.,Hernangomez,47.0,TOR,2022-23
Dowtin Jr.,Trent Jr.,46.0,TOR,2022-23
Birch,Hernangomez,46.0,TOR,2022-23
Flynn,Poeltl,45.0,TOR,2022-23
Barton,Koloko,44.0,TOR,2022-23
Banton,Porter Jr.,43.0,TOR,2022-23
Dowtin Jr.,VanVleet,41.0,TOR,2022-23
Dowtin Jr.,Poeltl,40.0,TOR,2022-23
Banton,Harper Jr.,37.0,TOR,2022-23
Porter Jr.,VanVleet,36.0,TOR,2022-23
Flynn,Harper Jr.,33.0,TOR,2022-23
Dowtin Jr.,Young,33.0,TOR,2022-23
Harper Jr.,Koloko,31.0,TOR,2022-23
Achiuwa,Wieskamp,30.0,TOR,2022-23
Birch,Flynn,30.0,TOR,2022-23
Koloko,Porter Jr.,27.0,TOR,2022-23
Banton,Birch,23.0,TOR,2022-23
Flynn,Porter Jr.,23.0,TOR,2022-23
Flynn,Wieskamp,21.0,TOR,2022-23
Harper Jr.,Wieskamp,20.0,TOR,2022-23
Siakam,Wieskamp,20.0,TOR,2022-23
Birch,Dowtin Jr.,18.0,TOR,2022-23
Hernangomez,Porter Jr.,18.0,TOR,2022-23
Banton,Wieskamp,17.0,TOR,2022-23
Boucher,Wieskamp,17.0,TOR,2022-23
Koloko,Wieskamp,16.0,TOR,2022-23
Barnes,Wieskamp,16.0,TOR,2022-23
Banton,Dowtin Jr.,16.0,TOR,2022-23
Harper Jr.,Hernangomez,15.0,TOR,2022-23
Barton,Dowtin Jr.,15.0,TOR,2022-23
Barton,Flynn,15.0,TOR,2022-23
Achiuwa,Harper Jr.,15.0,TOR,2022-23
Barton,Young,14.0,TOR,2022-23
Dowtin Jr.,Harper Jr.,13.0,TOR,2022-23
Birch,Young,13.0,TOR,2022-23
Poeltl,Young,12.0,TOR,2022-23
Dowtin Jr.,Wieskamp,12.0,TOR,2022-23
Achiuwa,Birch,11.0,TOR,2022-23
Anunoby,Wieskamp,11.0,TOR,2022-23
Barton,Harper Jr.,11.0,TOR,2022-23
Boucher,Harper Jr.,11.0,TOR,2022-23
Banton,Champagnie,10.0,TOR,2022-23
Banton,Barton,8.0,TOR,2022-23
Champagnie,Hernangomez,8.0,TOR,2022-23
Porter Jr.,Siakam,8.0,TOR,2022-23
Barton,Wieskamp,8.0,TOR,2022-23
Banton,Poeltl,7.0,TOR,2022-23
Champagnie,Flynn,7.0,TOR,2022-23
Champagnie,Dowtin Jr.,7.0,TOR,2022-23
Hernangomez,Wieskamp,5.0,TOR,2022-23
Birch,Harper Jr.,5.0,TOR,2022-23
Wieskamp,Young,4.0,TOR,2022-23
Champagnie,Koloko,3.0,TOR,2022-23
Champagnie,Harper Jr.,3.0,TOR,2022-23
Trent Jr.,Wieskamp,3.0,TOR,2022-23
Boucher,Champagnie,2.0,TOR,2022-23
Birch,Porter Jr.,2.0,TOR,2022-23
Harper Jr.,Trent Jr.,2.0,TOR,2022-23
Clarkson,Markkanen,1333.0,UTA,2022-23
Markkanen,Olynyk,1247.0,UTA,2022-23
Clarkson,Olynyk,1148.0,UTA,2022-23
Conley,Markkanen,951.0,UTA,2022-23
Clarkson,Conley,942.0,UTA,2022-23
Kessler,Markkanen,932.0,UTA,2022-23
Clarkson,Vanderbilt,897.0,UTA,2022-23
Markkanen,Vanderbilt,861.0,UTA,2022-23
Clarkson,Kessler,855.0,UTA,2022-23
Kessler,Olynyk,785.0,UTA,2022-23
Beasley,Clarkson,774.0,UTA,2022-23
Beasley,Markkanen,770.0,UTA,2022-23
Markkanen,Sexton,756.0,UTA,2022-23
Horton-Tucker,Kessler,735.0,UTA,2022-23
Beasley,Kessler,703.0,UTA,2022-23
Conley,Vanderbilt,690.0,UTA,2022-23
Olynyk,Vanderbilt,680.0,UTA,2022-23
Horton-Tucker,Olynyk,662.0,UTA,2022-23
Conley,Olynyk,655.0,UTA,2022-23
Clarkson,Sexton,638.0,UTA,2022-23
Agbaji,Kessler,605.0,UTA,2022-23
Beasley,Conley,602.0,UTA,2022-23
Agbaji,Olynyk,598.0,UTA,2022-23
Agbaji,Horton-Tucker,596.0,UTA,2022-23
Horton-Tucker,Markkanen,560.0,UTA,2022-23
Beasley,Sexton,554.0,UTA,2022-23
Beasley,Vanderbilt,515.0,UTA,2022-23
Olynyk,Sexton,501.0,UTA,2022-23
Kessler,Sexton,475.0,UTA,2022-23
Agbaji,Markkanen,467.0,UTA,2022-23
Conley,Kessler,459.0,UTA,2022-23
Beasley,Olynyk,448.0,UTA,2022-23
Sexton,Vanderbilt,411.0,UTA,2022-23
Beasley,Horton-Tucker,408.0,UTA,2022-23
Beasley,Gay,397.0,UTA,2022-23
Clarkson,Horton-Tucker,385.0,UTA,2022-23
Fontecchio,Horton-Tucker,354.0,UTA,2022-23
Alexander-Walker,Beasley,340.0,UTA,2022-23
Gay,Kessler,327.0,UTA,2022-23
Agbaji,Fontecchio,313.0,UTA,2022-23
Gay,Markkanen,307.0,UTA,2022-23
Fontecchio,Kessler,297.0,UTA,2022-23
Conley,Sexton,292.0,UTA,2022-23
Agbaji,Clarkson,284.0,UTA,2022-23
Fontecchio,Olynyk,281.0,UTA,2022-23
Gay,Horton-Tucker,279.0,UTA,2022-23
Gay,Sexton,274.0,UTA,2022-23
Agbaji,Dunn,257.0,UTA,2022-23
Clarkson,Gay,257.0,UTA,2022-23
Alexander-Walker,Kessler,241.0,UTA,2022-23
Alexander-Walker,Markkanen,236.0,UTA,2022-23
Dunn,Fontecchio,229.0,UTA,2022-23
Dunn,Toscano-Anderson,215.0,UTA,2022-23
Gay,Vanderbilt,214.0,UTA,2022-23
Dunn,Olynyk,210.0,UTA,2022-23
Agbaji,Gay,208.0,UTA,2022-23
Dunn,Jones,208.0,UTA,2022-23
Horton-Tucker,Vanderbilt,207.0,UTA,2022-23
Alexander-Walker,Clarkson,205.0,UTA,2022-23
Alexander-Walker,Vanderbilt,201.0,UTA,2022-23
Fontecchio,Markkanen,198.0,UTA,2022-23
Agbaji,Beasley,192.0,UTA,2022-23
Agbaji,Azubuike,191.0,UTA,2022-23
Horton-Tucker,Sexton,187.0,UTA,2022-23
Agbaji,Vanderbilt,180.0,UTA,2022-23
Alexander-Walker,Gay,179.0,UTA,2022-23
Fontecchio,Toscano-Anderson,178.0,UTA,2022-23
Fontecchio,Jones,176.0,UTA,2022-23
Fontecchio,Gay,174.0,UTA,2022-23
Conley,Gay,168.0,UTA,2022-23
Dunn,Juzang,164.0,UTA,2022-23
Dunn,Markkanen,163.0,UTA,2022-23
Azubuike,Dunn,161.0,UTA,2022-23
Agbaji,Conley,159.0,UTA,2022-23
Azubuike,Fontecchio,154.0,UTA,2022-23
Agbaji,Sexton,153.0,UTA,2022-23
Azubuike,Horton-Tucker,150.0,UTA,2022-23
Dunn,Gay,144.0,UTA,2022-23
Dunn,Kessler,139.0,UTA,2022-23
Alexander-Walker,Horton-Tucker,139.0,UTA,2022-23
Alexander-Walker,Olynyk,135.0,UTA,2022-23
Dunn,Samanic,134.0,UTA,2022-23
Fontecchio,Sexton,133.0,UTA,2022-23
Jones,Juzang,130.0,UTA,2022-23
Agbaji,Toscano-Anderson,129.0,UTA,2022-23
Beasley,Fontecchio,128.0,UTA,2022-23
Jones,Toscano-Anderson,127.0,UTA,2022-23
Agbaji,Alexander-Walker,111.0,UTA,2022-23
Juzang,Toscano-Anderson,111.0,UTA,2022-23
Azubuike,Samanic,104.0,UTA,2022-23
Azubuike,Toscano-Anderson,101.0,UTA,2022-23
Dunn,Horton-Tucker,100.0,UTA,2022-23
Azubuike,Gay,97.0,UTA,2022-23
Horton-Tucker,Toscano-Anderson,97.0,UTA,2022-23
Conley,Horton-Tucker,96.0,UTA,2022-23
Agbaji,Jones,88.0,UTA,2022-23
Azubuike,Olynyk,87.0,UTA,2022-23
Alexander-Walker,Fontecchio,84.0,UTA,2022-23
Horton-Tucker,Jones,83.0,UTA,2022-23
Fontecchio,Juzang,80.0,UTA,2022-23
Clarkson,Fontecchio,73.0,UTA,2022-23
Gay,Jones,73.0,UTA,2022-23
Alexander-Walker,Sexton,72.0,UTA,2022-23
Agbaji,Juzang,71.0,UTA,2022-23
Agbaji,Samanic,69.0,UTA,2022-23
Olynyk,Samanic,68.0,UTA,2022-23
Azubuike,Markkanen,67.0,UTA,2022-23
Samanic,Toscano-Anderson,65.0,UTA,2022-23
Jones,Markkanen,64.0,UTA,2022-23
Kessler,Vanderbilt,63.0,UTA,2022-23
Markkanen,Toscano-Anderson,63.0,UTA,2022-23
Fontecchio,Vanderbilt,61.0,UTA,2022-23
Jones,Olynyk,60.0,UTA,2022-23
Azubuike,Juzang,57.0,UTA,2022-23
Jones,Samanic,56.0,UTA,2022-23
Kessler,Toscano-Anderson,54.0,UTA,2022-23
Gay,Juzang,54.0,UTA,2022-23
Olynyk,Toscano-Anderson,52.0,UTA,2022-23
Alexander-Walker,Azubuike,49.0,UTA,2022-23
Agbaji,Bolmaro,49.0,UTA,2022-23
Alexander-Walker,Conley,47.0,UTA,2022-23
Bolmaro,Horton-Tucker,46.0,UTA,2022-23
Juzang,Olynyk,43.0,UTA,2022-23
Gay,Toscano-Anderson,41.0,UTA,2022-23
Azubuike,Bolmaro,39.0,UTA,2022-23
Azubuike,Sexton,39.0,UTA,2022-23
Fontecchio,Samanic,38.0,UTA,2022-23
Clarkson,Dunn,37.0,UTA,2022-23
Juzang,Kessler,37.0,UTA,2022-23
Horton-Tucker,Juzang,36.0,UTA,2022-23
Juzang,Markkanen,36.0,UTA,2022-23
Alexander-Walker,Bolmaro,34.0,UTA,2022-23
Horton-Tucker,Samanic,33.0,UTA,2022-23
Juzang,Samanic,33.0,UTA,2022-23
Bolmaro,Fontecchio,32.0,UTA,2022-23
Azubuike,Clarkson,28.0,UTA,2022-23
Brantley,Jones,27.0,UTA,2022-23
Juzang,Potter,27.0,UTA,2022-23
Conley,Fontecchio,26.0,UTA,2022-23
Dunn,Potter,26.0,UTA,2022-23
Brantley,Dunn,25.0,UTA,2022-23
Jones,Potter,25.0,UTA,2022-23
Agbaji,Potter,25.0,UTA,2022-23
Azubuike,Potter,24.0,UTA,2022-23
Gay,Olynyk,22.0,UTA,2022-23
Azubuike,Beasley,22.0,UTA,2022-23
Bolmaro,Kessler,22.0,UTA,2022-23
Clarkson,Toscano-Anderson,19.0,UTA,2022-23
Brantley,Juzang,19.0,UTA,2022-23
Potter,Samanic,18.0,UTA,2022-23
Fontecchio,Potter,17.0,UTA,2022-23
Jones,Kessler,16.0,UTA,2022-23
Jones,Sexton,16.0,UTA,2022-23
Brantley,Toscano-Anderson,16.0,UTA,2022-23
Dunn,Sexton,16.0,UTA,2022-23
Azubuike,Jones,16.0,UTA,2022-23
Sexton,Toscano-Anderson,14.0,UTA,2022-23
Bolmaro,Gay,13.0,UTA,2022-23
Brantley,Horton-Tucker,13.0,UTA,2022-23
Brantley,Kessler,11.0,UTA,2022-23
Bolmaro,Potter,11.0,UTA,2022-23
Alexander-Walker,Potter,11.0,UTA,2022-23
Azubuike,Brantley,10.0,UTA,2022-23
Samanic,Sexton,9.0,UTA,2022-23
Brantley,Potter,9.0,UTA,2022-23
Brantley,Olynyk,9.0,UTA,2022-23
Brantley,Fontecchio,9.0,UTA,2022-23
Azubuike,Conley,7.0,UTA,2022-23
Kessler,Samanic,7.0,UTA,2022-23
Agbaji,Brantley,7.0,UTA,2022-23
Bolmaro,Clarkson,6.0,UTA,2022-23
Horton-Tucker,Potter,6.0,UTA,2022-23
Bolmaro,Markkanen,6.0,UTA,2022-23
Potter,Toscano-Anderson,5.0,UTA,2022-23
Jackson,Jones,5.0,UTA,2022-23
Fontecchio,Jackson,5.0,UTA,2022-23
Jackson,Juzang,5.0,UTA,2022-23
Jackson,Toscano-Anderson,5.0,UTA,2022-23
Brantley,Markkanen,5.0,UTA,2022-23
Bolmaro,Olynyk,5.0,UTA,2022-23
Azubuike,Kessler,5.0,UTA,2022-23
Azubuike,Vanderbilt,4.0,UTA,2022-23
Beasley,Bolmaro,3.0,UTA,2022-23
Markkanen,Samanic,2.0,UTA,2022-23
Bolmaro,Conley,2.0,UTA,2022-23
Clarkson,Jones,2.0,UTA,2022-23
Clarkson,Juzang,1.0,UTA,2022-23
Kuzma,Porzingis,1268.0,WAS,2022-23
Beal,Porzingis,1204.0,WAS,2022-23
Morris,Porzingis,1198.0,WAS,2022-23
Avdija,Porzingis,1194.0,WAS,2022-23
Kispert,Porzingis,1124.0,WAS,2022-23
Kuzma,Morris,1090.0,WAS,2022-23
Kispert,Kuzma,1035.0,WAS,2022-23
Avdija,Kispert,1029.0,WAS,2022-23
Avdija,Kuzma,1023.0,WAS,2022-23
Beal,Kuzma,1011.0,WAS,2022-23
Gafford,Kuzma,920.0,WAS,2022-23
Kispert,Morris,907.0,WAS,2022-23
Beal,Morris,890.0,WAS,2022-23
Avdija,Morris,889.0,WAS,2022-23
Gafford,Kispert,829.0,WAS,2022-23
Avdija,Beal,809.0,WAS,2022-23
Avdija,Wright,674.0,WAS,2022-23
Beal,Kispert,665.0,WAS,2022-23
Kuzma,Wright,636.0,WAS,2022-23
Gafford,Morris,628.0,WAS,2022-23
Gafford,Wright,606.0,WAS,2022-23
Beal,Gafford,602.0,WAS,2022-23
Kispert,Wright,598.0,WAS,2022-23
Avdija,Gafford,593.0,WAS,2022-23
Goodwin,Kispert,563.0,WAS,2022-23
Porzingis,Wright,539.0,WAS,2022-23
Goodwin,Kuzma,497.0,WAS,2022-23
Gafford,Porzingis,490.0,WAS,2022-23
Beal,Wright,485.0,WAS,2022-23
Avdija,Goodwin,476.0,WAS,2022-23
Gafford,Goodwin,439.0,WAS,2022-23
Barton,Kuzma,438.0,WAS,2022-23
Hachimura,Kuzma,421.0,WAS,2022-23
Goodwin,Porzingis,406.0,WAS,2022-23
Barton,Gafford,372.0,WAS,2022-23
Barton,Goodwin,327.0,WAS,2022-23
Hachimura,Porzingis,304.0,WAS,2022-23
Gafford,Hachimura,295.0,WAS,2022-23
Avdija,Hachimura,288.0,WAS,2022-23
Hachimura,Morris,275.0,WAS,2022-23
Barton,Porzingis,274.0,WAS,2022-23
Hachimura,Wright,273.0,WAS,2022-23
Avdija,Barton,268.0,WAS,2022-23
Barton,Hachimura,264.0,WAS,2022-23
Gill,Kispert,257.0,WAS,2022-23
Gibson,Kispert,257.0,WAS,2022-23
Avdija,Gibson,257.0,WAS,2022-23
Gibson,Kuzma,252.0,WAS,2022-23
Gill,Goodwin,242.0,WAS,2022-23
Barton,Morris,242.0,WAS,2022-23
Barton,Kispert,233.0,WAS,2022-23
Hachimura,Kispert,225.0,WAS,2022-23
Gafford,Gill,217.0,WAS,2022-23
Davis,Kispert,214.0,WAS,2022-23
Barton,Beal,210.0,WAS,2022-23
Beal,Hachimura,204.0,WAS,2022-23
Gill,Porzingis,192.0,WAS,2022-23
Davis,Goodwin,191.0,WAS,2022-23
Nunn,Wright,190.0,WAS,2022-23
Beal,Goodwin,190.0,WAS,2022-23
Avdija,Nunn,187.0,WAS,2022-23
Avdija,Gill,185.0,WAS,2022-23
Kispert,Nunn,182.0,WAS,2022-23
Barton,Gill,180.0,WAS,2022-23
Gill,Wright,173.0,WAS,2022-23
Gibson,Morris,172.0,WAS,2022-23
Gibson,Goodwin,169.0,WAS,2022-23
Gill,Kuzma,164.0,WAS,2022-23
Goodwin,Nunn,163.0,WAS,2022-23
Beal,Gill,161.0,WAS,2022-23
Davis,Gill,157.0,WAS,2022-23
Davis,Gafford,152.0,WAS,2022-23
Beal,Gibson,149.0,WAS,2022-23
Davis,Wright,147.0,WAS,2022-23
Gibson,Wright,146.0,WAS,2022-23
Goodwin,Hachimura,145.0,WAS,2022-23
Gill,Morris,142.0,WAS,2022-23
Gafford,Nunn,142.0,WAS,2022-23
Goodwin,Wright,139.0,WAS,2022-23
Kuzma,Nunn,136.0,WAS,2022-23
Avdija,Davis,129.0,WAS,2022-23
Barton,Wright,122.0,WAS,2022-23
Goodwin,Morris,116.0,WAS,2022-23
Morris,Wright,115.0,WAS,2022-23
Gibson,Nunn,110.0,WAS,2022-23
Barton,Gibson,95.0,WAS,2022-23
Nunn,Porzingis,95.0,WAS,2022-23
Davis,Nunn,94.0,WAS,2022-23
Gill,Nunn,94.0,WAS,2022-23
Cooks,Davis,93.0,WAS,2022-23
Davis,Jackson,82.0,WAS,2022-23
Gibson,Hachimura,81.0,WAS,2022-23
Cooks,Goodwin,78.0,WAS,2022-23
Davis,Porzingis,78.0,WAS,2022-23
Cooks,Jackson,77.0,WAS,2022-23
Gill,Hachimura,77.0,WAS,2022-23
Cooks,Huff,74.0,WAS,2022-23
Jackson,Nunn,69.0,WAS,2022-23
Davis,Huff,67.0,WAS,2022-23
Cooks,Nunn,65.0,WAS,2022-23
Huff,Nunn,64.0,WAS,2022-23
Huff,Jackson,62.0,WAS,2022-23
Gibson,Porzingis,61.0,WAS,2022-23
Beal,Nunn,60.0,WAS,2022-23
Goodwin,Jackson,56.0,WAS,2022-23
Gibson,Gill,56.0,WAS,2022-23
Davis,Todd,52.0,WAS,2022-23
Goodwin,Huff,50.0,WAS,2022-23
Jackson,Kispert,49.0,WAS,2022-23
Cooks,Kispert,49.0,WAS,2022-23
Davis,Gibson,47.0,WAS,2022-23
Huff,Kispert,40.0,WAS,2022-23
Goodwin,Todd,39.0,WAS,2022-23
Cooks,Todd,39.0,WAS,2022-23
Davis,Morris,35.0,WAS,2022-23
Morris,Nunn,34.0,WAS,2022-23
Jackson,Todd,34.0,WAS,2022-23
Gill,Jackson,34.0,WAS,2022-23
Dotson,Gill,31.0,WAS,2022-23
Beal,Davis,27.0,WAS,2022-23
Dotson,Gafford,24.0,WAS,2022-23
Barton,Dotson,24.0,WAS,2022-23
Cooks,Gill,23.0,WAS,2022-23
Gafford,Jackson,22.0,WAS,2022-23
Dotson,Kispert,22.0,WAS,2022-23
Gafford,Gibson,22.0,WAS,2022-23
Dotson,Goodwin,22.0,WAS,2022-23
Gill,Todd,22.0,WAS,2022-23
Davis,Kuzma,20.0,WAS,2022-23
Carey Jr.,Goodwin,19.0,WAS,2022-23
Nunn,Todd,19.0,WAS,2022-23
Avdija,Jackson,19.0,WAS,2022-23
Dotson,Porzingis,17.0,WAS,2022-23
Barton,Davis,16.0,WAS,2022-23
Carey Jr.,Gill,16.0,WAS,2022-23
Davis,Hachimura,15.0,WAS,2022-23
Dotson,Kuzma,15.0,WAS,2022-23
Gill,Huff,15.0,WAS,2022-23
Avdija,Carey Jr.,14.0,WAS,2022-23
Barton,Carey Jr.,14.0,WAS,2022-23
Gibson,Jackson,13.0,WAS,2022-23
Barton,Nunn,13.0,WAS,2022-23
Jackson,Wright,13.0,WAS,2022-23
Kispert,Todd,12.0,WAS,2022-23
Avdija,Dotson,11.0,WAS,2022-23
Carey Jr.,Davis,11.0,WAS,2022-23
Beal,Dotson,9.0,WAS,2022-23
Gafford,Huff,8.0,WAS,2022-23
Carey Jr.,Kispert,8.0,WAS,2022-23
Dotson,Gibson,7.0,WAS,2022-23
Gibson,Todd,7.0,WAS,2022-23
Carey Jr.,Kuzma,6.0,WAS,2022-23
Davis,Schakel,6.0,WAS,2022-23
Schakel,Todd,6.0,WAS,2022-23
Davis,Dotson,6.0,WAS,2022-23
Gibson,Schakel,5.0,WAS,2022-23
Goodwin,Schakel,5.0,WAS,2022-23
Bouyea,Davis,5.0,WAS,2022-23
Carey Jr.,Jackson,5.0,WAS,2022-23
Bouyea,Gill,5.0,WAS,2022-23
Carey Jr.,Todd,4.0,WAS,2022-23
Avdija,Bouyea,4.0,WAS,2022-23
Bouyea,Nunn,4.0,WAS,2022-23
Dotson,Hachimura,3.0,WAS,2022-23
Avdija,Huff,3.0,WAS,2022-23
Dotson,Todd,3.0,WAS,2022-23
Carey Jr.,Gafford,3.0,WAS,2022-23
Carey Jr.,Dotson,3.0,WAS,2022-23
Dotson,Morris,3.0,WAS,2022-23
Gafford,Todd,3.0,WAS,2022-23
Carey Jr.,Nunn,3.0,WAS,2022-23
Carey Jr.,Gibson,2.0,WAS,2022-23
Bouyea,Kispert,2.0,WAS,2022-23
Carey Jr.,Hachimura,2.0,WAS,2022-23
Cooks,Gafford,1.0,WAS,2022-23
Carey Jr.,Morris,1.0,WAS,2022-23
Carey Jr.,Schakel,1.0,WAS,2022-23
Gill,Schakel,1.0,WAS,2022-23
Cooks,Morris,1.0,WAS,2022-23
Huff,Morris,1.0,WAS,2022-23
Jackson,Morris,1.0,WAS,2022-23
