ShortName,TeamAbbreviation,GamesPlayed,Minutes,PlusMinus,OffPoss,Points,FG2M,FG2A,Fg2Pct,FG3M,FG3A,Fg3Pct,NonHeaveFg3Pct,FtPoints,PtsAssisted2s,PtsUnassisted2s,PtsAssisted3s,PtsUnassisted3s,Assisted2sPct,NonPutbacksAssisted2sPct,Assisted3sPct,FG3APct,ShotQualityAvg,EfgPct,TsPct,PtsPutbacks,Fg2aBlocked,FG2APctBlocked,Fg3aBlocked,FG3APctBlocked
"Jackson Jr., Tillman, Bane, Williams, Smart",MEM,6,68,-6,146,142,33,69,0.4782608695652174,20,66,0.303030303030303,0.303030303030303,16,34,32,57,3,0.5151515151515151,0.5483870967741935,0.95,0.4888888888888889,0.5384448148148148,0.4666666666666667,0.4862068965517241,4,11,0.1594202898550724,0,0.0
"Kennard, Jackson Jr., Konchar, Aldama, Williams Jr.",MEM,6,64,14,125,155,29,43,0.6744186046511628,29,65,0.4461538461538462,0.4461538461538462,10,36,22,84,3,0.6206896551724138,0.6428571428571429,0.9655172413793104,0.6018518518518519,0.5464736111111111,0.6712962962962963,0.6858407079646017,2,3,0.0697674418604651,1,0.0153846153846153
"Jackson Jr., Morant, Bane, Biyombo, Smart",MEM,5,52,-3,111,124,25,46,0.5434782608695652,21,44,0.4772727272727273,0.4772727272727273,11,36,14,48,15,0.72,0.72,0.7619047619047619,0.4888888888888889,0.5561105555555556,0.6277777777777778,0.6354166666666666,0,8,0.1739130434782608,0,0.0
"Pippen Jr., Goodwin, LaRavia, Jackson, Jemison",MEM,3,45,7,95,122,32,54,0.5925925925925926,16,38,0.4210526315789473,0.4210526315789473,10,34,30,33,15,0.53125,0.5666666666666667,0.6875,0.4130434782608695,0.5637097826086956,0.6086956521739131,0.6224489795918368,4,3,0.0555555555555555,1,0.0263157894736842
"Jackson Jr., Bane, Roddy, Rose, Biyombo",MEM,5,40,-13,82,85,26,45,0.5777777777777777,10,25,0.4,0.4,3,36,16,21,9,0.6923076923076923,0.6923076923076923,0.7,0.3571428571428571,0.5624814285714286,0.5857142857142857,0.5902777777777778,0,5,0.1111111111111111,0,0.0
"Jackson Jr., Morant, Bane, Williams Jr., Biyombo",MEM,4,38,14,75,99,33,51,0.6470588235294118,7,22,0.3181818181818182,0.3181818181818182,12,30,36,21,0,0.4545454545454545,0.4838709677419355,1.0,0.3013698630136986,0.5762260273972603,0.5958904109589042,0.6036585365853658,4,4,0.0784313725490196,0,0.0
"Jackson Jr., Konchar, Aldama, Pippen Jr., Williams Jr.",MEM,4,35,2,69,83,20,33,0.6060606060606061,13,34,0.3823529411764705,0.3823529411764705,4,20,20,39,0,0.5,0.5555555555555556,1.0,0.5074626865671642,0.5446283582089552,0.5895522388059702,0.6014492753623188,4,4,0.1212121212121212,0,0.0
"Kennard, Jackson Jr., Williams, Aldama, Williams Jr.",MEM,3,32,-17,60,55,12,27,0.4444444444444444,8,29,0.2758620689655172,0.2758620689655172,7,16,8,15,9,0.6666666666666666,0.7272727272727273,0.625,0.5178571428571429,0.5725553571428571,0.4285714285714285,0.4661016949152542,2,3,0.1111111111111111,0,0.0
"Jackson Jr., Konchar, Aldama, Williams Jr., Gilyard",MEM,3,31,-2,64,67,16,31,0.5161290322580645,9,34,0.2647058823529412,0.2647058823529412,8,18,14,24,3,0.5625,0.6428571428571429,0.8888888888888888,0.5230769230769231,0.5793692307692307,0.4538461538461538,0.4782608695652174,4,3,0.0967741935483871,1,0.0294117647058823
"Jackson Jr., Bane, Gilyard, Biyombo, Smart",MEM,3,28,13,55,73,13,29,0.4482758620689655,12,20,0.6,0.6,11,12,14,36,0,0.4615384615384615,0.5,1.0,0.4081632653061224,0.5058326530612245,0.6326530612244898,0.6792452830188679,2,6,0.2068965517241379,0,0.0
"Jackson Jr., Bane, Williams, Roddy, Smart",MEM,4,27,-9,53,59,21,31,0.6774193548387096,4,17,0.2352941176470588,0.2352941176470588,5,20,22,12,0,0.4761904761904761,0.4761904761904761,1.0,0.3541666666666667,0.5361322916666666,0.5625,0.59,0,3,0.0967741935483871,0,0.0
"Jackson Jr., Bane, Williams, Biyombo, Smart",MEM,4,26,-14,52,58,15,33,0.4545454545454545,6,18,0.3333333333333333,0.3333333333333333,10,16,14,15,3,0.5333333333333333,0.6153846153846154,0.8333333333333334,0.3529411764705882,0.5498,0.4705882352941176,0.5181818181818182,4,3,0.0909090909090909,1,0.0555555555555555
"Jackson Jr., Bane, Aldama, Gilyard, Biyombo",MEM,3,25,-5,46,53,13,21,0.6190476190476191,7,22,0.3181818181818182,0.3181818181818182,6,12,14,18,3,0.4615384615384615,0.5,0.8571428571428571,0.5116279069767442,0.5267325581395349,0.5465116279069767,0.5760869565217391,2,3,0.1428571428571428,1,0.0454545454545454
"Jackson Jr., Morant, Bane, Aldama, Smart",MEM,5,24,0,46,50,12,20,0.6,5,17,0.2941176470588235,0.2941176470588235,11,10,14,12,3,0.4166666666666667,0.4545454545454545,0.8,0.4594594594594595,0.5545081081081081,0.527027027027027,0.5681818181818182,2,1,0.05,0,0.0
"Nowell, Bane, Aldama, Williams Jr., Biyombo",MEM,5,23,-5,41,58,16,23,0.6956521739130435,8,16,0.5,0.5,2,14,18,24,0,0.4375,0.4666666666666667,1.0,0.4102564102564102,0.510624358974359,0.717948717948718,0.725,2,2,0.0869565217391304,0,0.0
"Williams, Aldama, Goodwin, Williams Jr., Jemison",MEM,2,23,-11,41,50,17,31,0.5483870967741935,5,11,0.4545454545454545,0.4545454545454545,1,16,18,15,0,0.4705882352941176,0.5,1.0,0.2619047619047619,0.5131785714285714,0.5833333333333334,0.5813953488372093,2,2,0.064516129032258,0,0.0
"Jackson Jr., Bane, Aldama, Pippen Jr., Jackson",MEM,2,22,-22,44,45,10,17,0.5882352941176471,7,22,0.3181818181818182,0.3181818181818182,4,12,8,21,0,0.6,0.6,1.0,0.5641025641025641,0.5797858974358975,0.5256410256410257,0.5357142857142857,0,0,0.0,0,0.0
"Jackson Jr., Konchar, Bane, Aldama, Jackson",MEM,2,21,-6,44,55,7,12,0.5833333333333334,11,26,0.4230769230769231,0.4230769230769231,8,12,2,24,9,0.8571428571428571,0.8571428571428571,0.7272727272727273,0.6842105263157895,0.5241631578947368,0.618421052631579,0.6707317073170732,0,2,0.1666666666666666,0,0.0
"Kennard, Konchar, Aldama, Williams Jr., Jemison",MEM,2,20,1,39,50,11,22,0.5,9,16,0.5625,0.5625,1,18,4,27,0,0.8181818181818182,1.0,1.0,0.4210526315789473,0.5663421052631579,0.6447368421052632,0.6578947368421053,4,3,0.1363636363636363,0,0.0
"Jackson Jr., Morant, Tillman, Bane, Smart",MEM,3,20,-9,39,39,10,21,0.4761904761904761,3,12,0.25,0.25,10,10,10,9,0,0.5,0.5,1.0,0.3636363636363636,0.5376454545454545,0.4393939393939394,0.5131578947368421,0,2,0.0952380952380952,0,0.0
"Jackson Jr., Williams, Aldama, Goodwin, Williams Jr.",MEM,1,19,7,39,50,13,22,0.5909090909090909,5,15,0.3333333333333333,0.3333333333333333,9,12,14,15,0,0.4615384615384615,0.6,1.0,0.4054054054054054,0.5941,0.5540540540540541,0.6097560975609756,6,3,0.1363636363636363,0,0.0
"Jackson Jr., Konchar, Bane, Aldama, Biyombo",MEM,2,18,3,36,42,14,27,0.5185185185185185,4,12,0.3333333333333333,0.3333333333333333,2,10,18,12,0,0.3571428571428571,0.4166666666666667,1.0,0.3076923076923077,0.5325628205128206,0.5128205128205128,0.5125,4,3,0.1111111111111111,0,0.0
"Konchar, Tillman, Bane, Roddy, Smart",MEM,3,18,3,39,45,15,21,0.7142857142857143,5,14,0.3571428571428571,0.3571428571428571,0,16,14,12,3,0.5333333333333333,0.6666666666666666,0.8,0.4,0.5663557142857143,0.6428571428571429,0.625,6,1,0.0476190476190476,0,0.0
"Stevens, Williams, Aldama, Goodwin, Williams Jr.",MEM,2,18,-1,34,31,5,20,0.25,7,14,0.5,0.5,0,4,6,21,0,0.4,0.5,1.0,0.4117647058823529,0.5536132352941177,0.4558823529411764,0.4428571428571428,2,0,0.0,0,0.0
"Jackson Jr., Konchar, Roddy, Williams Jr., Gilyard",MEM,2,18,-13,37,36,4,15,0.2666666666666666,7,17,0.4117647058823529,0.4117647058823529,7,6,2,18,3,0.75,0.75,0.8571428571428571,0.53125,0.545015625,0.453125,0.5,0,7,0.4666666666666667,1,0.0588235294117647
"Kennard, Jackson Jr., Bane, Aldama, Jackson",MEM,1,18,-1,42,43,5,12,0.4166666666666667,8,20,0.4,0.4,9,8,2,21,3,0.8,0.8,0.875,0.625,0.5228375,0.53125,0.5675675675675675,0,3,0.25,1,0.05
"Stevens, Pippen Jr., LaRavia, Jackson, Jemison",MEM,1,18,4,35,42,7,15,0.4666666666666667,7,14,0.5,0.5,7,8,6,15,6,0.5714285714285714,0.5714285714285714,0.7142857142857143,0.4827586206896552,0.5602568965517242,0.603448275862069,0.640625,0,4,0.2666666666666666,0,0.0
"Jackson Jr., Konchar, Aldama, Roddy, Williams Jr.",MEM,4,17,-10,32,38,12,20,0.6,2,9,0.2222222222222222,0.2222222222222222,8,12,12,6,0,0.5,0.6,1.0,0.3103448275862069,0.6000448275862069,0.5172413793103449,0.5757575757575758,4,3,0.15,1,0.1111111111111111
"Kennard, Jackson Jr., Aldama, Pippen Jr., Jackson",MEM,1,17,-2,35,42,9,11,0.8181818181818182,5,16,0.3125,0.3125,9,10,8,15,0,0.5555555555555556,0.5555555555555556,1.0,0.5925925925925926,0.5501518518518519,0.6111111111111112,0.65625,0,0,0.0,0,0.0
"Kennard, Bane, Aldama, Biyombo, Smart",MEM,5,17,-13,35,35,8,18,0.4444444444444444,6,18,0.3333333333333333,0.3333333333333333,1,14,2,9,9,0.875,0.875,0.5,0.5,0.5420138888888889,0.4722222222222222,0.4729729729729729,0,2,0.1111111111111111,0,0.0
"Kennard, Jackson Jr., Bane, Biyombo, Smart",MEM,3,16,12,34,40,11,16,0.6875,5,9,0.5555555555555556,0.5555555555555556,3,12,10,9,6,0.5454545454545454,0.5454545454545454,0.6,0.36,0.505232,0.74,0.7692307692307693,0,1,0.0625,0,0.0
"Jackson Jr., Nowell, Bane, Roddy, Biyombo",MEM,4,16,11,34,43,13,19,0.6842105263157895,5,13,0.3846153846153846,0.3846153846153846,2,6,20,9,6,0.2307692307692307,0.2727272727272727,0.6,0.40625,0.580365625,0.640625,0.6515151515151515,4,2,0.1052631578947368,0,0.0
"Clarke, Pippen Jr., Goodwin, Jackson, Jemison",MEM,1,16,-3,34,29,13,30,0.4333333333333333,0,6,0.0,0.0,3,16,10,0,0,0.6153846153846154,0.6153846153846154,0.0,0.1666666666666666,0.5766263888888888,0.3611111111111111,0.3815789473684211,0,4,0.1333333333333333,0,0.0
"Goodwin, LaRavia, Jackson, Allen, Jemison",MEM,2,16,-2,31,33,9,21,0.4285714285714285,4,9,0.4444444444444444,0.4444444444444444,3,6,12,3,9,0.3333333333333333,0.375,0.25,0.3,0.5227416666666667,0.5,0.515625,2,3,0.1428571428571428,0,0.0
"Jackson Jr., Bane, Aldama, Roddy, Rose",MEM,2,16,0,32,40,5,10,0.5,10,21,0.4761904761904761,0.4761904761904761,0,8,2,30,0,0.8,0.8,1.0,0.6774193548387096,0.5679177419354839,0.6451612903225806,0.6451612903225806,0,3,0.3,1,0.0476190476190476
"Gabriel, Jarreau, Goodwin, LaRavia, Jackson",MEM,2,16,2,32,30,9,17,0.5294117647058824,2,9,0.2222222222222222,0.2222222222222222,6,10,8,6,0,0.5555555555555556,0.625,1.0,0.3461538461538461,0.567844,0.4615384615384615,0.5172413793103449,2,1,0.0588235294117647,0,0.0
"Bane, Aldama, Roddy, Rose, Biyombo",MEM,5,15,5,29,34,14,20,0.7,1,8,0.125,0.125,3,16,12,3,0,0.5714285714285714,0.6153846153846154,1.0,0.2857142857142857,0.5475107142857143,0.5535714285714286,0.5666666666666667,2,4,0.2,1,0.125
"Morant, Tillman, Williams, Aldama, Williams Jr.",MEM,3,15,10,31,37,11,14,0.7857142857142857,4,12,0.3333333333333333,0.3333333333333333,3,18,4,12,0,0.8181818181818182,0.9,1.0,0.4615384615384615,0.6096038461538462,0.6538461538461539,0.6607142857142857,2,2,0.1428571428571428,0,0.0
"Kennard, Bane, Williams Jr., Biyombo, Smart",MEM,2,15,8,30,44,8,18,0.4444444444444444,8,14,0.5714285714285714,0.5714285714285714,4,4,12,21,3,0.25,0.25,0.875,0.4375,0.517359375,0.625,0.6666666666666666,0,1,0.0555555555555555,0,0.0
"Konchar, Stevens, Hurt, LaRavia, Jackson",MEM,2,15,7,28,36,9,15,0.6,4,13,0.3076923076923077,0.3333333333333333,6,12,6,9,3,0.6666666666666666,0.8571428571428571,0.75,0.4642857142857143,0.5533037037037037,0.5357142857142857,0.5806451612903226,4,2,0.1333333333333333,0,0.0
"Kennard, Konchar, Pippen Jr., Jackson, Jemison",MEM,1,15,11,28,41,7,13,0.5384615384615384,7,11,0.6363636363636364,0.6363636363636364,6,8,6,21,0,0.5714285714285714,0.6666666666666666,1.0,0.4583333333333333,0.5573583333333333,0.7291666666666666,0.7321428571428571,2,3,0.2307692307692307,0,0.0
"Jackson Jr., Aldama, Williams Jr., Gilyard, Jackson",MEM,2,15,-4,30,29,8,13,0.6153846153846154,2,11,0.1818181818181818,0.1818181818181818,7,6,10,3,3,0.375,0.4285714285714285,0.5,0.4583333333333333,0.5607291666666666,0.4583333333333333,0.4814814814814814,2,1,0.0769230769230769,0,0.0
"Kennard, Jackson Jr., Aldama, LaRavia, Jackson",MEM,1,15,-20,29,30,5,10,0.5,5,13,0.3846153846153846,0.3846153846153846,5,6,4,12,3,0.6,0.6,0.8,0.5652173913043478,0.5603391304347827,0.5434782608695652,0.5555555555555556,0,2,0.2,0,0.0
"Jackson Jr., Tillman, Aldama, Pippen Jr., Roddy",MEM,1,14,1,31,35,5,16,0.3125,6,10,0.6,0.6,7,8,2,18,0,0.8,1.0,1.0,0.3846153846153846,0.5495115384615384,0.5384615384615384,0.603448275862069,2,0,0.0,0,0.0
"Jackson Jr., Konchar, Aldama, Goodwin, Jackson",MEM,1,14,-13,30,25,5,10,0.5,5,13,0.3846153846153846,0.3846153846153846,0,6,4,15,0,0.6,0.6,1.0,0.5652173913043478,0.5590434782608696,0.5434782608695652,0.5434782608695652,0,2,0.2,0,0.0
"Kennard, Jackson Jr., Tillman, Bane, Williams Jr.",MEM,1,14,0,28,29,4,10,0.4,5,16,0.3125,0.3125,6,4,4,9,6,0.5,0.5,0.6,0.6153846153846154,0.5329807692307692,0.4423076923076923,0.4833333333333333,0,2,0.2,1,0.0625
"Kennard, Konchar, Aldama, Goodwin, Jemison",MEM,1,14,-3,26,30,10,18,0.5555555555555556,3,9,0.3333333333333333,0.3333333333333333,1,12,8,9,0,0.6,0.6666666666666666,1.0,0.3333333333333333,0.5607648148148149,0.5370370370370371,0.5357142857142857,2,0,0.0,0,0.0
"Kennard, Roddy, Gilyard, Jackson, Evbuomwan",MEM,1,14,-11,29,28,7,15,0.4666666666666667,4,13,0.3076923076923077,0.3076923076923077,2,6,8,12,0,0.4285714285714285,0.4285714285714285,1.0,0.4642857142857143,0.5338178571428571,0.4642857142857143,0.4827586206896552,0,2,0.1333333333333333,0,0.0
"Kennard, Jackson Jr., Konchar, Roddy, Williams Jr.",MEM,2,14,0,28,29,8,18,0.4444444444444444,3,10,0.3,0.3,4,8,8,9,0,0.5,0.5714285714285714,1.0,0.3571428571428571,0.5440875000000001,0.4464285714285714,0.5,2,2,0.1111111111111111,2,0.2
"Jackson Jr., Bane, Williams Jr., Biyombo, Smart",MEM,3,13,-13,28,26,6,20,0.3,3,8,0.375,0.375,5,4,8,3,6,0.3333333333333333,0.3333333333333333,0.3333333333333333,0.2857142857142857,0.5214428571428572,0.375,0.4032258064516129,0,3,0.15,0,0.0
"Kennard, Tillman, Williams Jr., Gilyard, Jackson",MEM,2,13,22,26,43,9,12,0.75,6,12,0.5,0.5,7,16,2,15,3,0.8888888888888888,0.8888888888888888,0.8333333333333334,0.5,0.5702520833333333,0.75,0.7962962962962963,0,0,0.0,1,0.0833333333333333
"Jackson Jr., Stevens, Goodwin, LaRavia, Jackson",MEM,2,13,15,25,38,12,21,0.5714285714285714,3,7,0.4285714285714285,0.4285714285714285,5,12,12,9,0,0.5,0.6666666666666666,1.0,0.25,0.5631625,0.5892857142857143,0.6333333333333333,6,1,0.0476190476190476,0,0.0
"Kennard, Williams Jr., Jackson, Jemison, Rose",MEM,2,13,-1,29,32,7,16,0.4375,5,10,0.5,0.5,3,14,0,15,0,1.0,1.0,1.0,0.3846153846153846,0.5665153846153846,0.5576923076923077,0.5925925925925926,0,2,0.125,0,0.0
"Kennard, Jackson Jr., Pippen Jr., Jackson, Jemison",MEM,1,13,-11,26,26,10,19,0.5263157894736842,1,3,0.3333333333333333,0.3333333333333333,3,8,12,0,3,0.4,0.4444444444444444,0.0,0.1363636363636363,0.5273318181818182,0.5227272727272727,0.5416666666666666,2,4,0.2105263157894736,0,0.0
"Kennard, Jackson Jr., Tillman, Williams, Williams Jr.",MEM,1,13,-3,26,32,3,10,0.3,7,16,0.4375,0.4375,5,2,4,21,0,0.3333333333333333,0.5,1.0,0.6153846153846154,0.5408423076923077,0.5192307692307693,0.5517241379310345,2,1,0.1,0,0.0
"Konchar, Tillman, Bane, Williams, Roddy",MEM,4,13,3,28,30,6,13,0.4615384615384615,3,11,0.2727272727272727,0.2727272727272727,9,6,6,6,3,0.5,0.5,0.6666666666666666,0.4583333333333333,0.53899375,0.4375,0.5172413793103449,0,3,0.2307692307692307,0,0.0
"Kennard, Tillman, Roddy, Williams Jr., Gilyard",MEM,1,13,-13,27,20,7,14,0.5,2,10,0.2,0.2,0,12,2,6,0,0.8571428571428571,0.8571428571428571,1.0,0.4166666666666667,0.5519125,0.4166666666666667,0.4166666666666667,0,2,0.1428571428571428,0,0.0
"Pippen Jr., Goodwin, Jackson, Pereira, Jemison",MEM,1,13,2,25,28,7,15,0.4666666666666667,3,7,0.4285714285714285,0.4285714285714285,5,4,10,6,3,0.2857142857142857,0.2857142857142857,0.6666666666666666,0.3181818181818182,0.5239363636363636,0.5227272727272727,0.56,0,2,0.1333333333333333,0,0.0
"Jackson Jr., Williams, Roddy, Gilyard, Jackson",MEM,5,12,-6,24,29,7,19,0.3684210526315789,3,6,0.5,0.5,6,8,6,9,0,0.5714285714285714,0.5714285714285714,1.0,0.24,0.553654,0.46,0.5178571428571429,0,4,0.2105263157894736,0,0.0
"Jackson Jr., Konchar, Aldama, LaRavia, Jackson",MEM,2,12,12,26,32,8,22,0.3636363636363636,4,7,0.5714285714285714,0.5714285714285714,4,6,10,9,3,0.375,0.5,0.75,0.2413793103448276,0.5060086206896552,0.4827586206896552,0.5161290322580645,4,4,0.1818181818181818,0,0.0
"Jackson Jr., Nowell, Konchar, Aldama, Williams Jr.",MEM,3,12,13,23,32,5,11,0.4545454545454545,6,11,0.5454545454545454,0.5454545454545454,4,2,8,18,0,0.2,0.25,1.0,0.5,0.5141295454545455,0.6363636363636364,0.6666666666666666,2,2,0.1818181818181818,0,0.0
"Jackson Jr., Bane, Aldama, LaRavia, Jackson",MEM,2,12,-6,24,20,8,13,0.6153846153846154,0,5,0.0,0.0,4,4,12,0,0,0.25,0.25,0.0,0.2777777777777778,0.5198722222222222,0.4444444444444444,0.5,0,2,0.1538461538461538,1,0.2
"Jackson Jr., Bane, Williams, Williams Jr., Biyombo",MEM,2,12,-14,25,21,7,13,0.5384615384615384,1,6,0.1666666666666666,0.1666666666666666,4,8,6,0,3,0.5714285714285714,0.5714285714285714,0.0,0.3157894736842105,0.5331026315789473,0.4473684210526316,0.5,0,1,0.0769230769230769,0,0.0
"Jackson Jr., Konchar, Williams, Roddy, Rose",MEM,3,12,-1,25,24,6,12,0.5,2,8,0.25,0.3333333333333333,6,4,8,6,0,0.3333333333333333,0.3333333333333333,1.0,0.4,0.4941611111111111,0.45,0.5,0,1,0.0833333333333333,0,0.0
"Williams, LaRavia, Roddy, Gilyard, Jackson",MEM,2,12,21,22,35,6,13,0.4615384615384615,5,9,0.5555555555555556,0.5555555555555556,8,8,4,15,0,0.6666666666666666,0.6666666666666666,1.0,0.4090909090909091,0.5775727272727272,0.6136363636363636,0.7,0,1,0.0769230769230769,0,0.0
"Bane, Aldama, Roddy, Gilyard, Biyombo",MEM,3,11,-1,21,22,6,12,0.5,3,9,0.3333333333333333,0.3333333333333333,1,10,2,6,3,0.8333333333333334,0.8333333333333334,0.6666666666666666,0.4285714285714285,0.5508690476190476,0.5,0.5238095238095238,0,2,0.1666666666666666,1,0.1111111111111111
"Jackson Jr., Morant, Bane, Williams Jr., Smart",MEM,4,11,0,25,17,6,11,0.5454545454545454,1,8,0.125,0.125,2,4,8,3,0,0.3333333333333333,0.3333333333333333,1.0,0.4210526315789473,0.549871052631579,0.3947368421052631,0.4047619047619047,0,2,0.1818181818181818,0,0.0
"Bane, Williams, Aldama, Roddy, Biyombo",MEM,4,11,8,22,35,10,12,0.8333333333333334,4,7,0.5714285714285714,0.5714285714285714,3,8,12,6,6,0.4,0.5,0.5,0.3684210526315789,0.5147342105263157,0.8421052631578947,0.875,4,2,0.1666666666666666,0,0.0
"Kennard, Jackson Jr., Konchar, Tillman, Williams Jr.",MEM,1,11,12,21,37,8,11,0.7272727272727273,7,10,0.7,0.7,0,8,8,18,3,0.5,0.5,0.8571428571428571,0.4761904761904761,0.5691309523809525,0.8809523809523809,0.8809523809523809,0,1,0.0909090909090909,0,0.0
"Jackson Jr., Konchar, Aldama, Williams Jr., Jackson",MEM,4,11,-8,24,19,8,13,0.6153846153846154,1,7,0.1428571428571428,0.1428571428571428,0,12,4,3,0,0.75,0.75,1.0,0.35,0.586405,0.475,0.475,0,1,0.0769230769230769,0,0.0
"Jackson Jr., Bane, Roddy, Gilyard, Biyombo",MEM,2,11,4,22,30,6,14,0.4285714285714285,4,9,0.4444444444444444,0.4444444444444444,6,6,6,12,0,0.5,0.5,1.0,0.391304347826087,0.5029826086956521,0.5217391304347826,0.5769230769230769,0,2,0.1428571428571428,0,0.0
"Jackson Jr., Williams, LaRavia, Roddy, Rose",MEM,4,11,-13,21,19,4,15,0.2666666666666666,2,6,0.3333333333333333,0.3333333333333333,5,4,4,6,0,0.5,0.6666666666666666,1.0,0.2857142857142857,0.4556404761904762,0.3333333333333333,0.3958333333333333,2,7,0.4666666666666667,0,0.0
"Kennard, Jackson Jr., Pippen Jr., LaRavia, Jackson",MEM,2,11,-22,24,11,3,9,0.3333333333333333,0,5,0.0,0.0,5,2,4,0,0,0.3333333333333333,0.3333333333333333,0.0,0.3571428571428571,0.5239321428571428,0.2142857142857142,0.3235294117647059,0,3,0.3333333333333333,0,0.0
"Jackson Jr., Konchar, Aldama, Goodwin, Williams Jr.",MEM,1,11,-4,19,26,8,16,0.5,2,4,0.5,0.5,4,6,10,6,0,0.375,0.4285714285714285,1.0,0.2,0.5047024999999999,0.55,0.6190476190476191,2,3,0.1875,0,0.0
"Morant, Konchar, Tillman, Williams, Aldama",MEM,3,11,12,24,29,7,10,0.7,4,6,0.6666666666666666,0.6666666666666666,3,10,4,9,3,0.7142857142857143,0.7142857142857143,0.75,0.375,0.551753125,0.8125,0.8529411764705882,0,0,0.0,1,0.1666666666666666
"Jackson Jr., Konchar, Bane, Williams, Aldama",MEM,4,11,4,19,28,5,9,0.5555555555555556,5,10,0.5,0.5,3,2,8,12,3,0.2,0.3333333333333333,0.8,0.5263157894736842,0.5205131578947368,0.6578947368421053,0.6666666666666666,4,2,0.2222222222222222,0,0.0
"Jackson Jr., Roddy, Williams Jr., Rose, Biyombo",MEM,1,11,0,22,26,8,14,0.5714285714285714,2,6,0.3333333333333333,0.3333333333333333,4,12,4,6,0,0.75,0.75,1.0,0.3,0.530385,0.55,0.5652173913043478,0,1,0.0714285714285714,0,0.0
"Jackson Jr., Tillman, Bane, Roddy, Smart",MEM,4,11,9,21,31,7,11,0.6363636363636364,4,8,0.5,0.5,5,8,6,9,3,0.5714285714285714,0.5714285714285714,0.75,0.4210526315789473,0.5532052631578948,0.6842105263157895,0.6739130434782609,0,1,0.0909090909090909,0,0.0
"Kennard, Tillman, Bane, Roddy, Smart",MEM,2,11,4,20,23,9,13,0.6923076923076923,1,8,0.125,0.125,2,8,10,3,0,0.4444444444444444,0.4444444444444444,1.0,0.3809523809523809,0.5539619047619048,0.5,0.5,0,0,0.0,1,0.125
"Kennard, Jackson Jr., Tillman, Bane, Smart",MEM,4,10,-13,22,13,4,13,0.3076923076923077,0,6,0.0,0.0,5,2,6,0,0,0.25,0.3333333333333333,0.0,0.3157894736842105,0.5916105263157895,0.2105263157894736,0.2857142857142857,2,1,0.0769230769230769,0,0.0
"Jackson Jr., Bane, Aldama, Roddy, Williams Jr.",MEM,4,10,6,25,34,8,12,0.6666666666666666,4,11,0.3636363636363636,0.3636363636363636,6,6,10,12,0,0.375,0.4285714285714285,1.0,0.4782608695652174,0.5713282608695652,0.6086956521739131,0.6538461538461539,2,1,0.0833333333333333,1,0.0909090909090909
"Kennard, Jackson Jr., Aldama, Williams Jr., Rose",MEM,2,10,1,22,24,5,13,0.3846153846153846,4,10,0.4,0.4,2,6,4,12,0,0.6,0.75,1.0,0.4347826086956521,0.4858543478260869,0.4782608695652174,0.5,2,3,0.2307692307692307,0,0.0
"Jackson Jr., Tillman, Bane, Williams Jr., Gilyard",MEM,1,10,-3,23,23,1,6,0.1666666666666666,7,14,0.5,0.5,0,0,2,15,6,0.0,0.0,0.7142857142857143,0.7,0.5862325,0.575,0.575,2,3,0.5,0,0.0
"Bane, Williams, Roddy, Rose, Biyombo",MEM,3,10,-1,19,23,7,11,0.6363636363636364,3,5,0.6,0.6,0,10,4,9,0,0.7142857142857143,0.7142857142857143,1.0,0.3125,0.535759375,0.71875,0.71875,0,0,0.0,0,0.0
"Jackson Jr., Morant, Tillman, Bane, Williams Jr.",MEM,3,10,-1,19,23,4,8,0.5,2,7,0.2857142857142857,0.2857142857142857,9,2,6,6,0,0.25,0.25,1.0,0.4666666666666667,0.5019833333333333,0.4666666666666667,0.575,0,1,0.125,0,0.0
"Gabriel, Stevens, Jarreau, Jackson, Jemison",MEM,1,10,5,21,20,6,13,0.4615384615384615,1,4,0.25,0.25,5,6,6,3,0,0.5,0.6,1.0,0.2352941176470588,0.571385294117647,0.4411764705882353,0.5,2,0,0.0,0,0.0
"Konchar, Aldama, LaRavia, Jackson, Jemison",MEM,2,10,-2,17,21,2,6,0.3333333333333333,4,12,0.3333333333333333,0.3333333333333333,5,4,0,12,0,1.0,1.0,1.0,0.6666666666666666,0.4950694444444445,0.4444444444444444,0.525,0,1,0.1666666666666666,0,0.0
"Nowell, Bane, Aldama, Roddy, Biyombo",MEM,4,10,-5,23,21,6,16,0.375,2,5,0.4,0.4,3,2,10,6,0,0.1666666666666666,0.2,1.0,0.238095238095238,0.5090142857142856,0.4285714285714285,0.4772727272727273,2,2,0.125,0,0.0
"Kennard, Jackson Jr., Bane, Aldama, Smart",MEM,4,10,-1,23,26,3,4,0.75,3,12,0.25,0.25,11,4,2,6,3,0.6666666666666666,0.6666666666666666,0.6666666666666666,0.75,0.552084375,0.46875,0.5909090909090909,0,0,0.0,1,0.0833333333333333
"Kennard, Morant, Aldama, Williams Jr., Biyombo",MEM,2,10,6,19,29,7,7,1.0,4,12,0.3333333333333333,0.3333333333333333,3,8,6,9,3,0.5714285714285714,0.6666666666666666,0.75,0.631578947368421,0.5485342105263158,0.6842105263157895,0.6590909090909091,2,0,0.0,0,0.0
"Jackson Jr., Konchar, Bane, Gilyard, Biyombo",MEM,3,10,-14,22,23,2,8,0.25,5,12,0.4166666666666667,0.4166666666666667,4,4,0,15,0,1.0,1.0,1.0,0.6,0.5457799999999999,0.475,0.5227272727272727,0,2,0.25,0,0.0
"Kennard, Jackson Jr., Williams, Williams Jr., Jackson",MEM,2,10,-4,19,20,5,10,0.5,2,7,0.2857142857142857,0.2857142857142857,4,6,4,6,0,0.6,0.6,1.0,0.4117647058823529,0.5135117647058823,0.4705882352941176,0.5,0,1,0.1,0,0.0
"Jackson Jr., Bane, Roddy, Williams Jr., Biyombo",MEM,3,10,-4,17,18,5,11,0.4545454545454545,1,7,0.1428571428571428,0.1428571428571428,5,6,4,3,0,0.6,0.75,1.0,0.3888888888888889,0.5118111111111111,0.3611111111111111,0.45,2,0,0.0,0,0.0
"Konchar, Tillman, Williams, Aldama, Roddy",MEM,1,9,6,19,25,7,12,0.5833333333333334,3,8,0.375,0.375,2,8,6,9,0,0.5714285714285714,0.5714285714285714,1.0,0.4,0.4814825,0.575,0.625,0,3,0.25,0,0.0
"Kennard, Jackson Jr., Aldama, LaRavia, Williams Jr.",MEM,1,9,1,19,25,5,12,0.4166666666666667,1,4,0.25,0.25,12,4,6,3,0,0.4,0.5,1.0,0.25,0.526959375,0.40625,0.5952380952380952,2,0,0.0,0,0.0
"Konchar, Tillman, Bane, Williams, Williams Jr.",MEM,2,9,-1,17,18,5,10,0.5,2,6,0.3333333333333333,0.3333333333333333,2,4,6,6,0,0.4,0.4,1.0,0.375,0.599690625,0.5,0.5294117647058824,0,1,0.1,0,0.0
"Jackson Jr., Konchar, Bane, Roddy, Williams Jr.",MEM,2,9,7,19,26,8,10,0.8,2,9,0.2222222222222222,0.2222222222222222,4,4,12,6,0,0.25,0.2857142857142857,1.0,0.4736842105263157,0.5917052631578947,0.5789473684210527,0.5952380952380952,2,0,0.0,0,0.0
"Konchar, Tillman, Williams, Roddy, Gilyard",MEM,2,9,-10,18,13,4,12,0.3333333333333333,0,4,0.0,0.0,5,6,2,0,0,0.75,0.75,0.0,0.25,0.519965625,0.25,0.3421052631578947,0,2,0.1666666666666666,0,0.0
"Stevens, Simpson, Pippen Jr., Goodwin, Pereira",MEM,1,9,12,19,29,5,13,0.3846153846153846,6,10,0.6,0.6,1,6,4,18,0,0.6,1.0,1.0,0.4347826086956521,0.5210260869565218,0.6086956521739131,0.6041666666666666,4,1,0.0769230769230769,0,0.0
"Jackson Jr., Williams, Roddy, Williams Jr., Jackson",MEM,4,9,3,19,29,6,7,0.8571428571428571,5,6,0.8333333333333334,0.8333333333333334,2,8,4,15,0,0.6666666666666666,0.6666666666666666,1.0,0.4615384615384615,0.5479076923076923,1.0384615384615383,0.9666666666666668,0,0,0.0,0,0.0
"Kennard, Jackson Jr., Clarke, LaRavia, Jackson",MEM,2,9,-1,18,18,4,9,0.4444444444444444,3,6,0.5,0.5,1,6,2,9,0,0.75,1.0,1.0,0.4,0.52946,0.5666666666666667,0.5625,2,2,0.2222222222222222,0,0.0
"Jackson Jr., Williams, Aldama, Williams Jr., Gilyard",MEM,4,9,-16,16,6,2,7,0.2857142857142857,0,8,0.0,0.0,2,2,2,0,0,0.5,1.0,0.0,0.5333333333333333,0.5419733333333333,0.1333333333333333,0.1666666666666666,2,0,0.0,0,0.0
"Jackson Jr., Konchar, Bane, Aldama, Roddy",MEM,5,9,-4,21,15,2,5,0.4,2,9,0.2222222222222222,0.2222222222222222,5,0,4,3,3,0.0,0.0,0.5,0.6428571428571429,0.5258357142857143,0.3571428571428571,0.4411764705882353,0,0,0.0,0,0.0
"Kennard, Jackson Jr., Konchar, Williams Jr., Jackson",MEM,3,9,5,19,26,7,12,0.5833333333333334,4,7,0.5714285714285714,0.5714285714285714,0,8,6,6,6,0.5714285714285714,0.8,0.5,0.3684210526315789,0.5812368421052632,0.6842105263157895,0.6842105263157895,4,1,0.0833333333333333,0,0.0
"Jackson Jr., Williams, Aldama, Roddy, Gilyard",MEM,3,9,-3,16,13,3,6,0.5,2,8,0.25,0.25,1,6,0,3,3,1.0,1.0,0.5,0.5714285714285714,0.5181571428571429,0.4285714285714285,0.4642857142857143,0,0,0.0,0,0.0
"Konchar, Stevens, LaRavia, Jackson, Rose",MEM,1,9,1,14,13,4,12,0.3333333333333333,1,3,0.3333333333333333,0.5,2,2,6,3,0,0.25,0.25,1.0,0.2,0.5107535714285715,0.3666666666666666,0.40625,0,1,0.0833333333333333,0,0.0
"Konchar, LaRavia, Williams Jr., Lofton Jr., Gilyard",MEM,1,8,3,20,26,7,10,0.7,2,6,0.3333333333333333,0.3333333333333333,6,12,2,6,0,0.8571428571428571,0.8571428571428571,1.0,0.375,0.5214625,0.625,0.625,0,0,0.0,0,0.0
"Kennard, Jackson Jr., Aldama, Roddy, Gilyard",MEM,3,8,2,15,18,3,8,0.375,3,8,0.375,0.375,3,2,4,9,0,0.3333333333333333,0.3333333333333333,1.0,0.5,0.477040625,0.46875,0.4736842105263157,0,1,0.125,0,0.0
"Kennard, Stevens, Aldama, LaRavia, Williams Jr.",MEM,3,8,-7,15,14,3,7,0.4285714285714285,2,6,0.3333333333333333,0.3333333333333333,2,2,4,6,0,0.3333333333333333,0.3333333333333333,1.0,0.4615384615384615,0.5026269230769231,0.4615384615384615,0.5,0,0,0.0,0,0.0
"Roddy, Williams Jr., Gilyard, Jackson, Jemison",MEM,2,8,3,19,24,3,10,0.3,5,11,0.4545454545454545,0.4545454545454545,3,0,6,15,0,0.0,0.0,1.0,0.5238095238095238,0.5162142857142857,0.5,0.5217391304347826,2,3,0.3,0,0.0
"Kennard, Clarke, Stevens, Goodwin, LaRavia",MEM,2,8,11,15,20,7,14,0.5,2,4,0.5,0.5,0,8,6,6,0,0.5714285714285714,0.8,1.0,0.2222222222222222,0.5764499999999999,0.5555555555555556,0.5555555555555556,4,3,0.2142857142857142,0,0.0
"Kennard, Jackson Jr., Konchar, Aldama, Jackson",MEM,2,8,-4,13,17,5,6,0.8333333333333334,2,6,0.3333333333333333,0.3333333333333333,1,10,0,6,0,1.0,1.0,1.0,0.5,0.5576583333333334,0.6666666666666666,0.6538461538461539,0,0,0.0,0,0.0
"Jackson Jr., Bane, Williams, Roddy, Biyombo",MEM,3,8,-8,16,16,1,8,0.125,4,8,0.5,0.5,2,0,2,9,3,0.0,0.0,0.75,0.5,0.492815625,0.4375,0.4705882352941176,0,0,0.0,0,0.0
"Konchar, Bane, Williams, Aldama, Biyombo",MEM,3,8,11,16,26,7,14,0.5,4,6,0.6666666666666666,0.6666666666666666,0,2,12,12,0,0.1428571428571428,0.1666666666666666,1.0,0.3,0.5391,0.65,0.65,2,0,0.0,0,0.0
"Stevens, Simpson, Pippen Jr., LaRavia, Pereira",MEM,1,8,6,16,16,4,9,0.4444444444444444,1,4,0.25,0.3333333333333333,5,2,6,3,0,0.25,0.25,1.0,0.3076923076923077,0.5262416666666666,0.4230769230769231,0.5333333333333333,0,2,0.2222222222222222,0,0.0
"Kennard, Konchar, Hurt, LaRavia, Jackson",MEM,1,8,2,19,14,1,8,0.125,2,6,0.3333333333333333,0.3333333333333333,6,2,0,3,3,1.0,1.0,0.5,0.4285714285714285,0.5126678571428571,0.2857142857142857,0.3888888888888889,0,2,0.25,0,0.0
"Jackson Jr., Konchar, Roddy, Williams Jr., Jackson",MEM,2,8,3,18,19,5,8,0.625,1,4,0.25,0.25,6,6,4,3,0,0.6,0.75,1.0,0.3333333333333333,0.5623666666666667,0.5416666666666666,0.6333333333333333,2,1,0.125,0,0.0
"Gabriel, Konchar, Stevens, Williams Jr., Jemison",MEM,1,8,-1,13,12,3,7,0.4285714285714285,1,1,1.0,1.0,3,2,4,3,0,0.3333333333333333,0.5,1.0,0.125,0.497925,0.5625,0.5454545454545454,2,1,0.1428571428571428,0,0.0
"Jackson Jr., Williams, Aldama, Williams Jr., Jackson",MEM,2,8,-15,18,4,0,8,0.0,0,8,0.0,0.0,4,0,0,0,0,0.0,0.0,0.0,0.5,0.489315625,0.0,0.1052631578947368,0,4,0.5,0,0.0
"Kennard, Jackson Jr., Williams, Aldama, Gilyard",MEM,3,8,2,14,20,6,10,0.6,2,5,0.4,0.4,2,6,6,6,0,0.5,0.5,1.0,0.3333333333333333,0.57939,0.6,0.6333333333333333,0,0,0.0,0,0.0
"Pippen Jr., LaRavia, Jackson, Allen, Jemison",MEM,2,8,-6,15,17,3,8,0.375,2,4,0.5,0.5,5,4,2,6,0,0.6666666666666666,0.6666666666666666,1.0,0.3333333333333333,0.4736333333333333,0.5,0.5666666666666667,0,0,0.0,0,0.0
"Kennard, Tillman, Aldama, Gilyard, Jackson",MEM,1,8,4,14,16,5,7,0.7142857142857143,2,7,0.2857142857142857,0.2857142857142857,0,6,4,6,0,0.6,0.6,1.0,0.5,0.5692142857142858,0.5714285714285714,0.5714285714285714,0,1,0.1428571428571428,0,0.0
"Jackson Jr., Nowell, Bane, Aldama, Roddy",MEM,2,8,-5,18,19,5,10,0.5,2,5,0.4,0.4,3,0,10,6,0,0.0,0.0,1.0,0.3333333333333333,0.6578766666666667,0.5333333333333333,0.5588235294117647,0,2,0.2,0,0.0
"Simpson, Goodwin, Jackson, Allen, Jemison",MEM,3,8,-2,16,18,7,12,0.5833333333333334,1,5,0.2,0.2,1,4,10,3,0,0.2857142857142857,0.5,1.0,0.2941176470588235,0.5665617647058824,0.5,0.5294117647058824,6,1,0.0833333333333333,0,0.0
"Williams, LaRavia, Williams Jr., Jackson, Jemison",MEM,1,8,7,16,19,5,8,0.625,3,3,1.0,1.0,0,2,8,9,0,0.2,0.2,1.0,0.2727272727272727,0.4691045454545454,0.8636363636363636,0.7916666666666666,0,1,0.125,0,0.0
"Morant, Tillman, Bane, Williams, Aldama",MEM,3,7,-6,17,20,5,7,0.7142857142857143,3,8,0.375,0.375,1,8,2,6,3,0.8,0.8,0.6666666666666666,0.5333333333333333,0.5424933333333333,0.6333333333333333,0.625,0,0,0.0,0,0.0
"Konchar, Aldama, Pippen Jr., Jackson, Jemison",MEM,2,7,8,13,15,3,6,0.5,2,4,0.5,0.5,3,4,2,6,0,0.6666666666666666,0.6666666666666666,1.0,0.4,0.502715,0.6,0.625,0,0,0.0,0,0.0
"Simpson, Goodwin, LaRavia, Jackson, Jemison",MEM,2,7,-10,16,16,4,8,0.5,2,5,0.4,0.4,2,4,4,3,3,0.5,0.5,0.5,0.3846153846153846,0.5960615384615384,0.5384615384615384,0.5333333333333333,0,2,0.25,0,0.0
"Jackson Jr., Konchar, Pippen Jr., Williams Jr., Jackson",MEM,2,7,4,14,18,3,5,0.6,3,5,0.6,0.6,3,4,2,6,3,0.6666666666666666,0.6666666666666666,0.6666666666666666,0.5,0.5697300000000001,0.75,0.75,0,0,0.0,1,0.2
"Konchar, Roddy, Gilyard, Jackson, Evbuomwan",MEM,1,7,11,13,23,2,2,1.0,6,9,0.6666666666666666,0.6666666666666666,1,4,0,12,6,1.0,1.0,0.6666666666666666,0.8181818181818182,0.5752045454545455,1.0,0.9583333333333334,0,0,0.0,0,0.0
"Kennard, Williams, Aldama, Williams Jr., Jackson",MEM,1,7,-1,13,12,2,5,0.4,1,4,0.25,0.3333333333333333,5,2,2,3,0,0.5,0.5,1.0,0.4444444444444444,0.53508125,0.3888888888888889,0.5,0,0,0.0,0,0.0
"Jackson Jr., Bane, Aldama, Jarreau, LaRavia",MEM,2,7,-9,15,7,1,5,0.2,1,9,0.1111111111111111,0.1111111111111111,2,0,2,3,0,0.0,0.0,1.0,0.6428571428571429,0.52495,0.1785714285714285,0.21875,2,2,0.4,0,0.0
"Clarke, Simpson, White, Jackson, Allen",MEM,1,7,-5,13,12,3,8,0.375,2,5,0.4,0.4,0,4,2,6,0,0.6666666666666666,0.6666666666666666,1.0,0.3846153846153846,0.4821230769230769,0.4615384615384615,0.4615384615384615,0,2,0.25,0,0.0
"Jackson Jr., Bane, Williams, Aldama, Smart",MEM,3,7,-5,13,14,2,7,0.2857142857142857,2,4,0.5,0.5,4,0,4,6,0,0.0,0.0,1.0,0.3636363636363636,0.6101863636363636,0.4545454545454545,0.5,0,1,0.1428571428571428,0,0.0
"Konchar, Bane, Aldama, Roddy, Biyombo",MEM,3,7,-1,13,14,3,7,0.4285714285714285,2,7,0.2857142857142857,0.2857142857142857,2,4,2,6,0,0.6666666666666666,0.6666666666666666,1.0,0.5,0.5307142857142857,0.4285714285714285,0.4666666666666667,0,0,0.0,0,0.0
"Tillman, Williams, Roddy, Gilyard, Jackson",MEM,2,7,-12,15,7,3,7,0.4285714285714285,0,7,0.0,0.0,1,6,0,0,0,1.0,1.0,0.0,0.5,0.5657678571428572,0.2142857142857142,0.2333333333333333,0,1,0.1428571428571428,1,0.1428571428571428
"Jackson Jr., Konchar, Aldama, Pippen Jr., Roddy",MEM,1,7,-9,13,7,2,9,0.2222222222222222,1,4,0.25,0.25,0,2,2,3,0,0.5,0.5,1.0,0.3076923076923077,0.4866346153846154,0.2692307692307692,0.2692307692307692,0,3,0.3333333333333333,0,0.0
"Konchar, Tillman, Bane, Aldama, Williams Jr.",MEM,3,7,4,13,13,5,7,0.7142857142857143,1,7,0.1428571428571428,0.1428571428571428,0,6,4,3,0,0.6,0.6,1.0,0.5,0.5591785714285714,0.4642857142857143,0.4642857142857143,0,2,0.2857142857142857,0,0.0
"Jackson Jr., Konchar, Tillman, Williams Jr., Rose",MEM,3,7,-3,15,14,3,8,0.375,2,2,1.0,1.0,2,2,4,6,0,0.3333333333333333,0.5,1.0,0.2,0.53175,0.6,0.5833333333333334,2,1,0.125,0,0.0
"Kennard, Jackson Jr., Bane, Roddy, Smart",MEM,2,7,-7,15,12,6,6,1.0,0,6,0.0,0.0,0,4,8,0,0,0.3333333333333333,0.3333333333333333,0.0,0.5,0.5583583333333334,0.5,0.5,0,0,0.0,1,0.1666666666666666
"Bane, Williams, Aldama, Williams Jr., Biyombo",MEM,3,7,-3,14,11,3,8,0.375,1,5,0.2,0.2,2,4,2,3,0,0.6666666666666666,1.0,1.0,0.3846153846153846,0.5940576923076922,0.3461538461538461,0.3928571428571428,2,1,0.125,0,0.0
"Jackson Jr., Nowell, Williams, Roddy, Biyombo",MEM,2,7,11,16,22,3,7,0.4285714285714285,5,7,0.7142857142857143,0.7142857142857143,1,6,0,15,0,1.0,1.0,1.0,0.5,0.5248928571428572,0.75,0.7333333333333333,0,1,0.1428571428571428,0,0.0
"Kennard, Konchar, Tillman, Aldama, Williams Jr.",MEM,2,7,-5,14,14,1,8,0.125,3,4,0.75,0.75,3,0,2,9,0,0.0,0.0,1.0,0.3333333333333333,0.5560999999999999,0.4583333333333333,0.5384615384615384,0,2,0.25,0,0.0
"Kennard, Bane, Aldama, Lofton Jr., Gilyard",MEM,1,7,6,15,23,3,4,0.75,5,9,0.5555555555555556,0.5555555555555556,2,4,2,9,6,0.6666666666666666,0.6666666666666666,0.6,0.6923076923076923,0.5907153846153845,0.8076923076923077,0.7666666666666667,0,1,0.25,0,0.0
"Stevens, Williams, Aldama, Williams Jr., Jackson",MEM,3,7,3,15,21,5,6,0.8333333333333334,2,4,0.5,0.6666666666666666,5,8,2,6,0,0.8,0.8,1.0,0.4,0.6211944444444444,0.8,0.8076923076923077,0,0,0.0,0,0.0
"Jackson Jr., Konchar, Aldama, Williams Jr., Rose",MEM,3,7,0,11,13,6,9,0.6666666666666666,0,1,0.0,0.0,1,4,8,0,0,0.3333333333333333,0.3333333333333333,0.0,0.1,0.50413,0.6,0.5909090909090909,0,1,0.1111111111111111,0,0.0
"Jackson Jr., Williams, Aldama, Williams Jr., Rose",MEM,1,7,11,14,16,8,10,0.8,0,4,0.0,0.0,0,2,14,0,0,0.125,0.1428571428571428,0.0,0.2857142857142857,0.5114678571428571,0.5714285714285714,0.5714285714285714,2,0,0.0,0,0.0
"Jackson Jr., Williams, Aldama, Roddy, Rose",MEM,2,7,11,15,21,4,10,0.4,1,4,0.25,0.25,10,2,6,0,3,0.25,0.25,0.0,0.2857142857142857,0.5136964285714286,0.3928571428571428,0.5555555555555556,0,1,0.1,0,0.0
"Bane, Williams, Aldama, Roddy, Lofton Jr.",MEM,2,7,3,13,14,4,5,0.8,2,8,0.25,0.25,0,4,4,6,0,0.5,0.5,1.0,0.6153846153846154,0.5184423076923077,0.5384615384615384,0.5384615384615384,0,0,0.0,0,0.0
"Jackson Jr., Bane, Williams Jr., Rose, Biyombo",MEM,1,7,10,12,18,6,7,0.8571428571428571,2,7,0.2857142857142857,0.2857142857142857,0,8,4,3,3,0.6666666666666666,0.8,0.5,0.5,0.5183321428571428,0.6428571428571429,0.6428571428571429,2,0,0.0,1,0.1428571428571428
"Nowell, Tillman, Bane, Aldama, Williams Jr.",MEM,2,7,-1,14,13,3,8,0.375,2,9,0.2222222222222222,0.25,1,2,4,6,0,0.3333333333333333,1.0,1.0,0.5294117647058824,0.522628125,0.3529411764705882,0.3823529411764705,4,1,0.125,0,0.0
"Tillman, Williams, Pippen Jr., Roddy, Jackson",MEM,1,7,0,13,10,4,10,0.4,0,1,0.0,0.0,2,6,2,0,0,0.75,0.75,0.0,0.0909090909090909,0.5647318181818182,0.3636363636363636,0.4166666666666667,0,1,0.1,0,0.0
"Williams, Aldama, Goodwin, Jackson, Rose",MEM,1,6,9,12,18,5,7,0.7142857142857143,2,6,0.3333333333333333,0.3333333333333333,2,6,4,3,3,0.6,0.6,0.5,0.4615384615384615,0.5163769230769231,0.6153846153846154,0.6428571428571429,0,0,0.0,0,0.0
"Konchar, Bane, Roddy, Williams Jr., Biyombo",MEM,2,6,-7,11,15,2,4,0.5,3,6,0.5,0.5,2,4,0,6,3,1.0,1.0,0.6666666666666666,0.6,0.56215,0.65,0.6818181818181818,0,1,0.25,0,0.0
"Jackson Jr., Morant, Bane, Aldama, Williams Jr.",MEM,3,6,-3,13,12,2,6,0.3333333333333333,2,4,0.5,0.5,2,0,4,6,0,0.0,0.0,1.0,0.4,0.476295,0.5,0.5454545454545454,2,3,0.5,1,0.25
"Kennard, Jackson Jr., Stevens, Goodwin, Williams Jr.",MEM,1,6,4,15,23,4,4,1.0,1,2,0.5,0.5,12,4,4,3,0,0.5,0.5,1.0,0.3333333333333333,0.5766749999999999,0.9166666666666666,0.8846153846153846,0,0,0.0,0,0.0
"Jackson Jr., Nowell, Williams, Aldama, Williams Jr.",MEM,2,6,-1,12,11,3,8,0.375,1,2,0.5,0.5,2,2,4,3,0,0.3333333333333333,0.5,1.0,0.2,0.488285,0.45,0.5,2,0,0.0,0,0.0
"Jackson Jr., Konchar, Aldama, Jarreau, LaRavia",MEM,1,6,-7,11,14,5,9,0.5555555555555556,1,4,0.25,0.25,1,2,8,3,0,0.2,0.25,1.0,0.3076923076923077,0.4660230769230769,0.5,0.5,2,1,0.1111111111111111,0,0.0
"Clarke, Simpson, Pippen Jr., Allen, Jemison",MEM,1,6,-8,14,8,4,12,0.3333333333333333,0,3,0.0,0.0,0,6,2,0,0,0.75,0.75,0.0,0.2,0.5145166666666666,0.2666666666666666,0.2666666666666666,0,3,0.25,0,0.0
"Jackson Jr., Konchar, Bane, Aldama, Williams Jr.",MEM,5,6,-5,14,15,2,4,0.5,3,8,0.375,0.4285714285714285,2,0,4,9,0,0.0,0.0,1.0,0.6666666666666666,0.5672045454545455,0.5416666666666666,0.5769230769230769,0,1,0.25,0,0.0
"Stevens, Simpson, LaRavia, Jackson, Jemison",MEM,1,6,3,11,17,3,7,0.4285714285714285,3,3,1.0,1.0,2,2,4,6,3,0.3333333333333333,0.3333333333333333,0.6666666666666666,0.3,0.6279899999999999,0.75,0.7727272727272727,0,1,0.1428571428571428,0,0.0
"Jackson Jr., Bane, Williams, Aldama, Roddy",MEM,4,6,0,14,16,2,10,0.2,3,4,0.75,0.75,3,2,2,6,3,0.5,1.0,0.6666666666666666,0.2857142857142857,0.5485821428571429,0.4642857142857143,0.5333333333333333,2,6,0.6,0,0.0
"Jackson Jr., Konchar, Aldama, Pippen Jr., LaRavia",MEM,1,6,12,12,20,3,6,0.5,1,3,0.3333333333333333,0.5,11,2,4,3,0,0.3333333333333333,0.3333333333333333,1.0,0.3333333333333333,0.51080625,0.5,0.6666666666666666,0,1,0.1666666666666666,0,0.0
"Hurt, Pippen Jr., Roddy, Jackson, Jemison",MEM,1,6,-4,15,13,2,4,0.5,2,7,0.2857142857142857,0.2857142857142857,3,2,2,3,3,0.5,0.5,0.5,0.6363636363636364,0.4878090909090909,0.4545454545454545,0.5,0,0,0.0,0,0.0
"Tillman, Bane, Williams, Roddy, Smart",MEM,5,6,2,14,15,2,6,0.3333333333333333,3,7,0.4285714285714285,0.4285714285714285,2,2,2,9,0,0.5,0.5,1.0,0.5384615384615384,0.5361230769230769,0.5,0.5357142857142857,0,1,0.1666666666666666,0,0.0
"Bane, Williams, Aldama, Gilyard, Biyombo",MEM,3,6,-6,11,8,2,6,0.3333333333333333,1,4,0.25,0.25,1,2,2,3,0,0.5,1.0,1.0,0.4,0.524,0.35,0.3636363636363636,2,0,0.0,0,0.0
"Kennard, Tillman, Roddy, Williams Jr., Jackson",MEM,1,6,0,12,12,4,6,0.6666666666666666,0,3,0.0,0.0,4,4,4,0,0,0.5,1.0,0.0,0.3333333333333333,0.5552222222222222,0.4444444444444444,0.5454545454545454,4,0,0.0,0,0.0
"Kennard, Hurt, Pippen Jr., Gilyard, Jemison",MEM,1,6,0,11,13,3,6,0.5,2,2,1.0,1.0,1,2,4,6,0,0.3333333333333333,0.5,1.0,0.25,0.5107375,0.75,0.7222222222222222,2,0,0.0,0,0.0
"Gabriel, Konchar, Jarreau, LaRavia, Jackson",MEM,2,6,-6,12,8,2,7,0.2857142857142857,1,4,0.25,0.25,1,2,2,3,0,0.5,0.5,1.0,0.3636363636363636,0.547,0.3181818181818182,0.3636363636363636,0,0,0.0,0,0.0
"Jackson Jr., Clarke, Goodwin, LaRavia, Jackson",MEM,1,6,16,12,21,8,9,0.8888888888888888,1,3,0.3333333333333333,0.3333333333333333,2,14,2,0,3,0.875,1.0,0.0,0.25,0.520825,0.7916666666666666,0.8076923076923077,2,1,0.1111111111111111,0,0.0
"Kennard, Jackson Jr., Bane, Williams Jr., Smart",MEM,1,6,6,13,20,7,9,0.7777777777777778,2,6,0.3333333333333333,0.3333333333333333,0,10,4,6,0,0.7142857142857143,0.7142857142857143,1.0,0.4,0.59345,0.6666666666666666,0.6666666666666666,0,0,0.0,1,0.1666666666666666
"Jackson Jr., Konchar, Aldama, Gilyard, Jackson",MEM,2,6,1,11,15,4,5,0.8,2,4,0.5,0.5,1,8,0,6,0,1.0,1.0,1.0,0.4444444444444444,0.5436277777777777,0.7777777777777778,0.75,0,0,0.0,0,0.0
"Stevens, Jarreau, LaRavia, Pereira, Jemison",MEM,1,6,3,12,17,5,9,0.5555555555555556,1,5,0.2,0.2,4,4,6,3,0,0.4,0.5,1.0,0.3571428571428571,0.4897749999999999,0.4642857142857143,0.53125,2,1,0.1111111111111111,0,0.0
"Gabriel, Stevens, Jarreau, LaRavia, Jemison",MEM,1,6,-4,12,7,3,7,0.4285714285714285,0,4,0.0,0.0,1,4,2,0,0,0.6666666666666666,1.0,0.0,0.3636363636363636,0.5544090909090909,0.2727272727272727,0.2692307692307692,2,2,0.2857142857142857,0,0.0
"Simpson, Pippen Jr., LaRavia, White, Allen",MEM,2,6,-5,14,12,3,4,0.75,0,4,0.0,0.0,6,4,2,0,0,0.6666666666666666,0.6666666666666666,0.0,0.5,0.56459375,0.375,0.5454545454545454,0,1,0.25,0,0.0
"Williams, Goodwin, Williams Jr., Jackson, Jemison",MEM,2,6,4,13,12,5,8,0.625,0,3,0.0,0.0,2,4,6,0,0,0.4,0.5,0.0,0.2727272727272727,0.5554636363636364,0.4545454545454545,0.5,2,1,0.125,0,0.0
"Jackson Jr., Tillman, Williams, Roddy, Smart",MEM,1,6,3,12,18,3,5,0.6,3,4,0.75,0.75,3,6,0,9,0,1.0,1.0,1.0,0.4444444444444444,0.5136166666666667,0.8333333333333334,0.8181818181818182,0,0,0.0,0,0.0
"Morant, Tillman, Roddy, Williams Jr., Smart",MEM,2,6,9,12,17,3,5,0.6,3,8,0.375,0.375,2,4,2,9,0,0.6666666666666666,0.6666666666666666,1.0,0.6153846153846154,0.5503153846153845,0.5769230769230769,0.6071428571428571,0,1,0.2,0,0.0
"Kennard, Williams Jr., Jackson, Evbuomwan, Rose",MEM,2,6,0,12,13,3,5,0.6,2,4,0.5,0.5,1,4,2,6,0,0.6666666666666666,0.6666666666666666,1.0,0.4444444444444444,0.554988888888889,0.6666666666666666,0.65,0,1,0.2,0,0.0
"Konchar, Williams, Roddy, Gilyard, Jackson",MEM,1,6,-6,11,13,2,5,0.4,3,6,0.5,0.5,0,2,2,9,0,0.5,0.5,1.0,0.5454545454545454,0.55715,0.5909090909090909,0.5909090909090909,0,2,0.4,0,0.0
"Jackson Jr., Bane, Aldama, Williams Jr., Gilyard",MEM,2,6,-6,13,6,0,6,0.0,1,5,0.2,0.2,3,0,0,3,0,0.0,0.0,1.0,0.4545454545454545,0.5367045454545454,0.1363636363636363,0.2307692307692307,0,1,0.1666666666666666,0,0.0
"Jackson Jr., Bane, Williams, Aldama, Biyombo",MEM,2,6,0,12,9,2,6,0.3333333333333333,0,3,0.0,0.0,5,2,2,0,0,0.5,0.5,0.0,0.3333333333333333,0.4427055555555556,0.2222222222222222,0.375,0,3,0.5,0,0.0
"Jackson Jr., Hurt, Roddy, Gilyard, Jackson",MEM,1,6,3,12,14,3,4,0.75,1,1,1.0,1.0,5,4,2,3,0,0.6666666666666666,0.6666666666666666,1.0,0.2,0.4610999999999999,0.9,0.875,0,0,0.0,0,0.0
"Jackson Jr., Aldama, Roddy, Williams Jr., Jackson",MEM,1,6,5,12,17,3,4,0.75,3,7,0.4285714285714285,0.5,2,4,2,9,0,0.6666666666666666,0.6666666666666666,1.0,0.6363636363636364,0.50282,0.6818181818181818,0.7083333333333334,0,0,0.0,0,0.0
"Simpson, Pippen Jr., Goodwin, White, Allen",MEM,1,6,1,11,13,2,6,0.3333333333333333,1,6,0.1666666666666666,0.1666666666666666,6,2,2,3,0,0.5,0.5,1.0,0.5,0.5632166666666667,0.2916666666666667,0.4333333333333333,0,0,0.0,0,0.0
"Jackson Jr., Bane, Williams, Williams Jr., Smart",MEM,1,6,5,13,16,3,6,0.5,1,8,0.125,0.125,7,2,4,3,0,0.3333333333333333,0.5,1.0,0.5714285714285714,0.6249428571428571,0.3214285714285714,0.4705882352941176,2,1,0.1666666666666666,0,0.0
"Konchar, Aldama, Williams Jr., Gilyard, Jemison",MEM,1,6,-7,9,10,2,3,0.6666666666666666,2,5,0.4,0.4,0,4,0,6,0,1.0,1.0,1.0,0.625,0.54976875,0.625,0.625,0,0,0.0,0,0.0
"Jackson Jr., Aldama, Pippen Jr., Williams Jr., Jackson",MEM,2,6,-1,11,12,3,7,0.4285714285714285,1,1,1.0,1.0,3,2,4,3,0,0.3333333333333333,0.5,1.0,0.125,0.45733125,0.5625,0.6,2,0,0.0,0,0.0
"Gabriel, Konchar, Aldama, LaRavia, Jackson",MEM,2,6,-7,9,10,1,3,0.3333333333333333,0,3,0.0,0.0,8,2,0,0,0,1.0,1.0,0.0,0.5,0.5362416666666666,0.1666666666666666,0.5,0,0,0.0,0,0.0
"Simpson, Goodwin, White, Allen, Jemison",MEM,2,6,-9,10,7,2,6,0.3333333333333333,1,6,0.1666666666666666,0.1666666666666666,0,0,4,3,0,0.0,0.0,1.0,0.5,0.4938958333333333,0.2916666666666667,0.2916666666666667,0,2,0.3333333333333333,0,0.0
"Jackson Jr., Nowell, Konchar, Tillman, Williams Jr.",MEM,2,6,0,12,13,4,6,0.6666666666666666,0,2,0.0,0.0,5,2,6,0,0,0.25,0.25,0.0,0.25,0.5998642857142856,0.5,0.65,0,0,0.0,0,0.0
"Morant, Bane, Roddy, Williams Jr., Biyombo",MEM,1,6,4,13,20,6,8,0.75,2,6,0.3333333333333333,0.3333333333333333,2,6,6,3,3,0.5,0.5,0.5,0.4285714285714285,0.5572678571428572,0.6428571428571429,0.7142857142857143,0,0,0.0,0,0.0
"Stevens, Simpson, Pippen Jr., White, Allen",MEM,1,6,5,11,8,1,9,0.1111111111111111,2,3,0.6666666666666666,0.6666666666666666,0,2,0,6,0,1.0,1.0,1.0,0.25,0.5756125,0.3333333333333333,0.3333333333333333,0,2,0.2222222222222222,0,0.0
"Kennard, Tillman, Williams, Roddy, Smart",MEM,3,6,-17,12,6,3,3,1.0,0,5,0.0,0.0,0,4,2,0,0,0.6666666666666666,0.6666666666666666,0.0,0.625,0.56194375,0.375,0.375,0,0,0.0,0,0.0
"Kennard, Roddy, Jackson, Evbuomwan, Rose",MEM,1,5,-2,10,9,2,5,0.4,1,4,0.25,0.25,2,4,0,3,0,1.0,1.0,1.0,0.4444444444444444,0.4902166666666667,0.3888888888888889,0.45,0,0,0.0,0,0.0
"Konchar, Bane, Roddy, Rose, Biyombo",MEM,1,5,4,11,15,4,7,0.5714285714285714,2,3,0.6666666666666666,0.6666666666666666,1,6,2,6,0,0.75,0.75,1.0,0.3,0.6475150000000001,0.7,0.6818181818181818,0,1,0.1428571428571428,0,0.0
"Jackson Jr., Nowell, Bane, Aldama, Williams Jr.",MEM,2,5,-6,12,10,3,9,0.3333333333333333,0,3,0.0,0.0,4,4,2,0,0,0.6666666666666666,0.6666666666666666,0.0,0.25,0.5556227272727272,0.25,0.3571428571428571,0,1,0.1111111111111111,0,0.0
"Jackson Jr., Hurt, Pippen Jr., Roddy, Jackson",MEM,1,5,-4,10,10,2,2,1.0,0,5,0.0,0.0,6,2,2,0,0,0.5,0.5,0.0,0.7142857142857143,0.5489928571428572,0.2857142857142857,0.4090909090909091,0,0,0.0,0,0.0
"Jackson Jr., Konchar, Roddy, Rose, Biyombo",MEM,1,5,5,10,11,3,4,0.75,1,1,1.0,1.0,2,2,4,3,0,0.3333333333333333,0.3333333333333333,1.0,0.2,0.46559,0.9,0.7857142857142857,0,0,0.0,0,0.0
"Konchar, Bane, Aldama, Williams Jr., Biyombo",MEM,2,5,-9,10,6,0,3,0.0,2,7,0.2857142857142857,0.2857142857142857,0,0,0,6,0,0.0,0.0,1.0,0.7,0.523185,0.3,0.3,0,0,0.0,0,0.0
"Gabriel, Konchar, Pippen Jr., Goodwin, LaRavia",MEM,1,5,4,14,9,3,7,0.4285714285714285,1,5,0.2,0.2,0,4,2,3,0,0.6666666666666666,0.6666666666666666,1.0,0.4166666666666667,0.5636916666666667,0.375,0.375,0,2,0.2857142857142857,0,0.0
"Stevens, Aldama, Williams Jr., Gilyard, Jackson",MEM,1,5,11,11,16,3,5,0.6,3,6,0.5,0.5,1,6,0,9,0,1.0,1.0,1.0,0.5454545454545454,0.5698090909090909,0.6818181818181818,0.7272727272727273,0,1,0.2,1,0.1666666666666666
"Bane, Aldama, Roddy, Biyombo, Smart",MEM,1,5,-2,12,13,4,5,0.8,1,6,0.1666666666666666,0.1666666666666666,2,4,4,0,3,0.5,0.5,0.0,0.5454545454545454,0.5287227272727273,0.5,0.5416666666666666,0,0,0.0,0,0.0
"Jackson Jr., Konchar, Bane, Williams Jr., Gilyard",MEM,1,5,16,12,18,4,5,0.8,3,4,0.75,0.75,1,4,4,6,3,0.5,0.5,0.6666666666666666,0.4444444444444444,0.6052944444444445,0.9444444444444444,0.9,0,0,0.0,0,0.0
"Jackson Jr., Konchar, Roddy, Williams Jr., Rose",MEM,1,5,-3,12,8,4,6,0.6666666666666666,0,4,0.0,0.0,0,0,8,0,0,0.0,0.0,0.0,0.4,0.5997950000000001,0.4,0.4,2,0,0.0,0,0.0
"Tillman, Bane, Williams, Roddy, Williams Jr.",MEM,2,5,0,12,18,3,4,0.75,2,7,0.2857142857142857,0.2857142857142857,6,2,4,6,0,0.3333333333333333,1.0,1.0,0.6363636363636364,0.5867136363636364,0.5454545454545454,0.6428571428571429,4,0,0.0,0,0.0
"Jackson Jr., Nowell, Konchar, Williams Jr., Biyombo",MEM,2,5,3,13,15,3,5,0.6,1,3,0.3333333333333333,0.3333333333333333,6,2,4,3,0,0.3333333333333333,0.3333333333333333,1.0,0.375,0.58565,0.5625,0.7,0,0,0.0,0,0.0
"Kennard, Tillman, Aldama, Roddy, Williams Jr.",MEM,1,5,6,10,15,3,6,0.5,2,2,1.0,1.0,3,2,4,6,0,0.3333333333333333,0.3333333333333333,1.0,0.25,0.52656875,0.75,0.75,0,0,0.0,0,0.0
"Jackson Jr., Konchar, Goodwin, LaRavia, Jackson",MEM,1,5,3,10,12,3,6,0.5,2,3,0.6666666666666666,0.6666666666666666,0,2,4,6,0,0.3333333333333333,0.3333333333333333,1.0,0.3333333333333333,0.4746388888888889,0.6666666666666666,0.6,0,1,0.1666666666666666,0,0.0
"Jackson Jr., Konchar, Williams, Roddy, Williams Jr.",MEM,2,5,5,10,19,6,10,0.6,2,2,1.0,1.0,1,2,10,6,0,0.1666666666666666,0.25,1.0,0.1666666666666666,0.5269875,0.75,0.7916666666666666,4,0,0.0,0,0.0
"Simpson, Goodwin, Allen, Pereira, Jemison",MEM,1,5,2,10,12,0,4,0.0,3,3,1.0,1.0,3,0,0,6,3,0.0,0.0,0.6666666666666666,0.4285714285714285,0.4874357142857142,0.6428571428571429,0.6666666666666666,0,0,0.0,0,0.0
"Williams, Pippen Jr., Roddy, Gilyard, Jackson",MEM,1,5,-5,11,14,2,4,0.5,1,2,0.5,0.5,7,2,2,3,0,0.5,0.5,1.0,0.3333333333333333,0.5678333333333333,0.5833333333333334,0.7,0,1,0.25,0,0.0
"Kennard, Jackson Jr., Aldama, Pippen Jr., Williams Jr.",MEM,1,5,-6,11,11,0,0,0.0,3,8,0.375,0.375,2,0,0,9,0,0.0,0.0,1.0,1.0,0.5243625,0.5625,0.6111111111111112,0,0,0.0,0,0.0
"Watanabe, Stevens, Aldama, Gilyard, Jackson",MEM,1,5,-2,10,10,2,4,0.5,2,3,0.6666666666666666,0.6666666666666666,0,0,4,6,0,0.0,0.0,1.0,0.4285714285714285,0.4702214285714285,0.7142857142857143,0.7142857142857143,0,0,0.0,0,0.0
"Jackson Jr., Clarke, Bane, Pippen Jr., Jackson",MEM,1,5,1,11,8,2,8,0.25,1,4,0.25,0.25,1,0,4,3,0,0.0,0.0,1.0,0.3333333333333333,0.4985541666666666,0.2916666666666667,0.3333333333333333,0,0,0.0,0,0.0
"Jackson Jr., Morant, Bane, Williams, Smart",MEM,1,5,11,11,19,4,5,0.8,3,7,0.4285714285714285,0.5,2,2,6,6,3,0.25,0.5,0.6666666666666666,0.5833333333333334,0.5921227272727273,0.7083333333333334,0.6785714285714286,4,0,0.0,0,0.0
"Jackson Jr., Williams, Aldama, Goodwin, Jackson",MEM,1,5,4,10,12,2,9,0.2222222222222222,2,5,0.4,0.4,2,4,0,3,3,1.0,1.0,0.5,0.3571428571428571,0.4953071428571429,0.3571428571428571,0.4,0,3,0.3333333333333333,0,0.0
"Konchar, Tillman, Roddy, Williams Jr., Lofton Jr.",MEM,1,5,-5,11,7,2,4,0.5,1,6,0.1666666666666666,0.1666666666666666,0,2,2,3,0,0.5,0.5,1.0,0.6,0.47381,0.35,0.35,0,1,0.25,0,0.0
"Jackson Jr., Konchar, Williams Jr., Gilyard, Jackson",MEM,3,5,6,12,17,3,4,0.75,3,6,0.5,0.6,2,4,2,9,0,0.6666666666666666,1.0,1.0,0.6,0.5805777777777777,0.75,0.7727272727272727,2,0,0.0,0,0.0
"Watanabe, Stevens, Hurt, LaRavia, Jackson",MEM,1,5,-1,9,9,3,6,0.5,0,3,0.0,0.0,3,2,4,0,0,0.3333333333333333,0.3333333333333333,0.0,0.3333333333333333,0.5462388888888889,0.3333333333333333,0.4090909090909091,0,1,0.1666666666666666,0,0.0
"Kennard, Bane, Aldama, Lofton Jr., Smart",MEM,2,5,-3,10,5,1,8,0.125,1,2,0.5,0.5,0,2,0,3,0,1.0,1.0,1.0,0.2,0.534595,0.25,0.25,0,4,0.5,0,0.0
"Bane, Williams, Aldama, Biyombo, Smart",MEM,3,5,-6,12,4,0,4,0.0,1,6,0.1666666666666666,0.1666666666666666,1,0,0,0,3,0.0,0.0,0.0,0.6,0.50649,0.15,0.1818181818181818,0,1,0.25,0,0.0
"Jackson Jr., Morant, Tillman, Williams, Williams Jr.",MEM,2,5,0,10,12,3,6,0.5,1,2,0.5,0.5,3,2,4,3,0,0.3333333333333333,0.3333333333333333,1.0,0.25,0.5024375,0.5625,0.6666666666666666,0,0,0.0,0,0.0
"Jackson Jr., Konchar, Aldama, Roddy, Gilyard",MEM,4,5,-5,10,10,4,5,0.8,0,2,0.0,0.0,2,4,4,0,0,0.5,0.5,0.0,0.2857142857142857,0.5617928571428571,0.5714285714285714,0.625,0,1,0.2,0,0.0
"Simpson, Pippen Jr., Goodwin, Allen, Jemison",MEM,1,5,5,9,9,3,6,0.5,1,2,0.5,0.5,0,0,6,3,0,0.0,0.0,1.0,0.25,0.54726875,0.5625,0.5625,0,0,0.0,0,0.0
"Kennard, Jackson Jr., Aldama, Williams Jr., Jackson",MEM,2,5,-3,13,10,3,4,0.75,1,7,0.1428571428571428,0.1428571428571428,1,2,4,3,0,0.3333333333333333,0.3333333333333333,1.0,0.6363636363636364,0.5049636363636364,0.4090909090909091,0.4545454545454545,0,1,0.25,0,0.0
"Morant, Bane, Williams, Biyombo, Smart",MEM,1,5,6,8,13,2,4,0.5,3,4,0.75,0.75,0,2,2,3,6,0.5,0.5,0.3333333333333333,0.5,0.47726875,0.8125,0.8125,0,1,0.25,0,0.0
"Jackson Jr., Nowell, Bane, Aldama, Rose",MEM,1,5,8,11,16,4,4,1.0,2,7,0.2857142857142857,0.2857142857142857,2,4,4,6,0,0.5,0.6666666666666666,1.0,0.6363636363636364,0.5392181818181818,0.6363636363636364,0.6666666666666666,2,0,0.0,0,0.0
"Jackson Jr., Konchar, Bane, Williams, Biyombo",MEM,3,5,-12,10,9,3,8,0.375,1,3,0.3333333333333333,0.3333333333333333,0,2,4,0,3,0.3333333333333333,0.5,0.0,0.2727272727272727,0.5294318181818182,0.4090909090909091,0.4090909090909091,2,1,0.125,0,0.0
"Kennard, Jackson Jr., Roddy, Lofton Jr., Gilyard",MEM,2,5,3,8,13,2,3,0.6666666666666666,3,6,0.5,0.5,0,0,4,9,0,0.0,0.0,1.0,0.6666666666666666,0.5568,0.7222222222222222,0.7222222222222222,2,0,0.0,0,0.0
"Stevens, Aldama, Goodwin, LaRavia, Jackson",MEM,1,5,-1,9,11,4,7,0.5714285714285714,0,1,0.0,0.0,3,4,4,0,0,0.5,0.5,0.0,0.125,0.44166875,0.5,0.55,0,1,0.1428571428571428,0,0.0
"Bane, Aldama, LaRavia, Jackson, Jemison",MEM,2,5,1,11,12,3,5,0.6,1,3,0.3333333333333333,0.3333333333333333,3,6,0,3,0,1.0,1.0,1.0,0.375,0.4984875,0.5625,0.6666666666666666,0,0,0.0,0,0.0
"Jackson Jr., Konchar, Pippen Jr., LaRavia, Jackson",MEM,1,5,10,11,12,3,4,0.75,2,5,0.4,0.4,0,0,6,3,3,0.0,0.0,0.5,0.5555555555555556,0.5220777777777778,0.6666666666666666,0.6666666666666666,0,0,0.0,0,0.0
"Konchar, Tillman, Williams, Roddy, Williams Jr.",MEM,2,5,-6,10,2,0,4,0.0,0,4,0.0,0.0,2,0,0,0,0,0.0,0.0,0.0,0.5,0.48899375,0.0,0.1111111111111111,0,1,0.25,0,0.0
"Jackson Jr., Konchar, Bane, Williams, Williams Jr.",MEM,1,5,4,9,12,2,5,0.4,2,3,0.6666666666666666,0.6666666666666666,2,0,4,6,0,0.0,0.0,1.0,0.375,0.4801,0.625,0.6666666666666666,0,3,0.6,0,0.0
"Tillman, Hurt, Aldama, Gilyard, Jackson",MEM,1,5,10,9,14,1,4,0.25,4,5,0.8,0.8,0,2,0,12,0,1.0,1.0,1.0,0.5555555555555556,0.5499833333333333,0.7777777777777778,0.7777777777777778,0,0,0.0,0,0.0
"Kennard, Jarreau, LaRavia, Jackson, Jemison",MEM,1,5,-2,10,13,1,3,0.3333333333333333,3,6,0.5,0.5,2,0,2,9,0,0.0,0.0,1.0,0.6666666666666666,0.524411111111111,0.6111111111111112,0.65,2,1,0.3333333333333333,0,0.0
"Jackson Jr., Konchar, Bane, Aldama, LaRavia",MEM,2,5,11,9,19,4,9,0.4444444444444444,3,3,1.0,1.0,2,4,4,9,0,0.5,0.6666666666666666,1.0,0.25,0.50685,0.7083333333333334,0.7916666666666666,2,2,0.2222222222222222,0,0.0
"Gabriel, Stevens, LaRavia, Williams Jr., Jemison",MEM,1,5,7,9,9,1,5,0.2,2,5,0.4,0.4,1,2,0,6,0,1.0,1.0,1.0,0.5,0.5213099999999999,0.4,0.4090909090909091,0,0,0.0,0,0.0
"Stevens, Jarreau, LaRavia, Jackson, Jemison",MEM,1,5,-4,9,9,2,4,0.5,1,4,0.25,0.25,2,4,0,3,0,1.0,1.0,1.0,0.5,0.47756875,0.4375,0.5,0,0,0.0,0,0.0
"Tillman, Williams, LaRavia, Gilyard, Jackson",MEM,1,5,-1,10,11,1,2,0.5,3,7,0.4285714285714285,0.4285714285714285,0,2,0,9,0,1.0,1.0,1.0,0.7777777777777778,0.5324722222222222,0.6111111111111112,0.6111111111111112,0,0,0.0,0,0.0
"Kennard, Jackson Jr., Konchar, Williams, Gilyard",MEM,1,5,-9,8,3,0,1,0.0,1,8,0.125,0.125,0,0,0,3,0,0.0,0.0,1.0,0.8888888888888888,0.5193333333333334,0.1666666666666666,0.1666666666666666,0,0,0.0,0,0.0
"Kennard, Morant, Bane, Biyombo, Smart",MEM,2,5,8,11,20,5,6,0.8333333333333334,1,3,0.3333333333333333,0.5,7,4,6,3,0,0.4,0.4,1.0,0.3333333333333333,0.4939125,0.7222222222222222,0.8333333333333334,0,0,0.0,0,0.0
"Jackson Jr., Williams, Aldama, Williams Jr., Smart",MEM,1,5,10,13,19,3,3,1.0,4,7,0.5714285714285714,0.6666666666666666,1,2,4,12,0,0.3333333333333333,0.3333333333333333,1.0,0.7,0.5328611111111111,0.9,0.8636363636363636,0,0,0.0,0,0.0
"Kennard, Roddy, Williams Jr., Evbuomwan, Jemison",MEM,1,5,4,8,12,3,4,0.75,1,3,0.3333333333333333,0.3333333333333333,3,6,0,3,0,1.0,1.0,1.0,0.4285714285714285,0.6243,0.6428571428571429,0.6,0,0,0.0,0,0.0
"Jackson Jr., Bane, Roddy, Biyombo, Smart",MEM,1,5,-2,10,10,4,8,0.5,0,2,0.0,0.0,2,4,4,0,0,0.5,0.6666666666666666,0.0,0.2,0.499495,0.4,0.4545454545454545,2,0,0.0,0,0.0
"Jackson Jr., Clarke, Stevens, Goodwin, LaRavia",MEM,2,5,-8,7,10,4,10,0.4,0,1,0.0,0.0,2,0,8,0,0,0.0,0.0,0.0,0.0909090909090909,0.53689,0.3636363636363636,0.4166666666666667,4,2,0.2,0,0.0
"Kennard, Tillman, LaRavia, Roddy, Gilyard",MEM,1,5,6,9,14,4,5,0.8,2,3,0.6666666666666666,0.6666666666666666,0,6,2,6,0,0.75,0.75,1.0,0.375,0.53993125,0.875,0.875,0,1,0.2,0,0.0
"Konchar, Tillman, Williams, LaRavia, Rose",MEM,1,5,4,8,10,0,3,0.0,2,4,0.5,0.5,4,0,0,6,0,0.0,0.0,1.0,0.5714285714285714,0.503,0.4285714285714285,0.5555555555555556,0,0,0.0,0,0.0
"Simpson, Pippen Jr., Allen, Pereira, Jemison",MEM,1,5,-6,9,8,3,6,0.5,0,0,0.0,0.0,2,2,4,0,0,0.3333333333333333,0.3333333333333333,0.0,0.0,0.5171333333333333,0.5,0.5714285714285714,0,0,0.0,0,0.0
"Stevens, Aldama, Jarreau, Jackson, Jemison",MEM,2,5,4,8,10,3,5,0.6,1,4,0.25,0.3333333333333333,1,4,2,0,3,0.6666666666666666,1.0,0.0,0.4444444444444444,0.51460625,0.5,0.5555555555555556,2,0,0.0,0,0.0
"Tillman, Hurt, Aldama, Pippen Jr., Jackson",MEM,1,5,2,6,10,2,4,0.5,2,6,0.3333333333333333,0.3333333333333333,0,0,4,6,0,0.0,0.0,1.0,0.6,0.5445,0.5,0.5,2,0,0.0,0,0.0
"Jackson Jr., Konchar, Aldama, Goodwin, LaRavia",MEM,1,5,-4,8,7,2,4,0.5,1,3,0.3333333333333333,0.3333333333333333,0,4,0,3,0,1.0,1.0,1.0,0.4285714285714285,0.5111142857142857,0.5,0.5,0,1,0.25,0,0.0
"Jackson Jr., Aldama, Roddy, Williams Jr., Gilyard",MEM,2,5,1,10,16,2,2,1.0,3,5,0.6,0.6,3,4,0,9,0,1.0,1.0,1.0,0.7142857142857143,0.5005785714285714,0.9285714285714286,1.0,0,0,0.0,0,0.0
"Kennard, Tillman, Williams, Roddy, Gilyard",MEM,2,5,-4,8,7,2,5,0.4,0,2,0.0,0.0,3,2,2,0,0,0.5,0.5,0.0,0.2857142857142857,0.6316857142857143,0.2857142857142857,0.4375,0,1,0.2,0,0.0
"Konchar, Tillman, Williams, Williams Jr., Jackson",MEM,1,5,-4,10,6,3,5,0.6,0,5,0.0,0.0,0,0,6,0,0,0.0,0.0,0.0,0.5,0.5065999999999999,0.3,0.3,0,1,0.2,0,0.0
"Jackson Jr., Konchar, LaRavia, Roddy, Rose",MEM,2,5,7,10,14,3,4,0.75,2,5,0.4,0.4,2,4,2,6,0,0.6666666666666666,0.6666666666666666,1.0,0.5555555555555556,0.5121444444444445,0.6666666666666666,0.7,0,1,0.25,0,0.0
"Kennard, Jackson Jr., Roddy, Williams Jr., Gilyard",MEM,2,4,-3,9,10,0,2,0.0,2,4,0.5,0.5,4,0,0,6,0,0.0,0.0,1.0,0.6666666666666666,0.475025,0.5,0.625,0,1,0.5,0,0.0
"Kennard, Jackson Jr., Williams, Roddy, Rose",MEM,1,4,-8,8,5,1,4,0.25,1,4,0.25,0.25,0,2,0,3,0,1.0,1.0,1.0,0.5,0.53116875,0.3125,0.3125,0,1,0.25,0,0.0
"Kennard, Bane, Aldama, Gilyard, Biyombo",MEM,2,4,6,8,10,4,5,0.8,0,2,0.0,0.0,2,6,2,0,0,0.75,1.0,0.0,0.2857142857142857,0.5892857142857143,0.5714285714285714,0.5625,2,0,0.0,0,0.0
"Jackson Jr., Williams, Williams Jr., Gilyard, Biyombo",MEM,2,4,2,9,12,2,4,0.5,2,3,0.6666666666666666,0.6666666666666666,2,4,0,6,0,1.0,1.0,1.0,0.4285714285714285,0.5041214285714285,0.7142857142857143,0.6666666666666666,0,0,0.0,0,0.0
"Konchar, Tillman, Roddy, Rose, Smart",MEM,1,4,1,11,14,3,7,0.4285714285714285,2,4,0.5,0.5,2,2,4,3,3,0.3333333333333333,0.3333333333333333,0.5,0.3636363636363636,0.5336818181818181,0.5454545454545454,0.5833333333333334,0,1,0.1428571428571428,0,0.0
"Jackson Jr., Konchar, Williams, LaRavia, Rose",MEM,2,4,-7,9,5,2,6,0.3333333333333333,0,2,0.0,0.0,1,0,4,0,0,0.0,0.0,0.0,0.25,0.4714625,0.25,0.2777777777777778,0,0,0.0,0,0.0
"Morant, Bane, Aldama, Williams Jr., Biyombo",MEM,1,4,-5,10,6,2,6,0.3333333333333333,0,5,0.0,0.0,2,2,2,0,0,0.5,1.0,0.0,0.4545454545454545,0.5990954545454545,0.1818181818181818,0.2307692307692307,2,0,0.0,0,0.0
"Clarke, Simpson, Goodwin, Jackson, Pereira",MEM,1,4,4,9,13,3,4,0.75,1,3,0.3333333333333333,0.3333333333333333,4,4,2,3,0,0.6666666666666666,0.6666666666666666,1.0,0.4285714285714285,0.6345857142857143,0.6428571428571429,0.65,0,1,0.25,0,0.0
"Kennard, Jackson Jr., Konchar, Roddy, Gilyard",MEM,2,4,-21,8,5,1,1,1.0,1,5,0.2,0.2,0,2,0,3,0,1.0,1.0,1.0,0.8333333333333334,0.5395166666666666,0.4166666666666667,0.4166666666666667,0,0,0.0,0,0.0
"Nowell, Konchar, Williams, Lofton Jr., Gilyard",MEM,1,4,0,9,12,2,4,0.5,2,4,0.5,0.5,2,4,0,6,0,1.0,1.0,1.0,0.5,0.52015,0.625,0.6666666666666666,0,0,0.0,0,0.0
"Hurt, Aldama, LaRavia, Williams Jr., Jackson",MEM,1,4,-8,8,5,1,5,0.2,0,3,0.0,0.0,3,0,2,0,0,0.0,0.0,0.0,0.375,0.49305625,0.125,0.2222222222222222,2,1,0.2,0,0.0
"Tillman, Bane, Williams, Roddy, Rose",MEM,1,4,-3,10,7,2,4,0.5,1,5,0.2,0.2,0,2,2,3,0,0.5,0.5,1.0,0.5555555555555556,0.58015,0.3888888888888889,0.3888888888888889,0,0,0.0,1,0.2
"Jackson Jr., Konchar, Bane, Williams Jr., Biyombo",MEM,3,4,-7,10,10,3,6,0.5,1,1,1.0,1.0,1,2,4,3,0,0.3333333333333333,0.3333333333333333,1.0,0.1428571428571428,0.5343142857142857,0.6428571428571429,0.7142857142857143,0,1,0.1666666666666666,0,0.0
"Hurt, Pippen Jr., Roddy, Jackson, Evbuomwan",MEM,1,4,-2,10,9,3,7,0.4285714285714285,1,4,0.25,0.25,0,2,4,3,0,0.3333333333333333,0.3333333333333333,1.0,0.3636363636363636,0.5069227272727272,0.4090909090909091,0.4090909090909091,0,1,0.1428571428571428,0,0.0
"Kennard, Bane, Roddy, Biyombo, Smart",MEM,1,4,4,9,12,3,4,0.75,1,3,0.3333333333333333,0.3333333333333333,3,4,2,0,3,0.6666666666666666,0.6666666666666666,0.0,0.4285714285714285,0.55495,0.6428571428571429,0.6,0,1,0.25,0,0.0
"Hurt, Pippen Jr., Gilyard, Jackson, Evbuomwan",MEM,1,4,4,8,10,2,6,0.3333333333333333,2,5,0.4,0.4,0,0,4,3,3,0.0,0.0,0.5,0.4545454545454545,0.4868409090909091,0.4545454545454545,0.4545454545454545,2,1,0.1666666666666666,0,0.0
"Jackson Jr., Tillman, Bane, Roddy, Rose",MEM,3,4,-1,7,9,2,5,0.4,1,3,0.3333333333333333,0.3333333333333333,2,0,4,3,0,0.0,0.0,1.0,0.375,0.5890625,0.4375,0.5,2,0,0.0,0,0.0
"Stevens, Williams, LaRavia, Williams Jr., Jackson",MEM,1,4,-4,10,9,1,4,0.25,1,2,0.5,0.5,4,0,2,3,0,0.0,0.0,1.0,0.3333333333333333,0.4882666666666667,0.4166666666666667,0.5,0,2,0.5,0,0.0
"Kennard, Bane, Aldama, Rose, Biyombo",MEM,2,4,-8,9,9,3,3,1.0,1,5,0.2,0.2,0,4,2,3,0,0.6666666666666666,0.6666666666666666,1.0,0.625,0.535625,0.5625,0.5625,0,0,0.0,0,0.0
"Kennard, Aldama, Goodwin, LaRavia, Jemison",MEM,1,4,4,9,13,3,3,1.0,1,3,0.3333333333333333,0.3333333333333333,4,4,2,3,0,0.6666666666666666,0.6666666666666666,1.0,0.5,0.6030916666666667,0.75,0.8125,0,0,0.0,0,0.0
"Konchar, Williams, Williams Jr., Lofton Jr., Jackson",MEM,1,4,3,10,13,2,6,0.3333333333333333,2,6,0.3333333333333333,0.3333333333333333,3,2,2,6,0,0.5,0.5,1.0,0.5,0.5077291666666667,0.4166666666666667,0.5,0,0,0.0,0,0.0
"Jackson Jr., Stevens, Aldama, LaRavia, Williams Jr.",MEM,1,4,-5,7,4,1,4,0.25,0,3,0.0,0.0,2,0,2,0,0,0.0,0.0,0.0,0.4285714285714285,0.43295,0.1428571428571428,0.25,0,0,0.0,0,0.0
"Stevens, Williams, Goodwin, Williams Jr., Jackson",MEM,2,4,1,8,5,2,6,0.3333333333333333,0,1,0.0,0.0,1,0,4,0,0,0.0,0.0,0.0,0.1428571428571428,0.4700071428571428,0.2857142857142857,0.2777777777777778,2,0,0.0,0,0.0
"Kennard, Jackson Jr., Williams, Aldama, Roddy",MEM,3,4,-3,9,9,1,4,0.25,2,5,0.4,0.4,1,0,2,6,0,0.0,0.0,1.0,0.5555555555555556,0.5369222222222222,0.4444444444444444,0.5,0,0,0.0,0,0.0
"Morant, Tillman, Aldama, Roddy, Smart",MEM,1,4,-8,9,2,1,1,1.0,0,6,0.0,0.0,0,2,0,0,0,1.0,1.0,0.0,0.8571428571428571,0.5540642857142857,0.1428571428571428,0.1428571428571428,0,0,0.0,0,0.0
"Watanabe, Hurt, Goodwin, LaRavia, Jemison",MEM,1,4,0,8,9,3,4,0.75,0,2,0.0,0.0,3,2,4,0,0,0.3333333333333333,0.3333333333333333,0.0,0.3333333333333333,0.4389,0.5,0.5625,0,1,0.25,0,0.0
"Konchar, Tillman, Williams, Pippen Jr., Roddy",MEM,1,4,-1,9,7,2,3,0.6666666666666666,1,3,0.3333333333333333,0.3333333333333333,0,4,0,3,0,1.0,1.0,1.0,0.5,0.59925,0.5833333333333334,0.5833333333333334,0,1,0.3333333333333333,0,0.0
"Kennard, Jackson Jr., Morant, Konchar, Roddy",MEM,1,4,-1,7,6,3,5,0.6,0,2,0.0,0.0,0,2,4,0,0,0.3333333333333333,0.3333333333333333,0.0,0.2857142857142857,0.5947785714285715,0.4285714285714285,0.4285714285714285,0,0,0.0,0,0.0
"Kennard, Konchar, Tillman, Roddy, Smart",MEM,1,4,4,8,13,4,5,0.8,1,3,0.3333333333333333,0.3333333333333333,2,4,4,3,0,0.5,0.5,1.0,0.375,0.5549375,0.6875,0.6666666666666666,0,0,0.0,0,0.0
"Hurt, Roddy, Gilyard, Jackson, Evbuomwan",MEM,2,4,-12,7,4,2,4,0.5,0,1,0.0,0.0,0,2,2,0,0,0.5,0.5,0.0,0.2,0.49119,0.4,0.4,0,0,0.0,0,0.0
"Kennard, Stevens, Aldama, Pippen Jr., Jemison",MEM,1,4,-1,9,8,1,3,0.3333333333333333,2,5,0.4,0.4,0,2,0,3,3,1.0,1.0,0.5,0.625,0.5628,0.5,0.5,0,1,0.3333333333333333,0,0.0
"Konchar, Bane, Aldama, Rose, Biyombo",MEM,1,4,-2,8,9,3,3,1.0,0,2,0.0,0.0,3,6,0,0,0,1.0,1.0,0.0,0.4,0.52385,0.6,0.5714285714285714,0,0,0.0,0,0.0
"Kennard, Jackson Jr., Goodwin, Jackson, Pereira",MEM,1,4,-2,9,5,0,4,0.0,1,4,0.25,0.25,2,0,0,3,0,0.0,0.0,1.0,0.5,0.54628125,0.1875,0.2777777777777778,0,1,0.25,0,0.0
"Nowell, Tillman, Williams, Aldama, Williams Jr.",MEM,1,4,1,7,9,1,1,1.0,2,6,0.3333333333333333,0.3333333333333333,1,0,2,6,0,0.0,0.0,1.0,0.8571428571428571,0.5441428571428572,0.5714285714285714,0.6428571428571429,0,0,0.0,0,0.0
"Stevens, Aldama, LaRavia, Williams Jr., Jackson",MEM,3,4,-2,7,4,2,5,0.4,0,1,0.0,0.0,0,4,0,0,0,1.0,1.0,0.0,0.1666666666666666,0.5485833333333333,0.3333333333333333,0.3333333333333333,0,1,0.2,0,0.0
"Nowell, Tillman, Bane, Aldama, Roddy",MEM,3,4,-8,8,9,3,5,0.6,1,3,0.3333333333333333,0.3333333333333333,0,4,2,3,0,0.6666666666666666,0.6666666666666666,1.0,0.375,0.521025,0.5625,0.5625,0,0,0.0,0,0.0
"Kennard, Roddy, Gilyard, Jackson, Jemison",MEM,1,4,-13,9,4,2,5,0.4,0,1,0.0,0.0,0,4,0,0,0,1.0,1.0,0.0,0.1666666666666666,0.4757583333333333,0.3333333333333333,0.3333333333333333,0,0,0.0,0,0.0
"Jackson Jr., Konchar, Roddy, Gilyard, Biyombo",MEM,2,4,-1,7,9,2,5,0.4,1,4,0.25,0.25,2,2,2,3,0,0.5,0.5,1.0,0.4444444444444444,0.5242611111111111,0.3888888888888889,0.45,0,0,0.0,0,0.0
"Nowell, Tillman, Aldama, Williams Jr., Rose",MEM,1,4,7,6,12,4,5,0.8,1,4,0.25,0.25,1,4,4,3,0,0.5,0.6666666666666666,1.0,0.4444444444444444,0.5739777777777778,0.6111111111111112,0.6666666666666666,2,1,0.2,0,0.0
"Kennard, Watanabe, Stevens, Williams Jr., Jemison",MEM,1,4,10,8,13,5,8,0.625,1,1,1.0,1.0,0,6,4,3,0,0.6,0.6,1.0,0.1111111111111111,0.5616,0.7222222222222222,0.7222222222222222,0,0,0.0,0,0.0
"Kennard, Konchar, Stevens, Aldama, Williams Jr.",MEM,2,4,-2,8,11,2,4,0.5,1,2,0.5,0.5,4,0,4,3,0,0.0,0.0,1.0,0.3333333333333333,0.4816166666666666,0.5833333333333334,0.625,0,0,0.0,0,0.0
"Kennard, Jackson Jr., Stevens, Pippen Jr., Jackson",MEM,1,4,3,7,10,2,4,0.5,2,3,0.6666666666666666,0.6666666666666666,0,4,0,6,0,1.0,1.0,1.0,0.4285714285714285,0.5710285714285714,0.7142857142857143,0.7142857142857143,0,0,0.0,0,0.0
"Kennard, Roddy, Williams Jr., Lofton Jr., Gilyard",MEM,1,4,10,8,13,2,4,0.5,3,5,0.6,0.6,0,0,4,6,3,0.0,0.0,0.6666666666666666,0.5555555555555556,0.5084722222222222,0.7222222222222222,0.7222222222222222,2,0,0.0,0,0.0
"Jackson Jr., Williams, Roddy, Williams Jr., Rose",MEM,1,4,-2,9,11,4,5,0.8,1,4,0.25,0.25,0,2,6,3,0,0.25,0.25,1.0,0.4444444444444444,0.54205,0.6111111111111112,0.6111111111111112,0,0,0.0,0,0.0
"Jackson Jr., Gabriel, Konchar, Bane, LaRavia",MEM,1,4,-4,9,11,0,1,0.0,3,4,0.75,0.75,2,0,0,9,0,0.0,0.0,1.0,0.8,0.41837,0.9,0.9166666666666666,0,0,0.0,0,0.0
"Stevens, Aldama, Jarreau, LaRavia, Jackson",MEM,1,4,0,8,11,5,6,0.8333333333333334,0,2,0.0,0.0,1,2,8,0,0,0.2,0.2,0.0,0.25,0.55654375,0.625,0.6875,0,0,0.0,0,0.0
"Stevens, Simpson, Pippen Jr., Pereira, Jemison",MEM,1,4,-7,7,2,1,2,0.5,0,4,0.0,0.0,0,0,2,0,0,0.0,0.0,0.0,0.6666666666666666,0.492175,0.1666666666666666,0.1666666666666666,0,0,0.0,0,0.0
"Simpson, LaRavia, Jackson, Allen, Jemison",MEM,2,4,-8,9,6,3,10,0.3,0,1,0.0,0.0,0,0,6,0,0,0.0,0.0,0.0,0.0909090909090909,0.5604954545454546,0.2727272727272727,0.2727272727272727,4,1,0.1,0,0.0
"Jackson Jr., Bane, Aldama, Pippen Jr., LaRavia",MEM,2,4,-4,9,13,2,4,0.5,3,4,0.75,0.75,0,4,0,6,3,1.0,1.0,0.6666666666666666,0.5,0.5693375,0.8125,0.7222222222222222,0,1,0.25,0,0.0
"Konchar, Aldama, Roddy, Gilyard, Evbuomwan",MEM,2,4,-6,7,7,2,4,0.5,1,2,0.5,0.5,0,4,0,3,0,1.0,1.0,1.0,0.3333333333333333,0.466875,0.5833333333333334,0.5833333333333334,0,1,0.25,0,0.0
"Simpson, Pippen Jr., White, Jackson, Allen",MEM,1,4,2,9,12,3,6,0.5,1,3,0.3333333333333333,0.3333333333333333,3,2,4,3,0,0.3333333333333333,0.5,1.0,0.3333333333333333,0.5960833333333333,0.5,0.6,2,0,0.0,0,0.0
"Jackson Jr., Konchar, Bane, Aldama, Jarreau",MEM,1,4,-6,8,11,2,5,0.4,2,3,0.6666666666666666,0.6666666666666666,1,2,2,6,0,0.5,1.0,1.0,0.375,0.4616,0.625,0.6111111111111112,2,0,0.0,0,0.0
"Kennard, Konchar, LaRavia, Jackson, Jemison",MEM,1,4,-3,7,7,2,3,0.6666666666666666,1,4,0.25,0.25,0,0,4,3,0,0.0,0.0,1.0,0.5714285714285714,0.5779,0.5,0.5,4,0,0.0,0,0.0
"Kennard, Tillman, Roddy, Gilyard, Jackson",MEM,1,4,6,8,13,1,2,0.5,3,6,0.5,0.5,2,2,0,9,0,1.0,1.0,1.0,0.75,0.5197375,0.6875,0.7222222222222222,0,0,0.0,0,0.0
"Jackson Jr., Konchar, Williams, Roddy, Biyombo",MEM,1,4,3,7,7,2,4,0.5,1,2,0.5,0.5,0,4,0,3,0,1.0,1.0,1.0,0.3333333333333333,0.4886333333333333,0.5833333333333334,0.5833333333333334,0,1,0.25,0,0.0
"Jackson Jr., Aldama, Goodwin, LaRavia, Williams Jr.",MEM,1,4,-2,7,5,1,3,0.3333333333333333,0,2,0.0,0.0,3,2,0,0,0,1.0,1.0,0.0,0.4,0.51974,0.2,0.3571428571428571,0,0,0.0,0,0.0
"Jackson Jr., Pippen Jr., Roddy, Williams Jr., Jackson",MEM,1,4,2,8,6,1,6,0.1666666666666666,1,4,0.25,0.25,1,0,2,3,0,0.0,0.0,1.0,0.4,0.593915,0.25,0.2727272727272727,2,1,0.1666666666666666,0,0.0
"Tillman, Williams, Pippen Jr., Williams Jr., Jackson",MEM,1,4,-6,7,6,1,4,0.25,1,1,1.0,1.0,1,0,2,3,0,0.0,0.0,1.0,0.2,0.63746,0.5,0.5,0,0,0.0,0,0.0
"Kennard, Jackson Jr., Tillman, Roddy, Williams Jr.",MEM,1,4,-9,7,4,2,3,0.6666666666666666,0,3,0.0,0.0,0,0,4,0,0,0.0,0.0,0.0,0.5,0.5014666666666666,0.3333333333333333,0.3333333333333333,0,1,0.3333333333333333,0,0.0
"Jackson Jr., Williams, Williams Jr., Biyombo, Smart",MEM,1,4,13,8,14,2,2,1.0,3,5,0.6,0.6,1,0,4,9,0,0.0,0.0,1.0,0.7142857142857143,0.6355571428571428,0.9285714285714286,0.875,0,0,0.0,0,0.0
"Jackson Jr., Bane, Jarreau, LaRavia, Jackson",MEM,1,4,5,7,8,3,4,0.75,0,2,0.0,0.0,2,4,2,0,0,0.6666666666666666,0.6666666666666666,0.0,0.3333333333333333,0.5157583333333333,0.5,0.5714285714285714,0,1,0.25,0,0.0
"Konchar, Aldama, Roddy, Evbuomwan, Rose",MEM,1,4,-1,7,9,0,2,0.0,3,5,0.6,0.6,0,0,0,9,0,0.0,0.0,1.0,0.7142857142857143,0.5139857142857143,0.6428571428571429,0.6428571428571429,0,0,0.0,0,0.0
"Jackson Jr., Nowell, Tillman, Roddy, Williams Jr.",MEM,1,4,-2,7,5,1,3,0.3333333333333333,1,3,0.3333333333333333,0.3333333333333333,0,0,2,3,0,0.0,0.0,1.0,0.5,0.5410833333333334,0.4166666666666667,0.4166666666666667,0,1,0.3333333333333333,0,0.0
"Jackson Jr., Stevens, Aldama, Jarreau, Jackson",MEM,1,4,0,7,14,3,4,0.75,2,3,0.6666666666666666,0.6666666666666666,2,2,4,6,0,0.3333333333333333,0.5,1.0,0.4285714285714285,0.5117642857142857,0.8571428571428571,0.875,2,0,0.0,0,0.0
"Bane, Aldama, Pippen Jr., Jackson, Jemison",MEM,1,4,0,9,11,3,5,0.6,1,3,0.3333333333333333,0.3333333333333333,2,2,4,3,0,0.3333333333333333,0.3333333333333333,1.0,0.375,0.47006875,0.5625,0.6111111111111112,0,0,0.0,0,0.0
"Jackson Jr., Konchar, Stevens, LaRavia, Jackson",MEM,1,4,-2,8,7,2,5,0.4,0,3,0.0,0.0,3,0,4,0,0,0.0,0.0,0.0,0.375,0.56281875,0.25,0.35,2,2,0.4,0,0.0
"Jackson Jr., Bane, Aldama, Roddy, Gilyard",MEM,3,4,-3,7,8,3,3,1.0,0,3,0.0,0.0,2,4,2,0,0,0.6666666666666666,0.6666666666666666,0.0,0.5,0.6201166666666666,0.5,0.5714285714285714,0,0,0.0,0,0.0
"Clarke, Stevens, Aldama, Goodwin, LaRavia",MEM,1,4,3,6,10,4,8,0.5,0,2,0.0,0.0,2,6,2,0,0,0.75,0.75,0.0,0.2,0.45712,0.4,0.4545454545454545,0,2,0.25,0,0.0
"Tillman, Bane, Williams, Aldama, Smart",MEM,1,4,-6,9,9,0,3,0.0,3,5,0.6,0.6,0,0,0,9,0,0.0,0.0,1.0,0.625,0.54421875,0.5625,0.5625,0,0,0.0,0,0.0
"Kennard, Jackson Jr., Watanabe, Stevens, Jemison",MEM,1,4,2,7,4,2,4,0.5,0,2,0.0,0.0,0,2,2,0,0,0.5,0.5,0.0,0.3333333333333333,0.5031666666666667,0.3333333333333333,0.3333333333333333,0,0,0.0,0,0.0
"Kennard, Tillman, Williams, Roddy, Williams Jr.",MEM,2,4,0,8,5,1,3,0.3333333333333333,0,4,0.0,0.0,3,2,0,0,0,1.0,1.0,0.0,0.5714285714285714,0.5356071428571428,0.1428571428571428,0.3125,0,0,0.0,0,0.0
"Jackson Jr., Morant, Konchar, Tillman, Williams",MEM,1,4,0,8,9,3,6,0.5,1,3,0.3333333333333333,0.3333333333333333,0,2,4,3,0,0.3333333333333333,0.3333333333333333,1.0,0.3333333333333333,0.5499555555555555,0.5,0.5,0,1,0.1666666666666666,0,0.0
"Gabriel, Konchar, Goodwin, LaRavia, Jackson",MEM,1,4,-9,7,0,0,3,0.0,0,5,0.0,0.0,0,0,0,0,0,0.0,0.0,0.0,0.625,0.51416875,0.0,0.0,0,0,0.0,0,0.0
"Kennard, Jackson Jr., Bane, Roddy, Gilyard",MEM,2,4,-7,10,9,0,4,0.0,3,6,0.5,0.5,0,0,0,9,0,0.0,0.0,1.0,0.6,0.497955,0.45,0.45,0,2,0.5,0,0.0
"Jackson Jr., Aldama, Roddy, Williams Jr., Rose",MEM,2,4,1,9,11,2,2,1.0,0,3,0.0,0.0,7,4,0,0,0,1.0,1.0,0.0,0.6,0.58159,0.4,0.6875,0,0,0.0,0,0.0
"Bane, Aldama, Jarreau, LaRavia, Jemison",MEM,1,4,-7,7,4,2,7,0.2857142857142857,0,1,0.0,0.0,0,0,4,0,0,0.0,0.0,0.0,0.125,0.48431875,0.25,0.25,2,1,0.1428571428571428,0,0.0
"Kennard, Williams, Hurt, Williams Jr., Jackson",MEM,1,4,5,10,11,4,5,0.8,0,1,0.0,0.0,3,4,4,0,0,0.5,0.5,0.0,0.1666666666666666,0.6421166666666667,0.6666666666666666,0.6875,0,0,0.0,0,0.0
"Kennard, Aldama, LaRavia, Williams Jr., Jemison",MEM,1,4,5,6,10,4,6,0.6666666666666666,0,0,0.0,0.0,2,4,4,0,0,0.5,0.6666666666666666,0.0,0.0,0.4492333333333333,0.6666666666666666,0.7142857142857143,2,1,0.1666666666666666,0,0.0
"Jackson Jr., Bane, Roddy, Williams Jr., Smart",MEM,1,4,11,7,11,4,4,1.0,1,2,0.5,0.5,0,6,2,3,0,0.75,0.75,1.0,0.3333333333333333,0.469675,0.9166666666666666,0.9166666666666666,0,0,0.0,0,0.0
"Jackson Jr., Stevens, LaRavia, Williams Jr., Jemison",MEM,1,4,1,7,12,2,2,1.0,1,2,0.5,0.5,5,4,0,3,0,1.0,1.0,1.0,0.5,0.50445,0.875,0.8571428571428571,0,0,0.0,0,0.0
"Watanabe, Stevens, Aldama, Goodwin, LaRavia",MEM,1,4,-5,8,10,2,5,0.4,2,2,1.0,1.0,0,0,4,6,0,0.0,0.0,1.0,0.2857142857142857,0.4658857142857143,0.7142857142857143,0.7142857142857143,0,1,0.2,0,0.0
"Kennard, Morant, Tillman, Williams, Roddy",MEM,1,4,-1,8,3,1,3,0.3333333333333333,0,5,0.0,0.0,1,2,0,0,0,1.0,1.0,0.0,0.625,0.52211875,0.125,0.1875,0,0,0.0,0,0.0
"Aldama, Williams Jr., Gilyard, Jackson, Jemison",MEM,2,4,-10,7,5,1,5,0.2,1,4,0.25,0.25,0,0,2,3,0,0.0,0.0,1.0,0.4444444444444444,0.4908111111111111,0.2777777777777778,0.2777777777777778,0,1,0.2,0,0.0
"Jarreau, LaRavia, Jackson, Pereira, Jemison",MEM,1,4,-1,8,7,1,4,0.25,1,4,0.25,0.25,2,2,0,3,0,1.0,1.0,1.0,0.5,0.471875,0.3125,0.3888888888888889,0,0,0.0,0,0.0
"Hurt, Pippen Jr., Gilyard, Evbuomwan, Jemison",MEM,1,4,-4,7,6,2,4,0.5,0,2,0.0,0.0,2,2,2,0,0,0.5,0.5,0.0,0.3333333333333333,0.4596499999999999,0.3333333333333333,0.4285714285714285,0,0,0.0,0,0.0
"Jackson Jr., Watanabe, LaRavia, Jackson, Rose",MEM,2,4,2,9,10,3,5,0.6,0,3,0.0,0.0,4,4,2,0,0,0.6666666666666666,0.6666666666666666,0.0,0.375,0.5834625,0.375,0.5,0,2,0.4,0,0.0
"Jackson Jr., Konchar, Bane, Williams, Roddy",MEM,2,4,-7,7,8,1,3,0.3333333333333333,1,4,0.25,0.25,3,2,0,0,3,1.0,1.0,0.0,0.5714285714285714,0.5735642857142856,0.3571428571428571,0.5,0,1,0.3333333333333333,0,0.0
"Jackson Jr., Aldama, Roddy, Gilyard, Jackson",MEM,1,4,-1,7,6,0,2,0.0,2,4,0.5,0.5,0,0,0,6,0,0.0,0.0,1.0,0.6666666666666666,0.5052833333333333,0.5,0.5,0,2,1.0,0,0.0
"Simpson, Goodwin, Jackson, Pereira, Jemison",MEM,1,4,7,7,9,3,7,0.4285714285714285,1,1,1.0,1.0,0,6,0,3,0,1.0,1.0,1.0,0.125,0.5577,0.5625,0.5625,0,0,0.0,0,0.0
"Kennard, Jackson Jr., Roddy, Lofton Jr., Smart",MEM,1,4,3,9,9,0,1,0.0,3,7,0.4285714285714285,0.4285714285714285,0,0,0,9,0,0.0,0.0,1.0,0.875,0.5204375,0.5625,0.5625,0,0,0.0,0,0.0
"Jackson Jr., Williams, Aldama, LaRavia, Gilyard",MEM,1,4,2,8,9,2,3,0.6666666666666666,0,2,0.0,0.0,5,4,0,0,0,1.0,1.0,0.0,0.4,0.53605,0.4,0.6428571428571429,0,1,0.3333333333333333,0,0.0
"Jackson Jr., Bane, Williams, Aldama, Rose",MEM,1,4,5,7,6,2,4,0.5,0,4,0.0,0.0,2,2,2,0,0,0.5,1.0,0.0,0.5,0.446275,0.25,0.3333333333333333,2,1,0.25,0,0.0
"Kennard, Jackson Jr., Williams, Williams Jr., Gilyard",MEM,1,4,0,6,8,1,2,0.5,2,4,0.5,0.5,0,2,0,6,0,1.0,1.0,1.0,0.6666666666666666,0.4815916666666666,0.6666666666666666,0.6666666666666666,0,0,0.0,0,0.0
"Jackson Jr., Konchar, Bane, Williams, LaRavia",MEM,1,4,3,8,12,3,5,0.6,0,0,0.0,0.0,6,0,6,0,0,0.0,0.0,0.0,0.0,0.46196,0.6,0.6666666666666666,2,0,0.0,0,0.0
"Kennard, Gabriel, Konchar, Aldama, LaRavia",MEM,1,4,2,7,13,2,3,0.6666666666666666,3,5,0.6,0.6,0,4,0,9,0,1.0,1.0,1.0,0.625,0.61731875,0.8125,0.8125,0,0,0.0,0,0.0
"Clarke, Stevens, Goodwin, LaRavia, Jackson",MEM,2,4,2,7,4,2,5,0.4,0,3,0.0,0.0,0,4,0,0,0,1.0,1.0,0.0,0.375,0.485425,0.25,0.25,0,0,0.0,1,0.3333333333333333
"Kennard, Konchar, Tillman, Roddy, Williams Jr.",MEM,2,4,-2,7,7,3,5,0.6,0,1,0.0,0.0,1,4,2,0,0,0.6666666666666666,0.6666666666666666,0.0,0.1666666666666666,0.63755,0.5,0.5,0,1,0.2,0,0.0
"Jackson Jr., Konchar, Williams, Aldama, Williams Jr.",MEM,2,4,5,10,8,4,6,0.6666666666666666,0,2,0.0,0.0,0,4,4,0,0,0.5,0.5,0.0,0.25,0.588675,0.5,0.5,0,1,0.1666666666666666,0,0.0
"Tillman, Bane, Williams, LaRavia, Smart",MEM,1,4,-6,8,5,1,3,0.3333333333333333,1,5,0.2,0.2,0,2,0,0,3,1.0,1.0,0.0,0.625,0.5528875,0.3125,0.3125,0,0,0.0,0,0.0
"Aldama, Pippen Jr., Jarreau, Jackson, Pereira",MEM,1,4,-2,8,4,2,7,0.2857142857142857,0,0,0.0,0.0,0,0,4,0,0,0.0,0.0,0.0,0.0,0.592,0.2857142857142857,0.25,2,1,0.1428571428571428,0,0.0
"Morant, Konchar, Tillman, Aldama, Williams Jr.",MEM,2,3,8,7,12,4,5,0.8,0,1,0.0,0.0,4,2,6,0,0,0.25,0.25,0.0,0.1666666666666666,0.5814666666666667,0.6666666666666666,0.75,0,0,0.0,0,0.0
"Jackson Jr., Clarke, Bane, LaRavia, Jackson",MEM,1,3,-3,7,6,1,3,0.3333333333333333,1,4,0.25,0.25,1,2,0,3,0,1.0,1.0,1.0,0.5714285714285714,0.4832428571428571,0.3571428571428571,0.3571428571428571,0,0,0.0,0,0.0
"Jackson Jr., Tillman, Pippen Jr., Williams Jr., Jackson",MEM,1,3,7,6,13,1,1,1.0,3,5,0.6,0.6,2,0,2,9,0,0.0,0.0,1.0,0.8333333333333334,0.5834083333333333,0.9166666666666666,0.9285714285714286,0,0,0.0,0,0.0
"Konchar, Jarreau, LaRavia, Jackson, Jemison",MEM,2,3,11,6,13,2,3,0.6666666666666666,3,4,0.75,0.75,0,2,2,6,3,0.5,1.0,0.6666666666666666,0.5714285714285714,0.5357571428571429,0.9285714285714286,0.8125,2,0,0.0,0,0.0
"Tillman, Aldama, Pippen Jr., Roddy, Jackson",MEM,1,3,-7,6,2,1,3,0.3333333333333333,0,3,0.0,0.0,0,0,2,0,0,0.0,0.0,0.0,0.5,0.54185,0.1666666666666666,0.1666666666666666,0,0,0.0,0,0.0
"Simpson, Pippen Jr., White, Allen, Jemison",MEM,1,3,-2,7,6,3,7,0.4285714285714285,0,2,0.0,0.0,0,4,2,0,0,0.6666666666666666,1.0,0.0,0.2222222222222222,0.5886222222222223,0.3333333333333333,0.3333333333333333,2,1,0.1428571428571428,0,0.0
"Pippen Jr., LaRavia, White, Jackson, Allen",MEM,1,3,-2,8,9,3,4,0.75,1,3,0.3333333333333333,0.3333333333333333,0,2,4,3,0,0.3333333333333333,0.3333333333333333,1.0,0.4285714285714285,0.5544142857142857,0.6428571428571429,0.6428571428571429,0,0,0.0,0,0.0
"Kennard, Morant, Tillman, Williams, Smart",MEM,1,3,5,7,9,1,2,0.5,2,4,0.5,0.5,1,2,0,6,0,1.0,1.0,1.0,0.6666666666666666,0.5891916666666667,0.6666666666666666,0.6428571428571429,0,0,0.0,0,0.0
"Jackson Jr., Williams, Roddy, Lofton Jr., Gilyard",MEM,2,3,-3,6,5,1,4,0.25,1,4,0.25,0.25,0,0,2,3,0,0.0,0.0,1.0,0.5,0.50900625,0.3125,0.3125,0,2,0.5,2,0.5
"Jackson Jr., Tillman, Williams, Roddy, Gilyard",MEM,1,3,-2,7,7,2,6,0.3333333333333333,1,2,0.5,0.5,0,0,4,3,0,0.0,0.0,1.0,0.25,0.50434375,0.4375,0.4375,2,0,0.0,0,0.0
"Konchar, Stevens, Aldama, LaRavia, Rose",MEM,1,3,2,7,9,4,8,0.5,0,1,0.0,0.0,1,4,4,0,0,0.5,0.5,0.0,0.1111111111111111,0.4865055555555555,0.4444444444444444,0.5,0,0,0.0,0,0.0
"Jackson Jr., Bane, Aldama, Rose, Biyombo",MEM,2,3,0,8,7,1,4,0.25,0,3,0.0,0.0,5,2,0,0,0,1.0,1.0,0.0,0.4285714285714285,0.5090642857142857,0.1428571428571428,0.2916666666666667,0,1,0.25,0,0.0
"Jackson Jr., Williams, Williams Jr., Jackson, Rose",MEM,2,3,2,7,9,2,2,1.0,1,2,0.5,0.5,2,2,2,3,0,0.5,0.5,1.0,0.5,0.5736,0.875,0.9,0,0,0.0,0,0.0
"Konchar, Tillman, Aldama, Roddy, Gilyard",MEM,1,3,8,6,8,1,2,0.5,2,5,0.4,0.4,0,2,0,6,0,1.0,1.0,1.0,0.7142857142857143,0.5711928571428572,0.5714285714285714,0.5714285714285714,0,0,0.0,0,0.0
"Konchar, Tillman, Bane, Rose, Smart",MEM,1,3,-1,6,7,2,2,1.0,1,2,0.5,0.5,0,0,4,3,0,0.0,0.0,1.0,0.5,0.6000625,0.875,0.875,0,0,0.0,0,0.0
"Konchar, Tillman, Roddy, Williams Jr., Jackson",MEM,2,3,-2,7,9,2,7,0.2857142857142857,1,1,1.0,1.0,2,2,2,3,0,0.5,0.5,1.0,0.125,0.62083125,0.4375,0.5,0,2,0.2857142857142857,0,0.0
"Konchar, Bane, Roddy, Biyombo, Smart",MEM,1,3,1,7,12,3,4,0.75,2,3,0.6666666666666666,0.6666666666666666,0,0,6,0,6,0.0,0.0,0.0,0.4285714285714285,0.4936714285714286,0.8571428571428571,0.8571428571428571,2,0,0.0,0,0.0
"Goodwin, LaRavia, White, Jackson, Allen",MEM,1,3,0,6,7,1,5,0.2,1,2,0.5,0.5,2,0,2,3,0,0.0,0.0,1.0,0.2857142857142857,0.5038428571428571,0.3571428571428571,0.4375,2,0,0.0,0,0.0
"Kennard, Morant, Tillman, Roddy, Smart",MEM,2,3,-5,6,2,1,4,0.25,0,2,0.0,0.0,0,2,0,0,0,1.0,1.0,0.0,0.3333333333333333,0.5349166666666666,0.1666666666666666,0.1666666666666666,0,0,0.0,0,0.0
"Jackson Jr., Williams, LaRavia, Roddy, Jackson",MEM,1,3,-2,7,7,3,6,0.5,0,1,0.0,0.0,1,0,6,0,0,0.0,0.0,0.0,0.1428571428571428,0.5505142857142857,0.4285714285714285,0.5,4,1,0.1666666666666666,0,0.0
"Jackson Jr., Morant, Bane, Roddy, Williams Jr.",MEM,1,3,-5,5,8,2,3,0.6666666666666666,1,2,0.5,0.5,1,4,0,3,0,1.0,1.0,1.0,0.4,0.55419,0.7,0.6666666666666666,0,0,0.0,0,0.0
"Tillman, Williams, LaRavia, Roddy, Gilyard",MEM,1,3,-5,6,11,2,2,1.0,2,5,0.4,0.4,1,2,2,6,0,0.5,0.5,1.0,0.7142857142857143,0.5522928571428571,0.7142857142857143,0.6875,0,0,0.0,0,0.0
"Jackson Jr., Konchar, Bane, Roddy, Smart",MEM,2,3,-5,5,7,0,0,0.0,2,5,0.4,0.5,1,0,0,3,3,0.0,0.0,0.5,1.0,0.537975,0.6,0.5833333333333334,0,0,0.0,0,0.0
"Morant, Bane, Aldama, Biyombo, Smart",MEM,1,3,3,7,8,2,4,0.5,1,3,0.3333333333333333,0.3333333333333333,1,4,0,0,3,1.0,1.0,0.0,0.4285714285714285,0.5131,0.5,0.5,0,1,0.25,0,0.0
"Jackson Jr., Konchar, Tillman, Bane, Roddy",MEM,1,3,-6,5,2,1,3,0.3333333333333333,0,2,0.0,0.0,0,0,2,0,0,0.0,0.0,0.0,0.4,0.49538,0.2,0.2,0,0,0.0,1,0.5
"Simpson, Goodwin, LaRavia, Allen, Jemison",MEM,2,3,-3,8,5,2,7,0.2857142857142857,0,0,0.0,0.0,1,0,4,0,0,0.0,0.0,0.0,0.0,0.4211571428571429,0.2857142857142857,0.3125,0,0,0.0,0,0.0
"Jackson Jr., Bane, LaRavia, Roddy, Rose",MEM,1,3,1,7,8,4,6,0.6666666666666666,0,1,0.0,0.0,0,4,4,0,0,0.5,0.6666666666666666,0.0,0.1428571428571428,0.5744357142857143,0.5714285714285714,0.5714285714285714,2,0,0.0,0,0.0
"Kennard, Jackson Jr., Watanabe, Stevens, Williams Jr.",MEM,1,3,-4,5,2,1,3,0.3333333333333333,0,1,0.0,0.0,0,2,0,0,0,1.0,1.0,0.0,0.25,0.4101125,0.25,0.25,0,0,0.0,0,0.0
"Jackson Jr., Stevens, Aldama, Pippen Jr., LaRavia",MEM,1,3,-7,6,6,0,2,0.0,2,4,0.5,0.5,0,0,0,3,3,0.0,0.0,0.5,0.6666666666666666,0.5677666666666666,0.5,0.5,0,2,1.0,0,0.0
"Watanabe, Stevens, Aldama, Williams Jr., Rose",MEM,1,3,-1,6,9,3,4,0.75,1,1,1.0,1.0,0,6,0,3,0,1.0,1.0,1.0,0.2,0.59862,0.9,0.9,0,0,0.0,0,0.0
"Clarke, Stevens, Goodwin, LaRavia, Pereira",MEM,1,3,-3,5,4,2,5,0.4,0,1,0.0,0.0,0,2,2,0,0,0.5,1.0,0.0,0.1666666666666666,0.4968666666666666,0.3333333333333333,0.3333333333333333,2,1,0.2,0,0.0
"Jackson Jr., Stevens, Goodwin, Jackson, Pereira",MEM,1,3,-10,6,2,1,3,0.3333333333333333,0,2,0.0,0.0,0,0,2,0,0,0.0,0.0,0.0,0.4,0.54226,0.2,0.2,2,0,0.0,0,0.0
"Watanabe, Stevens, Williams, Goodwin, Jemison",MEM,1,3,-4,6,7,2,4,0.5,1,3,0.3333333333333333,0.3333333333333333,0,2,2,3,0,0.5,0.5,1.0,0.4285714285714285,0.5105500000000001,0.5,0.5,0,0,0.0,0,0.0
"Jackson Jr., Clarke, Stevens, Bane, LaRavia",MEM,1,3,3,9,12,3,5,0.6,2,2,1.0,1.0,0,4,2,6,0,0.6666666666666666,0.6666666666666666,1.0,0.2857142857142857,0.626,0.8571428571428571,0.8571428571428571,0,0,0.0,0,0.0
"Watanabe, Stevens, LaRavia, Jackson, Rose",MEM,2,3,-7,7,5,1,4,0.25,1,1,1.0,1.0,0,2,0,3,0,1.0,1.0,1.0,0.2,0.48251,0.5,0.5,0,2,0.5,0,0.0
"Stevens, Simpson, Pippen Jr., LaRavia, White",MEM,1,3,1,7,6,1,2,0.5,0,2,0.0,0.0,4,0,2,0,0,0.0,0.0,0.0,0.5,0.535775,0.25,0.5,0,0,0.0,0,0.0
"Stevens, Simpson, Goodwin, Jackson, Jemison",MEM,1,3,-5,7,2,1,5,0.2,0,1,0.0,0.0,0,0,2,0,0,0.0,0.0,0.0,0.1666666666666666,0.5006083333333333,0.1666666666666666,0.1666666666666666,2,1,0.2,0,0.0
"Kennard, Clarke, Stevens, Goodwin, Pereira",MEM,1,3,-7,5,4,2,3,0.6666666666666666,0,2,0.0,0.0,0,4,0,0,0,1.0,1.0,0.0,0.4,0.4509599999999999,0.4,0.4,0,0,0.0,0,0.0
"Jackson Jr., Morant, Williams Jr., Biyombo, Smart",MEM,1,3,-2,7,5,1,4,0.25,1,3,0.3333333333333333,0.3333333333333333,0,0,2,3,0,0.0,0.0,1.0,0.4285714285714285,0.5222,0.3571428571428571,0.3571428571428571,0,2,0.5,0,0.0
"Jackson Jr., Konchar, Williams, Roddy, Gilyard",MEM,1,3,-1,7,6,3,7,0.4285714285714285,0,2,0.0,0.0,0,4,2,0,0,0.6666666666666666,1.0,0.0,0.2222222222222222,0.4752722222222222,0.3333333333333333,0.3333333333333333,2,1,0.1428571428571428,0,0.0
"Jackson Jr., Konchar, Roddy, Gilyard, Jackson",MEM,3,3,3,7,7,2,4,0.5,1,1,1.0,1.0,0,2,2,3,0,0.5,1.0,1.0,0.2,0.62622,0.7,0.7,2,0,0.0,0,0.0
"Watanabe, Stevens, Hurt, Goodwin, Jemison",MEM,1,3,2,8,7,1,4,0.25,1,1,1.0,1.0,2,0,2,3,0,0.0,0.0,1.0,0.2,0.42466,0.5,0.5,0,0,0.0,0,0.0
"Kennard, Tillman, Williams, Gilyard, Jackson",MEM,1,3,5,5,9,3,3,1.0,1,1,1.0,1.0,0,4,2,3,0,0.6666666666666666,0.6666666666666666,1.0,0.25,0.48325,1.125,1.125,0,0,0.0,0,0.0
"Jackson Jr., Williams, LaRavia, Williams Jr., Jackson",MEM,2,3,-3,6,7,2,3,0.6666666666666666,1,2,0.5,0.5,0,2,2,0,3,0.5,0.5,0.0,0.4,0.4770999999999999,0.7,0.7,0,0,0.0,0,0.0
"Kennard, Jackson Jr., Aldama, Jarreau, Jackson",MEM,1,3,-4,7,6,0,2,0.0,2,4,0.5,0.5,0,0,0,6,0,0.0,0.0,1.0,0.6666666666666666,0.4963249999999999,0.5,0.5,0,0,0.0,0,0.0
"Morant, Tillman, Bane, Roddy, Williams Jr.",MEM,3,3,-1,6,7,2,3,0.6666666666666666,1,4,0.25,0.25,0,0,4,3,0,0.0,0.0,1.0,0.5714285714285714,0.5619,0.5,0.5,0,1,0.3333333333333333,0,0.0
"Konchar, LaRavia, Roddy, Lofton Jr., Rose",MEM,1,3,3,7,8,1,3,0.3333333333333333,2,3,0.6666666666666666,0.6666666666666666,0,0,2,6,0,0.0,0.0,1.0,0.5,0.522675,0.6666666666666666,0.6666666666666666,0,0,0.0,0,0.0
"Tillman, Williams, Roddy, Williams Jr., Jackson",MEM,1,3,-1,6,8,1,3,0.3333333333333333,1,3,0.3333333333333333,0.5,3,2,0,3,0,1.0,1.0,1.0,0.5,0.47178,0.4166666666666667,0.5,0,0,0.0,0,0.0
"Kennard, Aldama, Williams Jr., Jemison, Rose",MEM,1,3,-2,7,11,0,1,0.0,3,3,1.0,1.0,2,0,0,9,0,0.0,0.0,1.0,0.75,0.508075,1.125,1.1,0,0,0.0,0,0.0
"Jackson Jr., Tillman, Aldama, Gilyard, Jackson",MEM,1,3,1,6,4,2,5,0.4,0,2,0.0,0.0,0,2,2,0,0,0.5,0.5,0.0,0.2857142857142857,0.48125,0.2857142857142857,0.2857142857142857,0,1,0.2,0,0.0
"Konchar, Bane, Aldama, Williams Jr., Lofton Jr.",MEM,1,3,1,6,8,1,4,0.25,2,6,0.3333333333333333,0.3333333333333333,0,2,0,3,3,1.0,1.0,0.5,0.6,0.50742,0.4,0.4,0,1,0.25,0,0.0
"Stevens, Simpson, LaRavia, Jackson, Pereira",MEM,1,3,11,6,13,3,3,1.0,2,4,0.5,0.5,1,4,2,3,3,0.6666666666666666,0.6666666666666666,0.5,0.5714285714285714,0.5523,0.8571428571428571,0.8125,0,0,0.0,0,0.0
"Bane, Jarreau, LaRavia, Jackson, Jemison",MEM,1,3,-3,6,8,1,3,0.3333333333333333,1,2,0.5,0.5,3,0,2,3,0,0.0,0.0,1.0,0.4,0.43792,0.5,0.5714285714285714,0,1,0.3333333333333333,0,0.0
"Kennard, Jackson Jr., Roddy, Williams Jr., Jackson",MEM,2,3,-3,6,4,1,2,0.5,0,3,0.0,0.0,2,0,2,0,0,0.0,0.0,0.0,0.6,0.4692999999999999,0.2,0.3333333333333333,0,1,0.5,0,0.0
"Kennard, Jackson Jr., Williams Jr., Gilyard, Jackson",MEM,2,3,-3,7,6,2,5,0.4,0,1,0.0,0.0,2,2,2,0,0,0.5,0.5,0.0,0.1666666666666666,0.458525,0.3333333333333333,0.4285714285714285,0,1,0.2,0,0.0
"Konchar, Pippen Jr., Goodwin, LaRavia, Jemison",MEM,1,3,-2,6,5,1,4,0.25,1,2,0.5,0.5,0,0,2,3,0,0.0,0.0,1.0,0.3333333333333333,0.5431416666666666,0.4166666666666667,0.4166666666666667,0,0,0.0,0,0.0
"Kennard, Bane, Williams, Aldama, Biyombo",MEM,3,3,2,6,7,3,3,1.0,0,2,0.0,0.0,1,6,0,0,0,1.0,1.0,0.0,0.4,0.5721499999999999,0.6,0.5833333333333334,0,0,0.0,0,0.0
"Kennard, Williams, Aldama, Roddy, Jackson",MEM,1,3,-7,5,2,1,1,1.0,0,2,0.0,0.0,0,2,0,0,0,1.0,1.0,0.0,0.6666666666666666,0.5202166666666667,0.3333333333333333,0.3333333333333333,0,0,0.0,0,0.0
"Kennard, Jackson Jr., Morant, Tillman, Williams",MEM,1,3,-1,5,8,0,2,0.0,2,2,1.0,1.0,2,0,0,6,0,0.0,0.0,1.0,0.5,0.49315,0.75,0.8,0,0,0.0,0,0.0
"Kennard, Jackson Jr., Aldama, Roddy, Smart",MEM,1,3,-2,6,2,1,4,0.25,0,0,0.0,0.0,0,2,0,0,0,1.0,1.0,0.0,0.0,0.4428,0.25,0.25,0,0,0.0,0,0.0
"Kennard, Morant, Williams, Aldama, Biyombo",MEM,1,3,4,6,9,0,3,0.0,3,3,1.0,1.0,0,0,0,3,6,0.0,0.0,0.3333333333333333,0.5,0.4313583333333333,0.75,0.75,0,1,0.3333333333333333,0,0.0
"Jackson Jr., Nowell, Konchar, Williams, Aldama",MEM,1,3,-3,6,3,1,2,0.5,0,2,0.0,0.0,1,2,0,0,0,1.0,1.0,0.0,0.5,0.6269375,0.25,0.3,0,0,0.0,0,0.0
"Jackson Jr., Bane, Jarreau, LaRavia, Jemison",MEM,1,3,0,6,4,2,4,0.5,0,3,0.0,0.0,0,2,2,0,0,0.5,1.0,0.0,0.4285714285714285,0.5358571428571428,0.2857142857142857,0.2857142857142857,2,2,0.5,0,0.0
"Kennard, Hurt, LaRavia, Williams Jr., Jackson",MEM,1,3,1,6,5,0,0,0.0,1,3,0.3333333333333333,0.3333333333333333,2,0,0,3,0,0.0,0.0,1.0,1.0,0.5431,0.5,0.625,0,0,0.0,0,0.0
"Konchar, Roddy, Gilyard, Jackson, Jemison",MEM,1,3,1,7,7,1,2,0.5,1,4,0.25,0.25,2,2,0,3,0,1.0,1.0,1.0,0.6666666666666666,0.5228583333333333,0.4166666666666667,0.5,0,1,0.5,0,0.0
"Jackson Jr., Stevens, Aldama, Goodwin, LaRavia",MEM,1,3,1,7,7,1,2,0.5,1,4,0.25,0.25,2,2,0,3,0,1.0,1.0,1.0,0.6666666666666666,0.5509166666666666,0.4166666666666667,0.5,0,0,0.0,0,0.0
"Konchar, Roddy, Williams Jr., Gilyard, Biyombo",MEM,1,3,-4,6,6,1,1,1.0,1,4,0.25,0.25,1,0,2,3,0,0.0,0.0,1.0,0.8,0.49311,0.5,0.5,0,0,0.0,0,0.0
"Kennard, Jackson Jr., Bane, Williams Jr., Biyombo",MEM,1,3,4,5,10,2,3,0.6666666666666666,2,2,1.0,1.0,0,2,2,6,0,0.5,0.5,1.0,0.4,0.57126,1.0,1.0,0,1,0.3333333333333333,0,0.0
"Jackson Jr., Stevens, Bane, Pippen Jr., LaRavia",MEM,2,3,-1,6,7,2,4,0.5,0,2,0.0,0.0,3,2,2,0,0,0.5,1.0,0.0,0.3333333333333333,0.5707583333333334,0.3333333333333333,0.4375,2,1,0.25,0,0.0
"Jackson Jr., Williams, Pippen Jr., Williams Jr., Jackson",MEM,2,3,8,7,10,2,2,1.0,2,5,0.4,0.4,0,2,2,6,0,0.5,0.5,1.0,0.7142857142857143,0.5799785714285715,0.7142857142857143,0.7142857142857143,0,0,0.0,0,0.0
"Konchar, Bane, Aldama, Biyombo, Smart",MEM,1,3,1,5,6,1,3,0.3333333333333333,1,3,0.3333333333333333,0.3333333333333333,1,0,2,0,3,0.0,0.0,0.0,0.5,0.5532916666666666,0.4166666666666667,0.4285714285714285,0,1,0.3333333333333333,0,0.0
"Tillman, Bane, Aldama, Roddy, Williams Jr.",MEM,1,3,5,5,10,3,4,0.75,1,1,1.0,1.0,1,0,6,3,0,0.0,0.0,1.0,0.2,0.46975,0.9,0.8333333333333334,2,0,0.0,0,0.0
"Kennard, Konchar, Williams, Lofton Jr., Smart",MEM,1,3,-2,6,8,0,0,0.0,1,3,0.3333333333333333,0.3333333333333333,5,0,0,3,0,0.0,0.0,1.0,1.0,0.52575,0.5,0.6666666666666666,0,0,0.0,0,0.0
"Kennard, Aldama, Goodwin, Williams Jr., Jackson",MEM,1,3,-7,5,3,0,1,0.0,1,3,0.3333333333333333,0.3333333333333333,0,0,0,3,0,0.0,0.0,1.0,0.75,0.437525,0.375,0.375,0,0,0.0,0,0.0
"Clarke, Stevens, Pippen Jr., LaRavia, Pereira",MEM,1,3,-6,6,2,0,0,0.0,0,3,0.0,0.0,2,0,0,0,0,0.0,0.0,0.0,1.0,0.52625,0.0,0.25,0,0,0.0,0,0.0
"Jackson Jr., Konchar, Williams, Williams Jr., Jackson",MEM,1,3,-3,7,1,0,2,0.0,0,3,0.0,0.0,1,0,0,0,0,0.0,0.0,0.0,0.6,0.53042,0.0,0.0714285714285714,0,0,0.0,0,0.0
"Nowell, Konchar, Bane, Williams Jr., Biyombo",MEM,1,3,-2,5,5,1,2,0.5,1,3,0.3333333333333333,0.3333333333333333,0,2,0,3,0,1.0,1.0,1.0,0.6,0.55671,0.5,0.5,0,0,0.0,0,0.0
"Konchar, Bane, Roddy, Gilyard, Biyombo",MEM,2,3,-1,7,4,1,2,0.5,0,3,0.0,0.0,2,0,2,0,0,0.0,0.0,0.0,0.6,0.49347,0.2,0.3333333333333333,0,1,0.5,0,0.0
"Kennard, Jackson Jr., Goodwin, LaRavia, Jackson",MEM,1,3,-6,6,3,0,4,0.0,1,2,0.5,0.5,0,0,0,3,0,0.0,0.0,1.0,0.3333333333333333,0.5021666666666667,0.25,0.25,0,2,0.5,0,0.0
"Jackson Jr., Watanabe, Stevens, LaRavia, Rose",MEM,1,3,2,5,4,2,4,0.5,0,1,0.0,0.0,0,2,2,0,0,0.5,1.0,0.0,0.2,0.52288,0.4,0.4,2,0,0.0,0,0.0
"Kennard, Clarke, LaRavia, Jackson, Pereira",MEM,1,3,5,5,8,2,2,1.0,1,2,0.5,0.5,1,4,0,3,0,1.0,1.0,1.0,0.5,0.58825,0.875,0.8,0,0,0.0,0,0.0
"Stevens, Bane, Pippen Jr., Jackson, Jemison",MEM,1,3,-3,6,4,1,2,0.5,0,2,0.0,0.0,2,2,0,0,0,1.0,1.0,0.0,0.5,0.5099625,0.25,0.4,0,0,0.0,0,0.0
"Williams, Aldama, Goodwin, Williams Jr., Jackson",MEM,2,3,-2,5,4,2,3,0.6666666666666666,0,2,0.0,0.0,0,2,2,0,0,0.5,1.0,0.0,0.4,0.53521,0.4,0.4,2,0,0.0,0,0.0
"Aldama, Jarreau, Goodwin, LaRavia, Pereira",MEM,1,3,4,6,4,0,2,0.0,1,3,0.3333333333333333,0.3333333333333333,1,0,0,3,0,0.0,0.0,1.0,0.6,0.52685,0.3,0.3333333333333333,0,0,0.0,0,0.0
"Kennard, Konchar, Bane, Williams Jr., Biyombo",MEM,2,3,-6,6,4,0,2,0.0,1,2,0.5,0.5,1,0,0,0,3,0.0,0.0,0.0,0.5,0.4381375,0.375,0.4,0,0,0.0,0,0.0
"Konchar, Tillman, Bane, LaRavia, Smart",MEM,1,3,-6,5,8,1,3,0.3333333333333333,2,2,1.0,1.0,0,0,2,3,3,0.0,0.0,0.5,0.4,0.5111100000000001,0.8,0.8,0,1,0.3333333333333333,0,0.0
"Kennard, Jackson Jr., Williams, Aldama, Smart",MEM,1,3,-4,6,6,1,2,0.5,1,4,0.25,0.25,1,2,0,3,0,1.0,1.0,1.0,0.6666666666666666,0.644825,0.4166666666666667,0.5,0,0,0.0,0,0.0
"Kennard, Bane, Roddy, Gilyard, Biyombo",MEM,1,3,-2,5,3,0,0,0.0,1,4,0.25,0.25,0,0,0,3,0,0.0,0.0,1.0,1.0,0.524475,0.375,0.375,0,0,0.0,0,0.0
"Jackson Jr., Bane, Williams, Gilyard, Biyombo",MEM,2,3,-11,5,2,1,3,0.3333333333333333,0,3,0.0,0.0,0,0,2,0,0,0.0,0.0,0.0,0.5,0.5152916666666667,0.1666666666666666,0.1666666666666666,0,1,0.3333333333333333,1,0.3333333333333333
"Jackson Jr., Konchar, Bane, LaRavia, Jackson",MEM,1,3,-4,5,4,2,4,0.5,0,2,0.0,0.0,0,2,2,0,0,0.5,1.0,0.0,0.3333333333333333,0.5556583333333334,0.3333333333333333,0.3333333333333333,2,0,0.0,0,0.0
"Kennard, Jackson Jr., Stevens, Goodwin, Jackson",MEM,2,3,-6,5,4,1,3,0.3333333333333333,0,1,0.0,0.0,2,0,2,0,0,0.0,0.0,0.0,0.25,0.61785,0.25,0.4,0,0,0.0,0,0.0
"Jackson Jr., Konchar, Bane, Jarreau, LaRavia",MEM,1,3,0,6,5,1,4,0.25,1,1,1.0,1.0,0,2,0,3,0,1.0,1.0,1.0,0.2,0.55219,0.5,0.5,0,1,0.25,0,0.0
"Jackson Jr., Williams, Roddy, Gilyard, Rose",MEM,1,3,0,5,4,0,1,0.0,0,2,0.0,0.0,4,0,0,0,0,0.0,0.0,0.0,0.6666666666666666,0.4875666666666666,0.0,0.3,0,0,0.0,0,0.0
"Kennard, Jackson Jr., Morant, Bane, Roddy",MEM,2,3,-4,6,5,0,2,0.0,1,3,0.3333333333333333,0.3333333333333333,2,0,0,3,0,0.0,0.0,1.0,0.6,0.4999875,0.3,0.4166666666666667,0,1,0.5,0,0.0
"Kennard, Konchar, Pippen Jr., Goodwin, Jemison",MEM,1,3,-2,5,4,2,4,0.5,0,1,0.0,0.0,0,4,0,0,0,1.0,1.0,0.0,0.2,0.54128,0.4,0.4,0,0,0.0,0,0.0
"Jackson Jr., Tillman, Williams, Williams Jr., Smart",MEM,1,3,-7,5,0,0,2,0.0,0,2,0.0,0.0,0,0,0,0,0,0.0,0.0,0.0,0.5,0.5299,0.0,0.0,0,2,1.0,0,0.0
"Clarke, Bane, Aldama, Jarreau, LaRavia",MEM,1,3,8,6,13,3,4,0.75,2,3,0.6666666666666666,0.6666666666666666,1,2,4,6,0,0.3333333333333333,0.3333333333333333,1.0,0.4285714285714285,0.5987857142857143,0.8571428571428571,0.8571428571428571,0,0,0.0,0,0.0
"Tillman, Williams, Aldama, Roddy, Gilyard",MEM,2,3,-5,5,5,2,3,0.6666666666666666,0,1,0.0,0.0,1,4,0,0,0,1.0,1.0,0.0,0.25,0.6849875,0.5,0.5,0,0,0.0,0,0.0
"Jackson Jr., Aldama, Pippen Jr., LaRavia, Jackson",MEM,1,2,-6,7,8,3,3,1.0,0,1,0.0,0.0,2,4,2,0,0,0.6666666666666666,0.6666666666666666,0.0,0.25,0.5453125,0.75,0.8,0,0,0.0,0,0.0
"Konchar, Bane, Aldama, Gilyard, Biyombo",MEM,1,2,0,5,9,2,2,1.0,1,2,0.5,0.5,2,2,2,3,0,0.5,0.5,1.0,0.5,0.476875,0.875,0.9,0,0,0.0,0,0.0
"Stevens, LaRavia, Williams Jr., Jackson, Rose",MEM,1,2,-3,6,4,2,3,0.6666666666666666,0,1,0.0,0.0,0,0,4,0,0,0.0,0.0,0.0,0.25,0.4466375,0.5,0.5,0,0,0.0,0,0.0
"Jackson Jr., Konchar, Tillman, Bane, Williams Jr.",MEM,1,2,4,6,6,1,2,0.5,0,1,0.0,0.0,4,2,0,0,0,1.0,1.0,0.0,0.3333333333333333,0.5791833333333333,0.3333333333333333,0.5,0,0,0.0,0,0.0
"Jackson Jr., Stevens, Bane, Aldama, LaRavia",MEM,1,2,-3,5,4,2,3,0.6666666666666666,0,1,0.0,0.0,0,2,2,0,0,0.5,0.5,0.0,0.25,0.4462625,0.5,0.5,0,1,0.3333333333333333,0,0.0
"Kennard, Jackson Jr., Aldama, Roddy, Williams Jr.",MEM,1,2,4,5,8,4,5,0.8,0,1,0.0,0.0,0,6,2,0,0,0.75,1.0,0.0,0.1666666666666666,0.4757916666666666,0.6666666666666666,0.6666666666666666,2,0,0.0,0,0.0
"Nowell, Konchar, Aldama, Williams Jr., Biyombo",MEM,1,2,1,5,3,0,3,0.0,1,3,0.3333333333333333,0.3333333333333333,0,0,0,3,0,0.0,0.0,1.0,0.5,0.4909416666666666,0.25,0.25,0,0,0.0,0,0.0
"Jackson Jr., Morant, Tillman, Bane, Williams",MEM,1,2,-11,6,0,0,1,0.0,0,3,0.0,0.0,0,0,0,0,0,0.0,0.0,0.0,0.75,0.5040125,0.0,0.0,0,0,0.0,0,0.0
"Pippen Jr., Jarreau, LaRavia, Jackson, Pereira",MEM,1,2,-4,5,4,0,2,0.0,0,0,0.0,0.0,4,0,0,0,0,0.0,0.0,0.0,0.0,0.47545,0.0,0.4,0,1,0.5,0,0.0
"Kennard, Morant, Williams Jr., Biyombo, Smart",MEM,2,2,-4,6,6,0,2,0.0,1,1,1.0,1.0,3,0,0,3,0,0.0,0.0,1.0,0.3333333333333333,0.4689,0.5,0.6,0,0,0.0,0,0.0
"Jackson Jr., Williams, Roddy, Williams Jr., Smart",MEM,1,2,8,6,10,2,3,0.6666666666666666,2,3,0.6666666666666666,0.6666666666666666,0,2,2,6,0,0.5,0.5,1.0,0.5,0.5318666666666666,0.8333333333333334,0.8333333333333334,0,0,0.0,0,0.0
"Stevens, Williams, Williams Jr., Jackson, Rose",MEM,1,2,0,5,7,1,1,1.0,0,2,0.0,0.0,5,2,0,0,0,1.0,1.0,0.0,0.6666666666666666,0.56475,0.3333333333333333,0.6,0,0,0.0,0,0.0
"Konchar, Aldama, Jarreau, Jackson, Jemison",MEM,1,2,2,5,8,3,4,0.75,0,1,0.0,0.0,2,2,4,0,0,0.3333333333333333,0.3333333333333333,0.0,0.2,0.60918,0.6,0.6666666666666666,0,0,0.0,0,0.0
"Jackson Jr., Nowell, Konchar, Bane, Williams Jr.",MEM,1,2,1,5,6,3,4,0.75,0,1,0.0,0.0,0,4,2,0,0,0.6666666666666666,0.6666666666666666,0.0,0.2,0.47868,0.6,0.6,0,0,0.0,0,0.0
"Bane, Williams, Williams Jr., Biyombo, Smart",MEM,1,2,-8,6,3,1,1,1.0,0,1,0.0,0.0,1,0,2,0,0,0.0,0.0,0.0,0.5,0.5072,0.5,0.5,0,0,0.0,0,0.0
"Kennard, Aldama, Jarreau, Jackson, Jemison",MEM,1,2,3,6,6,2,2,1.0,0,1,0.0,0.0,2,4,0,0,0,1.0,1.0,0.0,0.3333333333333333,0.7410833333333334,0.6666666666666666,0.6,0,0,0.0,0,0.0
"Konchar, Williams, Aldama, Gilyard, Jackson",MEM,1,2,-1,5,5,1,1,1.0,1,4,0.25,0.25,0,2,0,3,0,1.0,1.0,1.0,0.8,0.53982,0.5,0.5,0,0,0.0,0,0.0
"Jackson Jr., Gabriel, Stevens, Jarreau, Jackson",MEM,1,2,-4,6,5,1,1,1.0,0,1,0.0,0.0,3,0,2,0,0,0.0,0.0,0.0,0.5,0.4748,0.5,0.625,0,0,0.0,0,0.0
"Jackson Jr., Konchar, Williams, LaRavia, Smart",MEM,1,2,-1,6,6,0,0,0.0,1,3,0.3333333333333333,0.3333333333333333,3,0,0,3,0,0.0,0.0,1.0,1.0,0.50895,0.5,0.75,0,0,0.0,0,0.0
"Kennard, Tillman, Bane, Williams, Williams Jr.",MEM,1,2,1,5,7,2,5,0.4,1,1,1.0,1.0,0,4,0,3,0,1.0,1.0,1.0,0.1666666666666666,0.4999499999999999,0.5833333333333334,0.5833333333333334,0,1,0.2,0,0.0
"Jackson Jr., Morant, Bane, Aldama, Roddy",MEM,1,2,2,6,9,2,2,1.0,0,1,0.0,0.0,5,2,2,0,0,0.5,0.5,0.0,0.3333333333333333,0.5460666666666667,0.6666666666666666,0.75,0,0,0.0,0,0.0
"Bane, Aldama, Roddy, Lofton Jr., Rose",MEM,1,2,-1,5,2,0,0,0.0,0,1,0.0,0.0,2,0,0,0,0,0.0,0.0,0.0,1.0,0.55755,0.0,0.3333333333333333,0,0,0.0,0,0.0
"Konchar, Williams, Aldama, Goodwin, Jackson",MEM,1,2,4,5,7,1,1,1.0,1,1,1.0,1.0,2,0,2,3,0,0.0,0.0,1.0,0.5,0.693775,1.25,1.1666666666666667,0,0,0.0,0,0.0
"LaRavia, Roddy, Williams Jr., Rose, Biyombo",MEM,1,2,4,5,4,2,4,0.5,0,1,0.0,0.0,0,0,4,0,0,0.0,0.0,0.0,0.2,0.5035999999999999,0.4,0.4,0,0,0.0,0,0.0
"Jackson Jr., Bane, Rose, Biyombo, Smart",MEM,1,2,0,5,5,2,2,1.0,0,2,0.0,0.0,1,2,2,0,0,0.5,0.5,0.0,0.5,0.503175,0.5,0.5,0,0,0.0,0,0.0
"Kennard, Konchar, Aldama, Jackson, Jemison",MEM,1,2,-4,5,0,0,1,0.0,0,1,0.0,0.0,0,0,0,0,0,0.0,0.0,0.0,0.5,0.51045,0.0,0.0,0,1,1.0,0,0.0
"Konchar, Bane, Williams, Biyombo, Smart",MEM,1,2,7,5,9,3,3,1.0,1,2,0.5,0.5,0,6,0,3,0,1.0,1.0,1.0,0.4,0.65697,0.9,0.9,0,0,0.0,0,0.0
"Clarke, Goodwin, Jackson, Pereira, Jemison",MEM,1,2,-9,6,3,1,3,0.3333333333333333,0,0,0.0,0.0,1,2,0,0,0,1.0,1.0,0.0,0.0,0.5025666666666667,0.3333333333333333,0.375,0,0,0.0,0,0.0
"Konchar, Tillman, Bane, Aldama, Rose",MEM,1,2,-6,5,0,0,3,0.0,0,2,0.0,0.0,0,0,0,0,0,0.0,0.0,0.0,0.4,0.58457,0.0,0.0,0,0,0.0,0,0.0
"Konchar, Aldama, LaRavia, Rose, Biyombo",MEM,1,2,-6,5,3,0,1,0.0,1,2,0.5,0.5,0,0,0,3,0,0.0,0.0,1.0,0.6666666666666666,0.4964166666666667,0.5,0.5,0,0,0.0,0,0.0
"Kennard, Jackson Jr., Konchar, Roddy, Smart",MEM,1,2,-7,5,0,0,0,0.0,0,4,0.0,0.0,0,0,0,0,0,0.0,0.0,0.0,1.0,0.5464875,0.0,0.0,0,0,0.0,0,0.0
"Kennard, Jackson Jr., Williams, Aldama, LaRavia",MEM,1,2,-3,5,4,0,1,0.0,0,0,0.0,0.0,4,0,0,0,0,0.0,0.0,0.0,0.0,0.4309,0.0,0.6666666666666666,0,0,0.0,0,0.0
"Konchar, Bane, LaRavia, Jackson, Jemison",MEM,1,2,-5,5,5,0,0,0.0,1,3,0.3333333333333333,0.3333333333333333,2,0,0,3,0,0.0,0.0,1.0,1.0,0.58975,0.5,0.625,0,0,0.0,0,0.0
"Bane, Roddy, Williams Jr., Lofton Jr., Smart",MEM,1,2,-1,5,7,0,0,0.0,2,6,0.3333333333333333,0.3333333333333333,1,0,0,6,0,0.0,0.0,1.0,1.0,0.533925,0.5,0.5,0,0,0.0,0,0.0
"Bane, Aldama, Williams Jr., Gilyard, Biyombo",MEM,2,2,-3,4,2,1,2,0.5,0,0,0.0,0.0,0,0,2,0,0,0.0,0.0,0.0,0.0,0.4345,0.5,0.5,0,0,0.0,0,0.0
"Clarke, Simpson, Jackson, Allen, Pereira",MEM,1,2,-5,5,0,0,2,0.0,0,4,0.0,0.0,0,0,0,0,0,0.0,0.0,0.0,0.6666666666666666,0.5519333333333333,0.0,0.0,0,1,0.5,0,0.0
"Kennard, Jackson Jr., Tillman, Williams Jr., Jackson",MEM,1,2,-3,6,4,0,0,0.0,0,1,0.0,0.0,4,0,0,0,0,0.0,0.0,0.0,1.0,0.5562,0.0,0.6666666666666666,0,0,0.0,0,0.0
"Konchar, Hurt, Aldama, Goodwin, LaRavia",MEM,1,2,-2,5,5,1,1,1.0,1,2,0.5,0.5,0,0,2,3,0,0.0,0.0,1.0,0.6666666666666666,0.6314833333333333,0.8333333333333334,0.8333333333333334,0,0,0.0,0,0.0
"Kennard, Clarke, Goodwin, LaRavia, Jemison",MEM,1,2,-7,5,0,0,2,0.0,0,2,0.0,0.0,0,0,0,0,0,0.0,0.0,0.0,0.5,0.4909625,0.0,0.0,0,1,0.5,0,0.0
"Konchar, Stevens, LaRavia, Williams Jr., Jackson",MEM,1,2,0,4,4,2,4,0.5,0,0,0.0,0.0,0,2,2,0,0,0.5,0.5,0.0,0.0,0.61585,0.5,0.5,0,1,0.25,0,0.0
"Kennard, Tillman, Williams, Aldama, Gilyard",MEM,1,2,1,5,4,2,3,0.6666666666666666,0,2,0.0,0.0,0,2,2,0,0,0.5,0.5,0.0,0.4,0.54176,0.4,0.4,0,0,0.0,0,0.0
"Konchar, Bane, Williams, Aldama, Lofton Jr.",MEM,1,2,-6,4,2,1,2,0.5,0,1,0.0,0.0,0,2,0,0,0,1.0,1.0,0.0,0.3333333333333333,0.6732666666666667,0.3333333333333333,0.3333333333333333,0,1,0.5,0,0.0
"Aldama, Pippen Jr., Williams Jr., Jackson, Jemison",MEM,1,2,-5,4,3,0,1,0.0,1,3,0.3333333333333333,0.3333333333333333,0,0,0,3,0,0.0,0.0,1.0,0.75,0.5142375,0.375,0.375,0,0,0.0,0,0.0
"Jackson Jr., Konchar, Bane, LaRavia, Smart",MEM,1,2,2,5,2,0,0,0.0,0,1,0.0,0.0,2,0,0,0,0,0.0,0.0,0.0,1.0,0.57825,0.0,0.5,0,0,0.0,0,0.0
"Aldama, Jarreau, Goodwin, Jackson, Pereira",MEM,1,2,-6,4,0,0,3,0.0,0,1,0.0,0.0,0,0,0,0,0,0.0,0.0,0.0,0.25,0.5819,0.0,0.0,0,0,0.0,0,0.0
