ShortName,TeamAbbreviation,GamesPlayed,Minutes,PlusMinus,OffPoss,Points,FG2M,FG2A,Fg2Pct,FG3M,FG3A,Fg3Pct,NonHeaveFg3Pct,FtPoints,PtsAssisted2s,PtsUnassisted2s,PtsAssisted3s,PtsUnassisted3s,Assisted2sPct,NonPutbacksAssisted2sPct,Assisted3sPct,FG3APct,ShotQualityAvg,EfgPct,TsPct,PtsPutbacks,Fg2aBlocked,FG2APctBlocked,Fg3aBlocked,FG3APctBlocked
"Bryant, Brown Jr., Beverley, Schroder, James",LAL,13,120,50,244,330,76,131,0.5801526717557252,45,98,0.4591836734693877,0.4591836734693877,43,62,90,114,21,0.4078947368421052,0.4696969696969697,0.8444444444444444,0.4279475982532751,0.5341903930131005,0.6266375545851528,0.6547619047619048,20,10,0.0763358778625954,3,0.0306122448979591
"Russell, Beasley, Brown Jr., Vanderbilt, Davis",LAL,11,86,-30,171,182,52,100,0.52,21,67,0.3134328358208955,0.3134328358208955,15,46,58,57,6,0.4423076923076923,0.5,0.9047619047619048,0.4011976047904191,0.5281883233532934,0.5,0.5084269662921348,12,7,0.07,1,0.0149253731343283
"Russell, Vanderbilt, Reaves, Davis, James",LAL,7,77,37,166,210,56,100,0.56,24,46,0.5217391304347826,0.5217391304347826,26,54,58,48,24,0.4821428571428571,0.5510204081632653,0.6666666666666666,0.3150684931506849,0.547641095890411,0.6301369863013698,0.6521739130434783,14,8,0.08,0,0.0
"Bryant, Walker IV, Beverley, Schroder, James",LAL,7,75,-16,157,165,49,75,0.6533333333333333,17,62,0.2741935483870967,0.2741935483870967,16,40,58,45,6,0.4081632653061224,0.425531914893617,0.8823529411764706,0.4525547445255474,0.5233076642335767,0.5437956204379562,0.5664335664335665,4,7,0.0933333333333333,0,0.0
"Walker IV, Beverley, Davis, Schroder, James",LAL,7,59,-4,123,130,35,62,0.5645161290322581,15,42,0.3571428571428571,0.3571428571428571,15,46,24,42,3,0.6571428571428571,0.696969696969697,0.9333333333333332,0.4038461538461538,0.5271451923076923,0.5528846153846154,0.5765765765765766,4,3,0.0483870967741935,0,0.0
"Beasley, Brown Jr., Vanderbilt, Davis, Schroder",LAL,9,54,3,116,123,34,70,0.4857142857142857,11,32,0.34375,0.34375,22,44,24,27,6,0.6470588235294118,0.7096774193548387,0.8181818181818182,0.3137254901960784,0.5311700980392157,0.4950980392156863,0.5442477876106194,6,6,0.0857142857142857,1,0.03125
"Walker IV, Reaves, Westbrook, Beverley, Davis",LAL,11,53,9,110,135,37,66,0.5606060606060606,9,30,0.3,0.3,34,40,34,24,3,0.5405405405405406,0.5555555555555556,0.8888888888888888,0.3125,0.5537244791666667,0.5260416666666666,0.5973451327433629,2,6,0.0909090909090909,0,0.0
"Walker IV, Reaves, Westbrook, Davis, James",LAL,15,50,3,108,139,44,72,0.6111111111111112,9,21,0.4285714285714285,0.4285714285714285,24,50,38,27,0,0.5681818181818182,0.6097560975609756,1.0,0.2258064516129032,0.5551193548387097,0.6182795698924731,0.6495327102803738,6,3,0.0416666666666666,0,0.0
"Russell, Brown Jr., Vanderbilt, Reaves, Davis",LAL,11,44,-2,91,112,27,50,0.54,8,21,0.3809523809523809,0.3809523809523809,34,30,24,15,9,0.5555555555555556,0.6,0.625,0.2957746478873239,0.5217014285714286,0.5492957746478874,0.6222222222222222,4,6,0.12,0,0.0
"Brown Jr., Walker IV, Beverley, Davis, James",LAL,5,42,-17,87,106,36,69,0.5217391304347826,6,17,0.3529411764705882,0.3529411764705882,16,34,38,15,3,0.4722222222222222,0.5,0.8333333333333334,0.1976744186046511,0.5424988372093023,0.5232558139534884,0.5645161290322581,4,5,0.072463768115942,0,0.0
"Walker IV, Westbrook, Beverley, Davis, James",LAL,8,42,-9,90,81,23,46,0.5,6,34,0.1764705882352941,0.1764705882352941,17,20,26,15,3,0.4347826086956521,0.4545454545454545,0.8333333333333334,0.425,0.523549375,0.4,0.4602272727272727,2,5,0.108695652173913,1,0.0294117647058823
"Russell, Brown Jr., Hachimura, Davis, Schroder",LAL,8,39,15,80,93,28,53,0.5283018867924528,7,19,0.3684210526315789,0.3684210526315789,16,30,26,15,6,0.5357142857142857,0.5555555555555556,0.7142857142857143,0.2638888888888889,0.5296465277777778,0.5347222222222222,0.5679012345679012,2,5,0.0943396226415094,0,0.0
"Hachimura, Beverley, Davis, Schroder, James",LAL,4,38,8,82,103,27,53,0.5094339622641509,11,20,0.55,0.55,16,36,18,27,6,0.6666666666666666,0.782608695652174,0.8181818181818182,0.273972602739726,0.5346479452054794,0.5958904109589042,0.6358024691358025,8,2,0.0377358490566037,0,0.0
"Brown Jr., Walker IV, Reaves, Beverley, Davis",LAL,5,38,21,77,81,29,48,0.6041666666666666,2,17,0.1176470588235294,0.1176470588235294,17,34,24,6,0,0.5862068965517241,0.5862068965517241,1.0,0.2615384615384615,0.5200238461538461,0.4923076923076923,0.5555555555555556,0,3,0.0625,0,0.0
"Brown Jr., Vanderbilt, Reaves, Davis, Schroder",LAL,7,33,-13,62,71,19,32,0.59375,5,23,0.217391304347826,0.217391304347826,18,12,26,12,3,0.3157894736842105,0.4615384615384615,0.8,0.4181818181818181,0.5261445454545455,0.4818181818181818,0.5546875,12,5,0.15625,0,0.0
"Brown Jr., Hachimura, Reaves, Davis, Schroder",LAL,9,32,7,68,82,25,44,0.5681818181818182,4,16,0.25,0.25,20,26,24,12,0,0.52,0.5652173913043478,1.0,0.2666666666666666,0.5082099999999999,0.5166666666666667,0.5857142857142857,4,5,0.1136363636363636,0,0.0
"Brown Jr., Gabriel, Reaves, Westbrook, James",LAL,11,31,13,67,78,23,43,0.5348837209302325,8,22,0.3636363636363636,0.3636363636363636,8,26,20,21,3,0.5652173913043478,0.5909090909090909,0.875,0.3384615384615385,0.5665723076923077,0.5384615384615384,0.5735294117647058,2,5,0.1162790697674418,0,0.0
"Brown Jr., Walker IV, Davis, Schroder, James",LAL,5,31,5,65,80,22,39,0.5641025641025641,9,19,0.4736842105263157,0.4736842105263157,9,24,20,24,3,0.5454545454545454,0.6,0.8888888888888888,0.3275862068965517,0.540923275862069,0.6120689655172413,0.6451612903225806,4,1,0.0256410256410256,0,0.0
"Brown Jr., Walker IV, Reaves, Westbrook, Davis",LAL,14,31,-9,66,65,20,40,0.5,5,21,0.238095238095238,0.238095238095238,10,20,20,15,0,0.5,0.5555555555555556,1.0,0.3442622950819672,0.5545713114754098,0.4508196721311475,0.4923076923076923,4,3,0.075,0,0.0
"Russell, Hachimura, Gabriel, Reaves, Schroder",LAL,5,30,6,61,73,15,34,0.4411764705882353,9,21,0.4285714285714285,0.4285714285714285,16,14,16,24,3,0.4666666666666667,0.5384615384615384,0.8888888888888888,0.3818181818181818,0.49581,0.5181818181818182,0.5625,4,6,0.1764705882352941,0,0.0
"Walker IV, Reaves, Beverley, Davis, James",LAL,7,28,-8,61,54,15,36,0.4166666666666667,4,18,0.2222222222222222,0.2222222222222222,12,12,18,12,0,0.4,0.4615384615384615,1.0,0.3333333333333333,0.5000509259259259,0.3888888888888889,0.4354838709677419,4,6,0.1666666666666666,0,0.0
"Brown Jr., Walker IV, Hachimura, Gabriel, Reaves",LAL,5,27,-3,57,58,15,33,0.4545454545454545,8,18,0.4444444444444444,0.4444444444444444,4,16,14,15,9,0.5333333333333333,0.5714285714285714,0.625,0.3529411764705882,0.5057186274509804,0.5294117647058824,0.5471698113207547,2,5,0.1515151515151515,0,0.0
"Brown Jr., Reaves, Westbrook, Davis, James",LAL,5,27,14,56,67,20,35,0.5714285714285714,5,16,0.3125,0.3125,12,18,22,9,6,0.45,0.5,0.6,0.3137254901960784,0.5610970588235294,0.5392156862745098,0.5677966101694916,4,2,0.0571428571428571,0,0.0
"Bryant, Westbrook, Beverley, Schroder, James",LAL,9,26,20,61,81,22,28,0.7857142857142857,7,16,0.4375,0.4375,16,24,20,18,3,0.5454545454545454,0.5454545454545454,0.8571428571428571,0.3636363636363636,0.5424488636363637,0.7386363636363636,0.7941176470588235,0,0,0.0,0,0.0
"Russell, Brown Jr., Hachimura, Reaves, Davis",LAL,10,26,6,51,61,18,32,0.5625,5,15,0.3333333333333333,0.3333333333333333,10,22,14,15,0,0.6111111111111112,0.6875,1.0,0.3191489361702128,0.5627673913043478,0.5425531914893617,0.5865384615384616,4,5,0.15625,0,0.0
"Reaves, Westbrook, Beverley, Davis, James",LAL,5,26,6,60,58,15,28,0.5357142857142857,4,14,0.2857142857142857,0.2857142857142857,16,20,10,12,0,0.6666666666666666,0.6666666666666666,1.0,0.3333333333333333,0.5332964285714286,0.5,0.5576923076923077,0,3,0.1071428571428571,0,0.0
"Vanderbilt, Reaves, Davis, Schroder, James",LAL,6,25,9,48,69,14,27,0.5185185185185185,10,22,0.4545454545454545,0.4545454545454545,11,14,14,30,0,0.5,0.6363636363636364,1.0,0.4489795918367347,0.5350367346938776,0.5918367346938775,0.6272727272727273,6,2,0.074074074074074,0,0.0
"Brown Jr., Gabriel, Westbrook, Schroder, James",LAL,4,24,12,42,61,17,28,0.6071428571428571,6,14,0.4285714285714285,0.4285714285714285,9,18,16,18,0,0.5294117647058824,0.6,1.0,0.3333333333333333,0.5208035714285715,0.6190476190476191,0.6777777777777778,4,5,0.1785714285714285,0,0.0
"Brown Jr., Beverley, Davis, Schroder, James",LAL,5,24,-15,45,48,11,28,0.3928571428571428,5,14,0.3571428571428571,0.3571428571428571,11,18,4,12,3,0.8181818181818182,0.8181818181818182,0.8,0.3333333333333333,0.492572619047619,0.4404761904761904,0.4897959183673469,0,4,0.1428571428571428,0,0.0
"Reaves, Beverley, Davis, Schroder, James",LAL,3,24,2,45,58,12,24,0.5,8,16,0.5,0.5,10,4,20,21,3,0.1666666666666666,0.2,0.875,0.4,0.522215,0.6,0.6041666666666666,4,1,0.0416666666666666,0,0.0
"Westbrook, Beverley, Davis, Schroder, James",LAL,4,23,6,47,59,18,34,0.5294117647058824,5,12,0.4166666666666667,0.4166666666666667,8,22,14,15,0,0.6111111111111112,0.6470588235294118,1.0,0.2608695652173913,0.4957999999999999,0.5543478260869565,0.5784313725490197,2,4,0.1176470588235294,0,0.0
"Bryant, Reaves, Beverley, Schroder, James",LAL,6,23,-9,50,45,15,28,0.5357142857142857,4,14,0.2857142857142857,0.2857142857142857,3,18,12,6,6,0.6,0.6923076923076923,0.5,0.3333333333333333,0.532225,0.5,0.4891304347826087,4,2,0.0714285714285714,0,0.0
"Russell, Beasley, Brown Jr., Hachimura, Davis",LAL,8,23,2,47,58,15,24,0.625,8,24,0.3333333333333333,0.3333333333333333,4,16,14,21,3,0.5333333333333333,0.6153846153846154,0.875,0.5,0.5545458333333334,0.5625,0.5918367346938775,4,2,0.0833333333333333,1,0.0416666666666666
"Brown Jr., Reaves, Davis, Schroder, James",LAL,4,22,9,45,52,11,23,0.4782608695652174,4,12,0.3333333333333333,0.3333333333333333,18,10,12,12,0,0.4545454545454545,0.4545454545454545,1.0,0.3428571428571428,0.4584371428571429,0.4857142857142857,0.5813953488372093,0,0,0.0,0,0.0
"Beasley, Hachimura, Gabriel, Reaves, Schroder",LAL,5,22,3,44,46,12,26,0.4615384615384615,5,10,0.5,0.5,7,10,14,12,3,0.4166666666666667,0.4166666666666667,0.8,0.2777777777777778,0.4953986111111111,0.5416666666666666,0.5609756097560976,0,0,0.0,0,0.0
"Bryant, Toscano-Anderson, Beverley, Schroder, James",LAL,2,22,-13,49,56,15,24,0.625,6,12,0.5,0.5,8,14,16,15,3,0.4666666666666667,0.5384615384615384,0.8333333333333334,0.3333333333333333,0.5164986111111111,0.6666666666666666,0.7,4,2,0.0833333333333333,0,0.0
"Beasley, Hachimura, Gabriel, Reaves, James",LAL,4,22,10,48,57,16,23,0.6956521739130435,4,17,0.2352941176470588,0.2352941176470588,13,14,18,9,3,0.4375,0.5,0.75,0.425,0.535398717948718,0.55,0.6086956521739131,4,0,0.0,0,0.0
"Beasley, Vanderbilt, Walker IV, Gabriel, Reaves",LAL,4,21,-19,42,43,15,21,0.7142857142857143,3,17,0.1764705882352941,0.1764705882352941,4,16,14,9,0,0.5333333333333333,0.6153846153846154,1.0,0.4473684210526316,0.52295,0.5131578947368421,0.5375,4,2,0.0952380952380952,0,0.0
"Beasley, Vanderbilt, Davis, Schroder, James",LAL,4,21,13,43,48,14,30,0.4666666666666667,4,15,0.2666666666666666,0.2666666666666666,8,16,12,12,0,0.5714285714285714,0.6153846153846154,1.0,0.3333333333333333,0.5486822222222222,0.4444444444444444,0.4897959183673469,2,1,0.0333333333333333,0,0.0
"Beasley, Vanderbilt, Reaves, Davis, Schroder",LAL,9,21,-31,45,36,10,22,0.4545454545454545,3,12,0.25,0.25,7,8,12,6,3,0.4,0.4444444444444444,0.6666666666666666,0.3529411764705882,0.5147573529411765,0.4264705882352941,0.4864864864864865,2,1,0.0454545454545454,0,0.0
"Beasley, Brown Jr., Vanderbilt, Reaves, Davis",LAL,6,21,24,47,56,17,24,0.7083333333333334,5,13,0.3846153846153846,0.3846153846153846,7,20,14,15,0,0.5882352941176471,0.625,1.0,0.3513513513513513,0.5244121621621621,0.6621621621621622,0.7,2,1,0.0416666666666666,0,0.0
"Gabriel, Nunn, Christie, Westbrook, James",LAL,8,20,10,44,55,17,28,0.6071428571428571,4,11,0.3636363636363636,0.4,9,8,26,12,0,0.2352941176470588,0.2857142857142857,1.0,0.282051282051282,0.5090447368421053,0.5897435897435898,0.6,6,3,0.1071428571428571,0,0.0
"Russell, Hachimura, Reaves, Davis, Schroder",LAL,5,20,30,40,53,15,25,0.6,4,11,0.3636363636363636,0.3636363636363636,11,10,20,9,3,0.3333333333333333,0.3846153846153846,0.75,0.3055555555555556,0.5236486111111112,0.5833333333333334,0.6162790697674418,4,5,0.2,0,0.0
"Russell, Vanderbilt, Reaves, Davis, Schroder",LAL,5,19,5,38,53,13,16,0.8125,5,7,0.7142857142857143,0.7142857142857143,12,18,8,15,0,0.6923076923076923,0.6923076923076923,1.0,0.3043478260869565,0.4779760869565217,0.8913043478260869,0.8833333333333333,0,0,0.0,0,0.0
"Brown Jr., Walker IV, Westbrook, Beverley, Davis",LAL,7,19,-2,43,51,15,23,0.6521739130434783,2,8,0.25,0.25,15,22,8,3,3,0.7333333333333333,0.8461538461538461,0.5,0.2580645161290322,0.5982741935483872,0.5806451612903226,0.6710526315789473,4,4,0.1739130434782608,0,0.0
"Beasley, Brown Jr., Hachimura, Davis, Schroder",LAL,7,19,-19,43,34,10,23,0.4347826086956521,2,12,0.1666666666666666,0.1666666666666666,8,10,10,6,0,0.5,0.5555555555555556,1.0,0.3428571428571428,0.5084714285714286,0.3714285714285714,0.4146341463414634,2,4,0.1739130434782608,0,0.0
"Brown Jr., Westbrook, Davis, Schroder, James",LAL,5,18,-5,41,45,12,22,0.5454545454545454,4,16,0.25,0.25,9,10,14,12,0,0.4166666666666667,0.5,1.0,0.4210526315789473,0.5286447368421052,0.4736842105263157,0.5232558139534884,4,1,0.0454545454545454,0,0.0
"Russell, Beasley, Vanderbilt, Davis, James",LAL,2,18,9,38,49,13,18,0.7222222222222222,5,10,0.5,0.5,8,22,4,15,0,0.8461538461538461,0.8461538461538461,1.0,0.3571428571428571,0.5439607142857142,0.7321428571428571,0.765625,0,0,0.0,0,0.0
"Walker IV, Reaves, Davis, Schroder, James",LAL,5,18,20,38,48,18,25,0.72,1,7,0.1428571428571428,0.1428571428571428,9,22,14,3,0,0.6111111111111112,0.6875,1.0,0.21875,0.5757109375,0.609375,0.6486486486486487,4,0,0.0,0,0.0
"Beasley, Bamba, Brown Jr., Vanderbilt, Schroder",LAL,1,18,3,36,42,6,14,0.4285714285714285,9,20,0.45,0.45,3,6,6,24,3,0.5,0.5,0.8888888888888888,0.5882352941176471,0.5558838235294118,0.5735294117647058,0.5833333333333334,0,0,0.0,0,0.0
"Bryant, Walker IV, Reaves, Schroder, James",LAL,4,18,7,38,45,9,21,0.4285714285714285,5,11,0.4545454545454545,0.4545454545454545,12,12,6,12,3,0.6666666666666666,0.6666666666666666,0.8,0.34375,0.5163015625,0.515625,0.5769230769230769,0,1,0.0476190476190476,0,0.0
"Gabriel, Nunn, Toscano-Anderson, Christie, Westbrook",LAL,5,17,-7,35,39,8,16,0.5,6,13,0.4615384615384615,0.4615384615384615,5,4,12,12,6,0.25,0.3333333333333333,0.6666666666666666,0.4482758620689655,0.5316607142857143,0.5862068965517241,0.5909090909090909,4,0,0.0,1,0.0769230769230769
"Brown Jr., Reaves, Westbrook, Beverley, Davis",LAL,5,17,16,35,54,15,18,0.8333333333333334,5,13,0.3846153846153846,0.3846153846153846,9,18,12,15,0,0.6,0.6923076923076923,1.0,0.4193548387096774,0.5630354838709678,0.7258064516129032,0.7297297297297297,4,0,0.0,0,0.0
"Bryant, Brown Jr., Walker IV, Beverley, Schroder",LAL,2,17,-9,33,43,11,16,0.6875,6,10,0.6,0.6,3,4,18,15,3,0.1818181818181818,0.1818181818181818,0.8333333333333334,0.3846153846153846,0.5515846153846155,0.7692307692307693,0.7962962962962963,0,0,0.0,0,0.0
"Beasley, Vanderbilt, Walker IV, Davis, Schroder",LAL,4,17,9,34,39,8,18,0.4444444444444444,6,11,0.5454545454545454,0.5454545454545454,5,6,10,18,0,0.375,0.4285714285714285,1.0,0.3793103448275862,0.530851724137931,0.5862068965517241,0.6290322580645161,2,3,0.1666666666666666,0,0.0
"Bryant, Walker IV, Reaves, Westbrook, James",LAL,5,17,8,38,52,17,23,0.7391304347826086,4,8,0.5,0.5,6,20,14,12,0,0.5882352941176471,0.625,1.0,0.2580645161290322,0.5368822580645162,0.7419354838709677,0.7647058823529411,2,0,0.0,0,0.0
"Bryant, Brown Jr., Westbrook, Beverley, Schroder",LAL,7,16,-2,37,35,8,16,0.5,3,16,0.1875,0.1875,10,10,6,9,0,0.625,0.625,1.0,0.5,0.5067734375,0.390625,0.4861111111111111,0,3,0.1875,0,0.0
"Brown Jr., Walker IV, Nunn, Davis, James",LAL,2,16,1,38,36,13,18,0.7222222222222222,3,13,0.2307692307692307,0.2307692307692307,1,16,10,9,0,0.6153846153846154,0.6153846153846154,1.0,0.4193548387096774,0.5465354838709677,0.5645161290322581,0.5625,0,1,0.0555555555555555,0,0.0
"Brown Jr., Hachimura, Davis, Schroder, James",LAL,3,16,10,33,36,12,20,0.6,1,7,0.1428571428571428,0.1428571428571428,9,16,8,3,0,0.6666666666666666,0.8,1.0,0.2592592592592592,0.5636,0.5,0.5625,4,2,0.1,0,0.0
"Brown Jr., Gabriel, Nunn, Christie, Westbrook",LAL,5,15,-8,35,32,7,20,0.35,4,10,0.4,0.4,6,8,6,9,3,0.5714285714285714,0.5714285714285714,0.75,0.3333333333333333,0.5133966666666666,0.4333333333333333,0.4848484848484848,0,0,0.0,1,0.1
"Bryant, Brown Jr., Reaves, Westbrook, James",LAL,4,15,-6,30,38,10,16,0.625,4,12,0.3333333333333333,0.3333333333333333,6,10,10,9,3,0.5,0.5,0.75,0.4285714285714285,0.5195232142857142,0.5714285714285714,0.6129032258064516,0,2,0.125,0,0.0
"Bryant, Brown Jr., Hachimura, Beverley, Schroder",LAL,1,15,0,30,30,9,24,0.375,3,9,0.3333333333333333,0.3333333333333333,3,6,12,9,0,0.3333333333333333,0.4285714285714285,1.0,0.2727272727272727,0.538821212121212,0.4090909090909091,0.4264705882352941,4,5,0.2083333333333333,0,0.0
"Russell, Gabriel, Reaves, Davis, Schroder",LAL,2,15,13,27,37,11,19,0.5789473684210527,1,5,0.2,0.2,12,12,10,3,0,0.5454545454545454,0.6,1.0,0.2083333333333333,0.47118125,0.5208333333333334,0.5967741935483871,2,2,0.1052631578947368,0,0.0
"Jones, Gabriel, Nunn, Pippen Jr., Christie",LAL,1,14,-7,29,23,5,15,0.3333333333333333,3,11,0.2727272727272727,0.3,4,2,8,3,6,0.2,0.3333333333333333,0.3333333333333333,0.4230769230769231,0.510164,0.3653846153846153,0.396551724137931,4,0,0.0,0,0.0
"Hachimura, Westbrook, Davis, Schroder, James",LAL,3,14,7,31,39,12,18,0.6666666666666666,4,8,0.5,0.4285714285714285,3,12,12,9,3,0.5,0.5454545454545454,0.75,0.3076923076923077,0.52178,0.6923076923076923,0.7222222222222222,2,1,0.0555555555555555,0,0.0
"Bryant, Brown Jr., Toscano-Anderson, Schroder, James",LAL,3,14,4,28,37,13,22,0.5909090909090909,3,7,0.4285714285714285,0.4285714285714285,2,12,14,3,6,0.4615384615384615,0.4615384615384615,0.3333333333333333,0.2413793103448276,0.5562741379310345,0.603448275862069,0.6206896551724138,0,3,0.1363636363636363,0,0.0
"Brown Jr., Walker IV, Gabriel, Reaves, Westbrook",LAL,6,14,-16,29,29,7,12,0.5833333333333334,3,8,0.375,0.375,6,12,2,9,0,0.8571428571428571,0.8571428571428571,1.0,0.4,0.53965,0.575,0.6590909090909091,0,2,0.1666666666666666,0,0.0
"Brown Jr., Reaves, Beverley, Davis, James",LAL,4,14,0,25,23,8,19,0.4210526315789473,2,8,0.25,0.25,1,8,8,6,0,0.5,0.5714285714285714,1.0,0.2962962962962963,0.4971185185185185,0.4074074074074074,0.4107142857142857,2,5,0.2631578947368421,0,0.0
"Bryant, Christie, Westbrook, Schroder, James",LAL,4,14,-2,27,31,12,21,0.5714285714285714,0,2,0.0,0.0,7,12,12,0,0,0.5,0.5,0.0,0.0869565217391304,0.4936586956521739,0.5217391304347826,0.5961538461538461,0,1,0.0476190476190476,0,0.0
"Brown Jr., Nunn, Reaves, Westbrook, Davis",LAL,3,13,-7,27,41,10,12,0.8333333333333334,5,10,0.5,0.5,6,2,18,15,0,0.1,0.1,1.0,0.4545454545454545,0.4756727272727273,0.7954545454545454,0.7692307692307693,0,1,0.0833333333333333,0,0.0
"Bryant, Reaves, Westbrook, Schroder, James",LAL,6,13,-5,29,28,11,19,0.5789473684210527,1,5,0.2,0.2,3,12,10,3,0,0.5454545454545454,0.6,1.0,0.2083333333333333,0.56999375,0.5208333333333334,0.5384615384615384,2,1,0.0526315789473684,0,0.0
"Bryant, Toscano-Anderson, Christie, Schroder, James",LAL,1,13,-5,26,26,10,20,0.5,1,7,0.1428571428571428,0.1428571428571428,3,14,6,3,0,0.7,0.875,1.0,0.2592592592592592,0.5243555555555556,0.4259259259259259,0.4482758620689655,4,2,0.1,0,0.0
"Reaves, Westbrook, Davis, Schroder, James",LAL,4,13,14,32,39,10,22,0.4545454545454545,3,7,0.4285714285714285,0.4285714285714285,10,8,12,9,0,0.4,0.4444444444444444,1.0,0.2413793103448276,0.5086413793103448,0.5,0.5735294117647058,2,4,0.1818181818181818,0,0.0
"Brown Jr., Walker IV, Westbrook, Davis, James",LAL,5,12,17,27,43,16,21,0.7619047619047619,3,6,0.5,0.5,2,22,10,9,0,0.6875,0.8461538461538461,1.0,0.2222222222222222,0.5828740740740741,0.7592592592592593,0.7678571428571429,6,0,0.0,0,0.0
"Walker IV, Gabriel, Reaves, Westbrook, James",LAL,4,12,7,29,36,14,20,0.7,0,2,0.0,0.0,8,12,16,0,0,0.4285714285714285,0.5,0.0,0.0909090909090909,0.5815068181818183,0.6363636363636364,0.6666666666666666,4,0,0.0,0,0.0
"Brown Jr., Gabriel, Nunn, Westbrook, James",LAL,3,12,21,25,38,12,14,0.8571428571428571,2,8,0.25,0.25,8,16,8,3,3,0.6666666666666666,0.8,0.5,0.3636363636363636,0.5931113636363636,0.6818181818181818,0.7037037037037037,4,1,0.0714285714285714,0,0.0
"Bryant, Brown Jr., Walker IV, Schroder, James",LAL,2,12,-7,24,26,6,11,0.5454545454545454,3,7,0.4285714285714285,0.4285714285714285,5,8,4,9,0,0.6666666666666666,0.8,1.0,0.3888888888888889,0.5016277777777778,0.5833333333333334,0.6190476190476191,2,2,0.1818181818181818,0,0.0
"Bamba, Hachimura, Reaves, Schroder, James",LAL,2,12,10,27,37,12,15,0.8,1,7,0.1428571428571428,0.1428571428571428,10,18,6,3,0,0.75,0.75,1.0,0.3181818181818182,0.535175,0.6136363636363636,0.6481481481481481,0,1,0.0666666666666666,0,0.0
"Walker IV, Westbrook, Davis, Schroder, James",LAL,7,12,-5,29,29,10,18,0.5555555555555556,1,5,0.2,0.2,6,14,6,3,0,0.7,0.7,1.0,0.217391304347826,0.5436608695652174,0.5,0.5576923076923077,0,3,0.1666666666666666,0,0.0
"Bryant, Toscano-Anderson, Reaves, Westbrook, Schroder",LAL,3,12,12,26,37,11,14,0.7857142857142857,2,8,0.25,0.25,9,14,8,6,0,0.6363636363636364,0.7777777777777778,1.0,0.3636363636363636,0.4943522727272727,0.6363636363636364,0.7115384615384616,4,0,0.0,0,0.0
"Brown Jr., Gabriel, Nunn, Reaves, Westbrook",LAL,3,12,-2,26,20,4,9,0.4444444444444444,3,10,0.3,0.3,3,6,2,6,3,0.75,0.75,0.6666666666666666,0.5263157894736842,0.5668815789473683,0.4473684210526316,0.4761904761904761,0,0,0.0,0,0.0
"Brown Jr., Westbrook, Beverley, Davis, James",LAL,5,11,-1,22,27,11,17,0.6470588235294118,1,4,0.25,0.25,2,8,14,3,0,0.3636363636363636,0.4,1.0,0.1904761904761904,0.55445,0.5952380952380952,0.6136363636363636,2,1,0.0588235294117647,0,0.0
"Walker IV, Hachimura, Gabriel, Reaves, Schroder",LAL,2,11,8,24,33,9,16,0.5625,3,7,0.4285714285714285,0.4285714285714285,6,6,12,9,0,0.3333333333333333,0.4285714285714285,1.0,0.3043478260869565,0.5030369565217392,0.5869565217391305,0.6346153846153846,4,2,0.125,0,0.0
"Beasley, Vanderbilt, Gabriel, Reaves, Schroder",LAL,4,11,-4,19,22,7,13,0.5384615384615384,2,5,0.4,0.4,2,8,6,6,0,0.5714285714285714,0.6666666666666666,1.0,0.2777777777777778,0.5031472222222222,0.5555555555555556,0.6111111111111112,2,0,0.0,0,0.0
"Brown Jr., Hachimura, Christie, Davis, Schroder",LAL,1,11,-3,24,28,10,20,0.5,2,4,0.5,0.5,2,16,4,6,0,0.8,0.8,1.0,0.1666666666666666,0.4402041666666667,0.5416666666666666,0.56,0,0,0.0,0,0.0
"Bryant, Gabriel, Nunn, Reaves, Westbrook",LAL,4,11,12,24,33,12,18,0.6666666666666666,1,4,0.25,0.25,6,16,8,3,0,0.6666666666666666,0.8,1.0,0.1818181818181818,0.52005,0.6136363636363636,0.6111111111111112,4,2,0.1111111111111111,0,0.0
"Bryant, Walker IV, Westbrook, Beverley, Schroder",LAL,4,11,-9,22,23,1,4,0.25,4,9,0.4444444444444444,0.4444444444444444,9,2,0,12,0,1.0,1.0,1.0,0.6923076923076923,0.5349346153846154,0.5384615384615384,0.6052631578947368,0,0,0.0,1,0.1111111111111111
"Brown Jr., Gabriel, Reaves, Christie, Westbrook",LAL,3,11,-11,23,19,5,9,0.5555555555555556,1,10,0.1,0.1,6,4,6,3,0,0.4,0.5,1.0,0.5263157894736842,0.5008447368421053,0.3421052631578947,0.4130434782608695,2,0,0.0,0,0.0
"Bryant, Toscano-Anderson, Reaves, Beverley, Schroder",LAL,1,11,-4,19,23,6,9,0.6666666666666666,3,7,0.4285714285714285,0.4285714285714285,2,2,10,6,3,0.1666666666666666,0.1666666666666666,0.6666666666666666,0.4375,0.5231875,0.65625,0.6764705882352942,0,1,0.1111111111111111,0,0.0
"Walker IV, Toscano-Anderson, Reaves, Westbrook, Davis",LAL,3,11,11,24,33,8,14,0.5714285714285714,4,8,0.5,0.5,5,12,4,9,3,0.75,0.8571428571428571,0.75,0.3636363636363636,0.5826,0.6363636363636364,0.6875,2,0,0.0,0,0.0
"Bryant, Brown Jr., Walker IV, Hachimura, Westbrook",LAL,5,10,-19,23,19,8,14,0.5714285714285714,1,4,0.25,0.3333333333333333,0,6,10,0,3,0.375,0.375,0.0,0.2222222222222222,0.4899676470588235,0.5277777777777778,0.5,0,2,0.1428571428571428,0,0.0
"Bryant, Nunn, Christie, Westbrook, James",LAL,5,10,-1,19,28,7,13,0.5384615384615384,3,5,0.6,0.6,5,8,6,6,3,0.5714285714285714,0.5714285714285714,0.6666666666666666,0.2777777777777778,0.4726250000000001,0.6388888888888888,0.6666666666666666,0,3,0.2307692307692307,0,0.0
"Brown Jr., Toscano-Anderson, Westbrook, Schroder, James",LAL,4,10,10,22,28,8,13,0.6153846153846154,2,7,0.2857142857142857,0.2857142857142857,6,6,10,6,0,0.375,0.375,1.0,0.35,0.56525,0.55,0.6086956521739131,0,2,0.1538461538461538,0,0.0
"Bryant, Brown Jr., Westbrook, Schroder, James",LAL,6,10,-12,22,17,3,10,0.3,3,12,0.25,0.25,2,0,6,3,6,0.0,0.0,0.3333333333333333,0.5454545454545454,0.5245409090909091,0.3409090909090909,0.3541666666666667,2,2,0.2,0,0.0
"Gabriel, Christie, Westbrook, Beverley, James",LAL,2,10,-9,19,16,4,12,0.3333333333333333,2,10,0.2,0.2,2,0,8,6,0,0.0,0.0,1.0,0.4545454545454545,0.537934090909091,0.3181818181818182,0.3478260869565217,4,3,0.25,0,0.0
"Bryant, Brown Jr., Reaves, Schroder, James",LAL,5,10,4,21,23,7,13,0.5384615384615384,2,6,0.3333333333333333,0.3333333333333333,3,4,10,6,0,0.2857142857142857,0.3333333333333333,1.0,0.3157894736842105,0.4905236842105263,0.5263157894736842,0.5476190476190477,2,2,0.1538461538461538,0,0.0
"Russell, Hachimura, Reaves, Davis, James",LAL,3,10,9,20,29,8,14,0.5714285714285714,3,9,0.3333333333333333,0.3333333333333333,4,2,14,3,6,0.125,0.1428571428571428,0.3333333333333333,0.391304347826087,0.5327630434782609,0.5434782608695652,0.58,2,0,0.0,0,0.0
"Brown Jr., Walker IV, Hachimura, Reaves, Davis",LAL,5,10,-5,25,20,3,7,0.4285714285714285,3,6,0.5,0.5,5,6,0,6,3,1.0,1.0,0.6666666666666666,0.4615384615384615,0.5081192307692308,0.5769230769230769,0.625,0,1,0.1428571428571428,0,0.0
"Walker IV, Gabriel, Nunn, Reaves, Westbrook",LAL,5,10,7,24,30,11,16,0.6875,1,5,0.2,0.2,5,2,20,3,0,0.0909090909090909,0.1,1.0,0.238095238095238,0.5226214285714286,0.5952380952380952,0.6818181818181818,2,0,0.0,0,0.0
"Russell, Beasley, Brown Jr., Vanderbilt, Gabriel",LAL,1,10,4,19,25,6,10,0.6,4,11,0.3636363636363636,0.3636363636363636,1,8,4,12,0,0.6666666666666666,0.6666666666666666,1.0,0.5238095238095238,0.4844071428571428,0.5714285714285714,0.5714285714285714,0,1,0.1,0,0.0
"Walker IV, Ryan, Reaves, Westbrook, Davis",LAL,3,10,9,21,34,5,8,0.625,6,9,0.6666666666666666,0.6666666666666666,6,6,4,15,3,0.6,0.6,0.8333333333333334,0.5294117647058824,0.565285294117647,0.8235294117647058,0.85,0,0,0.0,0,0.0
"Brown Jr., Gabriel, Toscano-Anderson, Reaves, Westbrook",LAL,4,9,0,21,22,3,7,0.4285714285714285,4,11,0.3636363636363636,0.3636363636363636,4,0,6,12,0,0.0,0.0,1.0,0.6111111111111112,0.5083416666666667,0.5,0.55,0,0,0.0,0,0.0
"Bryant, Toscano-Anderson, Christie, Westbrook, Schroder",LAL,3,9,-16,19,16,5,14,0.3571428571428571,1,3,0.3333333333333333,0.3333333333333333,3,4,6,3,0,0.4,0.6666666666666666,1.0,0.1764705882352941,0.4821794117647059,0.3823529411764705,0.4210526315789473,4,2,0.1428571428571428,0,0.0
"Brown Jr., Gabriel, Reaves, Westbrook, Beverley",LAL,4,9,-5,17,25,7,13,0.5384615384615384,1,1,1.0,1.0,8,8,6,3,0,0.5714285714285714,0.5714285714285714,1.0,0.0714285714285714,0.5307285714285714,0.6071428571428571,0.6578947368421053,0,1,0.0769230769230769,0,0.0
"Beasley, Brown Jr., Reaves, Davis, Schroder",LAL,3,9,15,22,38,5,7,0.7142857142857143,6,9,0.6666666666666666,0.6666666666666666,10,8,2,18,0,0.8,0.8,1.0,0.5625,0.501715625,0.875,0.9047619047619048,0,0,0.0,0,0.0
"Bryant, Gabriel, Nunn, Beverley, Schroder",LAL,3,9,-8,19,18,7,16,0.4375,1,4,0.25,0.25,1,8,6,3,0,0.5714285714285714,0.5714285714285714,1.0,0.2,0.5323625,0.425,0.45,0,3,0.1875,0,0.0
"Bryant, Christie, Beverley, Schroder, James",LAL,4,9,-8,19,18,4,9,0.4444444444444444,2,7,0.2857142857142857,0.2857142857142857,4,8,0,6,0,1.0,1.0,1.0,0.4375,0.5684875,0.4375,0.5,0,1,0.1111111111111111,0,0.0
"Bryant, Reaves, Westbrook, Beverley, Schroder",LAL,4,9,6,16,31,9,15,0.6,1,3,0.3333333333333333,0.3333333333333333,10,8,10,3,0,0.4444444444444444,0.5714285714285714,1.0,0.1666666666666666,0.5049777777777779,0.5833333333333334,0.7045454545454546,4,2,0.1333333333333333,0,0.0
"Beasley, Brown Jr., Hachimura, Gabriel, Reaves",LAL,4,9,7,21,26,5,11,0.4545454545454545,3,7,0.4285714285714285,0.4285714285714285,7,2,8,9,0,0.2,0.2,1.0,0.3888888888888889,0.4623972222222222,0.5277777777777778,0.5909090909090909,0,1,0.0909090909090909,0,0.0
"Jones, Bryant, Brown Jr., Nunn, Christie",LAL,1,9,11,22,30,8,12,0.6666666666666666,2,6,0.3333333333333333,0.3333333333333333,8,2,14,6,0,0.125,0.1428571428571428,1.0,0.3333333333333333,0.4941888888888889,0.6111111111111112,0.6818181818181818,2,0,0.0,0,0.0
"Jones, Brown Jr., Reaves, Beverley, James",LAL,2,9,-1,19,17,5,10,0.5,1,8,0.125,0.125,4,6,4,0,3,0.6,0.6,0.0,0.4444444444444444,0.5434611111111111,0.3611111111111111,0.4047619047619047,0,0,0.0,0,0.0
"Brown Jr., Gabriel, Nunn, Reaves, Davis",LAL,1,9,1,19,26,9,14,0.6428571428571429,1,2,0.5,0.5,5,6,12,3,0,0.3333333333333333,0.3333333333333333,1.0,0.125,0.493415625,0.65625,0.7222222222222222,0,0,0.0,0,0.0
"Jones, Brown Jr., Walker IV, Beverley, James",LAL,1,9,-6,18,15,2,5,0.4,3,8,0.375,0.375,2,2,2,9,0,0.5,0.5,1.0,0.6153846153846154,0.5476423076923077,0.5,0.5357142857142857,0,0,0.0,0,0.0
"Hachimura, Gabriel, Reaves, Schroder, James",LAL,2,9,6,19,22,9,14,0.6428571428571429,0,2,0.0,0.0,4,8,10,0,0,0.4444444444444444,0.5,0.0,0.125,0.554659375,0.5625,0.6470588235294118,2,0,0.0,0,0.0
"Gabriel, Ryan, Reaves, Beverley, James",LAL,2,9,0,18,20,6,6,1.0,2,8,0.25,0.25,2,10,2,6,0,0.8333333333333334,0.8333333333333334,1.0,0.5714285714285714,0.5636857142857143,0.6428571428571429,0.625,0,0,0.0,0,0.0
"Gabriel, Nunn, Toscano-Anderson, Westbrook, Schroder",LAL,5,9,-8,19,15,6,12,0.5,1,2,0.5,0.5,0,8,4,3,0,0.6666666666666666,0.6666666666666666,1.0,0.1428571428571428,0.4745214285714286,0.5357142857142857,0.5357142857142857,0,2,0.1666666666666666,0,0.0
"Beasley, Brown Jr., Davis, Schroder, James",LAL,5,9,-6,18,20,3,8,0.375,3,7,0.4285714285714285,0.5,5,4,2,9,0,0.6666666666666666,0.6666666666666666,1.0,0.4666666666666667,0.4671285714285714,0.5,0.5263157894736842,0,1,0.125,0,0.0
"Walker IV, Reaves, Westbrook, Schroder, James",LAL,3,9,-16,18,19,4,8,0.5,3,7,0.4285714285714285,0.4285714285714285,2,8,0,6,3,1.0,1.0,0.6666666666666666,0.4666666666666667,0.57282,0.5666666666666667,0.59375,0,1,0.125,0,0.0
"Bryant, Walker IV, Reaves, Westbrook, Schroder",LAL,2,8,-6,17,20,5,12,0.4166666666666667,1,6,0.1666666666666666,0.1666666666666666,7,2,8,3,0,0.2,0.25,1.0,0.3333333333333333,0.5290694444444445,0.3611111111111111,0.4523809523809524,2,1,0.0833333333333333,0,0.0
"Bryant, Brown Jr., Walker IV, Reaves, Westbrook",LAL,5,8,-10,20,19,3,7,0.4285714285714285,3,7,0.4285714285714285,0.4285714285714285,4,2,4,6,3,0.3333333333333333,0.3333333333333333,0.6666666666666666,0.5,0.5178214285714285,0.5357142857142857,0.5588235294117647,0,0,0.0,0,0.0
"Russell, Vanderbilt, Gabriel, Reaves, Schroder",LAL,2,8,16,18,28,5,13,0.3846153846153846,4,4,1.0,1.0,6,8,2,12,0,0.8,0.8,1.0,0.2352941176470588,0.5178029411764706,0.6470588235294118,0.7105263157894737,0,0,0.0,0,0.0
"Beasley, Walker IV, Hachimura, Gabriel, Reaves",LAL,1,8,-5,19,24,5,11,0.4545454545454545,3,9,0.3333333333333333,0.3333333333333333,5,2,8,9,0,0.2,0.25,1.0,0.45,0.480278947368421,0.475,0.5454545454545454,2,0,0.0,0,0.0
"Brown Jr., Gabriel, Nunn, Toscano-Anderson, Westbrook",LAL,1,8,-11,14,18,4,7,0.5714285714285714,2,8,0.25,0.25,4,2,6,6,0,0.25,0.25,1.0,0.5333333333333333,0.5240833333333333,0.4666666666666667,0.5294117647058824,0,0,0.0,0,0.0
"Brown Jr., Gabriel, Nunn, Schroder, James",LAL,3,8,-3,16,16,6,10,0.6,1,4,0.25,0.25,1,8,4,3,0,0.6666666666666666,0.6666666666666666,1.0,0.2857142857142857,0.5605464285714286,0.5357142857142857,0.5714285714285714,0,1,0.1,0,0.0
"Brown Jr., Walker IV, Westbrook, Davis, Schroder",LAL,3,8,-3,19,20,5,9,0.5555555555555556,1,4,0.25,0.25,7,8,2,3,0,0.8,0.8,1.0,0.3076923076923077,0.5179884615384616,0.5,0.5882352941176471,0,1,0.1111111111111111,0,0.0
"Bryant, Gabriel, Nunn, Christie, Westbrook",LAL,3,8,-1,19,20,6,10,0.6,2,6,0.3333333333333333,0.2,2,10,2,3,3,0.8333333333333334,0.8333333333333334,0.5,0.375,0.5314066666666667,0.5625,0.5882352941176471,0,0,0.0,0,0.0
"Bryant, Brown Jr., Gabriel, Nunn, Schroder",LAL,1,8,-4,18,19,3,4,0.75,2,6,0.3333333333333333,0.3333333333333333,7,4,2,6,0,0.6666666666666666,0.6666666666666666,1.0,0.6,0.5548,0.6,0.6428571428571429,0,0,0.0,0,0.0
"Brown Jr., Hachimura, Gabriel, Reaves, Schroder",LAL,5,8,-7,19,21,4,10,0.4,1,2,0.5,0.5,10,0,8,3,0,0.0,0.0,1.0,0.1666666666666666,0.4476208333333333,0.4583333333333333,0.6176470588235294,0,0,0.0,0,0.0
"Walker IV, Reaves, Westbrook, Davis, Schroder",LAL,3,8,-3,18,21,5,9,0.5555555555555556,2,6,0.3333333333333333,0.3333333333333333,5,6,4,6,0,0.6,0.6,1.0,0.4,0.58131,0.5333333333333333,0.5526315789473685,0,1,0.1111111111111111,0,0.0
"Gabriel, Reaves, Westbrook, Beverley, James",LAL,3,8,0,19,21,8,14,0.5714285714285714,1,4,0.25,0.25,2,8,8,3,0,0.5,0.5,1.0,0.2222222222222222,0.582275,0.5277777777777778,0.5833333333333334,0,1,0.0714285714285714,0,0.0
"Russell, Beasley, Hachimura, Davis, Schroder",LAL,6,8,-2,15,13,2,6,0.3333333333333333,3,6,0.5,0.5,0,4,0,9,0,1.0,1.0,1.0,0.5,0.47295,0.5416666666666666,0.5416666666666666,0,0,0.0,0,0.0
"Bamba, Brown Jr., Walker IV, Hachimura, Reaves",LAL,2,8,-4,18,15,4,11,0.3636363636363636,2,8,0.25,0.25,1,2,6,6,0,0.25,0.25,1.0,0.4210526315789473,0.4746947368421052,0.3684210526315789,0.3947368421052631,0,2,0.1818181818181818,0,0.0
"Bryant, Nunn, Westbrook, Schroder, James",LAL,3,8,9,19,24,7,13,0.5384615384615384,1,5,0.2,0.2,7,8,6,3,0,0.5714285714285714,0.8,1.0,0.2777777777777778,0.5544916666666667,0.4722222222222222,0.5714285714285714,4,3,0.2307692307692307,0,0.0
"Bryant, Walker IV, Westbrook, Schroder, James",LAL,5,8,-14,17,16,4,8,0.5,2,6,0.3333333333333333,0.3333333333333333,2,4,4,3,3,0.5,0.6666666666666666,0.5,0.4285714285714285,0.5219928571428571,0.5,0.5,2,1,0.125,0,0.0
"Beasley, Hachimura, Gabriel, Schroder, James",LAL,3,8,-14,17,12,3,9,0.3333333333333333,2,7,0.2857142857142857,0.2857142857142857,0,4,2,6,0,0.6666666666666666,0.6666666666666666,1.0,0.4375,0.48040625,0.375,0.375,0,1,0.1111111111111111,0,0.0
"Gabriel, Christie, Westbrook, Schroder, James",LAL,3,8,-3,16,16,6,12,0.5,0,2,0.0,0.0,4,4,8,0,0,0.3333333333333333,0.3333333333333333,0.0,0.1428571428571428,0.5503107142857143,0.4285714285714285,0.4444444444444444,0,2,0.1666666666666666,0,0.0
"Beasley, Brown Jr., Hachimura, Reaves, Davis",LAL,3,8,-2,14,23,6,7,0.8571428571428571,3,6,0.5,0.5,2,6,6,6,3,0.5,0.5,0.6666666666666666,0.4615384615384615,0.5281692307692307,0.8076923076923077,0.8214285714285714,0,0,0.0,0,0.0
"Bryant, Walker IV, Gabriel, Reaves, Westbrook",LAL,3,8,9,18,29,6,8,0.75,4,6,0.6666666666666666,0.6666666666666666,5,8,4,9,3,0.6666666666666666,0.8,0.75,0.4285714285714285,0.5453642857142857,0.8571428571428571,0.8529411764705882,2,0,0.0,0,0.0
"Brown Jr., Walker IV, Hachimura, Davis, Schroder",LAL,4,8,1,16,21,9,12,0.75,0,1,0.0,0.0,3,10,8,0,0,0.5555555555555556,0.625,0.0,0.0769230769230769,0.4893192307692308,0.6923076923076923,0.75,2,0,0.0,0,0.0
"Bryant, Reaves, Christie, Schroder, James",LAL,2,8,10,13,21,7,10,0.7,2,4,0.5,0.5,1,4,10,6,0,0.2857142857142857,0.3333333333333333,1.0,0.2857142857142857,0.4907642857142857,0.7142857142857143,0.75,2,1,0.1,0,0.0
"Walker IV, Toscano-Anderson, Reaves, Beverley, James",LAL,2,7,7,13,16,7,8,0.875,0,6,0.0,0.0,2,8,6,0,0,0.5714285714285714,0.5714285714285714,0.0,0.4285714285714285,0.4842499999999999,0.5,0.5333333333333333,0,1,0.125,0,0.0
"Beasley, Hachimura, Reaves, Davis, Schroder",LAL,5,7,1,16,20,4,7,0.5714285714285714,0,1,0.0,0.0,12,4,4,0,0,0.5,0.5,0.0,0.125,0.4691875,0.5,0.6666666666666666,0,1,0.1428571428571428,0,0.0
"Walker IV, Gabriel, Westbrook, Beverley, James",LAL,3,7,8,14,25,4,6,0.6666666666666666,5,6,0.8333333333333334,0.8333333333333334,2,2,6,15,0,0.25,0.25,1.0,0.5,0.5131249999999999,0.9583333333333334,0.9615384615384616,0,0,0.0,0,0.0
"Walker IV, Toscano-Anderson, Westbrook, Davis, James",LAL,2,7,-3,13,15,7,12,0.5833333333333334,0,4,0.0,0.0,1,4,10,0,0,0.2857142857142857,0.3333333333333333,0.0,0.25,0.53593125,0.4375,0.4411764705882353,2,0,0.0,0,0.0
"Russell, Brown Jr., Reaves, Davis, James",LAL,3,7,0,16,18,0,6,0.0,4,6,0.6666666666666666,0.6666666666666666,6,0,0,12,0,0.0,0.0,1.0,0.5,0.5209583333333333,0.5,0.5625,0,0,0.0,0,0.0
"Beasley, Vanderbilt, Walker IV, Gabriel, Schroder",LAL,3,7,-13,17,12,5,11,0.4545454545454545,0,7,0.0,0.0,2,0,10,0,0,0.0,0.0,0.0,0.3888888888888889,0.5132,0.2777777777777778,0.3157894736842105,4,2,0.1818181818181818,0,0.0
"Beasley, Brown Jr., Hachimura, Reaves, James",LAL,3,7,-3,15,17,5,6,0.8333333333333334,2,5,0.4,0.4,1,4,6,6,0,0.4,0.4,1.0,0.4545454545454545,0.6107954545454546,0.7272727272727273,0.7727272727272727,0,0,0.0,0,0.0
"Gabriel, Nunn, Westbrook, Schroder, James",LAL,4,7,6,12,22,8,10,0.8,2,3,0.6666666666666666,0.6666666666666666,0,10,6,6,0,0.625,0.625,1.0,0.2307692307692307,0.551926923076923,0.8461538461538461,0.8461538461538461,0,1,0.1,0,0.0
"Walker IV, Gabriel, Ryan, Reaves, James",LAL,1,7,0,14,22,7,10,0.7,2,3,0.6666666666666666,0.6666666666666666,2,6,8,6,0,0.4285714285714285,0.6,1.0,0.2307692307692307,0.5123346153846154,0.7692307692307693,0.7857142857142857,4,0,0.0,0,0.0
"Beasley, Vanderbilt, Hachimura, Davis, Schroder",LAL,4,7,-2,15,13,4,9,0.4444444444444444,0,2,0.0,0.0,5,2,6,0,0,0.25,0.25,0.0,0.1818181818181818,0.4692318181818182,0.3636363636363636,0.4642857142857143,0,0,0.0,0,0.0
"Brown Jr., Nunn, Toscano-Anderson, Reaves, Davis",LAL,2,7,-3,15,9,3,7,0.4285714285714285,1,6,0.1666666666666666,0.1666666666666666,0,6,0,3,0,1.0,1.0,1.0,0.4615384615384615,0.5032576923076924,0.3461538461538461,0.3461538461538461,0,0,0.0,0,0.0
"Reed, Bamba, Walker IV, Hachimura, Gabriel",LAL,1,7,-15,14,14,3,5,0.6,2,3,0.6666666666666666,0.6666666666666666,2,4,2,3,3,0.6666666666666666,0.6666666666666666,0.5,0.375,0.49095625,0.75,0.6363636363636364,0,0,0.0,0,0.0
"Jones, Brown Jr., Walker IV, Christie, Westbrook",LAL,1,7,-6,16,15,3,8,0.375,3,6,0.5,0.5,0,4,2,9,0,0.6666666666666666,0.6666666666666666,1.0,0.4285714285714285,0.48725,0.5357142857142857,0.5357142857142857,0,1,0.125,0,0.0
"Brown Jr., Walker IV, Reaves, Christie, Davis",LAL,1,7,12,13,20,6,13,0.4615384615384615,2,2,1.0,1.0,2,0,12,6,0,0.0,0.0,1.0,0.1333333333333333,0.4987466666666666,0.6,0.625,4,1,0.0769230769230769,0,0.0
"Brown Jr., Walker IV, Gabriel, Reaves, Davis",LAL,1,7,2,11,11,4,9,0.4444444444444444,1,2,0.5,0.5,0,2,6,3,0,0.25,0.25,1.0,0.1818181818181818,0.4202863636363636,0.5,0.5,0,2,0.2222222222222222,0,0.0
"Gabriel, Nunn, Toscano-Anderson, Ryan, Christie",LAL,2,7,0,16,13,2,6,0.3333333333333333,3,6,0.5,0.5,0,2,2,9,0,0.5,0.5,1.0,0.5,0.5320166666666667,0.5416666666666666,0.5416666666666666,0,1,0.1666666666666666,0,0.0
"Gabriel, Westbrook, Beverley, Schroder, James",LAL,3,7,12,15,26,8,10,0.8,2,3,0.6666666666666666,0.6666666666666666,4,8,8,3,3,0.5,0.5,0.5,0.2307692307692307,0.5520461538461539,0.8461538461538461,0.9285714285714286,0,0,0.0,0,0.0
"Brown Jr., Hachimura, Westbrook, Davis, Schroder",LAL,3,7,-3,14,20,5,12,0.4166666666666667,3,3,1.0,1.0,1,6,4,6,3,0.6,0.75,0.6666666666666666,0.2,0.5699833333333333,0.6333333333333333,0.6666666666666666,2,0,0.0,0,0.0
"Beasley, Reed, Walker IV, Gabriel, Christie",LAL,1,7,14,15,26,2,4,0.5,5,8,0.625,0.625,7,2,2,9,6,0.5,1.0,0.6,0.6666666666666666,0.5491875,0.7916666666666666,0.8125,2,1,0.25,0,0.0
"Bryant, Brown Jr., Gabriel, Reaves, Westbrook",LAL,3,7,-3,13,17,7,10,0.7,1,4,0.25,0.25,0,6,8,3,0,0.4285714285714285,0.4285714285714285,1.0,0.2857142857142857,0.4871607142857143,0.6071428571428571,0.6071428571428571,0,0,0.0,0,0.0
"Reaves, Westbrook, Beverley, Schroder, James",LAL,2,7,-4,15,23,6,7,0.8571428571428571,2,6,0.3333333333333333,0.3333333333333333,5,8,4,6,0,0.6666666666666666,0.6666666666666666,1.0,0.4615384615384615,0.604326923076923,0.6923076923076923,0.7666666666666667,0,0,0.0,0,0.0
"Russell, Vanderbilt, Davis, Schroder, James",LAL,2,7,-11,14,14,5,8,0.625,0,4,0.0,0.0,4,8,2,0,0,0.8,0.8,0.0,0.3333333333333333,0.5204208333333333,0.4166666666666667,0.5,0,0,0.0,0,0.0
"Bryant, Brown Jr., Christie, Westbrook, James",LAL,2,7,0,13,17,4,4,1.0,3,8,0.375,0.375,0,2,6,9,0,0.25,0.3333333333333333,1.0,0.6666666666666666,0.5505833333333333,0.7083333333333334,0.7083333333333334,2,0,0.0,0,0.0
"Bamba, Walker IV, Hachimura, Reaves, James",LAL,2,7,-3,13,14,4,9,0.4444444444444444,2,5,0.4,0.4,0,4,4,6,0,0.5,0.6666666666666666,1.0,0.3571428571428571,0.5848964285714285,0.5,0.5,2,3,0.3333333333333333,0,0.0
"Brown Jr., Gabriel, Reaves, Davis, Schroder",LAL,2,7,12,13,19,4,7,0.5714285714285714,2,5,0.4,0.4,5,8,0,6,0,1.0,1.0,1.0,0.4166666666666667,0.5415041666666667,0.5833333333333334,0.6785714285714286,0,0,0.0,0,0.0
"Brown Jr., Walker IV, Hachimura, Westbrook, Davis",LAL,1,7,-4,15,14,6,12,0.5,0,2,0.0,0.0,2,6,6,0,0,0.5,0.6,0.0,0.1428571428571428,0.5284571428571428,0.4285714285714285,0.4666666666666667,2,1,0.0833333333333333,0,0.0
"Brown Jr., Hachimura, Christie, Westbrook, Davis",LAL,1,6,-1,14,11,3,11,0.2727272727272727,0,4,0.0,0.0,5,2,4,0,0,0.3333333333333333,0.3333333333333333,0.0,0.2666666666666666,0.4574433333333333,0.2,0.2894736842105263,0,1,0.0909090909090909,0,0.0
"Jones, Brown Jr., Walker IV, Nunn, Christie",LAL,2,6,6,12,18,4,9,0.4444444444444444,1,1,1.0,1.0,7,0,8,0,3,0.0,0.0,0.0,0.1,0.42027,0.55,0.6428571428571429,0,0,0.0,0,0.0
"Jones, Toscano-Anderson, Ryan, Pippen Jr., Christie",LAL,1,6,0,15,10,2,9,0.2222222222222222,0,1,0.0,0.0,6,2,2,0,0,0.5,1.0,0.0,0.1,0.47434,0.2,0.3571428571428571,2,3,0.3333333333333333,0,0.0
"Walker IV, Nunn, Westbrook, Davis, James",LAL,1,6,-11,15,12,2,8,0.25,2,6,0.3333333333333333,0.3333333333333333,2,4,0,6,0,1.0,1.0,1.0,0.4285714285714285,0.5553928571428571,0.3571428571428571,0.4,0,1,0.125,0,0.0
"Brown Jr., Walker IV, Gabriel, Beverley, Davis",LAL,1,6,2,13,14,7,11,0.6363636363636364,0,2,0.0,0.0,0,6,8,0,0,0.4285714285714285,0.4285714285714285,0.0,0.1538461538461538,0.4805076923076923,0.5384615384615384,0.5384615384615384,0,0,0.0,0,0.0
"Brown Jr., Nunn, Westbrook, Schroder, James",LAL,4,6,-5,16,14,3,6,0.5,1,9,0.1111111111111111,0.1111111111111111,5,2,4,3,0,0.3333333333333333,1.0,1.0,0.6,0.4929366666666667,0.3,0.3888888888888889,4,1,0.1666666666666666,0,0.0
"Bamba, Brown Jr., Hachimura, Reaves, Schroder",LAL,3,6,-12,13,9,0,0,0.0,2,7,0.2857142857142857,0.2857142857142857,3,0,0,6,0,0.0,0.0,1.0,1.0,0.5481857142857143,0.4285714285714285,0.5,0,0,0.0,0,0.0
"Bryant, Walker IV, Christie, Beverley, Schroder",LAL,2,6,-5,13,16,3,10,0.3,2,4,0.5,0.5,4,2,4,6,0,0.3333333333333333,0.3333333333333333,1.0,0.2857142857142857,0.4812821428571428,0.4285714285714285,0.4705882352941176,0,1,0.1,0,0.0
"Beasley, Brown Jr., Reaves, Davis, James",LAL,3,6,5,10,16,4,7,0.5714285714285714,2,3,0.6666666666666666,0.6666666666666666,2,4,4,6,0,0.5,0.5,1.0,0.3,0.5166649999999999,0.7,0.6666666666666666,0,1,0.1428571428571428,0,0.0
"Bryant, Toscano-Anderson, Westbrook, Schroder, James",LAL,3,6,0,12,19,8,9,0.8888888888888888,0,2,0.0,0.0,3,8,8,0,0,0.5,0.5714285714285714,0.0,0.1818181818181818,0.5771681818181817,0.7272727272727273,0.7307692307692307,2,1,0.1111111111111111,0,0.0
"Brown Jr., Gabriel, Beverley, Schroder, James",LAL,4,6,-17,12,7,0,4,0.0,1,7,0.1428571428571428,0.1428571428571428,4,0,0,3,0,0.0,0.0,1.0,0.6363636363636364,0.4957863636363636,0.1363636363636363,0.2692307692307692,0,2,0.5,0,0.0
"Bryant, Brown Jr., Reaves, Westbrook, Schroder",LAL,3,6,-4,12,7,2,6,0.3333333333333333,0,3,0.0,0.0,3,2,2,0,0,0.5,0.5,0.0,0.3333333333333333,0.4691499999999999,0.2222222222222222,0.35,0,1,0.1666666666666666,0,0.0
"Russell, Beasley, Brown Jr., Davis, James",LAL,3,6,1,12,15,6,8,0.75,1,4,0.25,0.25,0,10,2,3,0,0.8333333333333334,1.0,1.0,0.3333333333333333,0.565025,0.625,0.625,2,1,0.125,1,0.25
"Bryant, Walker IV, Hachimura, Westbrook, Beverley",LAL,2,6,3,12,16,4,8,0.5,1,3,0.3333333333333333,0.3333333333333333,5,2,6,3,0,0.25,0.3333333333333333,1.0,0.2727272727272727,0.5100363636363636,0.5,0.5,2,2,0.25,0,0.0
"Bryant, Walker IV, Toscano-Anderson, Reaves, Schroder",LAL,1,6,-9,11,5,2,5,0.4,0,3,0.0,0.0,1,0,4,0,0,0.0,0.0,0.0,0.375,0.440725,0.25,0.2777777777777778,0,1,0.2,0,0.0
"Brown, Gabriel, Nunn, Swider, Westbrook",LAL,1,6,0,14,17,4,7,0.5714285714285714,3,8,0.375,0.375,0,2,6,9,0,0.25,0.5,1.0,0.5333333333333333,0.52823,0.5666666666666667,0.5666666666666667,4,0,0.0,0,0.0
"Bryant, Hachimura, Beverley, Schroder, James",LAL,2,6,7,11,14,3,3,1.0,2,7,0.2857142857142857,0.2857142857142857,2,2,4,6,0,0.3333333333333333,0.3333333333333333,1.0,0.7,0.49793,0.6,0.6363636363636364,0,0,0.0,0,0.0
"Walker IV, Hachimura, Gabriel, Reaves, Christie",LAL,1,6,-9,11,12,4,9,0.4444444444444444,0,2,0.0,0.0,4,4,4,0,0,0.5,0.5,0.0,0.1818181818181818,0.5241454545454546,0.3636363636363636,0.4615384615384615,0,0,0.0,0,0.0
"Jones, Brown Jr., Walker IV, Nunn, Westbrook",LAL,1,6,-9,14,15,4,6,0.6666666666666666,1,4,0.25,0.3333333333333333,4,6,2,3,0,0.75,0.75,1.0,0.4,0.5461166666666667,0.55,0.625,0,0,0.0,0,0.0
"Brown Jr., Hachimura, Westbrook, Davis, James",LAL,1,6,-5,11,7,0,5,0.0,1,4,0.25,0.25,4,0,0,0,3,0.0,0.0,0.0,0.4444444444444444,0.522,0.1666666666666666,0.2916666666666667,0,1,0.2,0,0.0
"Brown Jr., Nunn, Westbrook, Davis, Schroder",LAL,2,6,3,12,13,5,7,0.7142857142857143,1,4,0.25,0.25,0,4,6,3,0,0.4,0.4,1.0,0.3636363636363636,0.4892954545454545,0.5909090909090909,0.5909090909090909,0,1,0.1428571428571428,0,0.0
"Walker IV, Ryan, Beverley, Davis, James",LAL,2,6,-2,12,11,4,9,0.4444444444444444,1,4,0.25,0.25,0,6,2,3,0,0.75,1.0,1.0,0.3076923076923077,0.5583423076923076,0.4230769230769231,0.4230769230769231,2,2,0.2222222222222222,0,0.0
"Beasley, Vanderbilt, Hachimura, Reaves, Schroder",LAL,3,6,-9,13,12,2,5,0.4,2,6,0.3333333333333333,0.3333333333333333,2,2,2,3,3,0.5,0.5,0.5,0.5454545454545454,0.54155,0.4545454545454545,0.5,0,0,0.0,0,0.0
"Jones, Nunn, Ryan, Beverley, James",LAL,1,6,0,11,13,2,4,0.5,3,7,0.4285714285714285,0.4285714285714285,0,4,0,9,0,1.0,1.0,1.0,0.6363636363636364,0.5160318181818182,0.5909090909090909,0.5909090909090909,0,1,0.25,1,0.1428571428571428
"Walker IV, Nunn, Reaves, Westbrook, Davis",LAL,4,6,-1,15,11,4,9,0.4444444444444444,1,4,0.25,0.25,0,8,0,0,3,1.0,1.0,0.0,0.3076923076923077,0.5400961538461538,0.4230769230769231,0.4230769230769231,0,2,0.2222222222222222,0,0.0
"Vanderbilt, Hachimura, Gabriel, Reaves, Schroder",LAL,3,6,-5,12,8,2,5,0.4,0,1,0.0,0.0,4,2,2,0,0,0.5,0.5,0.0,0.1666666666666666,0.5195333333333333,0.3333333333333333,0.5,0,1,0.2,0,0.0
"Hachimura, Reaves, Davis, Schroder, James",LAL,4,5,14,13,17,7,9,0.7777777777777778,1,3,0.3333333333333333,0.3333333333333333,0,12,2,3,0,0.8571428571428571,0.8571428571428571,1.0,0.25,0.5520791666666667,0.7083333333333334,0.7083333333333334,0,0,0.0,0,0.0
"Bryant, Toscano-Anderson, Christie, Beverley, Schroder",LAL,1,5,0,10,9,3,4,0.75,1,5,0.2,0.2,0,2,4,3,0,0.3333333333333333,0.3333333333333333,1.0,0.5555555555555556,0.5069722222222223,0.5,0.5,0,0,0.0,0,0.0
"Jones, Brown Jr., Westbrook, Beverley, James",LAL,1,5,-2,10,8,4,8,0.5,0,3,0.0,0.0,0,2,6,0,0,0.25,0.25,0.0,0.2727272727272727,0.52515,0.3636363636363636,0.3636363636363636,0,1,0.125,0,0.0
"Bryant, Walker IV, Westbrook, Beverley, James",LAL,2,5,-5,12,13,5,6,0.8333333333333334,1,3,0.3333333333333333,0.3333333333333333,0,8,2,3,0,0.8,0.8,1.0,0.3333333333333333,0.5381611111111111,0.7222222222222222,0.7222222222222222,0,0,0.0,0,0.0
"Russell, Beasley, Vanderbilt, Reaves, Davis",LAL,5,5,-9,11,4,2,7,0.2857142857142857,0,7,0.0,0.0,0,0,4,0,0,0.0,0.0,0.0,0.5,0.496475,0.1428571428571428,0.1428571428571428,0,1,0.1428571428571428,1,0.1428571428571428
"Brown Jr., Hachimura, Westbrook, Beverley, Schroder",LAL,1,5,0,9,12,2,5,0.4,2,4,0.5,0.5,2,4,0,6,0,1.0,1.0,1.0,0.4444444444444444,0.5507,0.5555555555555556,0.5,0,0,0.0,0,0.0
"Brown Jr., Gabriel, Reaves, Schroder, James",LAL,1,5,-8,11,6,0,6,0.0,0,3,0.0,0.0,6,0,0,0,0,0.0,0.0,0.0,0.3333333333333333,0.4452888888888889,0.0,0.25,0,2,0.3333333333333333,0,0.0
"Bryant, Reaves, Westbrook, Beverley, James",LAL,3,5,-4,11,11,3,5,0.6,1,4,0.25,0.25,2,4,2,3,0,0.6666666666666666,0.6666666666666666,1.0,0.4444444444444444,0.5445388888888889,0.5,0.55,0,0,0.0,0,0.0
"Vanderbilt, Hachimura, Reaves, Davis, Schroder",LAL,4,5,6,10,19,5,7,0.7142857142857143,2,4,0.5,0.5,3,2,8,6,0,0.2,0.25,1.0,0.3636363636363636,0.5812272727272728,0.7272727272727273,0.7916666666666666,2,0,0.0,0,0.0
"Bryant, Reaves, Christie, Westbrook, James",LAL,2,5,2,10,15,6,7,0.8571428571428571,1,4,0.25,0.25,0,8,4,3,0,0.6666666666666666,0.6666666666666666,1.0,0.3636363636363636,0.5788636363636364,0.6818181818181818,0.6818181818181818,0,1,0.1428571428571428,0,0.0
"Brown Jr., Walker IV, Ryan, Davis, James",LAL,2,5,-8,9,9,3,7,0.4285714285714285,1,3,0.3333333333333333,0.3333333333333333,0,4,2,0,3,0.6666666666666666,0.6666666666666666,0.0,0.3,0.506705,0.45,0.45,0,0,0.0,0,0.0
"Jones, Toscano-Anderson, Pippen Jr., Christie, Swider",LAL,1,5,0,9,12,4,6,0.6666666666666666,1,3,0.3333333333333333,0.3333333333333333,1,2,6,0,3,0.25,0.25,0.0,0.3333333333333333,0.4752388888888889,0.6111111111111112,0.6,0,1,0.1666666666666666,0,0.0
"Bryant, Hachimura, Christie, Schroder, James",LAL,1,5,14,12,19,5,6,0.8333333333333334,3,4,0.75,0.75,0,6,4,9,0,0.6,0.6,1.0,0.4,0.56001,0.95,0.95,0,0,0.0,0,0.0
"Brown Jr., Walker IV, Hachimura, Gabriel, Schroder",LAL,3,5,-7,10,11,2,7,0.2857142857142857,2,4,0.5,0.5,1,4,0,6,0,1.0,1.0,1.0,0.3636363636363636,0.4923681818181818,0.4545454545454545,0.4583333333333333,0,0,0.0,0,0.0
"Jones, Walker IV, Reaves, Westbrook, Schroder",LAL,2,5,-2,11,10,2,6,0.3333333333333333,1,2,0.5,0.5,3,2,2,0,3,0.5,0.5,0.0,0.25,0.5006875,0.4375,0.5555555555555556,0,1,0.1666666666666666,1,0.5
"Brown Jr., Walker IV, Gabriel, Reaves, Schroder",LAL,1,5,-3,10,10,3,4,0.75,0,2,0.0,0.0,4,0,6,0,0,0.0,0.0,0.0,0.3333333333333333,0.4477833333333333,0.5,0.5555555555555556,0,0,0.0,0,0.0
"Vanderbilt, Walker IV, Reaves, Davis, Schroder",LAL,1,5,2,9,11,3,9,0.3333333333333333,1,1,1.0,1.0,2,4,2,3,0,0.6666666666666666,0.6666666666666666,1.0,0.1,0.4678049999999999,0.45,0.4230769230769231,0,0,0.0,0,0.0
"Bryant, Brown Jr., Reaves, Westbrook, Beverley",LAL,2,5,-3,10,14,3,4,0.75,2,2,1.0,1.0,2,4,2,3,3,0.6666666666666666,0.6666666666666666,0.5,0.3333333333333333,0.5724083333333333,1.0,1.0,0,1,0.25,0,0.0
"Brown Jr., Gabriel, Reaves, Westbrook, Davis",LAL,3,5,9,9,19,6,6,1.0,2,2,1.0,1.0,1,10,2,6,0,0.8333333333333334,0.8333333333333334,1.0,0.25,0.52354375,1.125,1.1875,0,0,0.0,0,0.0
"Gabriel, Reaves, Beverley, Schroder, James",LAL,3,5,0,10,13,3,4,0.75,2,5,0.4,0.4,1,2,4,3,3,0.3333333333333333,0.3333333333333333,0.5,0.5555555555555556,0.5542944444444444,0.6666666666666666,0.7222222222222222,0,0,0.0,0,0.0
"Beasley, Walker IV, Hachimura, Davis, Schroder",LAL,2,5,-2,10,7,2,7,0.2857142857142857,0,1,0.0,0.0,3,4,0,0,0,1.0,1.0,0.0,0.125,0.469,0.25,0.35,0,1,0.1428571428571428,0,0.0
"Brown Jr., Gabriel, Nunn, Westbrook, Schroder",LAL,3,5,11,10,16,3,7,0.4285714285714285,3,4,0.75,0.75,1,2,4,6,3,0.3333333333333333,0.3333333333333333,0.6666666666666666,0.3636363636363636,0.4766363636363637,0.6818181818181818,0.7272727272727273,0,0,0.0,0,0.0
"Walker IV, Reaves, Westbrook, Beverley, James",LAL,4,5,-5,10,10,3,5,0.6,1,2,0.5,0.5,1,2,4,0,3,0.3333333333333333,0.3333333333333333,0.0,0.2857142857142857,0.4965,0.6428571428571429,0.625,0,1,0.2,0,0.0
"Beasley, Reaves, Davis, Schroder, James",LAL,3,5,5,13,16,3,3,1.0,2,5,0.4,0.4,4,2,4,6,0,0.3333333333333333,0.3333333333333333,1.0,0.625,0.543825,0.75,0.8,0,0,0.0,0,0.0
"Walker IV, Gabriel, Reaves, Westbrook, Davis",LAL,3,5,-3,9,15,6,9,0.6666666666666666,0,0,0.0,0.0,3,6,6,0,0,0.5,0.6,0.0,0.0,0.4233222222222222,0.6666666666666666,0.6818181818181818,2,1,0.1111111111111111,0,0.0
"Brown Jr., Walker IV, Gabriel, Westbrook, Schroder",LAL,2,5,4,10,16,6,6,1.0,1,4,0.25,0.25,1,6,6,0,3,0.5,0.5,0.0,0.4,0.53216,0.75,0.7272727272727273,0,0,0.0,0,0.0
"Beasley, Hachimura, Reaves, Davis, James",LAL,3,5,-8,9,7,1,3,0.3333333333333333,1,4,0.25,0.25,2,2,0,0,3,1.0,1.0,0.0,0.5714285714285714,0.5430428571428572,0.3571428571428571,0.3333333333333333,0,0,0.0,0,0.0
"Bryant, Nunn, Toscano-Anderson, Christie, Schroder",LAL,1,5,5,10,12,3,8,0.375,1,3,0.3333333333333333,0.3333333333333333,3,4,2,3,0,0.6666666666666666,0.6666666666666666,1.0,0.2727272727272727,0.4960863636363636,0.4090909090909091,0.4583333333333333,0,3,0.375,0,0.0
"Walker IV, Gabriel, Reaves, Westbrook, Beverley",LAL,4,5,0,10,6,3,7,0.4285714285714285,0,2,0.0,0.0,0,2,4,0,0,0.3333333333333333,0.3333333333333333,0.0,0.2222222222222222,0.4562777777777777,0.3333333333333333,0.3333333333333333,0,1,0.1428571428571428,0,0.0
"Bryant, Walker IV, Hachimura, Beverley, James",LAL,1,5,8,9,11,5,6,0.8333333333333334,0,3,0.0,0.0,1,10,0,0,0,1.0,1.0,0.0,0.3333333333333333,0.5748222222222222,0.5555555555555556,0.55,0,0,0.0,0,0.0
"Vanderbilt, Walker IV, Hachimura, Reaves, Davis",LAL,2,5,1,9,13,5,8,0.625,1,3,0.3333333333333333,0.3333333333333333,0,2,8,3,0,0.2,0.2,1.0,0.2727272727272727,0.4910954545454545,0.5909090909090909,0.5909090909090909,0,0,0.0,0,0.0
"Nunn, Reaves, Christie, Westbrook, Davis",LAL,2,5,-5,10,8,1,7,0.1428571428571428,1,4,0.25,0.25,3,0,2,3,0,0.0,0.0,1.0,0.3636363636363636,0.4691636363636364,0.2272727272727272,0.2916666666666667,0,1,0.1428571428571428,0,0.0
"Russell, Beasley, Brown Jr., Hachimura, Gabriel",LAL,2,5,-5,10,11,5,6,0.8333333333333334,0,3,0.0,0.0,1,8,2,0,0,0.8,0.8,0.0,0.3333333333333333,0.5055111111111111,0.5555555555555556,0.55,0,0,0.0,0,0.0
"Hachimura, Westbrook, Beverley, Davis, Schroder",LAL,1,5,-7,11,10,3,6,0.5,1,4,0.25,0.25,1,0,6,3,0,0.0,0.0,1.0,0.4,0.586675,0.45,0.4545454545454545,2,0,0.0,0,0.0
"Russell, Beasley, Brown Jr., Vanderbilt, Hachimura",LAL,1,5,-8,9,9,1,2,0.5,2,4,0.5,0.5,1,0,2,3,3,0.0,0.0,0.5,0.6666666666666666,0.5305833333333333,0.6666666666666666,0.6428571428571429,0,0,0.0,0,0.0
"Beasley, Bamba, Hachimura, Schroder, James",LAL,2,5,7,11,11,4,6,0.6666666666666666,1,3,0.3333333333333333,0.3333333333333333,0,6,2,3,0,0.75,0.75,1.0,0.3333333333333333,0.6004666666666667,0.6111111111111112,0.6111111111111112,0,0,0.0,1,0.3333333333333333
"Gabriel, Toscano-Anderson, Ryan, Reaves, Westbrook",LAL,1,4,-5,8,4,1,1,1.0,0,3,0.0,0.0,2,2,0,0,0,1.0,1.0,0.0,0.75,0.47905,0.25,0.4,0,0,0.0,0,0.0
"Beasley, Brown Jr., Hachimura, Gabriel, Schroder",LAL,3,4,3,11,13,6,8,0.75,0,0,0.0,0.0,1,4,8,0,0,0.3333333333333333,0.3333333333333333,0.0,0.0,0.5188125,0.75,0.8125,0,0,0.0,0,0.0
"Brown Jr., Ryan, Reaves, Westbrook, Davis",LAL,3,4,-4,12,8,3,4,0.75,0,2,0.0,0.0,2,2,4,0,0,0.3333333333333333,0.3333333333333333,0.0,0.3333333333333333,0.5767916666666667,0.5,0.5714285714285714,0,0,0.0,0,0.0
"Russell, Beasley, Vanderbilt, Hachimura, Schroder",LAL,1,4,-4,8,4,2,4,0.5,0,5,0.0,0.0,0,4,0,0,0,1.0,1.0,0.0,0.5555555555555556,0.5523166666666667,0.2222222222222222,0.2222222222222222,0,0,0.0,0,0.0
"Bryant, Brown Jr., Walker IV, Westbrook, James",LAL,1,4,7,11,17,6,7,0.8571428571428571,1,3,0.3333333333333333,0.3333333333333333,2,6,6,3,0,0.5,0.5,1.0,0.3,0.51825,0.75,0.85,0,0,0.0,0,0.0
"Jones, Bryant, Nunn, Ryan, Schroder",LAL,1,4,1,10,5,1,1,1.0,0,4,0.0,0.0,3,0,2,0,0,0.0,0.0,0.0,0.8,0.4987199999999999,0.2,0.3571428571428571,0,0,0.0,0,0.0
"Bryant, Christie, Swider, Westbrook, Schroder",LAL,1,4,0,9,14,5,6,0.8333333333333334,1,3,0.3333333333333333,0.3333333333333333,1,2,8,3,0,0.2,0.2,1.0,0.3333333333333333,0.5021722222222222,0.7222222222222222,0.7777777777777778,0,0,0.0,0,0.0
"Jones, Brown Jr., Reaves, Westbrook, James",LAL,3,4,-6,11,10,3,8,0.375,0,3,0.0,0.0,4,0,6,0,0,0.0,0.0,0.0,0.2727272727272727,0.5241136363636364,0.2727272727272727,0.3846153846153846,0,1,0.125,0,0.0
"Bryant, Gabriel, Nunn, Westbrook, Schroder",LAL,3,4,2,9,12,4,8,0.5,0,0,0.0,0.0,4,2,6,0,0,0.25,0.25,0.0,0.0,0.5013625,0.5,0.5454545454545454,0,2,0.25,0,0.0
"Gabriel, Ryan, Reaves, Christie, Westbrook",LAL,1,4,5,9,12,3,7,0.4285714285714285,2,3,0.6666666666666666,0.6666666666666666,0,4,2,6,0,0.6666666666666666,0.6666666666666666,1.0,0.3,0.518065,0.6,0.6,0,0,0.0,0,0.0
"Walker IV, Reaves, Beverley, Schroder, James",LAL,2,4,1,7,15,4,5,0.8,2,2,1.0,1.0,1,6,2,6,0,0.75,0.75,1.0,0.2857142857142857,0.4621642857142857,1.0,1.0714285714285714,0,0,0.0,0,0.0
"Jones, Brown Jr., Gabriel, Nunn, Christie",LAL,2,4,9,10,13,3,8,0.375,1,2,0.5,0.5,4,2,4,0,3,0.3333333333333333,0.5,0.0,0.2,0.508605,0.45,0.5416666666666666,2,1,0.125,0,0.0
"Brown Jr., Reaves, Westbrook, Schroder, James",LAL,2,4,12,9,17,5,5,1.0,2,4,0.5,0.5,1,4,6,6,0,0.4,0.4,1.0,0.4444444444444444,0.4970055555555555,0.8888888888888888,0.8888888888888888,0,0,0.0,0,0.0
"Brown Jr., Walker IV, Reaves, Davis, James",LAL,4,4,2,9,11,4,5,0.8,1,2,0.5,0.5,0,4,4,3,0,0.5,0.5,1.0,0.2857142857142857,0.5271357142857143,0.7857142857142857,0.7857142857142857,0,1,0.2,0,0.0
"Beasley, Brown Jr., Gabriel, Davis, Schroder",LAL,2,4,8,9,9,2,4,0.5,1,3,0.3333333333333333,0.3333333333333333,2,2,2,0,3,0.5,0.5,0.0,0.4285714285714285,0.5790285714285714,0.5,0.5625,0,0,0.0,0,0.0
"Nunn, Toscano-Anderson, Westbrook, Schroder, James",LAL,3,4,5,8,16,3,4,0.75,2,4,0.5,0.5,4,4,2,3,3,0.6666666666666666,0.6666666666666666,0.5,0.5,0.4854625,0.75,0.8,0,0,0.0,0,0.0
"Jones, Brown Jr., Nunn, Beverley, James",LAL,2,4,0,9,10,3,7,0.4285714285714285,1,2,0.5,0.5,1,2,4,3,0,0.3333333333333333,1.0,1.0,0.2222222222222222,0.5609777777777778,0.5,0.5555555555555556,4,2,0.2857142857142857,0,0.0
"Brown Jr., Gabriel, Toscano-Anderson, Westbrook, Beverley",LAL,2,4,0,7,6,0,1,0.0,1,6,0.1666666666666666,0.1666666666666666,3,0,0,3,0,0.0,0.0,1.0,0.8571428571428571,0.5337357142857143,0.2142857142857142,0.3333333333333333,0,0,0.0,0,0.0
"Gabriel, Reaves, Christie, Westbrook, James",LAL,2,4,-1,10,11,4,5,0.8,1,1,1.0,1.0,0,6,2,0,3,0.75,0.75,0.0,0.1666666666666666,0.5453916666666666,0.9166666666666666,0.9166666666666666,0,0,0.0,0,0.0
"Russell, Beasley, Hachimura, Gabriel, Schroder",LAL,3,4,2,9,17,2,2,1.0,3,5,0.6,0.6,4,2,2,9,0,0.5,0.5,1.0,0.7142857142857143,0.5399857142857143,0.9285714285714286,0.9444444444444444,0,0,0.0,0,0.0
"Brown Jr., Gabriel, Toscano-Anderson, Westbrook, Schroder",LAL,2,4,-3,7,10,3,5,0.6,1,3,0.3333333333333333,0.3333333333333333,1,4,2,3,0,0.6666666666666666,0.6666666666666666,1.0,0.375,0.55113125,0.5625,0.625,0,1,0.2,0,0.0
"Toscano-Anderson, Westbrook, Beverley, Schroder, James",LAL,3,4,-1,6,6,1,3,0.3333333333333333,1,4,0.25,0.25,1,0,2,3,0,0.0,0.0,1.0,0.5714285714285714,0.5932928571428572,0.3571428571428571,0.375,0,0,0.0,0,0.0
"Gabriel, Nunn, Reaves, Westbrook, Davis",LAL,3,4,8,8,9,1,2,0.5,1,3,0.3333333333333333,0.3333333333333333,4,2,0,3,0,1.0,1.0,1.0,0.6,0.48951,0.5,0.6428571428571429,0,0,0.0,0,0.0
"Bryant, Walker IV, Gabriel, Beverley, Schroder",LAL,1,4,-1,8,8,2,5,0.4,1,3,0.3333333333333333,0.5,1,2,2,3,0,0.5,1.0,1.0,0.375,0.5912428571428572,0.4375,0.5,2,1,0.2,0,0.0
"Beasley, Bamba, Vanderbilt, Reaves, Schroder",LAL,1,4,4,8,9,1,6,0.1666666666666666,2,6,0.3333333333333333,0.3333333333333333,1,0,2,6,0,0.0,0.0,1.0,0.5,0.5123833333333333,0.3333333333333333,0.3461538461538461,2,1,0.1666666666666666,0,0.0
"Jones, Nunn, Toscano-Anderson, Ryan, Christie",LAL,3,4,-1,8,3,0,5,0.0,1,3,0.3333333333333333,0.3333333333333333,0,0,0,3,0,0.0,0.0,1.0,0.375,0.44045625,0.1875,0.1875,0,0,0.0,0,0.0
"Jones, Brown Jr., Christie, Westbrook, Beverley",LAL,1,4,1,9,12,1,2,0.5,3,5,0.6,0.6,1,2,0,6,3,1.0,1.0,0.6666666666666666,0.7142857142857143,0.5620499999999999,0.7857142857142857,0.75,0,0,0.0,0,0.0
"Brown Jr., Walker IV, Gabriel, Westbrook, James",LAL,3,4,4,7,9,3,5,0.6,1,2,0.5,0.5,0,4,2,3,0,0.6666666666666666,0.6666666666666666,1.0,0.2857142857142857,0.5203428571428571,0.6428571428571429,0.6428571428571429,0,1,0.2,0,0.0
"Brown Jr., Gabriel, Christie, Schroder, James",LAL,2,4,2,9,10,3,5,0.6,1,2,0.5,0.5,1,2,4,3,0,0.3333333333333333,0.3333333333333333,1.0,0.2857142857142857,0.4582142857142857,0.6428571428571429,0.625,0,0,0.0,0,0.0
"Walker IV, Westbrook, Beverley, Davis, Schroder",LAL,2,4,-11,8,3,0,7,0.0,1,3,0.3333333333333333,0.3333333333333333,0,0,0,3,0,0.0,0.0,1.0,0.3,0.487575,0.15,0.15,0,0,0.0,0,0.0
"Toscano-Anderson, Reaves, Christie, Westbrook, Davis",LAL,1,4,3,8,10,3,6,0.5,1,2,0.5,0.5,1,4,2,3,0,0.6666666666666666,1.0,1.0,0.25,0.4939,0.5625,0.5555555555555556,2,1,0.1666666666666666,0,0.0
"Brown, Gabriel, Nunn, Christie, Westbrook",LAL,2,4,-1,9,13,5,8,0.625,1,3,0.3333333333333333,0.3333333333333333,0,2,8,0,3,0.2,0.3333333333333333,0.0,0.2727272727272727,0.5889681818181818,0.5909090909090909,0.5909090909090909,4,1,0.125,0,0.0
"Gabriel, Nunn, Reaves, Christie, Davis",LAL,1,4,4,7,13,2,3,0.6666666666666666,1,1,1.0,1.0,6,0,4,3,0,0.0,0.0,1.0,0.25,0.442025,0.875,0.9285714285714286,0,1,0.3333333333333333,0,0.0
"Walker IV, Toscano-Anderson, Reaves, Beverley, Davis",LAL,2,4,-6,8,8,4,6,0.6666666666666666,0,2,0.0,0.0,0,4,4,0,0,0.5,0.5,0.0,0.25,0.48725,0.5,0.5,0,0,0.0,0,0.0
"Gabriel, Nunn, Toscano-Anderson, Schroder, James",LAL,2,4,5,8,12,5,6,0.8333333333333334,0,1,0.0,0.0,2,6,4,0,0,0.6,0.6,0.0,0.1428571428571428,0.5680857142857143,0.7142857142857143,0.75,0,0,0.0,0,0.0
"Jones, Gabriel, Nunn, Ryan, Christie",LAL,2,4,4,8,11,3,4,0.75,1,2,0.5,0.5,2,0,6,3,0,0.0,0.0,1.0,0.3333333333333333,0.4423999999999999,0.75,0.7857142857142857,0,1,0.25,0,0.0
"Reed, Brown Jr., Walker IV, Gabriel, Christie",LAL,1,4,2,8,11,4,6,0.6666666666666666,1,1,1.0,1.0,0,8,0,3,0,1.0,1.0,1.0,0.1428571428571428,0.5336928571428572,0.7857142857142857,0.7857142857142857,0,0,0.0,0,0.0
"Bryant, Brown Jr., Westbrook, Beverley, James",LAL,4,4,8,8,12,3,5,0.6,2,3,0.6666666666666666,0.6666666666666666,0,0,6,3,3,0.0,0.0,0.5,0.375,0.52951875,0.75,0.75,2,0,0.0,0,0.0
"Bryant, Toscano-Anderson, Westbrook, Beverley, Schroder",LAL,2,4,-3,8,6,3,5,0.6,0,2,0.0,0.0,0,4,2,0,0,0.6666666666666666,0.6666666666666666,0.0,0.2857142857142857,0.4490785714285714,0.4285714285714285,0.4285714285714285,0,0,0.0,0,0.0
"Gabriel, Toscano-Anderson, Christie, Westbrook, Beverley",LAL,2,4,-1,7,11,2,7,0.2857142857142857,1,2,0.5,0.5,4,2,2,0,3,0.5,1.0,0.0,0.2222222222222222,0.4779222222222222,0.3888888888888889,0.4583333333333333,2,1,0.1428571428571428,0,0.0
"Bryant, Brown Jr., Nunn, Reaves, James",LAL,1,4,1,8,14,6,8,0.75,0,0,0.0,0.0,2,4,8,0,0,0.3333333333333333,0.3333333333333333,0.0,0.0,0.53625,0.75,0.7777777777777778,0,0,0.0,0,0.0
"Walker IV, Gabriel, Ryan, Beverley, James",LAL,1,4,-2,7,7,2,2,1.0,1,6,0.1666666666666666,0.1666666666666666,0,0,4,3,0,0.0,0.0,1.0,0.75,0.58694375,0.4375,0.4375,0,0,0.0,0,0.0
"Walker IV, Gabriel, Beverley, Schroder, James",LAL,2,4,0,7,12,2,4,0.5,2,2,1.0,1.0,2,4,0,6,0,1.0,1.0,1.0,0.3333333333333333,0.5587416666666667,0.8333333333333334,0.8571428571428571,0,1,0.25,0,0.0
"Vanderbilt, Gabriel, Reaves, Schroder, James",LAL,1,4,4,9,14,3,6,0.5,2,2,1.0,1.0,2,4,2,6,0,0.6666666666666666,0.6666666666666666,1.0,0.25,0.48111875,0.75,0.7777777777777778,0,1,0.1666666666666666,0,0.0
"Jones, Brown Jr., Nunn, Reaves, Schroder",LAL,1,4,-1,8,6,2,3,0.6666666666666666,0,3,0.0,0.0,2,0,4,0,0,0.0,0.0,0.0,0.5,0.5116333333333333,0.3333333333333333,0.4285714285714285,2,0,0.0,0,0.0
"Jones, Toscano-Anderson, Reaves, Christie, Westbrook",LAL,2,4,-1,7,11,2,3,0.6666666666666666,1,2,0.5,0.5,4,2,2,3,0,0.5,0.5,1.0,0.4,0.51232,0.7,0.7857142857142857,0,0,0.0,0,0.0
"Brown Jr., Vanderbilt, Gabriel, Reaves, Schroder",LAL,2,4,-3,6,7,3,4,0.75,0,1,0.0,0.0,1,4,2,0,0,0.6666666666666666,0.6666666666666666,0.0,0.2,0.62081,0.6,0.7,0,0,0.0,0,0.0
"Russell, Beasley, Gabriel, Davis, Schroder",LAL,1,4,0,7,8,4,5,0.8,0,2,0.0,0.0,0,0,8,0,0,0.0,0.0,0.0,0.2857142857142857,0.5355285714285715,0.5714285714285714,0.5714285714285714,2,0,0.0,0,0.0
"Bryant, Walker IV, Christie, Beverley, James",LAL,1,4,-3,8,11,4,7,0.5714285714285714,1,1,1.0,1.0,0,2,6,3,0,0.25,0.25,1.0,0.125,0.56165,0.6875,0.6875,0,0,0.0,0,0.0
"Nunn, Reaves, Westbrook, Davis, James",LAL,2,4,-6,7,4,0,1,0.0,1,3,0.3333333333333333,0.3333333333333333,1,0,0,3,0,0.0,0.0,1.0,0.75,0.577825,0.375,0.375,0,0,0.0,0,0.0
"Brown Jr., Gabriel, Reaves, Westbrook, Schroder",LAL,2,4,8,9,14,4,4,1.0,1,1,1.0,1.0,3,8,0,0,3,1.0,1.0,0.0,0.2,0.423,1.1,1.0,0,0,0.0,0,0.0
"Bryant, Brown Jr., Christie, Beverley, James",LAL,2,3,-5,6,7,1,3,0.3333333333333333,1,1,1.0,1.0,2,0,2,3,0,0.0,0.0,1.0,0.25,0.49,0.625,0.7,0,0,0.0,0,0.0
"Brown Jr., Ryan, Westbrook, Davis, James",LAL,1,3,-1,6,5,1,3,0.3333333333333333,1,3,0.3333333333333333,0.3333333333333333,0,0,2,3,0,0.0,0.0,1.0,0.5,0.461225,0.4166666666666667,0.4166666666666667,0,2,0.6666666666666666,0,0.0
"Walker IV, Gabriel, Reaves, Schroder, James",LAL,1,3,7,7,15,1,1,1.0,3,3,1.0,1.0,4,2,0,6,3,1.0,1.0,0.6666666666666666,0.75,0.5853125,1.375,1.3,0,0,0.0,0,0.0
"Gabriel, Nunn, Swider, Westbrook, Beverley",LAL,1,3,3,8,8,3,5,0.6,0,2,0.0,0.0,2,4,2,0,0,0.6666666666666666,0.6666666666666666,0.0,0.2857142857142857,0.5155857142857143,0.4285714285714285,0.4444444444444444,0,0,0.0,0,0.0
"Walker IV, Gabriel, Swider, Davis, Schroder",LAL,1,3,4,6,10,4,6,0.6666666666666666,0,0,0.0,0.0,2,2,6,0,0,0.25,0.3333333333333333,0.0,0.0,0.4587833333333333,0.6666666666666666,0.7142857142857143,2,1,0.1666666666666666,0,0.0
"Russell, Beasley, Vanderbilt, Gabriel, Reaves",LAL,1,3,5,11,14,1,2,0.5,2,7,0.2857142857142857,0.2857142857142857,6,0,2,6,0,0.0,0.0,1.0,0.7777777777777778,0.4781833333333333,0.4444444444444444,0.5833333333333334,0,0,0.0,0,0.0
"Bryant, Nunn, Westbrook, Beverley, Schroder",LAL,2,3,-1,7,8,1,5,0.2,1,1,1.0,1.0,3,2,0,3,0,1.0,1.0,1.0,0.1666666666666666,0.484775,0.4166666666666667,0.5,0,1,0.2,0,0.0
"Brown Jr., Vanderbilt, Reaves, Schroder, James",LAL,1,3,2,7,7,3,4,0.75,0,0,0.0,0.0,1,4,2,0,0,0.6666666666666666,1.0,0.0,0.0,0.539575,0.75,0.7,2,0,0.0,0,0.0
"Brown Jr., Gabriel, Westbrook, Beverley, James",LAL,2,3,1,5,12,2,2,1.0,2,3,0.6666666666666666,0.6666666666666666,2,4,0,6,0,1.0,1.0,1.0,0.6,0.47451,1.0,1.0,0,0,0.0,0,0.0
"Jones, Bryant, Brown Jr., Nunn, Toscano-Anderson",LAL,1,3,1,6,4,2,6,0.3333333333333333,0,1,0.0,0.0,0,2,2,0,0,0.5,1.0,0.0,0.1428571428571428,0.5157214285714286,0.2857142857142857,0.2857142857142857,2,1,0.1666666666666666,0,0.0
"Gabriel, Nunn, Reaves, Christie, Westbrook",LAL,2,3,1,8,5,2,6,0.3333333333333333,0,2,0.0,0.0,1,0,4,0,0,0.0,0.0,0.0,0.25,0.5175,0.25,0.2777777777777778,2,2,0.3333333333333333,0,0.0
"Nunn, Toscano-Anderson, Ryan, Reaves, James",LAL,1,3,-7,7,2,0,2,0.0,0,4,0.0,0.0,2,0,0,0,0,0.0,0.0,0.0,0.6666666666666666,0.4453999999999999,0.0,0.1428571428571428,0,0,0.0,0,0.0
"Jones, Brown Jr., Nunn, Reaves, Westbrook",LAL,1,3,0,6,9,2,3,0.6666666666666666,1,2,0.5,0.5,2,0,4,0,3,0.0,0.0,0.0,0.4,0.53991,0.7,0.75,0,1,0.3333333333333333,0,0.0
"Nunn, Westbrook, Beverley, Davis, James",LAL,1,3,0,8,15,5,5,1.0,1,1,1.0,1.0,2,8,2,3,0,0.8,0.8,1.0,0.1666666666666666,0.618125,1.0833333333333333,1.0714285714285714,0,0,0.0,0,0.0
"Gabriel, Ryan, Reaves, Westbrook, James",LAL,1,3,-1,8,8,1,2,0.5,2,6,0.3333333333333333,0.3333333333333333,0,0,2,6,0,0.0,0.0,1.0,0.75,0.5019,0.5,0.5,0,0,0.0,0,0.0
"Brown Jr., Nunn, Toscano-Anderson, Reaves, James",LAL,1,3,-4,7,6,0,1,0.0,2,3,0.6666666666666666,0.6666666666666666,0,0,0,0,6,0.0,0.0,0.0,0.75,0.4000125,0.75,0.75,0,1,1.0,0,0.0
"Bryant, Brown Jr., Walker IV, Westbrook, Schroder",LAL,2,3,0,7,11,3,5,0.6,1,1,1.0,1.0,2,2,4,3,0,0.3333333333333333,0.3333333333333333,1.0,0.1666666666666666,0.5121833333333333,0.75,0.7857142857142857,0,0,0.0,0,0.0
"Walker IV, Gabriel, Reaves, Davis, Schroder",LAL,2,3,-4,6,6,3,6,0.5,0,1,0.0,0.0,0,4,2,0,0,0.6666666666666666,0.6666666666666666,0.0,0.1428571428571428,0.4875142857142857,0.4285714285714285,0.4285714285714285,0,1,0.1666666666666666,0,0.0
"Bryant, Brown Jr., Reaves, Christie, Westbrook",LAL,2,3,-5,8,6,2,4,0.5,0,1,0.0,0.0,2,2,2,0,0,0.5,0.5,0.0,0.2,0.5123300000000001,0.4,0.3571428571428571,0,1,0.25,0,0.0
"Russell, Brown Jr., Reaves, Davis, Schroder",LAL,2,3,10,7,14,4,5,0.8,1,1,1.0,1.0,3,8,0,3,0,1.0,1.0,1.0,0.1666666666666666,0.5386583333333334,0.9166666666666666,1.0,0,0,0.0,0,0.0
"Walker IV, Christie, Westbrook, Beverley, James",LAL,1,3,6,6,11,1,3,0.3333333333333333,3,4,0.75,0.75,0,0,2,9,0,0.0,0.0,1.0,0.5714285714285714,0.5460785714285714,0.7857142857142857,0.7857142857142857,2,0,0.0,0,0.0
"Hachimura, Christie, Westbrook, Davis, James",LAL,1,3,-5,6,7,2,2,1.0,1,4,0.25,0.25,0,4,0,3,0,1.0,1.0,1.0,0.6666666666666666,0.489475,0.5833333333333334,0.5833333333333334,0,0,0.0,0,0.0
"Russell, Beasley, Hachimura, Davis, James",LAL,1,3,5,5,7,2,2,1.0,1,4,0.25,0.25,0,0,4,3,0,0.0,0.0,1.0,0.6666666666666666,0.57865,0.5833333333333334,0.5833333333333334,2,0,0.0,0,0.0
"Brown Jr., Walker IV, Gabriel, Davis, Schroder",LAL,2,3,-2,4,4,2,6,0.3333333333333333,0,1,0.0,0.0,0,4,0,0,0,1.0,1.0,0.0,0.1428571428571428,0.4550214285714286,0.2857142857142857,0.25,0,0,0.0,0,0.0
"Walker IV, Christie, Westbrook, Davis, James",LAL,1,3,-6,8,2,0,3,0.0,0,5,0.0,0.0,2,0,0,0,0,0.0,0.0,0.0,0.625,0.49568125,0.0,0.1111111111111111,0,1,0.3333333333333333,0,0.0
"Vanderbilt, Walker IV, Hachimura, Reaves, Schroder",LAL,1,3,5,6,9,0,1,0.0,1,3,0.3333333333333333,0.3333333333333333,6,0,0,3,0,0.0,0.0,1.0,0.75,0.4024125,0.375,0.5714285714285714,0,0,0.0,0,0.0
"Walker IV, Hachimura, Davis, Schroder, James",LAL,2,3,-1,6,4,0,0,0.0,1,6,0.1666666666666666,0.1666666666666666,1,0,0,3,0,0.0,0.0,1.0,1.0,0.543825,0.25,0.2857142857142857,0,0,0.0,0,0.0
"Gabriel, Nunn, Toscano-Anderson, Reaves, Schroder",LAL,1,3,0,8,6,3,4,0.75,0,2,0.0,0.0,0,4,2,0,0,0.6666666666666666,0.6666666666666666,0.0,0.3333333333333333,0.5709666666666667,0.5,0.5,0,0,0.0,0,0.0
"Russell, Brown Jr., Gabriel, Schroder, James",LAL,1,3,6,5,9,3,5,0.6,1,1,1.0,1.0,0,0,6,0,3,0.0,0.0,0.0,0.1666666666666666,0.5545083333333333,0.75,0.75,4,0,0.0,0,0.0
"Bryant, Brown Jr., Hachimura, Westbrook, Schroder",LAL,1,3,-10,7,5,2,3,0.6666666666666666,0,2,0.0,0.0,1,0,4,0,0,0.0,0.0,0.0,0.4,0.59094,0.4,0.4166666666666667,0,0,0.0,0,0.0
"Brown Jr., Gabriel, Nunn, Swider, Westbrook",LAL,1,3,-3,7,9,2,3,0.6666666666666666,1,2,0.5,0.5,2,0,4,3,0,0.0,0.0,1.0,0.4,0.5455099999999999,0.7,0.75,0,0,0.0,0,0.0
"Gabriel, Toscano-Anderson, Ryan, Christie, Westbrook",LAL,1,3,-7,7,6,0,3,0.0,2,3,0.6666666666666666,0.6666666666666666,0,0,0,3,3,0.0,0.0,0.5,0.5,0.481575,0.5,0.5,0,0,0.0,0,0.0
"Bryant, Brown Jr., Nunn, Reaves, Westbrook",LAL,1,3,-1,6,8,4,6,0.6666666666666666,0,0,0.0,0.0,0,4,4,0,0,0.5,0.5,0.0,0.0,0.4670666666666667,0.6666666666666666,0.6666666666666666,0,0,0.0,0,0.0
"Walker IV, Gabriel, Reaves, Beverley, Davis",LAL,1,3,6,6,9,3,4,0.75,1,1,1.0,1.0,0,2,4,3,0,0.3333333333333333,0.3333333333333333,1.0,0.2,0.6000099999999999,0.9,0.9,0,0,0.0,0,0.0
"Walker IV, Gabriel, Toscano-Anderson, Christie, Westbrook",LAL,1,3,-4,6,4,1,3,0.3333333333333333,0,2,0.0,0.0,2,2,0,0,0,1.0,1.0,0.0,0.4,0.5428499999999999,0.2,0.3333333333333333,0,1,0.3333333333333333,0,0.0
"Reaves, Westbrook, Beverley, Davis, Schroder",LAL,3,3,-9,7,2,1,5,0.2,0,0,0.0,0.0,0,2,0,0,0,1.0,1.0,0.0,0.0,0.4720399999999999,0.2,0.2,0,1,0.2,0,0.0
"Brown Jr., Walker IV, Christie, Westbrook, Davis",LAL,1,3,3,5,12,4,4,1.0,1,1,1.0,1.0,1,0,8,3,0,0.0,0.0,1.0,0.2,0.57587,1.1,1.2,0,0,0.0,0,0.0
"Hachimura, Christie, Westbrook, Davis, Schroder",LAL,1,3,9,9,11,2,4,0.5,0,1,0.0,0.0,7,0,4,0,0,0.0,0.0,0.0,0.2,0.44657,0.4,0.6111111111111112,0,0,0.0,0,0.0
"Bryant, Brown Jr., Nunn, Christie, Westbrook",LAL,1,3,0,5,6,3,5,0.6,0,2,0.0,0.0,0,2,4,0,0,0.3333333333333333,0.3333333333333333,0.0,0.2857142857142857,0.5634428571428571,0.4285714285714285,0.4285714285714285,0,1,0.2,0,0.0
"Brown Jr., Vanderbilt, Walker IV, Davis, Schroder",LAL,2,3,-4,6,7,2,3,0.6666666666666666,1,4,0.25,0.25,0,4,0,3,0,1.0,1.0,1.0,0.5714285714285714,0.4795714285714286,0.5,0.5,0,1,0.3333333333333333,0,0.0
"Russell, Vanderbilt, Hachimura, Reaves, Davis",LAL,1,3,5,6,10,3,5,0.6,0,1,0.0,0.0,4,2,4,0,0,0.3333333333333333,0.5,0.0,0.1666666666666666,0.459725,0.5,0.625,2,0,0.0,0,0.0
"Beasley, Vanderbilt, Gabriel, Schroder, James",LAL,1,3,-8,6,3,1,3,0.3333333333333333,0,1,0.0,0.0,1,0,2,0,0,0.0,0.0,0.0,0.25,0.609125,0.25,0.3,0,1,0.3333333333333333,0,0.0
"Jones, Nunn, Reaves, Beverley, James",LAL,1,3,-3,5,4,1,1,1.0,0,2,0.0,0.0,2,2,0,0,0,1.0,1.0,0.0,0.6666666666666666,0.5040833333333333,0.3333333333333333,0.5,0,0,0.0,0,0.0
"Bryant, Hachimura, Westbrook, Schroder, James",LAL,2,3,4,7,6,3,4,0.75,0,1,0.0,0.0,0,6,0,0,0,1.0,1.0,0.0,0.2,0.64379,0.6,0.6,0,0,0.0,0,0.0
"Brown Jr., Hachimura, Gabriel, Schroder, James",LAL,1,3,-2,5,7,2,3,0.6666666666666666,1,1,1.0,1.0,0,0,4,3,0,0.0,0.0,1.0,0.25,0.5254,0.875,0.7,0,0,0.0,0,0.0
"Brown Jr., Walker IV, Gabriel, Christie, Schroder",LAL,1,3,-2,7,4,2,4,0.5,0,1,0.0,0.0,0,2,2,0,0,0.5,0.5,0.0,0.2,0.4799,0.4,0.4,0,0,0.0,0,0.0
"Brown, Toscano-Anderson, Swider, Westbrook, Schroder",LAL,1,3,6,7,11,4,4,1.0,0,0,0.0,0.0,3,2,6,0,0,0.25,0.25,0.0,0.0,0.46075,1.0,0.9166666666666666,0,0,0.0,0,0.0
"Brown Jr., Reaves, Westbrook, Beverley, James",LAL,1,3,1,8,8,1,1,1.0,1,2,0.5,0.5,3,0,2,3,0,0.0,0.0,1.0,0.6666666666666666,0.57145,0.8333333333333334,0.6666666666666666,0,0,0.0,0,0.0
"Brown Jr., Christie, Westbrook, Beverley, Davis",LAL,2,3,5,7,12,4,5,0.8,0,1,0.0,0.0,4,6,2,0,0,0.75,0.75,0.0,0.1666666666666666,0.5216333333333333,0.6666666666666666,0.75,0,0,0.0,0,0.0
"Bryant, Brown Jr., Toscano-Anderson, Beverley, Schroder",LAL,1,3,2,6,9,2,3,0.6666666666666666,1,1,1.0,1.0,2,0,4,3,0,0.0,0.0,1.0,0.25,0.5106375,0.875,0.9,0,1,0.3333333333333333,0,0.0
"Bryant, Brown Jr., Reaves, Westbrook, Davis",LAL,1,3,2,6,8,2,3,0.6666666666666666,1,2,0.5,0.5,1,4,0,3,0,1.0,1.0,1.0,0.4,0.54779,0.7,0.6666666666666666,0,0,0.0,0,0.0
"Ryan, Reaves, Christie, Westbrook, Davis",LAL,1,3,1,6,8,2,2,1.0,1,4,0.25,0.25,1,2,2,3,0,0.5,0.5,1.0,0.6666666666666666,0.52185,0.5833333333333334,0.5714285714285714,0,0,0.0,0,0.0
"Nunn, Toscano-Anderson, Reaves, Westbrook, Davis",LAL,1,3,1,7,9,4,4,1.0,0,1,0.0,0.0,1,2,6,0,0,0.25,0.25,0.0,0.2,0.65196,0.8,0.9,0,0,0.0,0,0.0
"Nunn, Toscano-Anderson, Christie, Westbrook, James",LAL,2,3,4,6,8,3,3,1.0,0,2,0.0,0.0,2,6,0,0,0,1.0,1.0,0.0,0.4,0.50305,0.6,0.6666666666666666,0,0,0.0,0,0.0
"Brown Jr., Hachimura, Reaves, Schroder, James",LAL,2,3,7,7,11,3,4,0.75,1,1,1.0,1.0,2,2,4,3,0,0.3333333333333333,0.3333333333333333,1.0,0.2,0.42248,0.9,0.9166666666666666,0,0,0.0,0,0.0
"Gabriel, Reaves, Davis, Schroder, James",LAL,2,3,-5,5,7,2,3,0.6666666666666666,1,2,0.5,0.5,0,4,0,3,0,1.0,1.0,1.0,0.4,0.57561,0.7,0.7,0,0,0.0,0,0.0
"Jones, Reaves, Christie, Schroder, James",LAL,1,3,9,5,11,4,4,1.0,1,2,0.5,0.5,0,6,2,3,0,0.75,0.75,1.0,0.3333333333333333,0.6819833333333333,0.9166666666666666,0.9166666666666666,0,0,0.0,0,0.0
"Brown Jr., Reaves, Christie, Westbrook, Davis",LAL,3,3,-6,6,2,1,4,0.25,0,1,0.0,0.0,0,2,0,0,0,1.0,1.0,0.0,0.2,0.48681,0.2,0.2,0,0,0.0,0,0.0
"Bryant, Nunn, Westbrook, Davis, Schroder",LAL,1,3,2,7,10,2,3,0.6666666666666666,2,3,0.6666666666666666,0.6666666666666666,0,2,2,3,3,0.5,0.5,0.5,0.5,0.5361250000000001,0.8333333333333334,0.8333333333333334,0,0,0.0,0,0.0
"Bryant, Toscano-Anderson, Reaves, Westbrook, Beverley",LAL,1,3,1,7,6,2,4,0.5,0,1,0.0,0.0,2,2,2,0,0,0.5,0.5,0.0,0.2,0.4588,0.4,0.5,0,0,0.0,0,0.0
"Brown Jr., Walker IV, Gabriel, Toscano-Anderson, Westbrook",LAL,1,3,-7,6,3,0,5,0.0,1,4,0.25,0.25,0,0,0,3,0,0.0,0.0,1.0,0.4444444444444444,0.4959,0.1666666666666666,0.1666666666666666,0,1,0.2,0,0.0
"Walker IV, Gabriel, Westbrook, Beverley, Schroder",LAL,1,3,0,5,6,0,2,0.0,2,2,1.0,1.0,0,0,0,6,0,0.0,0.0,1.0,0.5,0.575375,0.75,0.75,0,0,0.0,0,0.0
"Jones, Walker IV, Gabriel, Christie, Schroder",LAL,1,3,-3,5,6,3,5,0.6,0,0,0.0,0.0,0,0,6,0,0,0.0,0.0,0.0,0.0,0.4654,0.6,0.6,0,0,0.0,0,0.0
"Brown Jr., Reaves, Beverley, Schroder, James",LAL,2,3,5,6,12,0,0,0.0,1,2,0.5,0.5,9,0,0,3,0,0.0,0.0,1.0,1.0,0.488775,0.75,0.9166666666666666,0,0,0.0,0,0.0
"Walker IV, Hachimura, Gabriel, Christie, Westbrook",LAL,1,3,-6,6,6,2,4,0.5,0,1,0.0,0.0,2,4,0,0,0,1.0,1.0,0.0,0.2,0.48138,0.4,0.5,0,1,0.25,0,0.0
"Walker IV, Nunn, Reaves, Davis, James",LAL,1,3,-3,6,8,1,2,0.5,1,1,1.0,1.0,3,0,2,3,0,0.0,0.0,1.0,0.3333333333333333,0.47725,0.8333333333333334,0.8,0,0,0.0,0,0.0
"Reed, Bamba, Walker IV, Gabriel, Reaves",LAL,1,3,-2,6,4,2,2,1.0,0,5,0.0,0.0,0,0,4,0,0,0.0,0.0,0.0,0.7142857142857143,0.5126000000000001,0.2857142857142857,0.2857142857142857,0,0,0.0,0,0.0
"Brown Jr., Ryan, Beverley, Davis, James",LAL,1,3,8,6,8,2,5,0.4,1,2,0.5,0.5,1,0,4,3,0,0.0,0.0,1.0,0.2857142857142857,0.4885642857142857,0.5,0.5714285714285714,0,1,0.2,0,0.0
"Jones, Walker IV, Nunn, Christie, James",LAL,1,3,-5,5,4,2,3,0.6666666666666666,0,1,0.0,0.0,0,0,4,0,0,0.0,0.0,0.0,0.25,0.438825,0.5,0.5,0,0,0.0,0,0.0
"Jones, Nunn, Toscano-Anderson, Reaves, James",LAL,1,3,-3,7,8,2,2,1.0,1,2,0.5,0.5,1,2,2,3,0,0.5,0.5,1.0,0.5,0.446275,0.875,1.0,0,0,0.0,0,0.0
"Bryant, Brown Jr., Walker IV, Westbrook, Beverley",LAL,1,3,6,6,9,1,2,0.5,1,1,1.0,1.0,4,2,0,3,0,1.0,1.0,1.0,0.3333333333333333,0.5584,0.8333333333333334,0.9,0,0,0.0,0,0.0
"Brown Jr., Westbrook, Beverley, Davis, Schroder",LAL,2,3,4,10,11,3,5,0.6,1,4,0.25,0.25,2,4,2,0,3,0.6666666666666666,0.6666666666666666,0.0,0.4444444444444444,0.5172166666666667,0.5,0.55,0,0,0.0,0,0.0
"Hachimura, Christie, Davis, Schroder, James",LAL,1,3,0,5,7,2,5,0.4,1,3,0.3333333333333333,0.3333333333333333,0,0,4,3,0,0.0,0.0,1.0,0.375,0.4684,0.4375,0.4375,4,0,0.0,0,0.0
"Toscano-Anderson, Ryan, Westbrook, Beverley, James",LAL,1,3,5,6,7,1,2,0.5,1,2,0.5,0.5,2,0,2,0,3,0.0,0.0,0.0,0.5,0.5514,0.625,0.7,0,0,0.0,0,0.0
"Gabriel, Toscano-Anderson, Westbrook, Beverley, Schroder",LAL,3,3,1,9,8,0,2,0.0,2,2,1.0,1.0,2,0,0,6,0,0.0,0.0,1.0,0.5,0.5289875,0.75,0.8,0,1,0.5,0,0.0
"Bryant, Reaves, Westbrook, Davis, James",LAL,1,3,3,7,12,3,4,0.75,2,3,0.6666666666666666,0.6666666666666666,0,4,2,6,0,0.6666666666666666,0.6666666666666666,1.0,0.4285714285714285,0.4700571428571428,0.8571428571428571,0.8571428571428571,0,0,0.0,0,0.0
"Brown Jr., Nunn, Christie, Westbrook, James",LAL,2,3,4,6,7,3,4,0.75,0,3,0.0,0.0,1,2,4,0,0,0.3333333333333333,0.3333333333333333,0.0,0.4285714285714285,0.6088285714285714,0.4285714285714285,0.5,0,0,0.0,0,0.0
"Beasley, Brown Jr., Walker IV, Gabriel, Reaves",LAL,2,3,3,5,7,3,4,0.75,0,1,0.0,0.0,1,2,4,0,0,0.3333333333333333,0.3333333333333333,0.0,0.2,0.4567199999999999,0.6,0.7,0,0,0.0,0,0.0
"Beasley, Brown Jr., Hachimura, Schroder, James",LAL,1,3,6,4,8,4,4,1.0,0,0,0.0,0.0,0,6,2,0,0,0.75,0.75,0.0,0.0,0.617875,1.0,1.0,0,0,0.0,0,0.0
"Beasley, Brown Jr., Gabriel, Reaves, James",LAL,1,2,-5,5,5,2,4,0.5,0,1,0.0,0.0,1,2,2,0,0,0.5,0.5,0.0,0.2,0.49293,0.4,0.4166666666666667,0,0,0.0,0,0.0
"Jones, Brown Jr., Nunn, Christie, Westbrook",LAL,1,2,-2,5,4,2,5,0.4,0,1,0.0,0.0,0,0,4,0,0,0.0,0.0,0.0,0.1666666666666666,0.4876916666666666,0.3333333333333333,0.3333333333333333,2,0,0.0,0,0.0
"Toscano-Anderson, Ryan, Beverley, Davis, James",LAL,1,2,5,7,8,1,1,1.0,0,2,0.0,0.0,6,0,2,0,0,0.0,0.0,0.0,0.6666666666666666,0.49615,0.3333333333333333,0.6666666666666666,0,0,0.0,0,0.0
"Bryant, Walker IV, Gabriel, Christie, Schroder",LAL,1,2,6,7,12,3,4,0.75,1,2,0.5,0.5,3,2,4,3,0,0.3333333333333333,0.3333333333333333,1.0,0.3333333333333333,0.5872083333333333,0.75,0.8571428571428571,0,1,0.25,0,0.0
"Walker IV, Nunn, Westbrook, Beverley, Davis",LAL,1,2,-1,5,6,0,1,0.0,2,2,1.0,1.0,0,0,0,3,3,0.0,0.0,0.5,0.6666666666666666,0.612,1.0,1.0,0,0,0.0,0,0.0
"Beasley, Vanderbilt, Walker IV, Reaves, Davis",LAL,1,2,-5,5,7,2,2,1.0,1,2,0.5,0.5,0,2,2,0,3,0.5,1.0,0.0,0.5,0.5498375,0.875,0.875,2,0,0.0,0,0.0
"Walker IV, Hachimura, Westbrook, Davis, Schroder",LAL,2,2,5,5,7,2,3,0.6666666666666666,1,3,0.3333333333333333,0.3333333333333333,0,2,2,3,0,0.5,0.5,1.0,0.5,0.4769166666666666,0.5833333333333334,0.5833333333333334,0,0,0.0,0,0.0
"Gabriel, Nunn, Reaves, Westbrook, James",LAL,2,2,-2,6,4,1,4,0.25,0,1,0.0,0.0,2,0,2,0,0,0.0,0.0,0.0,0.2,0.46675,0.2,0.2857142857142857,0,1,0.25,0,0.0
"Gabriel, Nunn, Christie, Schroder, James",LAL,1,2,1,5,9,3,3,1.0,1,3,0.3333333333333333,0.3333333333333333,0,2,4,3,0,0.3333333333333333,0.3333333333333333,1.0,0.5,0.5906416666666666,0.75,0.75,0,0,0.0,0,0.0
"Russell, Gabriel, Reaves, Davis, James",LAL,1,2,5,7,8,3,3,1.0,0,1,0.0,0.0,2,4,2,0,0,0.6666666666666666,0.6666666666666666,0.0,0.25,0.543775,0.75,0.6666666666666666,0,0,0.0,0,0.0
"Brown Jr., Walker IV, Gabriel, Westbrook, Beverley",LAL,2,2,0,6,5,1,7,0.1428571428571428,1,2,0.5,0.5,0,2,0,0,3,1.0,1.0,0.0,0.2222222222222222,0.4999166666666667,0.2777777777777778,0.2777777777777778,0,2,0.2857142857142857,0,0.0
"Russell, Walker IV, Hachimura, Davis, Schroder",LAL,1,2,5,4,11,1,1,1.0,3,3,1.0,1.0,0,2,0,9,0,1.0,1.0,1.0,0.75,0.49085,1.375,1.375,0,0,0.0,0,0.0
"Brown Jr., Gabriel, Christie, Westbrook, Schroder",LAL,1,2,1,5,3,0,2,0.0,1,4,0.25,0.25,0,0,0,3,0,0.0,0.0,1.0,0.6666666666666666,0.5102916666666667,0.25,0.25,0,0,0.0,0,0.0
"Hachimura, Westbrook, Beverley, Davis, James",LAL,1,2,-8,5,0,0,1,0.0,0,2,0.0,0.0,0,0,0,0,0,0.0,0.0,0.0,0.6666666666666666,0.4872166666666666,0.0,0.0,0,1,1.0,0,0.0
"Brown Jr., Gabriel, Reaves, Beverley, James",LAL,2,2,-1,5,7,2,3,0.6666666666666666,0,2,0.0,0.0,3,2,2,0,0,0.5,0.5,0.0,0.4,0.54777,0.4,0.5833333333333334,0,0,0.0,0,0.0
"Bryant, Walker IV, Reaves, Christie, James",LAL,1,2,0,5,8,4,4,1.0,0,1,0.0,0.0,0,6,2,0,0,0.75,0.75,0.0,0.2,0.5133300000000001,0.8,0.8,0,0,0.0,0,0.0
"Brown Jr., Walker IV, Toscano-Anderson, Beverley, James",LAL,1,2,4,4,6,3,4,0.75,0,0,0.0,0.0,0,6,0,0,0,1.0,1.0,0.0,0.0,0.50205,0.75,0.75,0,0,0.0,0,0.0
"Bryant, Brown Jr., Toscano-Anderson, Reaves, James",LAL,1,2,-3,5,7,2,2,1.0,1,3,0.3333333333333333,0.3333333333333333,0,2,2,3,0,0.5,0.5,1.0,0.6,0.59398,0.7,0.7,0,0,0.0,0,0.0
"Toscano-Anderson, Christie, Westbrook, Schroder, James",LAL,2,2,3,6,5,0,2,0.0,1,2,0.5,0.5,2,0,0,3,0,0.0,0.0,1.0,0.5,0.5545875,0.375,0.4166666666666667,0,1,0.5,0,0.0
"Beasley, Brown Jr., Walker IV, Reaves, Davis",LAL,1,2,1,4,7,2,3,0.6666666666666666,1,1,1.0,1.0,0,2,2,3,0,0.5,0.5,1.0,0.25,0.4901125,0.875,0.875,0,0,0.0,0,0.0
"Jones, Brown Jr., Toscano-Anderson, Christie, Westbrook",LAL,1,2,0,6,6,2,3,0.6666666666666666,0,2,0.0,0.0,2,0,4,0,0,0.0,0.0,0.0,0.4,0.52877,0.4,0.5,0,1,0.3333333333333333,0,0.0
"Jones, Brown Jr., Nunn, Toscano-Anderson, Beverley",LAL,1,2,4,4,4,1,3,0.3333333333333333,0,1,0.0,0.0,2,2,0,0,0,1.0,1.0,0.0,0.25,0.436325,0.25,0.4,0,1,0.3333333333333333,0,0.0
"Walker IV, Gabriel, Nunn, Westbrook, Davis",LAL,1,2,-3,5,4,2,3,0.6666666666666666,0,1,0.0,0.0,0,0,4,0,0,0.0,0.0,0.0,0.25,0.5182,0.5,0.5,2,1,0.3333333333333333,0,0.0
"Walker IV, Ryan, Westbrook, Davis, James",LAL,1,2,7,7,13,3,5,0.6,1,1,1.0,1.0,4,2,4,3,0,0.3333333333333333,0.3333333333333333,1.0,0.1666666666666666,0.6381333333333333,0.75,0.8125,0,0,0.0,0,0.0
"Russell, Beasley, Hachimura, Gabriel, James",LAL,1,2,0,5,4,1,3,0.3333333333333333,0,0,0.0,0.0,2,0,2,0,0,0.0,0.0,0.0,0.0,0.4871666666666667,0.3333333333333333,0.5,2,0,0.0,0,0.0
"Jones, Brown, Pippen Jr., Christie, Swider",LAL,1,2,2,5,6,3,5,0.6,0,1,0.0,0.0,0,2,4,0,0,0.3333333333333333,0.3333333333333333,0.0,0.1666666666666666,0.5826333333333333,0.5,0.5,0,1,0.2,0,0.0
"Bamba, Brown Jr., Walker IV, Reaves, James",LAL,1,2,-3,4,3,1,2,0.5,0,2,0.0,0.0,1,0,2,0,0,0.0,0.0,0.0,0.5,0.575775,0.25,0.3,0,0,0.0,0,0.0
"Gabriel, Reaves, Westbrook, Beverley, Schroder",LAL,2,2,0,5,7,0,0,0.0,1,2,0.5,0.5,4,0,0,3,0,0.0,0.0,1.0,1.0,0.485175,0.75,0.75,0,0,0.0,0,0.0
"Toscano-Anderson, Ryan, Reaves, Beverley, Davis",LAL,1,2,-5,5,0,0,1,0.0,0,1,0.0,0.0,0,0,0,0,0,0.0,0.0,0.0,0.5,0.425275,0.0,0.0,0,0,0.0,0,0.0
"Walker IV, Westbrook, Beverley, Schroder, James",LAL,1,2,-5,4,3,0,2,0.0,1,2,0.5,0.5,0,0,0,0,3,0.0,0.0,0.0,0.5,0.550975,0.375,0.375,0,0,0.0,0,0.0
"Bryant, Gabriel, Christie, Beverley, Schroder",LAL,1,2,-8,4,0,0,4,0.0,0,1,0.0,0.0,0,0,0,0,0,0.0,0.0,0.0,0.2,0.6093200000000001,0.0,0.0,0,1,0.25,0,0.0
"Brown Jr., Nunn, Westbrook, Davis, James",LAL,1,2,3,4,6,0,2,0.0,1,1,1.0,1.0,3,0,0,3,0,0.0,0.0,1.0,0.3333333333333333,0.4270666666666666,0.5,0.6,0,1,0.5,0,0.0
"Jones, Brown Jr., Christie, Schroder, James",LAL,1,2,-2,4,6,2,3,0.6666666666666666,0,1,0.0,0.0,2,2,2,0,0,0.5,0.5,0.0,0.25,0.542375,0.5,0.6,0,0,0.0,0,0.0
"Brown Jr., Gabriel, Christie, Westbrook, Beverley",LAL,2,2,-2,4,2,1,2,0.5,0,1,0.0,0.0,0,0,2,0,0,0.0,0.0,0.0,0.3333333333333333,0.4677833333333334,0.3333333333333333,0.3333333333333333,0,0,0.0,0,0.0
"Brown Jr., Reaves, Westbrook, Davis, Schroder",LAL,1,2,-4,6,4,2,3,0.6666666666666666,0,2,0.0,0.0,0,2,2,0,0,0.5,0.5,0.0,0.4,0.48616,0.4,0.4,0,0,0.0,0,0.0
"Nunn, Reaves, Westbrook, Davis, Schroder",LAL,1,2,-1,5,5,2,4,0.5,0,0,0.0,0.0,1,2,2,0,0,0.5,0.5,0.0,0.0,0.419625,0.5,0.5,0,0,0.0,0,0.0
"Bryant, Nunn, Swider, Beverley, Schroder",LAL,1,2,0,6,5,0,3,0.0,1,2,0.5,0.5,2,0,0,3,0,0.0,0.0,1.0,0.4,0.56447,0.3,0.4166666666666667,0,2,0.6666666666666666,0,0.0
"Beasley, Walker IV, Gabriel, Davis, Schroder",LAL,1,2,3,3,5,1,1,1.0,1,1,1.0,1.0,0,2,0,3,0,1.0,1.0,1.0,0.5,0.67545,1.25,1.25,0,0,0.0,0,0.0
"Reed, Bamba, Walker IV, Gabriel, Christie",LAL,2,2,-3,5,0,0,0,0.0,0,3,0.0,0.0,0,0,0,0,0,0.0,0.0,0.0,1.0,0.4837,0.0,0.0,0,0,0.0,0,0.0
"Brown Jr., Toscano-Anderson, Reaves, Westbrook, Davis",LAL,2,2,1,4,9,3,4,0.75,1,1,1.0,1.0,0,4,2,0,3,0.6666666666666666,1.0,0.0,0.2,0.5749,0.9,0.9,2,0,0.0,0,0.0
"Russell, Vanderbilt, Hachimura, Davis, Schroder",LAL,1,2,6,4,8,2,2,1.0,0,0,0.0,0.0,4,2,2,0,0,0.5,0.5,0.0,0.0,0.77345,1.0,1.0,0,0,0.0,0,0.0
"Jones, Walker IV, Reaves, Westbrook, James",LAL,2,2,-2,5,2,1,5,0.2,0,2,0.0,0.0,0,0,2,0,0,0.0,0.0,0.0,0.2857142857142857,0.52845,0.1428571428571428,0.1428571428571428,2,1,0.2,0,0.0
"Bryant, Brown Jr., Toscano-Anderson, Westbrook, Schroder",LAL,2,2,5,5,7,2,2,1.0,1,1,1.0,1.0,0,4,0,3,0,1.0,1.0,1.0,0.3333333333333333,0.7910166666666667,1.1666666666666667,1.1666666666666667,0,0,0.0,0,0.0
"Brown Jr., Gabriel, Nunn, Christie, Schroder",LAL,2,2,4,4,8,0,0,0.0,2,2,1.0,1.0,2,0,0,3,3,0.0,0.0,0.5,1.0,0.4971,1.5,1.3333333333333333,0,0,0.0,0,0.0
"Vanderbilt, Walker IV, Hachimura, Gabriel, Reaves",LAL,1,2,-3,5,2,1,3,0.3333333333333333,0,1,0.0,0.0,0,0,2,0,0,0.0,0.0,0.0,0.25,0.46435,0.25,0.25,0,0,0.0,0,0.0
"Beasley, Vanderbilt, Reaves, Schroder, James",LAL,1,2,-4,3,4,2,3,0.6666666666666666,0,0,0.0,0.0,0,0,4,0,0,0.0,0.0,0.0,0.0,0.4205,0.6666666666666666,0.6666666666666666,0,0,0.0,0,0.0
"Bryant, Brown Jr., Nunn, Schroder, James",LAL,2,2,2,5,5,1,1,1.0,1,4,0.25,0.25,0,2,0,0,3,1.0,1.0,0.0,0.8,0.5341,0.5,0.5,0,0,0.0,0,0.0
"Bamba, Brown Jr., Walker IV, Hachimura, Schroder",LAL,1,2,0,3,0,0,2,0.0,0,3,0.0,0.0,0,0,0,0,0,0.0,0.0,0.0,0.6,0.53529,0.0,0.0,0,1,0.5,0,0.0
"Beasley, Bamba, Hachimura, Reaves, James",LAL,1,2,1,4,3,0,2,0.0,1,2,0.5,0.5,0,0,0,3,0,0.0,0.0,1.0,0.5,0.408975,0.375,0.375,0,0,0.0,1,0.5
"Brown Jr., Nunn, Christie, Westbrook, Davis",LAL,1,2,-3,4,6,3,4,0.75,0,0,0.0,0.0,0,4,2,0,0,0.6666666666666666,0.6666666666666666,0.0,0.0,0.641825,0.75,0.75,0,0,0.0,0,0.0
"Russell, Beasley, Vanderbilt, Gabriel, Schroder",LAL,1,2,1,5,5,1,3,0.3333333333333333,1,2,0.5,0.5,0,2,0,3,0,1.0,1.0,1.0,0.4,0.46162,0.5,0.5,0,0,0.0,0,0.0
"Jones, Walker IV, Gabriel, Toscano-Anderson, Christie",LAL,1,2,-3,4,2,1,1,1.0,0,0,0.0,0.0,0,0,2,0,0,0.0,0.0,0.0,0.0,0.3988,1.0,1.0,0,0,0.0,0,0.0
"Brown Jr., Walker IV, Nunn, Reaves, James",LAL,1,2,2,5,6,1,1,1.0,0,0,0.0,0.0,4,0,2,0,0,0.0,0.0,0.0,0.0,0.6027,1.0,1.0,0,0,0.0,0,0.0
"Walker IV, Toscano-Anderson, Westbrook, Beverley, Davis",LAL,1,2,1,4,4,1,2,0.5,0,1,0.0,0.0,2,2,0,0,0,1.0,1.0,0.0,0.3333333333333333,0.5666666666666667,0.3333333333333333,0.5,0,0,0.0,0,0.0
"Gabriel, Nunn, Reaves, Schroder, James",LAL,2,2,2,3,9,0,0,0.0,3,3,1.0,1.0,0,0,0,9,0,0.0,0.0,1.0,1.0,0.5598,1.5,1.5,0,0,0.0,0,0.0
"Gabriel, Nunn, Christie, Westbrook, Beverley",LAL,1,2,-3,5,3,1,1,1.0,0,2,0.0,0.0,1,2,0,0,0,1.0,1.0,0.0,0.6666666666666666,0.4811499999999999,0.3333333333333333,0.375,0,0,0.0,0,0.0
"Christie, Westbrook, Beverley, Schroder, James",LAL,1,2,1,5,6,1,3,0.3333333333333333,0,0,0.0,0.0,4,2,0,0,0,1.0,1.0,0.0,0.0,0.5911666666666667,0.3333333333333333,0.6,0,0,0.0,0,0.0
"Bryant, Brown Jr., Walker IV, Davis, Schroder",LAL,1,2,2,4,4,1,3,0.3333333333333333,0,0,0.0,0.0,2,0,2,0,0,0.0,0.0,0.0,0.0,0.4553333333333333,0.3333333333333333,0.5,0,0,0.0,0,0.0
"Bryant, Nunn, Toscano-Anderson, Schroder, James",LAL,1,2,0,5,8,4,5,0.8,0,0,0.0,0.0,0,6,2,0,0,0.75,0.75,0.0,0.0,0.48836,0.8,0.8,0,0,0.0,0,0.0
"Brown Jr., Gabriel, Toscano-Anderson, Beverley, James",LAL,1,2,-2,3,4,0,1,0.0,1,1,1.0,1.0,1,0,0,3,0,0.0,0.0,1.0,0.5,0.496725,0.75,0.6666666666666666,0,0,0.0,0,0.0
"Bryant, Walker IV, Hachimura, Schroder, James",LAL,1,2,0,3,4,2,2,1.0,0,1,0.0,0.0,0,2,2,0,0,0.5,0.5,0.0,0.3333333333333333,0.5882166666666667,0.6666666666666666,0.6666666666666666,0,0,0.0,0,0.0
"Brown Jr., Walker IV, Nunn, Westbrook, Davis",LAL,3,2,7,5,9,2,4,0.5,1,1,1.0,1.0,2,0,4,3,0,0.0,0.0,1.0,0.2,0.66623,0.7,0.8,2,0,0.0,0,0.0
"Hachimura, Westbrook, Beverley, Schroder, James",LAL,1,2,3,4,6,1,3,0.3333333333333333,0,1,0.0,0.0,4,2,0,0,0,1.0,1.0,0.0,0.25,0.4689625,0.25,0.5,0,1,0.3333333333333333,0,0.0
"Christie, Westbrook, Davis, Schroder, James",LAL,1,2,0,4,2,1,2,0.5,0,1,0.0,0.0,0,2,0,0,0,1.0,1.0,0.0,0.3333333333333333,0.47005,0.3333333333333333,0.3333333333333333,0,0,0.0,0,0.0
"Bryant, Nunn, Christie, Schroder, James",LAL,1,2,0,5,6,3,4,0.75,0,1,0.0,0.0,0,0,6,0,0,0.0,0.0,0.0,0.2,0.45762,0.6,0.6,0,1,0.25,0,0.0
"Brown Jr., Gabriel, Westbrook, Beverley, Schroder",LAL,3,2,-5,3,5,2,3,0.6666666666666666,0,0,0.0,0.0,1,2,2,0,0,0.5,0.5,0.0,0.0,0.4659,0.6666666666666666,0.6666666666666666,0,0,0.0,0,0.0
"Russell, Beasley, Vanderbilt, Davis, Schroder",LAL,2,2,3,4,6,1,3,0.3333333333333333,0,0,0.0,0.0,4,0,2,0,0,0.0,0.0,0.0,0.0,0.4353333333333333,0.3333333333333333,0.6,0,0,0.0,0,0.0
"Walker IV, Gabriel, Nunn, Beverley, James",LAL,1,2,1,5,5,0,3,0.0,1,1,1.0,1.0,2,0,0,3,0,0.0,0.0,1.0,0.25,0.5273625,0.375,0.5,0,1,0.3333333333333333,0,0.0
"Brown Jr., Walker IV, Gabriel, Christie, Beverley",LAL,1,2,-7,3,2,1,3,0.3333333333333333,0,0,0.0,0.0,0,2,0,0,0,1.0,1.0,0.0,0.0,0.3878333333333333,0.3333333333333333,0.3333333333333333,0,0,0.0,0,0.0
"Brown Jr., Walker IV, Reaves, Schroder, James",LAL,1,2,-8,3,1,0,0,0.0,0,1,0.0,0.0,1,0,0,0,0,0.0,0.0,0.0,1.0,0.4914,0.0,0.25,0,0,0.0,0,0.0
"Gabriel, Ryan, Pippen Jr., Christie, Swider",LAL,1,2,3,4,5,0,0,0.0,1,2,0.5,0.5,2,0,0,3,0,0.0,0.0,1.0,1.0,0.4941,0.75,0.625,0,0,0.0,0,0.0
"Brown Jr., Walker IV, Hachimura, Gabriel, Westbrook",LAL,1,2,2,4,8,1,2,0.5,1,1,1.0,1.0,3,2,0,3,0,1.0,1.0,1.0,0.3333333333333333,0.5294166666666666,0.8333333333333334,0.8,0,0,0.0,0,0.0
"Brown Jr., Gabriel, Nunn, Reaves, James",LAL,2,2,0,4,2,1,2,0.5,0,2,0.0,0.0,0,0,2,0,0,0.0,0.0,0.0,0.5,0.590575,0.25,0.25,0,1,0.5,0,0.0
"Gabriel, Nunn, Westbrook, Beverley, Schroder",LAL,1,2,0,3,4,2,2,1.0,0,1,0.0,0.0,0,0,4,0,0,0.0,0.0,0.0,0.3333333333333333,0.47625,0.6666666666666666,0.6666666666666666,0,0,0.0,0,0.0
"Beasley, Bamba, Brown Jr., Hachimura, Schroder",LAL,1,2,5,3,6,0,0,0.0,1,1,1.0,1.0,3,0,0,0,3,0.0,0.0,0.0,1.0,0.5475,1.5,1.0,0,0,0.0,0,0.0
"Beasley, Vanderbilt, Gabriel, Reaves, James",LAL,1,2,-7,4,1,0,0,0.0,0,4,0.0,0.0,1,0,0,0,0,0.0,0.0,0.0,1.0,0.5358,0.0,0.1,0,0,0.0,0,0.0
"Jones, Brown Jr., Ryan, Christie, Westbrook",LAL,1,2,-1,3,4,1,2,0.5,0,0,0.0,0.0,2,2,0,0,0,1.0,1.0,0.0,0.0,0.41735,0.5,0.6666666666666666,0,0,0.0,0,0.0
"Gabriel, Toscano-Anderson, Reaves, Christie, Westbrook",LAL,1,2,3,4,4,2,4,0.5,0,1,0.0,0.0,0,0,4,0,0,0.0,0.0,0.0,0.2,0.44858,0.4,0.4,0,0,0.0,0,0.0
"Bryant, Toscano-Anderson, Reaves, Westbrook, James",LAL,1,2,4,4,6,3,3,1.0,0,0,0.0,0.0,0,4,2,0,0,0.6666666666666666,0.6666666666666666,0.0,0.0,0.7225666666666667,1.0,1.0,0,0,0.0,0,0.0
"Brown, Gabriel, Christie, Swider, Westbrook",LAL,1,2,-2,5,6,3,4,0.75,0,0,0.0,0.0,0,2,4,0,0,0.3333333333333333,0.3333333333333333,0.0,0.0,0.5264,0.75,0.75,0,1,0.25,0,0.0
"Bryant, Brown Jr., Walker IV, Christie, Schroder",LAL,2,2,0,4,4,0,2,0.0,0,0,0.0,0.0,4,0,0,0,0,0.0,0.0,0.0,0.0,0.4227,0.0,0.5,0,0,0.0,0,0.0
"Walker IV, Gabriel, Reaves, Beverley, Schroder",LAL,1,2,-2,3,3,1,1,1.0,0,2,0.0,0.0,1,2,0,0,0,1.0,1.0,0.0,0.6666666666666666,0.5121666666666667,0.3333333333333333,0.5,0,0,0.0,0,0.0
"Gabriel, Nunn, Reaves, Christie, James",LAL,1,2,-1,3,3,0,0,0.0,1,4,0.25,0.25,0,0,0,0,3,0.0,0.0,0.0,1.0,0.5310375,0.375,0.375,0,0,0.0,0,0.0
"Toscano-Anderson, Ryan, Reaves, Westbrook, Davis",LAL,1,2,-1,4,6,3,3,1.0,0,0,0.0,0.0,0,4,2,0,0,0.6666666666666666,0.6666666666666666,0.0,0.0,0.5794333333333334,1.0,1.0,0,0,0.0,0,0.0
"Bryant, Walker IV, Nunn, Beverley, James",LAL,1,2,1,3,6,3,3,1.0,0,0,0.0,0.0,0,4,2,0,0,0.6666666666666666,0.6666666666666666,0.0,0.0,0.5427333333333334,1.0,1.0,0,0,0.0,0,0.0
"Bryant, Nunn, Beverley, Schroder, James",LAL,1,2,-5,3,2,1,2,0.5,0,1,0.0,0.0,0,2,0,0,0,1.0,1.0,0.0,0.3333333333333333,0.5577166666666666,0.3333333333333333,0.3333333333333333,0,1,0.5,0,0.0
"Brown Jr., Toscano-Anderson, Reaves, Beverley, James",LAL,1,2,4,4,4,2,2,1.0,0,2,0.0,0.0,0,2,2,0,0,0.5,0.5,0.0,0.5,0.4841125,0.5,0.5,0,0,0.0,0,0.0
"Walker IV, Ryan, Reaves, Davis, James",LAL,1,2,-4,4,2,1,3,0.3333333333333333,0,1,0.0,0.0,0,2,0,0,0,1.0,1.0,0.0,0.25,0.5877875,0.25,0.25,0,1,0.3333333333333333,0,0.0
"Bryant, Gabriel, Reaves, Westbrook, James",LAL,1,2,3,4,9,2,5,0.4,1,1,1.0,1.0,2,0,4,3,0,0.0,0.0,1.0,0.1666666666666666,0.4820333333333333,0.5833333333333334,0.6428571428571429,4,0,0.0,0,0.0
"Brown, Gabriel, Nunn, Westbrook, Schroder",LAL,2,2,-1,4,6,1,3,0.3333333333333333,1,1,1.0,1.0,1,2,0,0,3,1.0,1.0,0.0,0.25,0.4854625,0.625,0.625,0,1,0.3333333333333333,0,0.0
"Walker IV, Gabriel, Reaves, Westbrook, Schroder",LAL,1,2,-4,4,2,1,2,0.5,0,1,0.0,0.0,0,0,2,0,0,0.0,0.0,0.0,0.3333333333333333,0.52625,0.3333333333333333,0.3333333333333333,0,0,0.0,0,0.0
"Gabriel, Nunn, Christie, Beverley, James",LAL,1,2,0,4,5,0,1,0.0,1,1,1.0,1.0,2,0,0,3,0,0.0,0.0,1.0,0.5,0.46595,0.75,0.8333333333333334,0,0,0.0,0,0.0
"Russell, Beasley, Reaves, Davis, James",LAL,1,2,6,5,8,1,2,0.5,2,3,0.6666666666666666,0.6666666666666666,0,2,0,6,0,1.0,1.0,1.0,0.6,0.58033,0.8,0.8,0,1,0.5,0,0.0
"Beasley, Brown Jr., Vanderbilt, Reaves, Schroder",LAL,1,2,3,3,8,2,2,1.0,1,1,1.0,1.0,1,2,2,3,0,0.5,0.5,1.0,0.3333333333333333,0.5146499999999999,1.1666666666666667,1.3333333333333333,0,0,0.0,0,0.0
"Bryant, Gabriel, Christie, Westbrook, Schroder",LAL,1,2,-1,4,4,1,1,1.0,0,1,0.0,0.0,2,2,0,0,0,1.0,1.0,0.0,0.5,0.462325,0.5,0.6666666666666666,0,0,0.0,0,0.0
"Bryant, Brown, Christie, Swider, Schroder",LAL,1,2,-5,4,0,0,2,0.0,0,1,0.0,0.0,0,0,0,0,0,0.0,0.0,0.0,0.3333333333333333,0.4202666666666666,0.0,0.0,0,0,0.0,0,0.0
"Brown Jr., Walker IV, Toscano-Anderson, Beverley, Davis",LAL,1,2,-5,3,0,0,2,0.0,0,0,0.0,0.0,0,0,0,0,0,0.0,0.0,0.0,0.0,0.4332,0.0,0.0,0,0,0.0,0,0.0
"Brown, Brown Jr., Gabriel, Nunn, Westbrook",LAL,1,2,0,5,1,0,0,0.0,0,3,0.0,0.0,1,0,0,0,0,0.0,0.0,0.0,1.0,0.5286000000000001,0.0,0.125,0,0,0.0,0,0.0
"Brown Jr., Vanderbilt, Walker IV, Reaves, Davis",LAL,1,2,-1,4,1,0,2,0.0,0,0,0.0,0.0,1,0,0,0,0,0.0,0.0,0.0,0.0,0.3734,0.0,0.1666666666666666,0,0,0.0,0,0.0
"Russell, Beasley, Gabriel, Schroder, James",LAL,1,2,3,3,6,3,3,1.0,0,0,0.0,0.0,0,6,0,0,0,1.0,1.0,0.0,0.0,0.4636333333333333,1.0,1.0,0,0,0.0,0,0.0
"Beasley, Bamba, Brown Jr., Hachimura, Reaves",LAL,1,2,7,4,9,2,2,1.0,1,1,1.0,1.0,2,0,4,3,0,0.0,0.0,1.0,0.3333333333333333,0.6099,1.1666666666666667,1.125,0,0,0.0,0,0.0
"Beasley, Walker IV, Davis, Schroder, James",LAL,1,2,2,4,4,1,1,1.0,0,0,0.0,0.0,2,0,2,0,0,0.0,0.0,0.0,0.0,0.4238,1.0,1.0,0,0,0.0,0,0.0
"Bryant, Christie, Westbrook, Beverley, Schroder",LAL,1,2,3,3,5,1,2,0.5,1,1,1.0,1.0,0,2,0,3,0,1.0,1.0,1.0,0.3333333333333333,0.5316,0.8333333333333334,0.8333333333333334,0,0,0.0,0,0.0
"Brown Jr., Walker IV, Toscano-Anderson, Westbrook, Davis",LAL,1,2,-8,3,2,1,1,1.0,0,1,0.0,0.0,0,0,2,0,0,0.0,0.0,0.0,0.5,0.4932,0.5,0.5,0,0,0.0,0,0.0
"Reed, Walker IV, Hachimura, Gabriel, Christie",LAL,1,2,-4,3,2,1,1,1.0,0,1,0.0,0.0,0,0,2,0,0,0.0,0.0,0.0,0.5,0.436825,0.5,0.5,0,0,0.0,0,0.0
"Walker IV, Reaves, Westbrook, Beverley, Schroder",LAL,1,2,0,3,6,0,0,0.0,2,2,1.0,1.0,0,0,0,6,0,0.0,0.0,1.0,1.0,0.547725,1.5,1.5,0,0,0.0,0,0.0
"Bryant, Walker IV, Reaves, Westbrook, Davis",LAL,1,2,-1,4,3,1,2,0.5,0,1,0.0,0.0,1,0,2,0,0,0.0,0.0,0.0,0.3333333333333333,0.7268166666666667,0.3333333333333333,0.375,0,1,0.5,0,0.0
"Bryant, Walker IV, Christie, Schroder, James",LAL,1,2,-4,4,3,1,1,1.0,0,2,0.0,0.0,1,0,2,0,0,0.0,0.0,0.0,0.6666666666666666,0.5063833333333333,0.3333333333333333,0.5,0,0,0.0,0,0.0
"Walker IV, Gabriel, Nunn, Reaves, James",LAL,1,2,-2,3,2,1,2,0.5,0,1,0.0,0.0,0,0,2,0,0,0.0,0.0,0.0,0.3333333333333333,0.5221333333333333,0.3333333333333333,0.3333333333333333,2,0,0.0,0,0.0
"Brown Jr., Gabriel, Nunn, Christie, James",LAL,1,2,-3,3,0,0,2,0.0,0,1,0.0,0.0,0,0,0,0,0,0.0,0.0,0.0,0.3333333333333333,0.6445333333333333,0.0,0.0,0,0,0.0,0,0.0
"Bryant, Brown Jr., Christie, Beverley, Schroder",LAL,1,2,-6,3,1,0,2,0.0,0,0,0.0,0.0,1,0,0,0,0,0.0,0.0,0.0,0.0,0.42595,0.0,0.1666666666666666,0,0,0.0,0,0.0
"Brown Jr., Westbrook, Beverley, Schroder, James",LAL,2,2,-2,4,2,0,0,0.0,0,0,0.0,0.0,2,0,0,0,0,0.0,0.0,0.0,0.0,0.0,0.0,0.5,0,0,0.0,0,0.0
"Bryant, Walker IV, Hachimura, Beverley, Schroder",LAL,1,2,-4,4,3,1,2,0.5,0,0,0.0,0.0,1,0,2,0,0,0.0,0.0,0.0,0.0,0.43625,0.5,0.5,0,0,0.0,0,0.0
"Jones, Bryant, Walker IV, Christie, Westbrook",LAL,1,1,1,3,3,1,1,1.0,0,2,0.0,0.0,1,2,0,0,0,1.0,1.0,0.0,0.6666666666666666,0.51115,0.3333333333333333,0.375,0,0,0.0,1,0.5
"Bryant, Gabriel, Westbrook, Schroder, James",LAL,1,1,1,3,4,2,2,1.0,0,0,0.0,0.0,0,2,2,0,0,0.5,0.5,0.0,0.0,0.62995,1.0,1.0,0,0,0.0,0,0.0
"Walker IV, Reaves, Christie, Westbrook, Davis",LAL,1,1,2,4,4,0,2,0.0,1,1,1.0,1.0,1,0,0,0,3,0.0,0.0,0.0,0.3333333333333333,0.4578833333333333,0.5,0.5,0,0,0.0,0,0.0
"Brown Jr., Walker IV, Nunn, Toscano-Anderson, Davis",LAL,1,1,-7,4,0,0,2,0.0,0,1,0.0,0.0,0,0,0,0,0,0.0,0.0,0.0,0.3333333333333333,0.4353333333333333,0.0,0.0,0,0,0.0,0,0.0
"Jones, Gabriel, Nunn, Reaves, Christie",LAL,1,1,-6,4,2,1,2,0.5,0,0,0.0,0.0,0,0,2,0,0,0.0,0.0,0.0,0.0,0.4404,0.5,0.5,0,0,0.0,0,0.0
"Bryant, Gabriel, Nunn, Reaves, Schroder",LAL,1,1,3,3,4,2,2,1.0,0,1,0.0,0.0,0,0,4,0,0,0.0,0.0,0.0,0.3333333333333333,0.5248833333333334,0.6666666666666666,0.6666666666666666,0,0,0.0,0,0.0
"Brown Jr., Nunn, Reaves, Westbrook, James",LAL,1,1,6,3,9,2,3,0.6666666666666666,1,1,1.0,1.0,2,4,0,3,0,1.0,1.0,1.0,0.25,0.6210625,0.875,1.125,0,1,0.3333333333333333,0,0.0
"Nunn, Toscano-Anderson, Westbrook, Beverley, Davis",LAL,1,1,0,3,6,2,2,1.0,0,0,0.0,0.0,2,2,2,0,0,0.5,0.5,0.0,0.0,0.83735,1.0,1.0,0,0,0.0,0,0.0
"Russell, Beasley, Brown Jr., Gabriel, Reaves",LAL,1,1,2,3,4,1,1,1.0,0,1,0.0,0.0,2,2,0,0,0,1.0,1.0,0.0,0.5,0.4641,0.5,0.6666666666666666,0,0,0.0,0,0.0
"Brown Jr., Gabriel, Ryan, Reaves, James",LAL,1,1,-8,4,0,0,2,0.0,0,2,0.0,0.0,0,0,0,0,0,0.0,0.0,0.0,0.5,0.47405,0.0,0.0,0,1,0.5,0,0.0
"Jones, Walker IV, Nunn, Beverley, James",LAL,1,1,4,4,8,1,1,1.0,1,2,0.5,0.5,3,0,2,3,0,0.0,0.0,1.0,0.6666666666666666,0.5440333333333334,0.8333333333333334,1.0,0,0,0.0,0,0.0
"Russell, Beasley, Gabriel, Davis, James",LAL,1,1,3,4,5,2,3,0.6666666666666666,0,0,0.0,0.0,1,0,4,0,0,0.0,0.0,0.0,0.0,0.7658666666666667,0.6666666666666666,0.625,0,0,0.0,0,0.0
"Brown Jr., Toscano-Anderson, Christie, Westbrook, James",LAL,1,1,0,3,2,1,2,0.5,0,1,0.0,0.0,0,0,2,0,0,0.0,0.0,0.0,0.3333333333333333,0.5667833333333333,0.3333333333333333,0.3333333333333333,0,1,0.5,0,0.0
"Gabriel, Nunn, Toscano-Anderson, Reaves, Westbrook",LAL,2,1,-2,3,1,0,0,0.0,0,2,0.0,0.0,1,0,0,0,0,0.0,0.0,0.0,1.0,0.5658,0.0,0.1666666666666666,0,0,0.0,0,0.0
"Bryant, Nunn, Toscano-Anderson, Beverley, Schroder",LAL,1,1,-5,3,2,1,1,1.0,0,1,0.0,0.0,0,2,0,0,0,1.0,1.0,0.0,0.5,0.46795,0.5,0.5,0,0,0.0,0,0.0
"Brown, Nunn, Pippen Jr., Christie, Swider",LAL,1,1,1,3,3,0,0,0.0,1,2,0.5,0.5,0,0,0,3,0,0.0,0.0,1.0,1.0,0.489375,0.75,0.75,0,0,0.0,0,0.0
"Beasley, Walker IV, Gabriel, Reaves, Davis",LAL,1,1,-3,4,3,1,2,0.5,0,0,0.0,0.0,1,0,2,0,0,0.0,0.0,0.0,0.0,0.45655,0.5,0.5,0,1,0.5,0,0.0
"Bryant, Brown, Nunn, Westbrook, Schroder",LAL,1,1,-4,3,0,0,2,0.0,0,0,0.0,0.0,0,0,0,0,0,0.0,0.0,0.0,0.0,0.4355,0.0,0.0,0,0,0.0,0,0.0
"Russell, Brown Jr., Davis, Schroder, James",LAL,1,1,1,4,4,2,3,0.6666666666666666,0,1,0.0,0.0,0,2,2,0,0,0.5,1.0,0.0,0.25,0.600725,0.5,0.5,2,0,0.0,0,0.0
"Brown Jr., Vanderbilt, Hachimura, Reaves, Schroder",LAL,1,1,-4,3,2,0,1,0.0,0,1,0.0,0.0,2,0,0,0,0,0.0,0.0,0.0,0.5,0.50575,0.0,0.3333333333333333,0,0,0.0,0,0.0
"Bryant, Brown Jr., Nunn, Beverley, James",LAL,1,1,-1,3,1,0,2,0.0,0,0,0.0,0.0,1,0,0,0,0,0.0,0.0,0.0,0.0,0.4435,0.0,0.1666666666666666,0,0,0.0,0,0.0
"Beasley, Brown Jr., Vanderbilt, Walker IV, Reaves",LAL,1,1,-1,3,3,1,1,1.0,0,3,0.0,0.0,1,0,2,0,0,0.0,0.0,0.0,0.75,0.5252875,0.25,0.375,0,0,0.0,0,0.0
"Beasley, Reed, Bamba, Walker IV, Hachimura",LAL,1,1,4,3,4,1,2,0.5,0,0,0.0,0.0,2,2,0,0,0,1.0,1.0,0.0,0.0,0.51055,0.5,0.6666666666666666,0,0,0.0,0,0.0
"Brown Jr., Gabriel, Reaves, Christie, Davis",LAL,1,1,-5,3,0,0,1,0.0,0,0,0.0,0.0,0,0,0,0,0,0.0,0.0,0.0,0.0,0.4087,0.0,0.0,0,1,1.0,0,0.0
"Bryant, Brown Jr., Walker IV, Christie, Westbrook",LAL,1,1,-1,3,2,0,1,0.0,0,1,0.0,0.0,2,0,0,0,0,0.0,0.0,0.0,0.5,0.482425,0.0,0.3333333333333333,0,0,0.0,0,0.0
"Bryant, Walker IV, Toscano-Anderson, Christie, Westbrook",LAL,1,1,0,3,0,0,1,0.0,0,2,0.0,0.0,0,0,0,0,0,0.0,0.0,0.0,0.6666666666666666,0.5043166666666666,0.0,0.0,0,1,1.0,0,0.0
"Reaves, Christie, Davis, Schroder, James",LAL,1,1,2,3,6,2,2,1.0,0,1,0.0,0.0,2,2,2,0,0,0.5,0.5,0.0,0.3333333333333333,0.52195,0.6666666666666666,1.0,0,0,0.0,0,0.0
"Vanderbilt, Gabriel, Reaves, Davis, Schroder",LAL,3,1,-1,3,4,0,0,0.0,0,0,0.0,0.0,4,0,0,0,0,0.0,0.0,0.0,0.0,0.0,0.0,0.75,0,0,0.0,0,0.0
"Walker IV, Hachimura, Gabriel, Westbrook, Beverley",LAL,1,1,-3,3,4,2,2,1.0,0,1,0.0,0.0,0,2,2,0,0,0.5,0.5,0.0,0.3333333333333333,0.7388,0.6666666666666666,0.6666666666666666,0,0,0.0,0,0.0
