ShortName,TeamAbbreviation,GamesPlayed,Minutes,PlusMinus,OffPoss,Points,FG2M,FG2A,Fg2Pct,FG3M,FG3A,Fg3Pct,NonHeaveFg3Pct,FtPoints,PtsAssisted2s,PtsUnassisted2s,PtsAssisted3s,PtsUnassisted3s,Assisted2sPct,NonPutbacksAssisted2sPct,Assisted3sPct,FG3APct,ShotQualityAvg,EfgPct,TsPct,PtsPutbacks,Fg2aBlocked,FG2APctBlocked,Fg3aBlocked,FG3APctBlocked
"Washington, Dončić, Lively II, Irving, Thompson",DAL,14,119,62,240,321,81,132,0.6136363636363636,41,104,0.3942307692307692,0.3942307692307692,36,76,86,99,24,0.4691358024691358,0.5135135135135135,0.8048780487804879,0.4406779661016949,0.5450978723404256,0.6038135593220338,0.622093023255814,14,6,0.0454545454545454,1,0.0096153846153846
"Washington, Dončić, Gafford, Irving, Thompson",DAL,13,89,-14,190,220,58,107,0.5420560747663551,24,67,0.3582089552238806,0.3636363636363636,32,56,60,48,24,0.4827586206896552,0.5490196078431373,0.6666666666666666,0.3850574712643678,0.5374150289017341,0.5402298850574713,0.5732984293193717,14,6,0.0560747663551401,0,0.0
"Washington, Gafford, Irving, Thompson, Dinwiddie",DAL,15,81,38,167,217,53,99,0.5353535353535354,27,58,0.4655172413793103,0.4655172413793103,30,58,48,60,21,0.5471698113207547,0.6041666666666666,0.7407407407407407,0.3694267515923566,0.5511321656050955,0.5955414012738853,0.6271676300578035,10,9,0.0909090909090909,0,0.0
"Dončić, Gafford, Marshall, Irving, Thompson",DAL,6,54,4,114,138,36,54,0.6666666666666666,16,42,0.3809523809523809,0.3809523809523809,18,32,40,42,6,0.4444444444444444,0.4848484848484848,0.875,0.4375,0.5666536458333333,0.625,0.6448598130841121,6,3,0.0555555555555555,3,0.0714285714285714
"Washington, Marshall, Lively II, Thompson, Dinwiddie",DAL,5,44,3,90,96,30,52,0.5769230769230769,9,31,0.2903225806451613,0.2903225806451613,9,36,24,21,6,0.6,0.6428571428571429,0.7777777777777778,0.3734939759036144,0.5398265060240963,0.5240963855421686,0.5459770114942529,4,3,0.0576923076923076,0,0.0
"Washington, Gafford, Marshall, Thompson, Dinwiddie",DAL,8,34,-12,69,68,25,40,0.625,4,24,0.1666666666666666,0.1666666666666666,6,36,14,9,3,0.72,0.782608695652174,0.75,0.375,0.57720078125,0.484375,0.5074626865671642,4,3,0.075,1,0.0416666666666666
"Marshall, Christie, Prosper, Irving, Dinwiddie",DAL,7,33,1,65,71,21,33,0.6363636363636364,5,22,0.2272727272727272,0.2272727272727272,14,24,18,9,6,0.5714285714285714,0.5714285714285714,0.6,0.4,0.5380418181818182,0.5181818181818182,0.5725806451612904,0,1,0.0303030303030303,1,0.0454545454545454
"Washington, Grimes, Lively II, Irving, Thompson",DAL,4,32,27,66,92,21,37,0.5675675675675675,13,29,0.4482758620689655,0.4482758620689655,11,16,26,33,6,0.3809523809523809,0.4210526315789473,0.8461538461538461,0.4393939393939394,0.5449992424242424,0.6136363636363636,0.647887323943662,4,4,0.1081081081081081,0,0.0
"Gafford, Edwards, Irving, Thompson, Exum",DAL,4,30,3,64,80,26,40,0.65,6,16,0.375,0.375,10,28,24,15,3,0.5384615384615384,0.5833333333333334,0.8333333333333334,0.2857142857142857,0.5534821428571429,0.625,0.6451612903225806,4,1,0.025,0,0.0
"Marshall, Edwards, Christie, Thompson, Exum",DAL,4,27,-14,56,67,16,29,0.5517241379310345,8,22,0.3636363636363636,0.3636363636363636,11,16,16,21,3,0.5,0.5333333333333333,0.875,0.4313725490196078,0.5424558823529412,0.5490196078431373,0.5982142857142857,2,3,0.1034482758620689,0,0.0
"Washington, Gafford, Marshall, Irving, Thompson",DAL,8,27,11,52,74,16,30,0.5333333333333333,10,19,0.5263157894736842,0.5263157894736842,12,16,16,24,6,0.5,0.5714285714285714,0.8,0.3877551020408163,0.5494642857142856,0.6326530612244898,0.6607142857142857,4,2,0.0666666666666666,0,0.0
"Marshall, Christie, Thompson, Dinwiddie, Powell",DAL,8,27,-27,55,59,20,32,0.625,4,23,0.1739130434782608,0.1739130434782608,7,26,14,12,0,0.65,0.6842105263157895,1.0,0.4181818181818181,0.5123863636363636,0.4727272727272727,0.5,2,1,0.03125,0,0.0
"Washington, Grimes, Lively II, Thompson, Dinwiddie",DAL,7,27,-13,54,59,13,30,0.4333333333333333,8,17,0.4705882352941176,0.4705882352941176,9,16,10,24,0,0.6153846153846154,0.6153846153846154,1.0,0.3617021276595745,0.5212925531914894,0.5319148936170213,0.5784313725490197,0,2,0.0666666666666666,0,0.0
"Washington, Gafford, Grimes, Irving, Thompson",DAL,9,27,-16,60,66,18,37,0.4864864864864865,7,21,0.3333333333333333,0.3333333333333333,9,12,24,21,0,0.3333333333333333,0.5,1.0,0.3620689655172414,0.5395827586206896,0.4913793103448275,0.5238095238095238,12,3,0.081081081081081,0,0.0
"Washington, Marshall, Jones, Thompson, Dinwiddie",DAL,4,26,20,53,77,20,29,0.6896551724137931,10,17,0.5882352941176471,0.5882352941176471,7,24,16,27,3,0.6,0.6,0.9,0.3695652173913043,0.5433543478260869,0.7608695652173914,0.76,0,1,0.0344827586206896,0,0.0
"Washington, Dončić, Gafford, Grimes, Irving",DAL,8,25,9,51,67,17,30,0.5666666666666667,8,21,0.3809523809523809,0.3809523809523809,9,10,24,15,9,0.2941176470588235,0.3846153846153846,0.625,0.4117647058823529,0.5622647058823529,0.5686274509803921,0.5892857142857143,8,0,0.0,1,0.0476190476190476
"Washington, Lively II, Irving, Thompson, Dinwiddie",DAL,5,24,15,50,52,14,25,0.56,7,27,0.2592592592592592,0.2592592592592592,3,14,14,21,0,0.5,0.5384615384615384,1.0,0.5192307692307693,0.5095134615384616,0.4711538461538461,0.490566037735849,2,2,0.08,1,0.037037037037037
"Washington, Marshall, Jones, Christie, Dinwiddie",DAL,7,24,1,47,62,22,36,0.6111111111111112,4,8,0.5,0.5,6,24,20,6,6,0.5454545454545454,0.6,0.5,0.1818181818181818,0.4997977272727272,0.6363636363636364,0.6630434782608695,4,0,0.0,1,0.125
"Marshall, Williams, Edwards, Christie, Dinwiddie",DAL,5,24,6,52,66,17,27,0.6296296296296297,7,15,0.4666666666666667,0.4666666666666667,11,18,16,21,0,0.5294117647058824,0.5294117647058824,1.0,0.3571428571428571,0.5366083333333334,0.6547619047619048,0.673469387755102,0,1,0.037037037037037,0,0.0
"Washington, Dončić, Marshall, Irving, Thompson",DAL,4,24,5,52,64,13,24,0.5416666666666666,12,22,0.5454545454545454,0.5454545454545454,2,14,12,33,3,0.5384615384615384,0.5833333333333334,0.9166666666666666,0.4782608695652174,0.5352271739130435,0.6739130434782609,0.6808510638297872,2,3,0.125,1,0.0454545454545454
"Washington, Marshall, Lively II, Irving, Dinwiddie",DAL,6,23,-7,41,49,14,25,0.56,5,15,0.3333333333333333,0.3333333333333333,6,18,10,9,6,0.6428571428571429,0.75,0.6,0.375,0.52471625,0.5375,0.5697674418604651,4,1,0.04,0,0.0
"Marshall, Edwards, Christie, Thompson, Dinwiddie",DAL,6,23,-19,49,43,14,27,0.5185185185185185,2,14,0.1428571428571428,0.1428571428571428,9,20,8,6,0,0.7142857142857143,0.7142857142857143,1.0,0.3414634146341463,0.5283597560975609,0.4146341463414634,0.4666666666666667,0,3,0.1111111111111111,0,0.0
"Grimes, Marshall, Lively II, Irving, Dinwiddie",DAL,6,22,10,45,59,11,17,0.6470588235294118,10,19,0.5263157894736842,0.5555555555555556,7,14,8,21,9,0.6363636363636364,0.7,0.7,0.5277777777777778,0.5367728571428572,0.7222222222222222,0.7375,2,1,0.0588235294117647,0,0.0
"Washington, Gafford, Marshall, Irving, Dinwiddie",DAL,6,22,13,47,54,13,22,0.5909090909090909,6,15,0.4,0.4,10,8,18,9,9,0.3076923076923077,0.3636363636363636,0.5,0.4054054054054054,0.5574108108108108,0.5945945945945946,0.627906976744186,4,3,0.1363636363636363,0,0.0
"Washington, Grimes, Marshall, Lively II, Irving",DAL,4,22,20,41,62,17,27,0.6296296296296297,7,15,0.4666666666666667,0.4666666666666667,7,24,10,18,3,0.7058823529411765,0.8,0.8571428571428571,0.3571428571428571,0.5262166666666667,0.6547619047619048,0.6888888888888889,4,2,0.074074074074074,0,0.0
"Kleber, Gafford, Grimes, Irving, Dinwiddie",DAL,7,22,-11,44,41,11,26,0.4230769230769231,5,15,0.3333333333333333,0.3571428571428571,4,6,16,12,3,0.2727272727272727,0.2727272727272727,0.8,0.3658536585365853,0.5050874999999999,0.4512195121951219,0.4767441860465116,0,1,0.0384615384615384,0,0.0
"Gafford, Marshall, Christie, Irving, Dinwiddie",DAL,4,21,-6,40,50,13,22,0.5909090909090909,5,13,0.3846153846153846,0.3846153846153846,9,12,14,15,0,0.4615384615384615,0.4615384615384615,1.0,0.3714285714285714,0.4767671428571428,0.5857142857142857,0.625,0,3,0.1363636363636363,0,0.0
"Washington, Grimes, Hardy, Lively II, Dinwiddie",DAL,5,21,20,40,45,6,19,0.3157894736842105,6,15,0.4,0.4,15,2,10,9,9,0.1666666666666666,0.25,0.5,0.4411764705882353,0.5219735294117647,0.4411764705882353,0.5357142857142857,4,0,0.0,1,0.0666666666666666
"Washington, Gafford, Grimes, Irving, Dinwiddie",DAL,12,20,4,39,47,12,21,0.5714285714285714,4,15,0.2666666666666666,0.2666666666666666,11,16,8,12,0,0.6666666666666666,0.8888888888888888,1.0,0.4166666666666667,0.5389402777777778,0.5,0.573170731707317,6,0,0.0,0,0.0
"Kleber, Gafford, Irving, Thompson, Dinwiddie",DAL,3,20,2,40,46,16,27,0.5925925925925926,4,14,0.2857142857142857,0.2857142857142857,2,16,16,6,6,0.5,0.5333333333333333,0.5,0.3414634146341463,0.534039024390244,0.5365853658536586,0.5476190476190477,2,1,0.037037037037037,1,0.0714285714285714
"Kleber, Washington, Grimes, Irving, Dinwiddie",DAL,6,20,16,45,63,11,17,0.6470588235294118,8,19,0.4210526315789473,0.4210526315789473,17,8,14,21,3,0.3636363636363636,0.4,0.875,0.5277777777777778,0.5250708333333334,0.6388888888888888,0.7045454545454546,2,0,0.0,0,0.0
"Washington, Jones, Thompson, Davis, Dinwiddie",DAL,2,19,-1,40,42,17,28,0.6071428571428571,1,13,0.0769230769230769,0.0769230769230769,5,26,8,3,0,0.7647058823529411,0.7647058823529411,1.0,0.3170731707317073,0.5923560975609756,0.4512195121951219,0.4883720930232558,0,1,0.0357142857142857,0,0.0
"Dončić, Marshall, Lively II, Irving, Thompson",DAL,2,18,2,37,40,11,20,0.55,5,15,0.3333333333333333,0.3333333333333333,3,10,12,9,6,0.4545454545454545,0.5,0.6,0.4285714285714285,0.50344,0.5285714285714286,0.5555555555555556,2,2,0.1,0,0.0
"Kleber, Gafford, Grimes, Marshall, Irving",DAL,5,17,19,36,50,11,20,0.55,6,11,0.5454545454545454,0.5454545454545454,10,10,12,12,6,0.4545454545454545,0.5,0.6666666666666666,0.3548387096774194,0.5669629032258064,0.6451612903225806,0.7142857142857143,2,1,0.05,0,0.0
"Washington, Dončić, Lively II, Thompson, Dinwiddie",DAL,5,17,9,29,39,13,22,0.5909090909090909,2,6,0.3333333333333333,0.3333333333333333,7,18,8,3,3,0.6923076923076923,0.9,0.5,0.2142857142857142,0.5358196428571429,0.5714285714285714,0.59375,6,1,0.0454545454545454,0,0.0
"Washington, Marshall, Lively II, Thompson, Davis",DAL,3,16,8,36,32,10,20,0.5,3,12,0.25,0.25,3,8,12,9,0,0.4,0.5,1.0,0.375,0.570678125,0.453125,0.4571428571428571,4,3,0.15,0,0.0
"Washington, Gafford, Edwards, Irving, Dinwiddie",DAL,3,16,-3,29,43,12,16,0.75,5,9,0.5555555555555556,0.5555555555555556,4,16,8,9,6,0.6666666666666666,0.6666666666666666,0.6,0.36,0.5456880000000001,0.78,0.8076923076923077,0,0,0.0,0,0.0
"Washington, Gafford, Grimes, Marshall, Dinwiddie",DAL,7,16,-14,32,30,9,21,0.4285714285714285,2,6,0.3333333333333333,0.3333333333333333,6,10,8,6,0,0.5555555555555556,0.625,1.0,0.2222222222222222,0.551737037037037,0.4444444444444444,0.5,2,3,0.1428571428571428,0,0.0
"Brown, Marshall, Christie, Irving, Thompson",DAL,2,16,11,34,42,11,20,0.55,5,9,0.5555555555555556,0.5555555555555556,5,12,10,12,3,0.5454545454545454,0.5454545454545454,0.8,0.3103448275862069,0.5364258620689655,0.6379310344827587,0.65625,0,0,0.0,0,0.0
"Dončić, Marshall, Irving, Thompson, Powell",DAL,3,15,4,28,38,14,20,0.7,2,9,0.2222222222222222,0.2222222222222222,4,6,22,3,3,0.2142857142857142,0.25,0.5,0.3103448275862069,0.5580672413793103,0.5862068965517241,0.6129032258064516,4,0,0.0,0,0.0
"Marshall, Williams, Edwards, Christie, Thompson",DAL,3,15,-5,32,34,7,18,0.3888888888888889,6,15,0.4,0.4,2,10,4,18,0,0.7142857142857143,0.7142857142857143,1.0,0.4545454545454545,0.5495333333333333,0.4848484848484848,0.5,0,2,0.1111111111111111,0,0.0
"Washington, Edwards, Irving, Thompson, Exum",DAL,2,15,-3,31,35,5,12,0.4166666666666667,7,16,0.4375,0.4375,4,8,2,21,0,0.8,1.0,1.0,0.5714285714285714,0.5367660714285715,0.5535714285714286,0.5833333333333334,2,3,0.25,0,0.0
"Grimes, Williams, Hardy, Prosper, Powell",DAL,6,14,2,31,28,7,11,0.6363636363636364,3,13,0.2307692307692307,0.2307692307692307,5,10,4,9,0,0.7142857142857143,0.7142857142857143,1.0,0.5416666666666666,0.5604125,0.4791666666666667,0.5,0,1,0.0909090909090909,1,0.0769230769230769
"Kleber, Washington, Grimes, Thompson, Dinwiddie",DAL,5,14,2,28,28,5,13,0.3846153846153846,5,13,0.3846153846153846,0.3846153846153846,3,2,8,15,0,0.2,0.2,1.0,0.5,0.5444326923076923,0.4807692307692308,0.5185185185185185,0,1,0.0769230769230769,0,0.0
"Marshall, Williams, Hardy, Christie, Powell",DAL,5,14,11,26,26,7,19,0.3684210526315789,1,5,0.2,0.25,9,4,10,3,0,0.2857142857142857,0.2857142857142857,1.0,0.2083333333333333,0.505104761904762,0.3541666666666667,0.4310344827586206,0,3,0.1578947368421052,0,0.0
"Washington, Lively II, Thompson, Davis, Dinwiddie",DAL,2,13,-13,26,28,7,11,0.6363636363636364,3,8,0.375,0.375,5,12,2,9,0,0.8571428571428571,0.8571428571428571,1.0,0.4210526315789473,0.5273973684210527,0.6052631578947368,0.6666666666666666,0,2,0.1818181818181818,0,0.0
"Washington, Marshall, Hardy, Lively II, Irving",DAL,4,13,-12,29,23,5,19,0.2631578947368421,3,4,0.75,0.75,4,4,6,9,0,0.4,0.6666666666666666,1.0,0.1739130434782608,0.5328847826086957,0.4130434782608695,0.46,4,4,0.2105263157894736,0,0.0
"Washington, Gafford, Grimes, Marshall, Irving",DAL,5,13,-1,28,33,11,20,0.55,3,5,0.6,0.6,2,10,12,6,3,0.4545454545454545,0.5,0.6666666666666666,0.2,0.545562,0.62,0.6346153846153846,2,3,0.15,0,0.0
"Kleber, Washington, Grimes, Marshall, Dinwiddie",DAL,6,12,-6,23,25,7,16,0.4375,2,7,0.2857142857142857,0.3333333333333333,5,4,10,6,0,0.2857142857142857,0.3333333333333333,1.0,0.3043478260869565,0.5536045454545454,0.4347826086956521,0.5,2,3,0.1875,0,0.0
"Marshall, Jones, Christie, Thompson, Dinwiddie",DAL,3,11,2,21,27,12,18,0.6666666666666666,1,5,0.2,0.2,0,12,12,0,3,0.5,0.5454545454545454,0.0,0.217391304347826,0.54689,0.5869565217391305,0.5869565217391305,2,1,0.0555555555555555,0,0.0
"Kleber, Washington, Marshall, Irving, Thompson",DAL,3,11,12,24,39,6,8,0.75,6,9,0.6666666666666666,0.6666666666666666,9,6,6,12,6,0.5,0.5,0.6666666666666666,0.5294117647058824,0.5455852941176471,0.8823529411764706,0.975,0,1,0.125,0,0.0
"Washington, Marshall, Thompson, Davis, Dinwiddie",DAL,4,11,-18,23,26,6,12,0.5,4,8,0.5,0.5,2,8,4,6,6,0.6666666666666666,0.6666666666666666,0.5,0.4,0.5040275000000001,0.6,0.5909090909090909,0,1,0.0833333333333333,0,0.0
"Kleber, Washington, Grimes, Marshall, Irving",DAL,4,11,0,21,20,7,11,0.6363636363636364,1,7,0.1428571428571428,0.1428571428571428,3,6,8,3,0,0.4285714285714285,0.4285714285714285,1.0,0.3888888888888889,0.5585972222222222,0.4722222222222222,0.5,0,1,0.0909090909090909,1,0.1428571428571428
"Marshall, Williams, Edwards, Thompson, Dinwiddie",DAL,3,11,12,21,33,6,11,0.5454545454545454,6,13,0.4615384615384615,0.4615384615384615,3,8,4,18,0,0.6666666666666666,0.6666666666666666,1.0,0.5416666666666666,0.5340145833333333,0.625,0.6346153846153846,0,0,0.0,0,0.0
"Washington, Gafford, Grimes, Prosper, Irving",DAL,2,11,0,21,21,8,13,0.6153846153846154,1,8,0.125,0.125,2,8,8,3,0,0.5,0.5,1.0,0.3809523809523809,0.526152380952381,0.4523809523809524,0.4772727272727273,0,2,0.1538461538461538,0,0.0
"Kleber, Gafford, Grimes, Marshall, Dinwiddie",DAL,4,11,-3,18,17,5,12,0.4166666666666667,1,6,0.1666666666666666,0.1666666666666666,4,4,6,0,3,0.4,0.4,0.0,0.3333333333333333,0.4968944444444444,0.3611111111111111,0.4047619047619047,0,1,0.0833333333333333,0,0.0
"Washington, Marshall, Christie, Irving, Dinwiddie",DAL,3,11,13,25,32,6,13,0.4615384615384615,5,11,0.4545454545454545,0.4545454545454545,5,6,6,12,3,0.5,0.6,0.8,0.4583333333333333,0.5188541666666667,0.5625,0.5925925925925926,2,1,0.0769230769230769,0,0.0
"Jones, Hardy, Christie, Dinwiddie, Powell",DAL,1,11,-5,21,21,8,9,0.8888888888888888,1,4,0.25,0.25,2,10,6,3,0,0.625,0.625,1.0,0.3076923076923077,0.5542961538461538,0.7307692307692307,0.75,0,0,0.0,0,0.0
"Prosper, Irving, Thompson, Dinwiddie, Powell",DAL,5,11,5,19,30,7,11,0.6363636363636364,4,6,0.6666666666666666,0.6666666666666666,4,8,6,12,0,0.5714285714285714,0.5714285714285714,1.0,0.3529411764705882,0.5197823529411765,0.7647058823529411,0.8333333333333334,0,0,0.0,0,0.0
"Kleber, Dončić, Gafford, Grimes, Dinwiddie",DAL,5,11,9,23,30,7,10,0.7,2,7,0.2857142857142857,0.3333333333333333,10,8,6,6,0,0.5714285714285714,0.6666666666666666,1.0,0.4117647058823529,0.563390625,0.5882352941176471,0.6521739130434783,2,1,0.1,0,0.0
"Kleber, Washington, Irving, Thompson, Dinwiddie",DAL,4,11,-10,22,16,5,11,0.4545454545454545,2,14,0.1428571428571428,0.1428571428571428,0,4,6,6,0,0.4,0.5,1.0,0.56,0.537382,0.32,0.32,2,2,0.1818181818181818,0,0.0
"Gafford, Grimes, Hardy, Prosper, Irving",DAL,3,11,0,21,20,3,10,0.3,3,12,0.25,0.25,5,2,4,9,0,0.3333333333333333,1.0,1.0,0.5454545454545454,0.5609000000000001,0.3409090909090909,0.38,4,2,0.2,0,0.0
"Kleber, Grimes, Hardy, Lively II, Dinwiddie",DAL,5,11,10,22,31,7,11,0.6363636363636364,3,5,0.6,0.6,8,4,10,6,3,0.2857142857142857,0.2857142857142857,0.6666666666666666,0.3125,0.54978125,0.71875,0.7380952380952381,0,0,0.0,0,0.0
"Kleber, Dončić, Grimes, Lively II, Thompson",DAL,2,11,9,23,32,5,6,0.8333333333333334,7,14,0.5,0.5,1,6,4,18,3,0.6,0.6,0.8571428571428571,0.7,0.5439125,0.775,0.7619047619047619,0,0,0.0,0,0.0
"Dončić, Grimes, Lively II, Irving, Thompson",DAL,2,10,-12,21,19,3,7,0.4285714285714285,4,10,0.4,0.4,1,0,6,12,0,0.0,0.0,1.0,0.5882352941176471,0.4847352941176471,0.5294117647058824,0.5277777777777778,0,0,0.0,1,0.1
"Marshall, Edwards, Christie, Irving, Thompson",DAL,2,10,-2,22,24,3,8,0.375,5,15,0.3333333333333333,0.3333333333333333,3,2,4,12,3,0.3333333333333333,0.5,0.8,0.6521739130434783,0.5415934782608696,0.4565217391304347,0.5,2,2,0.25,1,0.0666666666666666
"Washington, Grimes, Hardy, Lively II, Thompson",DAL,1,10,-5,22,25,8,13,0.6153846153846154,2,11,0.1818181818181818,0.1818181818181818,3,8,8,3,3,0.5,0.5,0.5,0.4583333333333333,0.5345,0.4583333333333333,0.4807692307692308,0,3,0.2307692307692307,0,0.0
"Washington, Brown, Christie, Irving, Thompson",DAL,1,10,-8,21,21,6,11,0.5454545454545454,3,9,0.3333333333333333,0.3333333333333333,0,6,6,6,3,0.5,0.5,0.6666666666666666,0.45,0.53552,0.525,0.525,0,3,0.2727272727272727,0,0.0
"Gafford, Marshall, Hardy, Christie, Dinwiddie",DAL,3,10,2,23,27,6,12,0.5,2,5,0.4,0.4,9,8,4,3,3,0.6666666666666666,0.8,0.5,0.2941176470588235,0.5601294117647059,0.5294117647058824,0.6136363636363636,2,0,0.0,0,0.0
"Marshall, Edwards, Christie, Irving, Dinwiddie",DAL,4,10,-7,19,20,5,8,0.625,2,4,0.5,0.5,4,6,4,6,0,0.6,0.6,1.0,0.3333333333333333,0.52505,0.6666666666666666,0.6666666666666666,0,1,0.125,0,0.0
"Marshall, Williams, Christie, Dinwiddie, Powell",DAL,5,10,4,21,28,8,11,0.7272727272727273,2,5,0.4,0.4,6,10,6,6,0,0.625,0.625,1.0,0.3125,0.58596,0.6875,0.7368421052631579,0,2,0.1818181818181818,0,0.0
"Washington, Marshall, Christie, Dinwiddie, Powell",DAL,4,10,-3,23,25,6,10,0.6,1,5,0.2,0.2,10,8,4,3,0,0.6666666666666666,0.6666666666666666,1.0,0.3333333333333333,0.5261033333333333,0.5,0.625,0,2,0.2,0,0.0
"Kleber, Gafford, Grimes, Irving, Thompson",DAL,4,10,-5,20,19,7,11,0.6363636363636364,1,8,0.125,0.125,2,8,6,3,0,0.5714285714285714,0.5714285714285714,1.0,0.4210526315789473,0.5194736842105263,0.4473684210526316,0.475,0,2,0.1818181818181818,0,0.0
"Kelley, Prosper, Thompson, Dinwiddie, Exum",DAL,1,10,-10,22,21,9,13,0.6923076923076923,1,9,0.1111111111111111,0.1111111111111111,0,12,6,3,0,0.6666666666666666,0.6666666666666666,1.0,0.4090909090909091,0.5117886363636364,0.4772727272727273,0.4772727272727273,0,1,0.0769230769230769,1,0.1111111111111111
"Marshall, Jones, Hardy, Christie, Dinwiddie",DAL,3,10,9,19,31,13,13,1.0,1,4,0.25,0.25,2,10,16,3,0,0.3846153846153846,0.3846153846153846,1.0,0.2352941176470588,0.5573884615384616,0.8529411764705882,0.8611111111111112,0,0,0.0,1,0.25
"Washington, Marshall, Christie, Thompson, Dinwiddie",DAL,2,10,7,22,30,11,14,0.7857142857142857,2,9,0.2222222222222222,0.2222222222222222,2,8,14,6,0,0.3636363636363636,0.4,1.0,0.391304347826087,0.5325326086956522,0.6086956521739131,0.625,2,0,0.0,0,0.0
"Marshall, Edwards, Christie, Dinwiddie, Exum",DAL,2,10,-1,19,25,5,12,0.4166666666666667,1,6,0.1666666666666666,0.1666666666666666,12,6,4,3,0,0.6,0.6,1.0,0.3333333333333333,0.5216333333333334,0.3611111111111111,0.5208333333333334,0,4,0.3333333333333333,0,0.0
"Washington, Marshall, Hardy, Lively II, Dinwiddie",DAL,4,10,-2,20,24,5,10,0.5,4,6,0.6666666666666666,0.6666666666666666,2,6,4,12,0,0.6,0.75,1.0,0.375,0.585015625,0.6875,0.6666666666666666,2,1,0.1,0,0.0
"Edwards, Christie, Prosper, Irving, Thompson",DAL,1,10,9,19,28,7,9,0.7777777777777778,4,8,0.5,0.5,2,8,6,9,3,0.5714285714285714,0.5714285714285714,0.75,0.4705882352941176,0.567364705882353,0.7647058823529411,0.7941176470588235,0,0,0.0,0,0.0
"Kleber, Washington, Grimes, Hardy, Dinwiddie",DAL,4,10,1,22,31,4,10,0.4,7,10,0.7,0.7,2,4,4,18,3,0.5,0.5,0.8571428571428571,0.5,0.54509,0.725,0.775,0,2,0.2,0,0.0
"Washington, Dončić, Lively II, Irving, Dinwiddie",DAL,2,10,16,22,33,3,7,0.4285714285714285,4,8,0.5,0.5,15,4,2,12,0,0.6666666666666666,0.6666666666666666,1.0,0.5333333333333333,0.5266233333333333,0.6,0.717391304347826,0,0,0.0,0,0.0
"Washington, Gafford, Grimes, Thompson, Dinwiddie",DAL,7,10,0,21,28,7,11,0.6363636363636364,3,6,0.5,0.5,5,4,10,9,0,0.2857142857142857,0.3333333333333333,1.0,0.3529411764705882,0.5588029411764707,0.6764705882352942,0.7,2,0,0.0,0,0.0
"Kleber, Washington, Lively II, Irving, Thompson",DAL,1,10,16,18,29,6,8,0.75,4,9,0.4444444444444444,0.4444444444444444,5,0,12,12,0,0.0,0.0,1.0,0.5294117647058824,0.5766117647058824,0.7058823529411765,0.8055555555555556,0,1,0.125,1,0.1111111111111111
"Washington, Gafford, Grimes, Hardy, Dinwiddie",DAL,1,10,3,20,26,3,10,0.3,5,6,0.8333333333333334,0.8333333333333334,5,2,4,9,6,0.3333333333333333,0.3333333333333333,0.6,0.375,0.55974375,0.65625,0.7222222222222222,0,0,0.0,0,0.0
"Dončić, Gafford, Grimes, Irving, Thompson",DAL,3,10,-4,19,15,5,12,0.4166666666666667,1,4,0.25,0.25,2,6,4,3,0,0.6,0.6,1.0,0.25,0.497896875,0.40625,0.4411764705882353,0,3,0.25,0,0.0
"Washington, Dončić, Marshall, Hardy, Lively II",DAL,3,10,-11,18,15,3,8,0.375,1,6,0.1666666666666666,0.1666666666666666,6,4,2,0,3,0.6666666666666666,0.6666666666666666,0.0,0.4285714285714285,0.5674535714285714,0.3214285714285714,0.4166666666666667,0,1,0.125,0,0.0
"Martin, Gafford, Marshall, Christie, Dinwiddie",DAL,3,10,4,21,19,4,8,0.5,1,10,0.1,0.1,8,4,4,3,0,0.5,0.5,1.0,0.5555555555555556,0.4852694444444444,0.3055555555555556,0.4318181818181818,0,0,0.0,0,0.0
"Washington, Dončić, Grimes, Lively II, Thompson",DAL,3,10,4,18,28,8,12,0.6666666666666666,3,9,0.3333333333333333,0.3333333333333333,3,12,4,6,3,0.75,0.75,0.6666666666666666,0.4285714285714285,0.5946571428571429,0.5952380952380952,0.6363636363636364,0,0,0.0,0,0.0
"Edwards, Christie, Prosper, Dinwiddie, Exum",DAL,1,9,3,17,20,7,10,0.7,2,7,0.2857142857142857,0.2857142857142857,0,4,10,6,0,0.2857142857142857,0.2857142857142857,1.0,0.4117647058823529,0.5550558823529412,0.5882352941176471,0.5882352941176471,0,2,0.2,0,0.0
"Washington, Dončić, Gafford, Grimes, Hardy",DAL,1,9,-7,20,25,6,8,0.75,4,7,0.5714285714285714,0.5714285714285714,1,10,2,12,0,0.8333333333333334,0.8333333333333334,1.0,0.4666666666666667,0.5902333333333334,0.8,0.78125,0,0,0.0,0,0.0
"Washington, Dončić, Grimes, Lively II, Dinwiddie",DAL,3,9,-6,21,17,1,10,0.1,3,5,0.6,0.6,6,0,2,9,0,0.0,0.0,1.0,0.3333333333333333,0.5289966666666667,0.3666666666666666,0.4473684210526316,0,0,0.0,0,0.0
"Grimes, Marshall, Hardy, Prosper, Powell",DAL,3,9,12,18,28,9,13,0.6923076923076923,2,4,0.5,0.5,4,8,10,6,0,0.4444444444444444,0.4444444444444444,1.0,0.2352941176470588,0.5376794117647058,0.7058823529411765,0.7777777777777778,0,0,0.0,0,0.0
"Washington, Dončić, Gafford, Grimes, Dinwiddie",DAL,3,9,17,23,37,7,12,0.5833333333333334,6,8,0.75,0.75,5,8,6,12,6,0.5714285714285714,0.5714285714285714,0.6666666666666666,0.4,0.5701025,0.8,0.8409090909090909,0,0,0.0,0,0.0
"Marshall, Christie, Thompson, Davis, Dinwiddie",DAL,3,9,2,19,23,7,9,0.7777777777777778,2,8,0.25,0.2857142857142857,3,8,6,6,0,0.5714285714285714,0.5714285714285714,1.0,0.4705882352941176,0.51586875,0.5882352941176471,0.6052631578947368,0,0,0.0,0,0.0
"Marshall, Edwards, Prosper, Gortman, Powell",DAL,1,9,-6,21,22,6,12,0.5,2,7,0.2857142857142857,0.2857142857142857,4,6,6,3,3,0.5,0.5,0.5,0.3684210526315789,0.5534263157894737,0.4736842105263157,0.5,0,0,0.0,0,0.0
"Washington, Marshall, Williams, Edwards, Thompson",DAL,1,9,-1,20,20,6,9,0.6666666666666666,1,7,0.1428571428571428,0.1428571428571428,5,4,8,3,0,0.3333333333333333,0.3333333333333333,1.0,0.4375,0.5978875,0.46875,0.5263157894736842,0,2,0.2222222222222222,0,0.0
"Gafford, Grimes, Edwards, Prosper, Irving",DAL,3,9,-1,18,26,9,11,0.8181818181818182,2,6,0.3333333333333333,0.3333333333333333,2,8,10,6,0,0.4444444444444444,0.5714285714285714,1.0,0.3529411764705882,0.5411764705882353,0.7058823529411765,0.7222222222222222,4,0,0.0,0,0.0
"Marshall, Prosper, Irving, Thompson, Dinwiddie",DAL,3,9,-10,16,18,3,7,0.4285714285714285,3,6,0.5,0.5,3,2,4,9,0,0.3333333333333333,0.3333333333333333,1.0,0.4615384615384615,0.4884615384615384,0.5769230769230769,0.6,0,1,0.1428571428571428,0,0.0
"Washington, Prosper, Irving, Thompson, Dinwiddie",DAL,4,9,-3,18,22,5,7,0.7142857142857143,4,13,0.3076923076923077,0.3076923076923077,0,2,8,12,0,0.2,0.2,1.0,0.65,0.5479275,0.55,0.55,0,0,0.0,0,0.0
"Marshall, Williams, Edwards, Hardy, Christie",DAL,1,9,8,19,21,7,11,0.6363636363636364,2,6,0.3333333333333333,0.3333333333333333,1,6,8,6,0,0.4285714285714285,0.5,1.0,0.3529411764705882,0.5177058823529412,0.5882352941176471,0.5526315789473685,2,1,0.0909090909090909,0,0.0
"Kleber, Washington, Grimes, Lively II, Irving",DAL,3,9,-6,17,20,5,11,0.4545454545454545,2,6,0.3333333333333333,0.3333333333333333,4,2,8,6,0,0.2,0.2,1.0,0.3529411764705882,0.5215941176470589,0.4705882352941176,0.5,0,4,0.3636363636363636,0,0.0
"Washington, Marshall, Hardy, Lively II, Thompson",DAL,4,9,4,16,23,6,12,0.5,3,6,0.5,0.5,2,4,8,9,0,0.3333333333333333,0.4,1.0,0.3333333333333333,0.5129111111111111,0.5833333333333334,0.6052631578947368,2,2,0.1666666666666666,0,0.0
"Kleber, Grimes, Irving, Thompson, Dinwiddie",DAL,2,9,6,18,27,6,8,0.75,3,5,0.6,0.6,6,8,4,3,6,0.6666666666666666,0.6666666666666666,0.3333333333333333,0.3846153846153846,0.4660384615384615,0.8076923076923077,0.84375,0,0,0.0,0,0.0
"Kleber, Gafford, Marshall, Hardy, Irving",DAL,3,9,2,17,21,9,12,0.75,0,3,0.0,0.0,3,8,10,0,0,0.4444444444444444,0.5,0.0,0.2,0.5894966666666667,0.6,0.6176470588235294,2,0,0.0,0,0.0
"Dončić, Grimes, Marshall, Lively II, Dinwiddie",DAL,3,9,4,18,23,5,9,0.5555555555555556,3,9,0.3333333333333333,0.3333333333333333,4,6,4,9,0,0.6,0.6,1.0,0.5,0.5568833333333333,0.5277777777777778,0.575,0,0,0.0,0,0.0
"Kleber, Dončić, Lively II, Irving, Thompson",DAL,1,8,6,16,19,6,9,0.6666666666666666,2,7,0.2857142857142857,0.2857142857142857,1,10,2,6,0,0.8333333333333334,0.8333333333333334,1.0,0.4375,0.52113125,0.5625,0.5588235294117647,0,1,0.1111111111111111,0,0.0
"Kleber, Marshall, Hardy, Lively II, Irving",DAL,3,8,0,18,22,5,11,0.4545454545454545,2,6,0.3333333333333333,0.3333333333333333,6,10,0,6,0,1.0,1.0,1.0,0.3529411764705882,0.5819647058823529,0.4705882352941176,0.5238095238095238,0,0,0.0,0,0.0
"Washington, Gafford, Hardy, Thompson, Dinwiddie",DAL,5,8,-2,17,18,5,6,0.8333333333333334,2,7,0.2857142857142857,0.2857142857142857,2,8,2,3,3,0.8,0.8,0.5,0.5384615384615384,0.5845692307692307,0.6153846153846154,0.6,0,0,0.0,0,0.0
"Washington, Gafford, Marshall, Hardy, Irving",DAL,3,8,-1,18,22,7,12,0.5833333333333334,1,5,0.2,0.2,5,4,10,3,0,0.2857142857142857,0.3333333333333333,1.0,0.2941176470588235,0.5255088235294118,0.5,0.55,2,0,0.0,0,0.0
"Martin, Marshall, Jones, Christie, Dinwiddie",DAL,4,8,-1,17,20,3,6,0.5,2,5,0.4,0.4,8,4,2,3,3,0.6666666666666666,0.6666666666666666,0.5,0.4545454545454545,0.5114772727272727,0.5454545454545454,0.625,0,1,0.1666666666666666,0,0.0
"Martin, Marshall, Jones, Hardy, Christie",DAL,3,8,-10,15,7,2,8,0.25,0,3,0.0,0.0,3,2,2,0,0,0.5,0.5,0.0,0.2727272727272727,0.4719136363636363,0.1818181818181818,0.25,0,0,0.0,0,0.0
"Martin, Williams, Edwards, Christie, Dinwiddie",DAL,2,8,-4,18,18,6,13,0.4615384615384615,2,4,0.5,0.5,0,2,10,6,0,0.1666666666666666,0.2,1.0,0.2352941176470588,0.5698117647058824,0.5294117647058824,0.5294117647058824,2,2,0.1538461538461538,0,0.0
"Kleber, Grimes, Marshall, Lively II, Irving",DAL,3,8,1,17,11,3,8,0.375,1,8,0.125,0.125,2,4,2,3,0,0.6666666666666666,0.6666666666666666,1.0,0.5,0.504728125,0.28125,0.3055555555555556,0,1,0.125,0,0.0
"Washington, Gafford, Thompson, Davis, Dinwiddie",DAL,1,8,-4,16,21,7,10,0.7,2,4,0.5,0.5,1,8,6,6,0,0.5714285714285714,0.6666666666666666,1.0,0.2857142857142857,0.5834928571428571,0.7142857142857143,0.7,2,0,0.0,1,0.25
"Washington, Dončić, Grimes, Lively II, Irving",DAL,6,8,1,16,16,4,6,0.6666666666666666,2,6,0.3333333333333333,0.3333333333333333,2,6,2,3,3,0.75,0.75,0.5,0.5,0.5667291666666666,0.5833333333333334,0.5333333333333333,0,1,0.1666666666666666,0,0.0
"Washington, Gafford, Hardy, Irving, Thompson",DAL,3,8,8,18,22,5,11,0.4545454545454545,2,4,0.5,0.5,6,6,4,6,0,0.6,0.6,1.0,0.2666666666666666,0.5536633333333333,0.5333333333333333,0.5789473684210527,0,3,0.2727272727272727,0,0.0
"Marshall, Williams, Edwards, Prosper, Dinwiddie",DAL,1,8,7,18,24,6,10,0.6,4,5,0.8,0.8,0,6,6,9,3,0.5,0.5,0.75,0.3333333333333333,0.48226,0.8,0.8,0,0,0.0,0,0.0
"Marshall, Lively II, Thompson, Davis, Dinwiddie",DAL,1,8,1,18,19,4,8,0.5,3,5,0.6,0.6,2,6,2,6,3,0.75,0.75,0.6666666666666666,0.3846153846153846,0.5422461538461538,0.6538461538461539,0.6785714285714286,0,1,0.125,0,0.0
"Williams, Jones, Hardy, Thompson, Davis",DAL,1,8,-2,15,12,2,4,0.5,2,8,0.25,0.25,2,0,4,6,0,0.0,0.0,1.0,0.6666666666666666,0.5583958333333333,0.4166666666666667,0.4615384615384615,0,0,0.0,0,0.0
"Washington, Christie, Irving, Thompson, Powell",DAL,1,8,-1,17,16,1,8,0.125,4,8,0.5,0.5,2,2,0,12,0,1.0,1.0,1.0,0.5,0.5146625,0.4375,0.4705882352941176,0,2,0.25,0,0.0
"Kleber, Washington, Gafford, Grimes, Dinwiddie",DAL,3,8,3,18,15,2,7,0.2857142857142857,2,5,0.4,0.4,5,2,2,6,0,0.5,0.5,1.0,0.4166666666666667,0.5534416666666667,0.4166666666666667,0.5,0,0,0.0,0,0.0
"Marshall, Edwards, Thompson, Dinwiddie, Powell",DAL,3,8,-6,15,17,4,6,0.6666666666666666,2,7,0.2857142857142857,0.2857142857142857,3,0,8,3,3,0.0,0.0,0.5,0.5384615384615384,0.5787038461538462,0.5384615384615384,0.53125,4,0,0.0,0,0.0
"Kleber, Washington, Gafford, Irving, Dinwiddie",DAL,1,8,-2,14,14,5,8,0.625,1,4,0.25,0.25,1,8,2,3,0,0.8,0.8,1.0,0.3333333333333333,0.5058833333333334,0.5416666666666666,0.5384615384615384,0,2,0.25,0,0.0
"Dončić, Gafford, Hardy, Thompson, Dinwiddie",DAL,3,8,6,13,20,5,5,1.0,3,7,0.4285714285714285,0.4285714285714285,1,10,0,6,3,1.0,1.0,0.6666666666666666,0.5833333333333334,0.5360666666666667,0.7916666666666666,0.7916666666666666,0,0,0.0,0,0.0
"Marshall, Jones, Edwards, Thompson, Dinwiddie",DAL,2,8,-10,15,13,3,9,0.3333333333333333,1,4,0.25,0.25,4,4,2,3,0,0.6666666666666666,0.6666666666666666,1.0,0.3076923076923077,0.5735625,0.3461538461538461,0.4333333333333333,0,0,0.0,0,0.0
"Washington, Marshall, Lively II, Irving, Thompson",DAL,3,8,-3,15,12,4,12,0.3333333333333333,0,1,0.0,0.0,4,8,0,0,0,1.0,1.0,0.0,0.0769230769230769,0.5406153846153846,0.3076923076923077,0.4,0,1,0.0833333333333333,0,0.0
"Williams, Edwards, Christie, Thompson, Powell",DAL,1,7,-4,15,16,5,9,0.5555555555555556,2,6,0.3333333333333333,0.3333333333333333,0,6,4,6,0,0.6,0.6,1.0,0.4,0.4873733333333333,0.5333333333333333,0.5333333333333333,0,0,0.0,0,0.0
"Washington, Gafford, Hardy, Irving, Dinwiddie",DAL,3,7,-11,20,12,4,13,0.3076923076923077,1,6,0.1666666666666666,0.1666666666666666,1,4,4,3,0,0.5,0.6666666666666666,1.0,0.3157894736842105,0.5531868421052631,0.2894736842105263,0.3157894736842105,2,2,0.1538461538461538,0,0.0
"Marshall, Christie, Prosper, Irving, Thompson",DAL,4,7,5,17,23,6,12,0.5,2,6,0.3333333333333333,0.3333333333333333,5,6,6,3,3,0.5,0.6,0.5,0.3333333333333333,0.571975,0.5,0.575,2,2,0.1666666666666666,0,0.0
"Washington, Hardy, Christie, Dinwiddie, Powell",DAL,3,7,-17,15,11,2,5,0.4,1,5,0.2,0.2,4,4,0,0,3,1.0,1.0,0.0,0.5,0.557195,0.35,0.4583333333333333,0,0,0.0,0,0.0
"Dončić, Gafford, Marshall, Irving, Dinwiddie",DAL,4,7,1,15,20,5,6,0.8333333333333334,1,4,0.25,0.25,7,6,4,0,3,0.6,0.6,0.0,0.4,0.5462049999999999,0.65,0.7692307692307693,0,1,0.1666666666666666,0,0.0
"Dončić, Gafford, Irving, Thompson, Dinwiddie",DAL,2,7,2,14,15,3,6,0.5,2,7,0.2857142857142857,0.2857142857142857,3,6,0,3,3,1.0,1.0,0.5,0.5384615384615384,0.5507076923076923,0.4615384615384615,0.5357142857142857,0,0,0.0,0,0.0
"Martin, Marshall, Williams, Hardy, Powell",DAL,2,7,14,15,26,3,8,0.375,6,7,0.8571428571428571,0.8571428571428571,2,2,4,12,6,0.3333333333333333,0.5,0.6666666666666666,0.4666666666666667,0.5137066666666666,0.8,0.8125,2,1,0.125,0,0.0
"Dončić, Lively II, Prosper, Thompson, Dinwiddie",DAL,1,7,2,14,14,0,5,0.0,2,5,0.4,0.4,8,0,0,6,0,0.0,0.0,1.0,0.5,0.5679350000000001,0.3,0.4666666666666667,0,1,0.2,0,0.0
"Marshall, Edwards, Thompson, Dinwiddie, Exum",DAL,2,7,-1,14,15,6,7,0.8571428571428571,0,1,0.0,0.0,3,6,6,0,0,0.5,0.6,0.0,0.125,0.60735,0.75,0.8333333333333334,2,1,0.1428571428571428,0,0.0
"Kleber, Gafford, Marshall, Hardy, Dinwiddie",DAL,3,7,-12,16,11,3,7,0.4285714285714285,0,3,0.0,0.0,5,2,4,0,0,0.3333333333333333,0.3333333333333333,0.0,0.3,0.5212333333333333,0.3,0.4583333333333333,0,0,0.0,0,0.0
"Kleber, Washington, Hardy, Irving, Dinwiddie",DAL,2,7,2,13,16,2,5,0.4,4,5,0.8,0.8,0,2,2,9,3,0.5,0.5,0.75,0.5,0.5280050000000001,0.8,0.8,0,0,0.0,0,0.0
"Kleber, Grimes, Lively II, Thompson, Dinwiddie",DAL,3,7,-5,15,11,1,6,0.1666666666666666,3,7,0.4285714285714285,0.4285714285714285,0,2,0,6,3,1.0,1.0,0.6666666666666666,0.5384615384615384,0.5641538461538461,0.4230769230769231,0.4230769230769231,0,1,0.1666666666666666,0,0.0
"Kleber, Gafford, Grimes, Hardy, Dinwiddie",DAL,2,7,-8,15,15,2,7,0.2857142857142857,2,5,0.4,0.4,5,2,2,6,0,0.5,0.5,1.0,0.4166666666666667,0.5284375,0.4166666666666667,0.5357142857142857,0,0,0.0,0,0.0
"Washington, Gafford, Grimes, Williams, Dinwiddie",DAL,3,7,-9,15,14,6,10,0.6,0,2,0.0,0.0,2,10,2,0,0,0.8333333333333334,0.8333333333333334,0.0,0.1666666666666666,0.6133083333333333,0.5,0.5384615384615384,0,1,0.1,0,0.0
"Williams, Edwards, Christie, Irving, Thompson",DAL,1,7,9,13,18,5,6,0.8333333333333334,2,5,0.4,0.4,2,0,10,3,3,0.0,0.0,0.5,0.4545454545454545,0.5720363636363636,0.7272727272727273,0.75,0,1,0.1666666666666666,0,0.0
"Martin, Marshall, Jones, Hardy, Dinwiddie",DAL,2,7,-15,18,10,4,6,0.6666666666666666,0,5,0.0,0.0,2,2,6,0,0,0.25,0.25,0.0,0.4545454545454545,0.547865,0.3636363636363636,0.3846153846153846,0,1,0.1666666666666666,0,0.0
"Washington, Dončić, Gafford, Thompson, Dinwiddie",DAL,4,7,7,15,22,7,9,0.7777777777777778,2,5,0.4,0.4,2,8,6,6,0,0.5714285714285714,0.6666666666666666,1.0,0.3571428571428571,0.5376035714285714,0.7142857142857143,0.7333333333333333,2,0,0.0,0,0.0
"Washington, Grimes, Lively II, Irving, Dinwiddie",DAL,5,7,-3,16,10,4,9,0.4444444444444444,0,4,0.0,0.0,2,4,4,0,0,0.5,0.6666666666666666,0.0,0.3076923076923077,0.5469,0.3076923076923077,0.3571428571428571,2,1,0.1111111111111111,0,0.0
"Marshall, Hardy, Christie, Dinwiddie, Powell",DAL,2,7,5,15,22,8,11,0.7272727272727273,0,1,0.0,0.0,6,4,12,0,0,0.25,0.25,0.0,0.0833333333333333,0.5091416666666667,0.6666666666666666,0.7333333333333333,0,0,0.0,0,0.0
"Dončić, Grimes, Marshall, Hardy, Lively II",DAL,1,7,7,12,16,6,7,0.8571428571428571,1,5,0.2,0.2,1,6,6,0,3,0.5,0.6,0.0,0.4166666666666667,0.5268541666666667,0.625,0.6153846153846154,2,0,0.0,0,0.0
"Gafford, Grimes, Prosper, Irving, Dinwiddie",DAL,4,7,0,13,17,3,6,0.5,2,4,0.5,0.5,5,4,2,6,0,0.6666666666666666,0.6666666666666666,1.0,0.4,0.51289,0.6,0.6538461538461539,0,1,0.1666666666666666,0,0.0
"Kleber, Marshall, Hardy, Lively II, Dinwiddie",DAL,4,7,1,16,22,6,7,0.8571428571428571,2,4,0.5,0.5,4,8,4,6,0,0.6666666666666666,0.6666666666666666,1.0,0.3636363636363636,0.6368272727272727,0.8181818181818182,0.8461538461538461,0,0,0.0,0,0.0
"Dončić, Gafford, Marshall, Hardy, Dinwiddie",DAL,4,7,3,16,12,5,10,0.5,0,4,0.0,0.0,2,8,2,0,0,0.8,1.0,0.0,0.2857142857142857,0.5505142857142857,0.3571428571428571,0.4,2,0,0.0,0,0.0
"Gafford, Christie, Irving, Thompson, Dinwiddie",DAL,3,7,0,11,11,4,10,0.4,1,2,0.5,0.5,0,0,8,3,0,0.0,0.0,1.0,0.1666666666666666,0.4730875,0.4583333333333333,0.4583333333333333,2,0,0.0,0,0.0
"Marshall, Christie, Thompson, Dinwiddie, Exum",DAL,2,6,-5,13,14,1,6,0.1666666666666666,4,7,0.5714285714285714,0.5714285714285714,0,2,0,6,6,1.0,1.0,0.5,0.5384615384615384,0.5352076923076923,0.5384615384615384,0.5384615384615384,0,1,0.1666666666666666,0,0.0
"Kelley, Williams, Edwards, Hardy, Prosper",DAL,3,6,4,13,13,1,4,0.25,3,7,0.4285714285714285,0.4285714285714285,2,2,0,9,0,1.0,1.0,1.0,0.6363636363636364,0.48995,0.5,0.5416666666666666,0,0,0.0,0,0.0
"Kleber, Grimes, Irving, Dinwiddie, Powell",DAL,3,6,-2,12,16,3,6,0.5,2,3,0.6666666666666666,0.6666666666666666,4,4,2,6,0,0.6666666666666666,0.6666666666666666,1.0,0.3333333333333333,0.4770888888888889,0.6666666666666666,0.7272727272727273,0,1,0.1666666666666666,0,0.0
"Martin, Marshall, Williams, Dinwiddie, Powell",DAL,1,6,5,13,16,6,8,0.75,1,4,0.25,0.25,1,6,6,3,0,0.5,0.6,1.0,0.3333333333333333,0.632675,0.625,0.6666666666666666,2,0,0.0,0,0.0
"Washington, Marshall, Christie, Davis, Dinwiddie",DAL,3,6,-2,11,15,3,8,0.375,1,3,0.3333333333333333,0.3333333333333333,6,4,2,3,0,0.6666666666666666,0.6666666666666666,1.0,0.2727272727272727,0.5125818181818181,0.4090909090909091,0.5,0,0,0.0,0,0.0
"Martin, Gafford, Hardy, Christie, Davis",DAL,1,6,3,15,21,5,8,0.625,2,3,0.6666666666666666,0.6666666666666666,5,4,6,0,6,0.4,0.5,0.0,0.2727272727272727,0.5032272727272727,0.7272727272727273,0.75,2,1,0.125,0,0.0
"Washington, Brown, Marshall, Christie, Dinwiddie",DAL,2,6,-1,15,16,4,7,0.5714285714285714,2,3,0.6666666666666666,0.6666666666666666,2,4,4,6,0,0.5,0.6666666666666666,1.0,0.3,0.4899099999999999,0.7,0.7272727272727273,2,2,0.2857142857142857,0,0.0
"Grimes, Lively II, Prosper, Irving, Dinwiddie",DAL,2,6,1,13,15,3,7,0.4285714285714285,3,4,0.75,0.75,0,2,4,9,0,0.3333333333333333,0.3333333333333333,1.0,0.3636363636363636,0.5311954545454545,0.6818181818181818,0.6818181818181818,0,1,0.1428571428571428,0,0.0
"Martin, Marshall, Jones, Christie, Powell",DAL,2,6,1,13,17,5,8,0.625,0,1,0.0,0.0,7,6,4,0,0,0.6,0.75,0.0,0.1111111111111111,0.50275,0.5555555555555556,0.6538461538461539,2,1,0.125,0,0.0
"Gafford, Marshall, Irving, Thompson, Dinwiddie",DAL,4,6,-2,10,10,2,7,0.2857142857142857,2,5,0.4,0.4,0,4,0,3,3,1.0,1.0,0.5,0.4166666666666667,0.5407125,0.4166666666666667,0.4166666666666667,0,2,0.2857142857142857,0,0.0
"Martin, Marshall, Edwards, Christie, Dinwiddie",DAL,1,6,2,14,15,3,8,0.375,3,4,0.75,0.75,0,2,4,6,3,0.3333333333333333,0.3333333333333333,0.6666666666666666,0.3333333333333333,0.5094958333333334,0.625,0.625,0,1,0.125,0,0.0
"Washington, Gafford, Marshall, Christie, Dinwiddie",DAL,2,6,3,11,15,4,6,0.6666666666666666,2,3,0.6666666666666666,0.6666666666666666,1,4,4,6,0,0.5,0.6666666666666666,1.0,0.3333333333333333,0.5219055555555555,0.7777777777777778,0.6818181818181818,2,0,0.0,0,0.0
"Kleber, Washington, Marshall, Irving, Dinwiddie",DAL,2,6,-1,13,13,3,5,0.6,2,5,0.4,0.4,1,6,0,6,0,1.0,1.0,1.0,0.5,0.52914,0.6,0.6,0,0,0.0,0,0.0
"Williams, Edwards, Hardy, Christie, Powell",DAL,1,6,4,13,21,6,6,1.0,1,2,0.5,0.5,6,4,8,3,0,0.3333333333333333,0.3333333333333333,1.0,0.25,0.0,0.9375,0.9545454545454546,0,0,0.0,0,0.0
"Marshall, Jones, Thompson, Davis, Dinwiddie",DAL,2,6,-1,13,9,3,8,0.375,1,4,0.25,0.25,0,6,0,3,0,1.0,1.0,1.0,0.3333333333333333,0.5062041666666667,0.375,0.3461538461538461,0,0,0.0,0,0.0
"Dončić, Marshall, Irving, Dinwiddie, Powell",DAL,2,6,7,12,16,3,7,0.4285714285714285,3,5,0.6,0.6,1,0,6,9,0,0.0,0.0,1.0,0.4166666666666667,0.5178375000000001,0.625,0.6666666666666666,0,0,0.0,0,0.0
"Washington, Edwards, Christie, Irving, Thompson",DAL,1,6,-3,12,12,5,10,0.5,0,2,0.0,0.0,2,4,6,0,0,0.4,0.4,0.0,0.1666666666666666,0.53905,0.4166666666666667,0.4166666666666667,0,2,0.2,0,0.0
"Kleber, Washington, Hardy, Dinwiddie, Powell",DAL,2,6,-1,10,13,3,7,0.4285714285714285,2,5,0.4,0.4,1,4,2,6,0,0.6666666666666666,0.6666666666666666,1.0,0.4166666666666667,0.562175,0.5,0.5,0,1,0.1428571428571428,0,0.0
"Kleber, Dončić, Gafford, Thompson, Dinwiddie",DAL,1,6,14,12,24,4,7,0.5714285714285714,5,7,0.7142857142857143,0.7142857142857143,1,6,2,9,6,0.75,0.75,0.6,0.5,0.6283928571428571,0.8214285714285714,0.8,0,0,0.0,0,0.0
"Gafford, Grimes, Edwards, Hardy, Irving",DAL,1,6,-4,10,15,5,10,0.5,0,0,0.0,0.0,5,4,6,0,0,0.4,0.4,0.0,0.0,0.51777,0.5,0.5769230769230769,0,0,0.0,0,0.0
"Martin, Washington, Christie, Davis, Dinwiddie",DAL,2,6,-1,11,13,3,7,0.4285714285714285,2,3,0.6666666666666666,0.6666666666666666,1,2,4,6,0,0.3333333333333333,0.3333333333333333,1.0,0.3,0.512995,0.6,0.5909090909090909,0,0,0.0,0,0.0
"Washington, Dončić, Marshall, Lively II, Irving",DAL,3,6,-2,14,11,3,6,0.5,1,4,0.25,0.25,2,2,4,0,3,0.3333333333333333,0.3333333333333333,0.0,0.4,0.533695,0.45,0.5,0,1,0.1666666666666666,0,0.0
"Gafford, Grimes, Marshall, Edwards, Irving",DAL,2,6,3,11,20,5,6,0.8333333333333334,3,6,0.5,0.6,1,4,6,9,0,0.4,0.5,1.0,0.5,0.5110681818181818,0.7916666666666666,0.8333333333333334,2,0,0.0,0,0.0
"Washington, Marshall, Christie, Irving, Thompson",DAL,2,6,-9,13,6,0,6,0.0,2,7,0.2857142857142857,0.2857142857142857,0,0,0,6,0,0.0,0.0,1.0,0.5384615384615384,0.5623538461538462,0.2307692307692307,0.2307692307692307,0,0,0.0,0,0.0
"Washington, Edwards, Christie, Irving, Dinwiddie",DAL,2,6,0,11,16,4,7,0.5714285714285714,2,5,0.4,0.4,2,4,4,0,6,0.5,0.5,0.0,0.4166666666666667,0.5155583333333333,0.5833333333333334,0.6153846153846154,0,1,0.1428571428571428,0,0.0
"Kleber, Grimes, Prosper, Irving, Dinwiddie",DAL,2,6,-15,11,6,3,4,0.75,0,4,0.0,0.0,0,0,6,0,0,0.0,0.0,0.0,0.5,0.5917125,0.375,0.375,0,1,0.25,0,0.0
"Marshall, Hardy, Thompson, Davis, Dinwiddie",DAL,1,6,-6,13,8,2,6,0.3333333333333333,1,2,0.5,0.5,1,0,4,3,0,0.0,0.0,1.0,0.25,0.4617,0.4375,0.4444444444444444,0,0,0.0,0,0.0
"Kleber, Dončić, Gafford, Marshall, Hardy",DAL,2,6,3,14,17,4,7,0.5714285714285714,2,5,0.4,0.4,3,6,2,3,3,0.75,0.75,0.5,0.4166666666666667,0.55565,0.5833333333333334,0.6071428571428571,0,1,0.1428571428571428,0,0.0
"Marshall, Edwards, Hardy, Christie, Dinwiddie",DAL,1,6,-1,12,14,3,6,0.5,2,4,0.5,0.5,2,2,4,6,0,0.3333333333333333,0.3333333333333333,1.0,0.4,0.593,0.6,0.6363636363636364,0,0,0.0,0,0.0
"Washington, Gafford, Irving, Thompson, Davis",DAL,1,6,6,11,17,7,9,0.7777777777777778,1,3,0.3333333333333333,0.3333333333333333,0,8,6,0,3,0.5714285714285714,0.6666666666666666,0.0,0.25,0.5974916666666666,0.7083333333333334,0.7083333333333334,2,0,0.0,0,0.0
"Kleber, Grimes, Lively II, Irving, Dinwiddie",DAL,3,6,-5,10,14,3,8,0.375,2,5,0.4,0.4,2,2,4,3,3,0.3333333333333333,0.5,0.5,0.3846153846153846,0.5340807692307693,0.4615384615384615,0.5384615384615384,2,1,0.125,0,0.0
"Washington, Grimes, Marshall, Hardy, Lively II",DAL,4,5,0,11,11,5,11,0.4545454545454545,0,3,0.0,0.0,1,8,2,0,0,0.8,1.0,0.0,0.2142857142857142,0.5590607142857144,0.3571428571428571,0.3666666666666666,2,1,0.0909090909090909,0,0.0
"Kleber, Washington, Dončić, Grimes, Dinwiddie",DAL,1,5,-6,9,12,5,5,1.0,0,4,0.0,0.0,2,4,6,0,0,0.4,0.4,0.0,0.4444444444444444,0.5477388888888889,0.5555555555555556,0.6,0,0,0.0,0,0.0
"Kleber, Washington, Gafford, Hardy, Dinwiddie",DAL,2,5,1,13,10,1,2,0.5,2,6,0.3333333333333333,0.3333333333333333,2,2,0,3,3,1.0,1.0,0.5,0.75,0.50615625,0.5,0.5555555555555556,0,0,0.0,0,0.0
"Martin, Marshall, Williams, Christie, Powell",DAL,2,5,2,10,14,3,5,0.6,2,3,0.6666666666666666,0.6666666666666666,2,4,2,6,0,0.6666666666666666,0.6666666666666666,1.0,0.375,0.4713125,0.75,0.7777777777777778,0,0,0.0,0,0.0
"Marshall, Christie, Davis, Dinwiddie, Exum",DAL,1,5,7,11,16,3,6,0.5,2,2,1.0,1.0,4,2,4,3,3,0.3333333333333333,0.3333333333333333,0.5,0.25,0.505775,0.75,0.7272727272727273,0,0,0.0,0,0.0
"Kleber, Gafford, Hardy, Irving, Dinwiddie",DAL,2,5,3,11,19,6,9,0.6666666666666666,2,3,0.6666666666666666,0.6666666666666666,1,4,8,3,3,0.3333333333333333,0.4,0.5,0.25,0.4776458333333333,0.75,0.7916666666666666,2,1,0.1111111111111111,0,0.0
"Kleber, Washington, Marshall, Hardy, Dinwiddie",DAL,4,5,7,11,19,6,7,0.8571428571428571,2,3,0.6666666666666666,0.6666666666666666,1,2,10,6,0,0.1666666666666666,0.1666666666666666,1.0,0.3,0.549695,0.9,0.8636363636363636,0,1,0.1428571428571428,0,0.0
"Washington, Marshall, Thompson, Dinwiddie, Powell",DAL,2,5,2,12,10,2,6,0.3333333333333333,1,5,0.2,0.2,3,2,2,3,0,0.5,0.5,1.0,0.4545454545454545,0.5061,0.3181818181818182,0.375,0,1,0.1666666666666666,0,0.0
"Brown, Kelley, Williams, Hardy, Prosper",DAL,1,5,4,13,16,4,7,0.5714285714285714,1,1,1.0,1.0,5,4,4,3,0,0.5,0.6666666666666666,1.0,0.125,0.511575,0.6875,0.8,2,1,0.1428571428571428,0,0.0
"Dončić, Marshall, Hardy, Lively II, Irving",DAL,2,5,1,12,12,3,5,0.6,2,6,0.3333333333333333,0.3333333333333333,0,2,4,6,0,0.3333333333333333,0.3333333333333333,1.0,0.5454545454545454,0.5479,0.5454545454545454,0.5,0,1,0.2,0,0.0
"Kleber, Gafford, Grimes, Marshall, Hardy",DAL,2,5,-4,12,6,0,6,0.0,1,4,0.25,0.25,3,0,0,3,0,0.0,0.0,1.0,0.4,0.50127,0.15,0.25,0,0,0.0,0,0.0
"Grimes, Marshall, Hardy, Dinwiddie, Powell",DAL,3,5,-7,10,10,4,8,0.5,0,1,0.0,0.0,2,6,2,0,0,0.75,0.75,0.0,0.1111111111111111,0.5406944444444445,0.4444444444444444,0.5,0,0,0.0,0,0.0
"Marshall, Irving, Dinwiddie, Powell, Exum",DAL,2,5,2,11,11,3,5,0.6,1,7,0.1428571428571428,0.1428571428571428,2,4,2,0,3,0.6666666666666666,0.6666666666666666,0.0,0.5833333333333334,0.5299875,0.375,0.4230769230769231,0,0,0.0,0,0.0
"Kleber, Washington, Marshall, Lively II, Thompson",DAL,1,5,-4,11,11,5,9,0.5555555555555556,0,2,0.0,0.0,1,6,4,0,0,0.6,0.6,0.0,0.1818181818181818,0.4820409090909091,0.4545454545454545,0.5,0,1,0.1111111111111111,0,0.0
"Washington, Dončić, Gafford, Marshall, Thompson",DAL,2,5,6,9,16,3,4,0.75,3,4,0.75,0.75,1,4,2,6,3,0.6666666666666666,0.6666666666666666,0.6666666666666666,0.5,0.51648125,0.9375,1.0,0,1,0.25,0,0.0
"Jones, Edwards, Christie, Prosper, Dinwiddie",DAL,1,5,2,10,17,3,3,1.0,2,4,0.5,0.5,5,6,0,6,0,1.0,1.0,1.0,0.5714285714285714,0.5378214285714286,0.8571428571428571,0.8888888888888888,0,0,0.0,0,0.0
"Kleber, Washington, Hardy, Thompson, Dinwiddie",DAL,2,5,10,12,18,2,3,0.6666666666666666,4,6,0.6666666666666666,0.6666666666666666,2,0,4,12,0,0.0,0.0,1.0,0.6666666666666666,0.5395444444444445,0.8888888888888888,0.9,0,0,0.0,0,0.0
"Gafford, Grimes, Marshall, Thompson, Dinwiddie",DAL,2,5,0,8,9,1,2,0.5,2,5,0.4,0.4,1,2,0,6,0,1.0,1.0,1.0,0.7142857142857143,0.5700999999999999,0.5714285714285714,0.5625,0,1,0.5,0,0.0
"Marshall, Williams, Hardy, Christie, Davis",DAL,2,5,5,11,15,2,5,0.4,3,4,0.75,0.75,2,4,0,9,0,1.0,1.0,1.0,0.4444444444444444,0.5212722222222221,0.7222222222222222,0.75,0,0,0.0,0,0.0
"Dončić, Marshall, Lively II, Irving, Dinwiddie",DAL,2,5,7,11,9,2,4,0.5,1,4,0.25,0.25,2,4,0,3,0,1.0,1.0,1.0,0.5,0.57970625,0.4375,0.5,0,1,0.25,0,0.0
"Marshall, Williams, Christie, Prosper, Dinwiddie",DAL,2,5,-3,12,10,3,6,0.5,1,7,0.1428571428571428,0.1428571428571428,1,6,0,0,3,1.0,1.0,0.0,0.5384615384615384,0.5415115384615384,0.3461538461538461,0.3214285714285714,0,2,0.3333333333333333,0,0.0
"Dončić, Gafford, Grimes, Prosper, Dinwiddie",DAL,2,5,5,13,16,5,9,0.5555555555555556,2,5,0.4,0.4,0,10,0,6,0,1.0,1.0,1.0,0.3571428571428571,0.5802357142857143,0.5714285714285714,0.5714285714285714,0,1,0.1111111111111111,0,0.0
"Washington, Marshall, Williams, Jones, Dinwiddie",DAL,1,5,0,9,13,4,6,0.6666666666666666,1,2,0.5,0.5,2,4,4,3,0,0.5,0.5,1.0,0.25,0.5304125,0.6875,0.65,0,1,0.1666666666666666,0,0.0
"Washington, Dončić, Hardy, Lively II, Thompson",DAL,2,5,-8,10,4,2,6,0.3333333333333333,0,4,0.0,0.0,0,2,2,0,0,0.5,0.5,0.0,0.4,0.57515,0.2,0.2,0,0,0.0,0,0.0
"Marshall, Kelley, Christie, Irving, Dinwiddie",DAL,2,5,-4,10,16,1,4,0.25,3,8,0.375,0.375,5,0,2,6,3,0.0,0.0,0.6666666666666666,0.6666666666666666,0.5147,0.4583333333333333,0.5333333333333333,0,0,0.0,0,0.0
"Washington, Gafford, Williams, Edwards, Dinwiddie",DAL,2,5,3,9,9,4,6,0.6666666666666666,0,0,0.0,0.0,1,6,2,0,0,0.75,0.75,0.0,0.0,0.54845,0.6666666666666666,0.6428571428571429,0,0,0.0,0,0.0
"Kleber, Grimes, Hardy, Irving, Powell",DAL,2,5,0,10,12,2,4,0.5,2,4,0.5,0.5,2,0,4,6,0,0.0,0.0,1.0,0.5,0.48256875,0.625,0.6666666666666666,0,0,0.0,0,0.0
"Edwards, Prosper, Irving, Thompson, Exum",DAL,1,5,-4,11,9,3,6,0.5,1,3,0.3333333333333333,0.3333333333333333,0,4,2,3,0,0.6666666666666666,0.6666666666666666,1.0,0.3333333333333333,0.5824277777777778,0.5,0.45,0,0,0.0,0,0.0
"Kleber, Washington, Marshall, Thompson, Dinwiddie",DAL,2,5,-8,9,10,4,6,0.6666666666666666,0,3,0.0,0.0,2,6,2,0,0,0.75,0.75,0.0,0.3333333333333333,0.5406388888888889,0.4444444444444444,0.5,0,0,0.0,0,0.0
"Kleber, Hardy, Lively II, Irving, Dinwiddie",DAL,3,5,-3,13,12,3,5,0.6,2,4,0.5,0.5,0,0,6,6,0,0.0,0.0,1.0,0.4444444444444444,0.5049055555555556,0.6666666666666666,0.6666666666666666,2,0,0.0,0,0.0
"Washington, Dončić, Marshall, Hardy, Irving",DAL,1,5,9,9,12,3,4,0.75,2,5,0.4,0.4,0,4,2,3,3,0.6666666666666666,0.6666666666666666,0.5,0.5555555555555556,0.5626222222222222,0.6666666666666666,0.6666666666666666,0,1,0.25,0,0.0
"Kleber, Washington, Grimes, Prosper, Irving",DAL,2,5,-2,13,17,2,4,0.5,3,4,0.75,0.75,4,2,2,3,6,0.5,0.5,0.3333333333333333,0.5,0.55545625,0.8125,0.8,0,2,0.5,0,0.0
"Dončić, Grimes, Lively II, Prosper, Dinwiddie",DAL,1,5,-3,10,16,3,3,1.0,3,6,0.5,0.5,1,6,0,9,0,1.0,1.0,1.0,0.6666666666666666,0.5627944444444445,0.8333333333333334,0.8888888888888888,0,0,0.0,0,0.0
"Martin, Marshall, Williams, Christie, Dinwiddie",DAL,2,5,0,12,13,2,7,0.2857142857142857,2,2,1.0,1.0,3,2,2,6,0,0.5,0.5,1.0,0.2222222222222222,0.5059222222222223,0.5555555555555556,0.5909090909090909,0,2,0.2857142857142857,0,0.0
"Dončić, Gafford, Grimes, Thompson, Dinwiddie",DAL,2,5,4,9,13,2,3,0.6666666666666666,2,3,0.6666666666666666,0.6666666666666666,3,4,0,6,0,1.0,1.0,1.0,0.5,0.605175,0.8333333333333334,0.9285714285714286,0,0,0.0,0,0.0
"Grimes, Prosper, Morris, Dinwiddie, Powell",DAL,1,5,-3,10,8,0,2,0.0,2,4,0.5,0.5,2,0,0,6,0,0.0,0.0,1.0,0.6666666666666666,0.4737666666666666,0.5,0.5714285714285714,0,0,0.0,0,0.0
"Brown, Marshall, Hardy, Irving, Thompson",DAL,1,5,2,9,15,3,5,0.6,2,4,0.5,0.5,3,4,2,3,3,0.6666666666666666,1.0,0.5,0.4444444444444444,0.5548222222222222,0.6666666666666666,0.75,2,1,0.2,0,0.0
"Washington, Grimes, Prosper, Thompson, Dinwiddie",DAL,1,5,0,10,11,4,6,0.6666666666666666,1,4,0.25,0.25,0,8,0,3,0,1.0,1.0,1.0,0.4,0.57723,0.55,0.5,0,1,0.1666666666666666,0,0.0
"Dončić, Gafford, Prosper, Irving, Dinwiddie",DAL,1,5,7,10,19,4,5,0.8,3,3,1.0,1.0,2,6,2,9,0,0.75,0.75,1.0,0.375,0.5371125,1.0625,1.0555555555555556,0,0,0.0,0,0.0
"Washington, Grimes, Marshall, Lively II, Dinwiddie",DAL,5,5,-5,8,5,0,2,0.0,0,4,0.0,0.0,5,0,0,0,0,0.0,0.0,0.0,0.6666666666666666,0.5009083333333334,0.0,0.25,0,1,0.5,0,0.0
"Marshall, Hardy, Dinwiddie, Powell, Exum",DAL,1,5,-2,11,10,5,7,0.7142857142857143,0,1,0.0,0.0,0,6,4,0,0,0.6,0.6,0.0,0.125,0.53050625,0.625,0.625,0,1,0.1428571428571428,0,0.0
"Marshall, Irving, Davis, Dinwiddie, Exum",DAL,1,5,1,10,14,2,6,0.3333333333333333,2,4,0.5,0.5,4,2,2,6,0,0.5,0.5,1.0,0.4,0.544765,0.5,0.5833333333333334,0,0,0.0,0,0.0
"Washington, Marshall, Jones, Edwards, Dinwiddie",DAL,1,5,-7,10,9,3,7,0.4285714285714285,1,2,0.5,0.5,0,2,4,3,0,0.3333333333333333,0.3333333333333333,1.0,0.2222222222222222,0.5287166666666666,0.5,0.5,0,1,0.1428571428571428,0,0.0
"Gafford, Marshall, Prosper, Irving, Dinwiddie",DAL,2,5,-7,8,10,4,6,0.6666666666666666,0,1,0.0,0.0,2,6,2,0,0,0.75,0.75,0.0,0.1428571428571428,0.5074500000000001,0.5714285714285714,0.625,0,0,0.0,0,0.0
"Kleber, Grimes, Lively II, Irving, Thompson",DAL,3,5,-4,7,7,3,3,1.0,0,2,0.0,0.0,1,6,0,0,0,1.0,1.0,0.0,0.4,0.51018,0.6,0.5833333333333334,0,0,0.0,0,0.0
"Gafford, Christie, Irving, Thompson, Exum",DAL,2,5,3,8,13,3,5,0.6,2,4,0.5,0.5,1,2,4,3,3,0.3333333333333333,0.5,0.5,0.4444444444444444,0.5406333333333334,0.6666666666666666,0.65,2,0,0.0,0,0.0
"Williams, Prosper, Morris, Dinwiddie, Powell",DAL,1,5,-1,11,6,3,7,0.4285714285714285,0,3,0.0,0.0,0,0,6,0,0,0.0,0.0,0.0,0.3,0.497685,0.3,0.3,2,1,0.1428571428571428,0,0.0
"Martin, Williams, Christie, Thompson, Powell",DAL,2,5,-4,9,9,3,6,0.5,1,4,0.25,0.25,0,0,6,3,0,0.0,0.0,1.0,0.4,0.504795,0.45,0.45,2,0,0.0,0,0.0
"Washington, Marshall, Edwards, Christie, Dinwiddie",DAL,2,5,-14,11,7,0,5,0.0,1,3,0.3333333333333333,0.3333333333333333,4,0,0,0,3,0.0,0.0,0.0,0.375,0.564125,0.1875,0.3181818181818182,0,1,0.2,0,0.0
"Gafford, Marshall, Christie, Irving, Thompson",DAL,1,5,9,9,18,5,6,0.8333333333333334,1,2,0.5,0.5,5,8,2,3,0,0.8,0.8,1.0,0.25,0.5325875,0.8125,0.9,0,0,0.0,0,0.0
"Marshall, Williams, Jones, Christie, Dinwiddie",DAL,1,5,-7,10,9,3,5,0.6,1,2,0.5,0.5,0,2,4,3,0,0.3333333333333333,0.3333333333333333,1.0,0.2857142857142857,0.0,0.6428571428571429,0.6428571428571429,0,0,0.0,0,0.0
"Marshall, Lively II, Irving, Thompson, Dinwiddie",DAL,3,5,-9,9,6,1,3,0.3333333333333333,1,4,0.25,0.25,1,2,0,3,0,1.0,1.0,1.0,0.5714285714285714,0.49605,0.3571428571428571,0.375,0,0,0.0,0,0.0
"Washington, Jones, Christie, Thompson, Dinwiddie",DAL,2,5,0,12,13,2,5,0.4,3,7,0.4285714285714285,0.4285714285714285,0,4,0,9,0,1.0,1.0,1.0,0.5833333333333334,0.5677833333333333,0.5416666666666666,0.5416666666666666,0,1,0.2,0,0.0
"Dončić, Gafford, Grimes, Marshall, Thompson",DAL,1,5,-3,8,14,4,4,1.0,0,2,0.0,0.0,6,4,4,0,0,0.5,0.6666666666666666,0.0,0.3333333333333333,0.562975,0.6666666666666666,0.7777777777777778,2,0,0.0,0,0.0
"Martin, Jones, Hardy, Christie, Dinwiddie",DAL,2,5,-6,11,9,3,6,0.5,1,5,0.2,0.2,0,2,4,0,3,0.3333333333333333,0.5,0.0,0.4545454545454545,0.5891727272727273,0.4090909090909091,0.4090909090909091,2,0,0.0,0,0.0
"Washington, Marshall, Williams, Christie, Powell",DAL,2,5,-5,10,7,2,5,0.4,1,3,0.3333333333333333,0.3333333333333333,0,2,2,3,0,0.5,0.5,1.0,0.375,0.5369875,0.4375,0.4375,0,1,0.2,0,0.0
"Washington, Marshall, Christie, Irving, Exum",DAL,1,5,4,9,11,1,3,0.3333333333333333,2,2,1.0,1.0,3,2,0,6,0,1.0,1.0,1.0,0.4,0.5276799999999999,0.8,0.6875,0,1,0.3333333333333333,0,0.0
"Grimes, Marshall, Williams, Hardy, Prosper",DAL,1,5,-18,11,4,1,4,0.25,0,5,0.0,0.0,2,2,0,0,0,1.0,1.0,0.0,0.5555555555555556,0.5166277777777778,0.1111111111111111,0.2,0,1,0.25,0,0.0
"Washington, Christie, Lively II, Davis, Exum",DAL,1,5,15,12,24,4,4,1.0,4,4,1.0,1.0,4,8,0,12,0,1.0,1.0,1.0,0.5,0.63254375,1.25,1.2,0,0,0.0,0,0.0
"Martin, Jones, Thompson, Davis, Dinwiddie",DAL,1,5,-5,9,6,2,4,0.5,0,4,0.0,0.0,2,4,0,0,0,1.0,1.0,0.0,0.5,0.53173125,0.25,0.3,0,0,0.0,0,0.0
"Martin, Marshall, Christie, Davis, Dinwiddie",DAL,2,5,5,8,7,2,4,0.5,0,1,0.0,0.0,3,2,2,0,0,0.5,0.5,0.0,0.2,0.48423,0.4,0.5,0,0,0.0,0,0.0
"Kleber, Dončić, Hardy, Lively II, Thompson",DAL,2,4,6,10,13,3,5,0.6,2,4,0.5,0.5,1,4,2,0,6,0.6666666666666666,0.6666666666666666,0.0,0.4444444444444444,0.5628833333333333,0.6666666666666666,0.65,0,1,0.2,0,0.0
"Marshall, Williams, Christie, Davis, Powell",DAL,1,4,10,10,15,4,5,0.8,1,2,0.5,0.5,4,2,6,3,0,0.25,0.25,1.0,0.2857142857142857,0.5708928571428571,0.7857142857142857,0.8333333333333334,0,0,0.0,0,0.0
"Washington, Brown, Christie, Irving, Dinwiddie",DAL,1,4,-9,10,10,3,6,0.5,0,4,0.0,0.0,4,4,2,0,0,0.6666666666666666,0.6666666666666666,0.0,0.4,0.531755,0.3,0.4166666666666667,0,0,0.0,0,0.0
"Grimes, Prosper, Irving, Dinwiddie, Powell",DAL,1,4,-6,9,6,2,3,0.6666666666666666,0,4,0.0,0.0,2,2,2,0,0,0.5,1.0,0.0,0.5714285714285714,0.6252142857142857,0.2857142857142857,0.3333333333333333,2,0,0.0,0,0.0
"Grimes, Edwards, Hardy, Morris, Dinwiddie",DAL,1,4,0,9,9,2,4,0.5,1,3,0.3333333333333333,0.3333333333333333,2,2,2,0,3,0.5,0.5,0.0,0.4285714285714285,0.4793857142857143,0.5,0.5625,0,0,0.0,0,0.0
"Washington, Gafford, Marshall, Prosper, Dinwiddie",DAL,1,4,10,11,17,5,7,0.7142857142857143,1,2,0.5,0.5,4,6,4,3,0,0.6,0.75,1.0,0.2222222222222222,0.5567833333333333,0.7222222222222222,0.7727272727272727,2,1,0.1428571428571428,0,0.0
"Gafford, Grimes, Marshall, Irving, Dinwiddie",DAL,3,4,-1,7,8,2,2,1.0,1,4,0.25,0.25,1,4,0,3,0,1.0,1.0,1.0,0.6666666666666666,0.52327,0.5833333333333334,0.5714285714285714,0,0,0.0,0,0.0
"Gafford, Marshall, Williams, Christie, Exum",DAL,1,4,5,8,15,7,10,0.7,0,1,0.0,0.0,1,2,12,0,0,0.1428571428571428,0.2,0.0,0.0909090909090909,0.5785,0.6363636363636364,0.625,4,1,0.1,0,0.0
"Christie, Irving, Thompson, Powell, Exum",DAL,1,4,0,8,8,4,6,0.6666666666666666,0,2,0.0,0.0,0,4,4,0,0,0.5,0.5,0.0,0.25,0.557075,0.5,0.5,0,1,0.1666666666666666,0,0.0
"Gafford, Grimes, Marshall, Prosper, Irving",DAL,3,4,9,9,13,4,4,1.0,1,3,0.3333333333333333,0.3333333333333333,2,4,4,3,0,0.5,0.5,1.0,0.4285714285714285,0.5848785714285715,0.7857142857142857,0.8125,0,0,0.0,0,0.0
"Gafford, Grimes, Irving, Thompson, Dinwiddie",DAL,2,4,1,9,7,2,5,0.4,0,3,0.0,0.0,3,0,4,0,0,0.0,0.0,0.0,0.375,0.527525,0.25,0.3888888888888889,2,0,0.0,0,0.0
"Kleber, Lively II, Irving, Thompson, Dinwiddie",DAL,2,4,-1,11,10,5,6,0.8333333333333334,0,0,0.0,0.0,0,6,4,0,0,0.6,0.6,0.0,0.0,0.4685333333333333,0.8333333333333334,0.7142857142857143,0,0,0.0,0,0.0
"Washington, Williams, Edwards, Thompson, Dinwiddie",DAL,1,4,3,7,14,4,6,0.6666666666666666,1,1,1.0,1.0,3,4,4,3,0,0.5,0.5,1.0,0.1428571428571428,0.5032928571428571,0.7857142857142857,0.875,0,0,0.0,0,0.0
"Gafford, Grimes, Marshall, Prosper, Dinwiddie",DAL,2,4,-4,8,7,2,4,0.5,1,3,0.3333333333333333,0.3333333333333333,0,4,0,3,0,1.0,1.0,1.0,0.4285714285714285,0.6113357142857143,0.5,0.4375,0,0,0.0,0,0.0
"Washington, Brown, Christie, Thompson, Dinwiddie",DAL,1,4,3,8,8,2,3,0.6666666666666666,1,3,0.3333333333333333,0.3333333333333333,1,2,2,3,0,0.5,0.5,1.0,0.5,0.5534666666666667,0.5833333333333334,0.5714285714285714,0,1,0.3333333333333333,0,0.0
"Brown, Marshall, Irving, Dinwiddie, Exum",DAL,1,4,0,8,4,1,5,0.2,0,3,0.0,0.0,2,2,0,0,0,1.0,1.0,0.0,0.375,0.5513125,0.125,0.2222222222222222,0,0,0.0,0,0.0
"Gafford, Edwards, Irving, Thompson, Dinwiddie",DAL,2,4,-5,8,4,1,4,0.25,0,2,0.0,0.0,2,2,0,0,0,1.0,1.0,0.0,0.3333333333333333,0.5059333333333333,0.1666666666666666,0.2857142857142857,0,1,0.25,0,0.0
"Marshall, Jones, Hardy, Christie, Powell",DAL,1,4,8,9,11,5,10,0.5,0,0,0.0,0.0,1,2,8,0,0,0.2,0.3333333333333333,0.0,0.0,0.5024,0.5,0.55,4,2,0.2,0,0.0
"Washington, Dončić, Irving, Thompson, Powell",DAL,2,4,6,9,10,4,7,0.5714285714285714,0,1,0.0,0.0,2,2,6,0,0,0.25,0.25,0.0,0.125,0.55125,0.5,0.5555555555555556,0,1,0.1428571428571428,0,0.0
"Edwards, Christie, Prosper, Irving, Exum",DAL,1,4,-3,8,9,2,5,0.4,1,3,0.3333333333333333,0.3333333333333333,2,2,2,3,0,0.5,0.5,1.0,0.375,0.560575,0.4375,0.5,0,1,0.2,0,0.0
"Kleber, Marshall, Hardy, Thompson, Dinwiddie",DAL,1,4,4,6,9,4,5,0.8,0,1,0.0,0.0,1,4,4,0,0,0.5,0.5,0.0,0.1666666666666666,0.4579166666666667,0.6666666666666666,0.75,0,0,0.0,0,0.0
"Washington, Marshall, Hardy, Christie, Dinwiddie",DAL,1,4,-3,14,18,3,3,1.0,1,2,0.5,0.5,9,2,4,0,3,0.3333333333333333,0.3333333333333333,0.0,0.4,0.50444,0.9,0.8181818181818182,0,0,0.0,0,0.0
"Marshall, Kelley, Williams, Hardy, Dinwiddie",DAL,2,4,-5,8,8,4,7,0.5714285714285714,0,2,0.0,0.0,0,4,4,0,0,0.5,0.5,0.0,0.2222222222222222,0.5052777777777778,0.4444444444444444,0.4444444444444444,0,0,0.0,0,0.0
"Washington, Gafford, Grimes, Edwards, Irving",DAL,3,4,-1,9,14,2,4,0.5,2,4,0.5,0.5,4,0,4,3,3,0.0,0.0,0.5,0.5,0.56958125,0.625,0.6363636363636364,4,1,0.25,0,0.0
"Martin, Gafford, Marshall, Christie, Exum",DAL,1,4,-3,9,7,2,4,0.5,1,2,0.5,1.0,0,4,0,3,0,1.0,1.0,1.0,0.3333333333333333,0.52473,0.5833333333333334,0.5,0,0,0.0,0,0.0
"Washington, Lively II, Prosper, Thompson, Dinwiddie",DAL,1,4,1,8,13,6,7,0.8571428571428571,0,2,0.0,0.0,1,4,8,0,0,0.3333333333333333,0.3333333333333333,0.0,0.2222222222222222,0.5307166666666666,0.6666666666666666,0.7222222222222222,0,1,0.1428571428571428,0,0.0
"Marshall, Christie, Prosper, Dinwiddie, Exum",DAL,1,4,4,9,14,2,5,0.4,3,3,1.0,1.0,1,4,0,6,3,1.0,1.0,0.6666666666666666,0.375,0.51064375,0.8125,0.7777777777777778,0,2,0.4,0,0.0
"Marshall, Prosper, Irving, Dinwiddie, Exum",DAL,1,4,1,9,6,2,7,0.2857142857142857,0,1,0.0,0.0,2,4,0,0,0,1.0,1.0,0.0,0.125,0.57015,0.25,0.3333333333333333,0,1,0.1428571428571428,1,1.0
"Williams, Prosper, Gortman, Morris, Powell",DAL,1,4,7,11,14,2,5,0.4,2,7,0.2857142857142857,0.2857142857142857,4,2,2,6,0,0.5,0.5,1.0,0.5833333333333334,0.5427208333333333,0.4166666666666667,0.5,0,1,0.2,0,0.0
"Gafford, Marshall, Edwards, Prosper, Irving",DAL,1,4,5,9,13,5,6,0.8333333333333334,1,3,0.3333333333333333,0.3333333333333333,0,8,2,3,0,0.8,0.8,1.0,0.3333333333333333,0.57695,0.7222222222222222,0.7222222222222222,0,1,0.1666666666666666,0,0.0
"Williams, Edwards, Christie, Dinwiddie, Powell",DAL,2,4,1,9,11,4,5,0.8,1,4,0.25,0.25,0,2,6,0,3,0.25,0.25,0.0,0.4444444444444444,0.5453666666666667,0.6111111111111112,0.6111111111111112,0,0,0.0,0,0.0
"Washington, Gafford, Marshall, Hardy, Dinwiddie",DAL,3,4,-4,8,10,2,4,0.5,2,4,0.5,0.6666666666666666,0,4,0,6,0,1.0,1.0,1.0,0.5,0.6206928571428572,0.625,0.625,0,2,0.5,0,0.0
"Dončić, Gafford, Grimes, Marshall, Dinwiddie",DAL,3,4,-3,10,12,2,3,0.6666666666666666,1,3,0.3333333333333333,0.3333333333333333,5,2,2,3,0,0.5,0.5,1.0,0.5,0.4817833333333333,0.5833333333333334,0.6666666666666666,0,0,0.0,0,0.0
"Dončić, Grimes, Prosper, Dinwiddie, Powell",DAL,1,4,3,12,7,0,5,0.0,1,3,0.3333333333333333,0.3333333333333333,4,0,0,3,0,0.0,0.0,1.0,0.375,0.470275,0.1875,0.35,0,1,0.2,0,0.0
"Dončić, Marshall, Irving, Thompson, Dinwiddie",DAL,1,4,-3,9,11,4,6,0.6666666666666666,1,2,0.5,0.5,0,4,4,3,0,0.5,0.5,1.0,0.25,0.5825375,0.6875,0.6111111111111112,0,0,0.0,0,0.0
"Marshall, Hardy, Irving, Dinwiddie, Powell",DAL,2,4,1,8,9,3,6,0.5,1,2,0.5,0.5,0,2,4,0,3,0.3333333333333333,0.3333333333333333,0.0,0.25,0.47868125,0.5625,0.5625,0,1,0.1666666666666666,0,0.0
"Washington, Williams, Christie, Thompson, Davis",DAL,1,4,-7,8,10,3,6,0.5,1,1,1.0,1.0,1,4,2,3,0,0.6666666666666666,0.6666666666666666,1.0,0.1428571428571428,0.5891714285714286,0.6428571428571429,0.7142857142857143,0,0,0.0,0,0.0
"Marshall, Williams, Christie, Prosper, Thompson",DAL,2,4,-7,9,7,2,6,0.3333333333333333,1,2,0.5,0.5,0,0,4,3,0,0.0,0.0,1.0,0.25,0.4514,0.4375,0.3888888888888889,0,1,0.1666666666666666,0,0.0
"Kelley, Edwards, Hardy, Prosper, Exum",DAL,1,4,2,6,6,2,5,0.4,0,0,0.0,0.0,2,2,2,0,0,0.5,0.5,0.0,0.0,0.57584,0.4,0.5,0,0,0.0,0,0.0
"Kleber, Washington, Grimes, Hardy, Irving",DAL,2,4,-4,7,8,2,6,0.3333333333333333,1,1,1.0,1.0,1,4,0,3,0,1.0,1.0,1.0,0.1428571428571428,0.5044928571428572,0.5,0.5,0,1,0.1666666666666666,0,0.0
"Washington, Marshall, Hardy, Christie, Exum",DAL,1,4,-3,9,10,3,6,0.5,1,2,0.5,0.5,1,4,2,3,0,0.6666666666666666,0.6666666666666666,1.0,0.25,0.49059375,0.5625,0.5555555555555556,0,0,0.0,0,0.0
"Kleber, Dončić, Gafford, Irving, Thompson",DAL,2,4,1,8,10,3,4,0.75,1,4,0.25,0.25,1,4,2,3,0,0.6666666666666666,0.6666666666666666,1.0,0.5,0.5479875,0.5625,0.625,0,0,0.0,0,0.0
"Washington, Dončić, Gafford, Hardy, Thompson",DAL,2,4,-3,10,7,2,6,0.3333333333333333,1,4,0.25,0.25,0,0,4,0,3,0.0,0.0,0.0,0.4,0.53061,0.35,0.35,2,0,0.0,0,0.0
"Washington, Gafford, Grimes, Williams, Thompson",DAL,1,4,7,9,13,4,7,0.5714285714285714,1,2,0.5,0.5,2,4,4,3,0,0.5,0.6666666666666666,1.0,0.2222222222222222,0.4750055555555555,0.6111111111111112,0.5909090909090909,2,1,0.1428571428571428,0,0.0
"Brown, Marshall, Christie, Irving, Exum",DAL,1,4,-1,8,8,2,5,0.4,1,4,0.25,0.25,1,0,4,3,0,0.0,0.0,1.0,0.4444444444444444,0.4832722222222222,0.3888888888888889,0.4444444444444444,0,0,0.0,0,0.0
"Martin, Gafford, Williams, Hardy, Christie",DAL,1,4,-4,8,7,2,4,0.5,0,2,0.0,0.0,3,2,2,0,0,0.5,0.5,0.0,0.3333333333333333,0.6292333333333333,0.3333333333333333,0.4375,0,0,0.0,0,0.0
"Gafford, Grimes, Marshall, Hardy, Irving",DAL,1,4,7,8,13,3,3,1.0,1,2,0.5,0.5,4,4,2,3,0,0.6666666666666666,0.6666666666666666,1.0,0.4,0.61281,0.9,0.9285714285714286,0,0,0.0,0,0.0
"Gafford, Marshall, Hardy, Irving, Dinwiddie",DAL,3,4,-11,7,2,1,2,0.5,0,3,0.0,0.0,0,0,2,0,0,0.0,0.0,0.0,0.6,0.53745,0.2,0.2,0,0,0.0,0,0.0
"Gafford, Christie, Irving, Thompson, Davis",DAL,1,4,-8,6,4,2,7,0.2857142857142857,0,0,0.0,0.0,0,4,0,0,0,1.0,1.0,0.0,0.0,0.4836285714285714,0.2857142857142857,0.2857142857142857,0,2,0.2857142857142857,0,0.0
"Gafford, Christie, Thompson, Davis, Dinwiddie",DAL,1,4,4,7,11,3,6,0.5,1,2,0.5,0.5,2,2,4,3,0,0.3333333333333333,1.0,1.0,0.25,0.54216875,0.5625,0.6111111111111112,4,0,0.0,0,0.0
"Washington, Grimes, Marshall, Irving, Dinwiddie",DAL,4,4,-2,9,11,2,4,0.5,2,5,0.4,0.4,1,0,4,6,0,0.0,0.0,1.0,0.5555555555555556,0.5246,0.5555555555555556,0.6111111111111112,2,0,0.0,0,0.0
"Gafford, Marshall, Christie, Thompson, Exum",DAL,1,4,6,7,12,6,6,1.0,0,1,0.0,0.0,0,10,2,0,0,0.8333333333333334,0.8333333333333334,0.0,0.1428571428571428,0.45345,0.8571428571428571,0.8571428571428571,0,0,0.0,0,0.0
"Martin, Marshall, Christie, Dinwiddie, Powell",DAL,2,4,-1,8,8,1,2,0.5,1,2,0.5,0.5,3,2,0,0,3,1.0,1.0,0.0,0.5,0.57175,0.625,0.6666666666666666,0,0,0.0,0,0.0
"Kleber, Grimes, Marshall, Irving, Powell",DAL,2,4,-1,7,8,1,3,0.3333333333333333,2,4,0.5,0.5,0,2,0,3,3,1.0,1.0,0.5,0.5714285714285714,0.5365785714285715,0.5714285714285714,0.5714285714285714,0,1,0.3333333333333333,0,0.0
"Dončić, Gafford, Hardy, Prosper, Thompson",DAL,2,4,-1,7,8,4,6,0.6666666666666666,0,1,0.0,0.0,0,8,0,0,0,1.0,1.0,0.0,0.1428571428571428,0.5756571428571429,0.5714285714285714,0.5714285714285714,0,0,0.0,0,0.0
"Marshall, Hardy, Christie, Prosper, Dinwiddie",DAL,3,4,1,9,11,2,4,0.5,2,4,0.5,0.5,1,0,4,6,0,0.0,0.0,1.0,0.5,0.46235625,0.625,0.6111111111111112,0,0,0.0,0,0.0
"Hardy, Christie, Prosper, Irving, Thompson",DAL,1,4,5,10,11,3,4,0.75,1,5,0.2,0.2,2,2,4,3,0,0.3333333333333333,0.5,1.0,0.5555555555555556,0.6005777777777778,0.5,0.55,2,0,0.0,0,0.0
"Kleber, Washington, Grimes, Williams, Powell",DAL,1,4,0,8,7,2,4,0.5,1,2,0.5,0.5,0,0,4,0,3,0.0,0.0,0.0,0.3333333333333333,0.52445,0.5833333333333334,0.5833333333333334,0,0,0.0,0,0.0
"Martin, Marshall, Williams, Thompson, Exum",DAL,2,4,-4,8,6,1,4,0.25,1,3,0.3333333333333333,0.3333333333333333,1,0,2,3,0,0.0,0.0,1.0,0.4285714285714285,0.5246500000000001,0.3571428571428571,0.4285714285714285,0,0,0.0,0,0.0
"Grimes, Marshall, Kelley, Williams, Hardy",DAL,1,4,-8,7,4,2,4,0.5,0,4,0.0,0.0,0,2,2,0,0,0.5,0.5,0.0,0.5,0.537325,0.25,0.25,0,0,0.0,0,0.0
"Kelley, Williams, Edwards, Prosper, Morris",DAL,1,4,-3,9,9,2,2,1.0,1,5,0.2,0.2,2,4,0,3,0,1.0,1.0,1.0,0.7142857142857143,0.4667071428571429,0.5,0.5625,0,0,0.0,0,0.0
"Martin, Washington, Gafford, Marshall, Christie",DAL,1,4,-1,6,4,2,3,0.6666666666666666,0,2,0.0,0.0,0,4,0,0,0,1.0,1.0,0.0,0.4,0.45313,0.4,0.4,0,0,0.0,0,0.0
"Martin, Marshall, Jones, Christie, Exum",DAL,1,4,4,9,12,6,9,0.6666666666666666,0,0,0.0,0.0,0,6,6,0,0,0.5,0.5,0.0,0.0,0.5646111111111112,0.6666666666666666,0.6666666666666666,0,0,0.0,0,0.0
"Martin, Edwards, Thompson, Dinwiddie, Exum",DAL,1,4,-1,8,12,3,3,1.0,2,3,0.6666666666666666,0.6666666666666666,0,4,2,6,0,0.6666666666666666,0.6666666666666666,1.0,0.5,0.6227916666666666,1.0,1.0,0,0,0.0,0,0.0
"Martin, Thompson, Dinwiddie, Powell, Exum",DAL,1,4,-11,6,2,1,2,0.5,0,3,0.0,0.0,0,0,2,0,0,0.0,0.0,0.0,0.6,0.53252,0.2,0.1666666666666666,0,0,0.0,0,0.0
"Washington, Prosper, Irving, Thompson, Exum",DAL,1,4,-6,7,3,0,4,0.0,1,5,0.2,0.2,0,0,0,3,0,0.0,0.0,1.0,0.5555555555555556,0.5078388888888888,0.1666666666666666,0.1666666666666666,0,0,0.0,0,0.0
"Martin, Marshall, Edwards, Thompson, Dinwiddie",DAL,2,4,-7,9,10,1,4,0.25,0,1,0.0,0.0,8,2,0,0,0,1.0,1.0,0.0,0.2,0.4761999999999999,0.2,0.5555555555555556,0,0,0.0,0,0.0
"Gafford, Marshall, Hardy, Thompson, Dinwiddie",DAL,3,4,-7,8,4,2,6,0.3333333333333333,0,2,0.0,0.0,0,4,0,0,0,1.0,1.0,0.0,0.25,0.5212125,0.25,0.25,0,1,0.1666666666666666,0,0.0
"Kleber, Washington, Hardy, Irving, Thompson",DAL,1,4,-5,7,8,1,2,0.5,2,3,0.6666666666666666,0.6666666666666666,0,2,0,0,6,1.0,1.0,0.0,0.6,0.5371699999999999,0.8,0.8,0,0,0.0,0,0.0
"Kleber, Dončić, Grimes, Hardy, Lively II",DAL,1,4,5,7,8,4,5,0.8,0,1,0.0,0.0,0,4,4,0,0,0.5,0.5,0.0,0.1666666666666666,0.5701083333333333,0.6666666666666666,0.6666666666666666,0,0,0.0,0,0.0
"Kleber, Grimes, Hardy, Lively II, Prosper",DAL,1,4,2,7,10,5,7,0.7142857142857143,0,1,0.0,0.0,0,2,8,0,0,0.2,0.2,0.0,0.125,0.63129375,0.625,0.625,0,0,0.0,0,0.0
"Christie, Prosper, Irving, Thompson, Dinwiddie",DAL,1,4,1,7,9,3,4,0.75,0,2,0.0,0.0,3,4,2,0,0,0.6666666666666666,0.6666666666666666,0.0,0.3333333333333333,0.5118583333333333,0.5,0.6428571428571429,0,1,0.25,0,0.0
"Kleber, Washington, Grimes, Williams, Dinwiddie",DAL,1,4,0,7,10,1,2,0.5,2,4,0.5,0.5,2,2,0,3,3,1.0,1.0,0.5,0.6666666666666666,0.5450583333333333,0.6666666666666666,0.7142857142857143,0,0,0.0,0,0.0
"Kleber, Washington, Grimes, Irving, Thompson",DAL,3,4,-13,7,5,1,4,0.25,1,5,0.2,0.2,0,2,0,3,0,1.0,1.0,1.0,0.5555555555555556,0.4593111111111111,0.2777777777777778,0.2777777777777778,0,0,0.0,0,0.0
"Martin, Marshall, Hardy, Thompson, Davis",DAL,1,4,5,6,9,3,5,0.6,1,2,0.5,0.5,0,4,2,0,3,0.6666666666666666,1.0,0.0,0.2857142857142857,0.5886785714285715,0.6428571428571429,0.6428571428571429,2,1,0.2,0,0.0
"Kleber, Gafford, Marshall, Irving, Thompson",DAL,3,4,-6,7,6,2,8,0.25,0,1,0.0,0.0,2,2,2,0,0,0.5,1.0,0.0,0.1111111111111111,0.5551444444444444,0.2222222222222222,0.3,2,1,0.125,0,0.0
"Kleber, Marshall, Lively II, Thompson, Dinwiddie",DAL,2,4,-1,8,8,1,4,0.25,0,1,0.0,0.0,6,0,2,0,0,0.0,0.0,0.0,0.2,0.5062800000000001,0.2,0.5,0,0,0.0,0,0.0
"Martin, Marshall, Thompson, Dinwiddie, Powell",DAL,1,4,0,5,6,3,3,1.0,0,3,0.0,0.0,0,2,4,0,0,0.3333333333333333,0.3333333333333333,0.0,0.5,0.48795,0.5,0.5,0,0,0.0,0,0.0
"Washington, Christie, Irving, Thompson, Dinwiddie",DAL,3,4,2,7,12,4,5,0.8,1,2,0.5,0.5,1,6,2,3,0,0.75,0.75,1.0,0.2857142857142857,0.5711285714285714,0.7857142857142857,0.8571428571428571,0,0,0.0,0,0.0
"Grimes, Marshall, Kelley, Edwards, Hardy",DAL,1,4,1,9,13,4,5,0.8,1,3,0.3333333333333333,0.3333333333333333,2,2,6,3,0,0.25,0.25,1.0,0.375,0.47276875,0.6875,0.7222222222222222,0,0,0.0,0,0.0
"Grimes, Hardy, Prosper, Morris, Powell",DAL,1,4,4,8,14,2,3,0.6666666666666666,2,2,1.0,1.0,4,2,2,3,3,0.5,0.5,0.5,0.4,0.5966,1.0,1.0,0,0,0.0,0,0.0
"Grimes, Kelley, Williams, Edwards, Hardy",DAL,1,4,3,7,11,2,2,1.0,2,2,1.0,1.0,1,2,2,6,0,0.5,0.5,1.0,0.5,0.492,1.25,1.1,0,0,0.0,0,0.0
"Kleber, Dončić, Gafford, Grimes, Marshall",DAL,2,4,0,7,9,4,4,1.0,0,2,0.0,0.0,1,6,2,0,0,0.75,0.75,0.0,0.3333333333333333,0.5758416666666667,0.6666666666666666,0.6428571428571429,0,0,0.0,0,0.0
"Washington, Grimes, Hardy, Dinwiddie, Powell",DAL,1,4,3,8,10,2,4,0.5,2,2,1.0,1.0,0,2,2,6,0,0.5,0.5,1.0,0.3333333333333333,0.5563,0.8333333333333334,0.8333333333333334,0,0,0.0,0,0.0
"Washington, Marshall, Christie, Thompson, Davis",DAL,1,4,-2,6,7,0,0,0.0,2,3,0.6666666666666666,0.6666666666666666,1,0,0,6,0,0.0,0.0,1.0,1.0,0.52395,1.0,0.875,0,0,0.0,0,0.0
"Martin, Marshall, Lively II, Thompson, Davis",DAL,1,4,-1,8,8,1,2,0.5,2,5,0.4,0.4,0,2,0,6,0,1.0,1.0,1.0,0.7142857142857143,0.5773857142857143,0.5714285714285714,0.5714285714285714,0,0,0.0,0,0.0
"Kleber, Washington, Grimes, Marshall, Hardy",DAL,1,4,-4,6,5,1,4,0.25,1,3,0.3333333333333333,0.3333333333333333,0,0,2,3,0,0.0,0.0,1.0,0.4285714285714285,0.4826071428571428,0.3571428571428571,0.3571428571428571,0,0,0.0,0,0.0
"Kleber, Washington, Marshall, Prosper, Irving",DAL,1,4,1,6,9,3,3,1.0,0,0,0.0,0.0,3,6,0,0,0,1.0,1.0,0.0,0.0,0.6352,1.0,0.9,0,0,0.0,0,0.0
"Martin, Williams, Christie, Dinwiddie, Powell",DAL,3,4,-3,7,8,4,7,0.5714285714285714,0,0,0.0,0.0,0,4,4,0,0,0.5,0.5,0.0,0.0,0.5540857142857143,0.5714285714285714,0.5714285714285714,0,1,0.1428571428571428,0,0.0
"Washington, Dončić, Gafford, Irving, Dinwiddie",DAL,2,4,1,9,14,3,3,1.0,2,3,0.6666666666666666,0.6666666666666666,2,6,0,3,3,1.0,1.0,0.5,0.5,0.71282,1.0,1.0,0,0,0.0,0,0.0
"Marshall, Edwards, Thompson, Powell, Exum",DAL,1,4,-1,8,8,3,5,0.6,0,2,0.0,0.0,2,0,6,0,0,0.0,0.0,0.0,0.2857142857142857,0.5724642857142858,0.4285714285714285,0.5,0,1,0.2,0,0.0
"Marshall, Christie, Thompson, Powell, Exum",DAL,1,4,0,7,10,3,5,0.6,1,3,0.3333333333333333,0.3333333333333333,1,4,2,3,0,0.6666666666666666,0.6666666666666666,1.0,0.375,0.5334625,0.5625,0.5555555555555556,0,0,0.0,0,0.0
"Washington, Dončić, Gafford, Marshall, Irving",DAL,2,4,0,8,10,3,4,0.75,1,4,0.25,0.25,1,4,2,3,0,0.6666666666666666,0.6666666666666666,1.0,0.5,0.5542125,0.5625,0.5555555555555556,0,0,0.0,0,0.0
"Williams, Christie, Prosper, Irving, Thompson",DAL,1,4,-4,7,7,2,5,0.4,1,2,0.5,0.5,0,0,4,3,0,0.0,0.0,1.0,0.2857142857142857,0.5040142857142856,0.5,0.5,0,1,0.2,0,0.0
"Kleber, Grimes, Hardy, Dinwiddie, Powell",DAL,3,4,-3,5,6,1,3,0.3333333333333333,0,1,0.0,0.0,4,0,2,0,0,0.0,0.0,0.0,0.25,0.5102875,0.25,0.5,0,1,0.3333333333333333,0,0.0
"Williams, Edwards, Hardy, Gortman, Morris",DAL,1,4,-5,9,10,2,3,0.6666666666666666,2,5,0.4,0.4,0,4,0,6,0,1.0,1.0,1.0,0.625,0.48138125,0.625,0.625,0,0,0.0,0,0.0
"Kleber, Grimes, Hardy, Prosper, Dinwiddie",DAL,1,3,0,9,7,1,4,0.25,1,3,0.3333333333333333,0.3333333333333333,2,2,0,0,3,1.0,1.0,0.0,0.4285714285714285,0.5700000000000001,0.3571428571428571,0.3888888888888889,0,0,0.0,0,0.0
"Washington, Irving, Thompson, Davis, Dinwiddie",DAL,1,3,8,6,12,3,6,0.5,2,3,0.6666666666666666,0.6666666666666666,0,2,4,6,0,0.3333333333333333,0.5,1.0,0.3333333333333333,0.5818555555555556,0.6666666666666666,0.6666666666666666,2,0,0.0,0,0.0
"Gafford, Edwards, Christie, Thompson, Exum",DAL,1,3,7,5,9,3,4,0.75,1,1,1.0,1.0,0,4,2,3,0,0.6666666666666666,0.6666666666666666,1.0,0.2,0.55946,0.9,0.9,0,0,0.0,0,0.0
"Martin, Williams, Thompson, Dinwiddie, Powell",DAL,1,3,6,8,13,3,4,0.75,2,3,0.6666666666666666,0.6666666666666666,1,2,4,3,3,0.3333333333333333,0.3333333333333333,0.5,0.4285714285714285,0.4916214285714285,0.8571428571428571,0.9285714285714286,0,1,0.25,0,0.0
"Gafford, Grimes, Irving, Dinwiddie, Powell",DAL,1,3,4,6,13,1,1,1.0,3,5,0.6,0.6,2,0,2,0,9,0.0,0.0,0.0,0.8333333333333334,0.6119666666666667,0.9166666666666666,0.9285714285714286,0,0,0.0,0,0.0
"Jones, Edwards, Hardy, Thompson, Exum",DAL,1,3,-4,7,4,2,6,0.3333333333333333,0,1,0.0,0.0,0,4,0,0,0,1.0,1.0,0.0,0.1428571428571428,0.4962642857142857,0.2857142857142857,0.2857142857142857,0,2,0.3333333333333333,0,0.0
"Kleber, Washington, Gafford, Williams, Dinwiddie",DAL,1,3,1,7,12,3,3,1.0,0,2,0.0,0.0,6,4,2,0,0,0.6666666666666666,0.6666666666666666,0.0,0.4,0.62178,0.6,0.75,0,0,0.0,0,0.0
"Washington, Gafford, Grimes, Hardy, Irving",DAL,1,3,-3,9,7,3,6,0.5,0,1,0.0,0.0,1,4,2,0,0,0.6666666666666666,1.0,0.0,0.1428571428571428,0.5406785714285715,0.4285714285714285,0.4375,2,0,0.0,0,0.0
"Grimes, Edwards, Prosper, Irving, Morris",DAL,1,3,-5,6,8,1,2,0.5,2,6,0.3333333333333333,0.4,0,2,0,3,3,1.0,1.0,0.5,0.75,0.5598357142857143,0.5,0.5,0,0,0.0,0,0.0
"Marshall, Jones, Edwards, Thompson, Exum",DAL,1,3,-2,6,7,1,3,0.3333333333333333,1,3,0.3333333333333333,0.3333333333333333,2,2,0,3,0,1.0,1.0,1.0,0.5,0.5257916666666667,0.4166666666666667,0.5,0,0,0.0,0,0.0
"Marshall, Hardy, Prosper, Irving, Thompson",DAL,1,3,0,6,12,2,2,1.0,2,3,0.6666666666666666,0.6666666666666666,2,4,0,6,0,1.0,1.0,1.0,0.6,0.59136,1.0,1.0,0,0,0.0,0,0.0
"Washington, Gafford, Grimes, Marshall, Hardy",DAL,3,3,-2,6,6,0,2,0.0,2,4,0.5,0.5,0,0,0,3,3,0.0,0.0,0.5,0.6666666666666666,0.5146166666666666,0.5,0.5,0,0,0.0,0,0.0
"Marshall, Williams, Edwards, Hardy, Dinwiddie",DAL,1,3,-4,9,3,1,2,0.5,0,2,0.0,0.0,1,0,2,0,0,0.0,0.0,0.0,0.5,0.0,0.25,0.3,0,1,0.5,0,0.0
"Kleber, Grimes, Hardy, Thompson, Dinwiddie",DAL,2,3,4,8,10,2,2,1.0,1,3,0.3333333333333333,0.3333333333333333,3,0,4,0,3,0.0,0.0,0.0,0.6,0.4804199999999999,0.7,0.8333333333333334,0,0,0.0,0,0.0
"Washington, Dončić, Marshall, Lively II, Thompson",DAL,3,3,1,8,5,2,4,0.5,0,2,0.0,0.0,1,2,2,0,0,0.5,0.5,0.0,0.3333333333333333,0.5213416666666667,0.3333333333333333,0.4166666666666667,0,0,0.0,0,0.0
"Brown, Marshall, Christie, Thompson, Dinwiddie",DAL,1,3,2,6,10,3,4,0.75,1,2,0.5,0.5,1,4,2,3,0,0.6666666666666666,0.6666666666666666,1.0,0.3333333333333333,0.5828916666666667,0.75,0.7142857142857143,0,0,0.0,0,0.0
"Martin, Gafford, Marshall, Williams, Christie",DAL,1,3,6,6,11,1,2,0.5,3,3,1.0,1.0,0,2,0,9,0,1.0,1.0,1.0,0.6,0.4630499999999999,1.1,1.1,0,0,0.0,0,0.0
"Gafford, Grimes, Prosper, Thompson, Dinwiddie",DAL,1,3,3,7,9,3,5,0.6,1,1,1.0,1.0,0,4,2,3,0,0.6666666666666666,0.6666666666666666,1.0,0.1666666666666666,0.5472666666666667,0.75,0.75,0,0,0.0,0,0.0
"Edwards, Irving, Thompson, Powell, Exum",DAL,1,3,-7,6,4,2,4,0.5,0,1,0.0,0.0,0,4,0,0,0,1.0,1.0,0.0,0.2,0.52767,0.4,0.4,0,0,0.0,0,0.0
"Gafford, Grimes, Hardy, Prosper, Dinwiddie",DAL,2,3,-3,6,4,2,5,0.4,0,2,0.0,0.0,0,2,2,0,0,0.5,0.5,0.0,0.2857142857142857,0.6221285714285714,0.2857142857142857,0.2857142857142857,0,0,0.0,0,0.0
"Dončić, Grimes, Irving, Dinwiddie, Powell",DAL,1,3,6,6,10,5,5,1.0,0,1,0.0,0.0,0,4,6,0,0,0.4,0.4,0.0,0.1666666666666666,0.5837166666666667,0.8333333333333334,0.8333333333333334,0,0,0.0,0,0.0
"Kleber, Dončić, Gafford, Grimes, Irving",DAL,1,3,-8,6,5,1,3,0.3333333333333333,1,3,0.3333333333333333,0.3333333333333333,0,0,2,3,0,0.0,0.0,1.0,0.5,0.4840083333333333,0.4166666666666667,0.4166666666666667,0,1,0.3333333333333333,0,0.0
"Martin, Marshall, Christie, Dinwiddie, Exum",DAL,1,3,0,6,8,1,2,0.5,2,4,0.5,0.5,0,0,2,6,0,0.0,0.0,1.0,0.6666666666666666,0.5663916666666667,0.6666666666666666,0.6666666666666666,0,0,0.0,0,0.0
"Marshall, Christie, Prosper, Dinwiddie, Powell",DAL,1,3,0,6,5,1,2,0.5,0,3,0.0,0.0,3,0,2,0,0,0.0,0.0,0.0,0.6,0.57996,0.2,0.3571428571428571,0,0,0.0,0,0.0
"Martin, Gafford, Marshall, Hardy, Christie",DAL,1,3,3,7,13,2,3,0.6666666666666666,2,2,1.0,1.0,3,2,2,0,6,0.5,0.5,0.0,0.4,0.6546299999999999,1.0,1.0833333333333333,0,0,0.0,0,0.0
"Washington, Hardy, Lively II, Thompson, Dinwiddie",DAL,2,3,-2,8,8,3,5,0.6,0,1,0.0,0.0,2,6,0,0,0,1.0,1.0,0.0,0.1666666666666666,0.468675,0.5,0.5714285714285714,0,0,0.0,0,0.0
"Dončić, Hardy, Prosper, Dinwiddie, Powell",DAL,1,3,0,7,7,2,5,0.4,1,3,0.3333333333333333,0.3333333333333333,0,2,2,0,3,0.5,0.5,0.0,0.375,0.51695,0.4375,0.4375,0,0,0.0,0,0.0
"Marshall, Williams, Edwards, Thompson, Exum",DAL,2,3,2,6,9,3,5,0.6,1,2,0.5,0.5,0,2,4,3,0,0.3333333333333333,0.3333333333333333,1.0,0.2857142857142857,0.5863642857142857,0.6428571428571429,0.6428571428571429,0,0,0.0,0,0.0
"Washington, Marshall, Williams, Christie, Thompson",DAL,1,3,2,9,11,3,5,0.6,1,2,0.5,0.5,2,2,4,3,0,0.3333333333333333,0.3333333333333333,1.0,0.2857142857142857,0.6058428571428571,0.6428571428571429,0.6875,0,0,0.0,0,0.0
"Washington, Edwards, Prosper, Thompson, Dinwiddie",DAL,1,3,2,6,7,2,3,0.6666666666666666,1,3,0.3333333333333333,0.3333333333333333,0,4,0,3,0,1.0,1.0,1.0,0.5,0.5641166666666667,0.5833333333333334,0.5833333333333334,0,0,0.0,0,0.0
"Marshall, Edwards, Irving, Thompson, Exum",DAL,2,3,-5,7,5,1,2,0.5,1,3,0.3333333333333333,0.3333333333333333,0,0,2,3,0,0.0,0.0,1.0,0.6,0.54091,0.5,0.5,0,0,0.0,0,0.0
"Washington, Williams, Hardy, Christie, Powell",DAL,1,3,1,8,5,1,3,0.3333333333333333,0,2,0.0,0.0,3,0,2,0,0,0.0,0.0,0.0,0.4,0.55309,0.2,0.3571428571428571,2,0,0.0,0,0.0
"Marshall, Hardy, Prosper, Thompson, Dinwiddie",DAL,1,3,1,7,8,1,2,0.5,2,4,0.5,0.5,0,0,2,6,0,0.0,0.0,1.0,0.6666666666666666,0.5066333333333334,0.6666666666666666,0.6666666666666666,0,0,0.0,0,0.0
"Dončić, Marshall, Hardy, Thompson, Powell",DAL,1,3,6,9,13,3,4,0.75,1,2,0.5,0.5,4,6,0,0,3,1.0,1.0,0.0,0.3333333333333333,0.6336,0.75,0.8125,0,1,0.25,0,0.0
"Kleber, Grimes, Marshall, Hardy, Dinwiddie",DAL,2,3,4,6,9,3,3,1.0,1,2,0.5,0.5,0,4,2,3,0,0.6666666666666666,0.6666666666666666,1.0,0.4,0.64943,0.9,0.9,0,0,0.0,0,0.0
"Kleber, Grimes, Marshall, Hardy, Powell",DAL,1,3,1,7,6,3,5,0.6,0,4,0.0,0.0,0,4,2,0,0,0.6666666666666666,0.6666666666666666,0.0,0.4444444444444444,0.5629666666666666,0.3333333333333333,0.3333333333333333,0,2,0.4,0,0.0
"Gafford, Marshall, Williams, Hardy, Thompson",DAL,1,3,0,6,7,2,6,0.3333333333333333,1,1,1.0,1.0,0,0,4,3,0,0.0,0.0,1.0,0.1428571428571428,0.5205571428571428,0.5,0.5,2,1,0.1666666666666666,0,0.0
"Washington, Gafford, Marshall, Hardy, Christie",DAL,1,3,-1,7,4,2,4,0.5,0,2,0.0,0.0,0,4,0,0,0,1.0,1.0,0.0,0.3333333333333333,0.53305,0.3333333333333333,0.2857142857142857,0,0,0.0,0,0.0
"Kelley, Hardy, Thompson, Dinwiddie, Exum",DAL,1,3,-3,7,7,2,3,0.6666666666666666,0,1,0.0,0.0,3,0,4,0,0,0.0,0.0,0.0,0.25,0.4970125,0.5,0.5833333333333334,0,1,0.3333333333333333,0,0.0
"Martin, Marshall, Williams, Christie, Exum",DAL,1,3,-2,5,6,2,2,1.0,0,2,0.0,0.0,2,2,2,0,0,0.5,0.5,0.0,0.5,0.5329625,0.5,0.6,0,0,0.0,0,0.0
"Williams, Edwards, Prosper, Dinwiddie, Exum",DAL,1,3,6,7,9,4,5,0.8,0,1,0.0,0.0,1,6,2,0,0,0.75,0.75,0.0,0.1666666666666666,0.4479333333333333,0.6666666666666666,0.75,0,0,0.0,0,0.0
"Grimes, Marshall, Irving, Dinwiddie, Powell",DAL,2,3,-4,7,7,1,4,0.25,1,1,1.0,1.0,2,0,2,0,3,0.0,0.0,0.0,0.2,0.5479,0.5,0.5833333333333334,0,0,0.0,0,0.0
"Marshall, Christie, Irving, Davis, Exum",DAL,1,3,-6,6,5,1,4,0.25,1,1,1.0,1.0,0,0,2,3,0,0.0,0.0,1.0,0.2,0.51144,0.5,0.5,0,1,0.25,0,0.0
"Washington, Marshall, Williams, Jones, Christie",DAL,1,3,8,6,12,5,6,0.8333333333333334,0,0,0.0,0.0,2,2,8,0,0,0.2,0.25,0.0,0.0,0.6721666666666667,0.8333333333333334,0.8571428571428571,2,0,0.0,0,0.0
"Marshall, Jones, Christie, Irving, Dinwiddie",DAL,1,3,2,6,11,4,5,0.8,0,0,0.0,0.0,3,8,0,0,0,1.0,1.0,0.0,0.0,0.5271600000000001,0.8,0.7857142857142857,0,0,0.0,0,0.0
"Washington, Grimes, Marshall, Hardy, Powell",DAL,2,3,-5,6,4,2,5,0.4,0,1,0.0,0.0,0,0,4,0,0,0.0,0.0,0.0,0.1666666666666666,0.5439583333333333,0.3333333333333333,0.3333333333333333,0,1,0.2,0,0.0
"Marshall, Williams, Christie, Thompson, Powell",DAL,2,3,-4,7,8,1,3,0.3333333333333333,2,3,0.6666666666666666,0.6666666666666666,0,2,0,6,0,1.0,1.0,1.0,0.5,0.572775,0.6666666666666666,0.6666666666666666,0,1,0.3333333333333333,0,0.0
"Williams, Edwards, Prosper, Thompson, Dinwiddie",DAL,1,3,-12,6,5,1,2,0.5,1,3,0.3333333333333333,0.3333333333333333,0,2,0,3,0,1.0,1.0,1.0,0.6,0.51015,0.5,0.5,0,0,0.0,0,0.0
"Kleber, Dončić, Marshall, Lively II, Thompson",DAL,1,3,-2,6,6,0,1,0.0,2,4,0.5,0.5,0,0,0,6,0,0.0,0.0,1.0,0.8,0.5739099999999999,0.6,0.6,0,0,0.0,0,0.0
"Kleber, Marshall, Gortman, Irving, Dinwiddie",DAL,1,3,-1,6,8,3,5,0.6,0,2,0.0,0.0,2,2,4,0,0,0.3333333333333333,0.5,0.0,0.2857142857142857,0.50435,0.4285714285714285,0.5,2,0,0.0,0,0.0
"Martin, Marshall, Hardy, Christie, Davis",DAL,1,3,6,6,9,2,3,0.6666666666666666,0,2,0.0,0.0,5,2,2,0,0,0.5,1.0,0.0,0.4,0.59885,0.4,0.5625,2,0,0.0,0,0.0
"Marshall, Williams, Thompson, Dinwiddie, Exum",DAL,1,3,2,5,8,1,3,0.3333333333333333,2,3,0.6666666666666666,0.6666666666666666,0,0,2,6,0,0.0,0.0,1.0,0.5,0.538875,0.6666666666666666,0.6666666666666666,0,0,0.0,0,0.0
"Marshall, Williams, Christie, Davis, Dinwiddie",DAL,1,3,0,7,8,2,4,0.5,0,0,0.0,0.0,4,2,2,0,0,0.5,0.5,0.0,0.0,0.585225,0.5,0.6666666666666666,0,0,0.0,0,0.0
"Martin, Jones, Hardy, Christie, Davis",DAL,1,3,4,6,6,1,3,0.3333333333333333,1,3,0.3333333333333333,0.3333333333333333,1,2,0,3,0,1.0,1.0,1.0,0.5,0.496275,0.4166666666666667,0.4285714285714285,0,1,0.3333333333333333,0,0.0
"Martin, Washington, Marshall, Davis, Dinwiddie",DAL,1,3,3,6,10,5,6,0.8333333333333334,0,0,0.0,0.0,0,8,2,0,0,0.8,0.8,0.0,0.0,0.5759833333333334,0.8333333333333334,0.8333333333333334,0,0,0.0,0,0.0
"Martin, Hardy, Christie, Dinwiddie, Powell",DAL,1,3,-6,5,3,0,3,0.0,1,3,0.3333333333333333,0.3333333333333333,0,0,0,3,0,0.0,0.0,1.0,0.5,0.4751166666666666,0.25,0.25,0,2,0.6666666666666666,0,0.0
"Grimes, Marshall, Kelley, Williams, Prosper",DAL,1,3,4,8,11,3,7,0.4285714285714285,1,2,0.5,0.5,2,0,6,3,0,0.0,0.0,1.0,0.2222222222222222,0.6010555555555556,0.5,0.55,6,0,0.0,0,0.0
"Marshall, Hardy, Prosper, Thompson, Exum",DAL,1,3,2,7,8,0,2,0.0,2,3,0.6666666666666666,0.6666666666666666,2,0,0,6,0,0.0,0.0,1.0,0.6,0.51293,0.6,0.6666666666666666,0,0,0.0,0,0.0
"Kleber, Washington, Gafford, Grimes, Irving",DAL,1,3,-6,6,7,3,4,0.75,0,2,0.0,0.0,1,2,4,0,0,0.3333333333333333,1.0,0.0,0.3333333333333333,0.5524749999999999,0.5,0.5,4,0,0.0,0,0.0
"Kleber, Prosper, Irving, Thompson, Dinwiddie",DAL,1,3,2,6,4,1,4,0.25,0,2,0.0,0.0,2,0,2,0,0,0.0,0.0,0.0,0.3333333333333333,0.5210083333333334,0.1666666666666666,0.25,2,0,0.0,0,0.0
"Washington, Hardy, Lively II, Irving, Dinwiddie",DAL,3,3,3,7,9,3,5,0.6,1,2,0.5,0.5,0,2,4,3,0,0.3333333333333333,0.3333333333333333,1.0,0.2857142857142857,0.5289214285714285,0.6428571428571429,0.6428571428571429,0,1,0.2,0,0.0
"Dončić, Gafford, Marshall, Hardy, Irving",DAL,2,3,-4,5,7,2,4,0.5,1,1,1.0,1.0,0,4,0,0,3,1.0,1.0,0.0,0.2,0.52929,0.7,0.7,0,0,0.0,0,0.0
"Kleber, Gafford, Williams, Hardy, Dinwiddie",DAL,2,3,1,6,7,1,3,0.3333333333333333,1,2,0.5,0.5,2,0,2,3,0,0.0,0.0,1.0,0.4,0.58314,0.5,0.5833333333333334,2,0,0.0,0,0.0
"Grimes, Hardy, Lively II, Prosper, Thompson",DAL,1,3,-1,5,7,2,5,0.4,1,2,0.5,0.5,0,2,2,3,0,0.5,1.0,1.0,0.2857142857142857,0.5710142857142857,0.5,0.5,2,3,0.6,0,0.0
"Edwards, Prosper, Gortman, Morris, Powell",DAL,1,3,-6,6,0,0,1,0.0,0,3,0.0,0.0,0,0,0,0,0,0.0,0.0,0.0,0.75,0.50575,0.0,0.0,0,0,0.0,0,0.0
"Washington, Hardy, Irving, Thompson, Dinwiddie",DAL,3,3,1,7,7,1,1,1.0,1,1,1.0,1.0,2,0,2,3,0,0.0,0.0,1.0,0.5,0.498875,1.25,1.1666666666666667,0,0,0.0,0,0.0
"Kleber, Washington, Grimes, Williams, Prosper",DAL,2,3,-2,5,3,1,4,0.25,0,1,0.0,0.0,1,2,0,0,0,1.0,1.0,0.0,0.2,0.46909,0.2,0.25,0,1,0.25,0,0.0
"Martin, Gafford, Hardy, Christie, Dinwiddie",DAL,1,3,-1,5,7,2,6,0.3333333333333333,1,1,1.0,1.0,0,2,2,3,0,0.5,1.0,1.0,0.1428571428571428,0.4738142857142857,0.5,0.5,2,0,0.0,0,0.0
"Washington, Grimes, Marshall, Prosper, Dinwiddie",DAL,2,3,-5,5,7,2,2,1.0,1,1,1.0,1.0,0,0,4,3,0,0.0,0.0,1.0,0.3333333333333333,0.5495666666666666,1.1666666666666667,1.1666666666666667,0,0,0.0,0,0.0
"Williams, Christie, Prosper, Thompson, Powell",DAL,1,3,7,6,11,4,5,0.8,1,1,1.0,1.0,0,4,4,3,0,0.5,0.5,1.0,0.1666666666666666,0.4686416666666667,0.9166666666666666,0.9166666666666666,0,0,0.0,0,0.0
"Washington, Christie, Prosper, Irving, Dinwiddie",DAL,1,3,-3,7,6,0,4,0.0,2,3,0.6666666666666666,0.6666666666666666,0,0,0,6,0,0.0,0.0,1.0,0.4285714285714285,0.5285571428571428,0.4285714285714285,0.4285714285714285,0,1,0.25,0,0.0
"Dončić, Grimes, Marshall, Lively II, Irving",DAL,1,3,1,6,9,3,3,1.0,0,2,0.0,0.0,3,2,4,0,0,0.3333333333333333,0.3333333333333333,0.0,0.4,0.47313,0.6,0.6428571428571429,0,0,0.0,0,0.0
"Washington, Gafford, Marshall, Thompson, Davis",DAL,1,3,1,6,6,3,4,0.75,0,2,0.0,0.0,0,6,0,0,0,1.0,1.0,0.0,0.3333333333333333,0.5192833333333333,0.5,0.5,0,0,0.0,0,0.0
"Washington, Gafford, Christie, Irving, Thompson",DAL,1,3,0,5,6,1,3,0.3333333333333333,1,2,0.5,0.5,1,2,0,0,3,1.0,1.0,0.0,0.4,0.54563,0.5,0.5,0,0,0.0,0,0.0
"Kleber, Grimes, Prosper, Thompson, Dinwiddie",DAL,1,3,5,6,8,0,2,0.0,2,3,0.6666666666666666,0.6666666666666666,2,0,0,6,0,0.0,0.0,1.0,0.6,0.5016499999999999,0.6,0.6666666666666666,0,1,0.5,0,0.0
"Washington, Williams, Jones, Thompson, Dinwiddie",DAL,1,3,1,6,5,2,4,0.5,0,1,0.0,0.0,1,0,4,0,0,0.0,0.0,0.0,0.2,0.4763499999999999,0.4,0.4166666666666667,0,0,0.0,0,0.0
"Gafford, Prosper, Irving, Thompson, Dinwiddie",DAL,3,3,-6,6,4,2,4,0.5,0,3,0.0,0.0,0,2,2,0,0,0.5,0.5,0.0,0.4285714285714285,0.5396285714285715,0.2857142857142857,0.2857142857142857,0,1,0.25,0,0.0
"Williams, Edwards, Christie, Prosper, Dinwiddie",DAL,1,3,-4,5,6,0,3,0.0,2,3,0.6666666666666666,0.6666666666666666,0,0,0,6,0,0.0,0.0,1.0,0.5,0.5815083333333334,0.5,0.5,0,0,0.0,0,0.0
"Brown, Prosper, Irving, Dinwiddie, Exum",DAL,1,3,1,6,5,1,3,0.3333333333333333,1,3,0.3333333333333333,0.3333333333333333,0,0,2,3,0,0.0,0.0,1.0,0.5,0.5537083333333334,0.4166666666666667,0.4166666666666667,0,0,0.0,0,0.0
"Martin, Marshall, Jones, Christie, Davis",DAL,1,3,2,5,8,4,6,0.6666666666666666,0,0,0.0,0.0,0,4,4,0,0,0.5,0.6666666666666666,0.0,0.0,0.48635,0.6666666666666666,0.6666666666666666,2,0,0.0,0,0.0
"Martin, Williams, Edwards, Christie, Exum",DAL,2,3,3,7,8,1,2,0.5,2,3,0.6666666666666666,0.6666666666666666,0,0,2,6,0,0.0,0.0,1.0,0.6,0.44325,0.8,0.8,0,0,0.0,0,0.0
"Kleber, Washington, Grimes, Dinwiddie, Powell",DAL,2,3,2,7,8,1,3,0.3333333333333333,1,3,0.3333333333333333,0.3333333333333333,3,0,2,3,0,0.0,0.0,1.0,0.5,0.4837499999999999,0.4166666666666667,0.5714285714285714,0,0,0.0,0,0.0
"Martin, Edwards, Christie, Dinwiddie, Exum",DAL,1,3,3,6,9,1,3,0.3333333333333333,2,3,0.6666666666666666,0.6666666666666666,1,0,2,3,3,0.0,0.0,0.5,0.5,0.4466916666666666,0.6666666666666666,0.75,0,0,0.0,0,0.0
"Washington, Dončić, Hardy, Lively II, Irving",DAL,2,3,4,7,7,1,2,0.5,1,1,1.0,1.0,2,2,0,3,0,1.0,1.0,1.0,0.3333333333333333,0.5712,0.8333333333333334,0.875,0,0,0.0,0,0.0
"Marshall, Edwards, Christie, Prosper, Dinwiddie",DAL,4,3,-13,7,1,0,2,0.0,0,1,0.0,0.0,1,0,0,0,0,0.0,0.0,0.0,0.3333333333333333,0.4349833333333333,0.0,0.125,0,1,0.5,0,0.0
"Washington, Dončić, Grimes, Hardy, Lively II",DAL,1,3,0,5,6,1,2,0.5,1,3,0.3333333333333333,0.3333333333333333,1,2,0,3,0,1.0,1.0,1.0,0.6,0.5705899999999999,0.5,0.6,0,0,0.0,0,0.0
"Marshall, Edwards, Hardy, Christie, Powell",DAL,1,3,-10,6,3,1,1,1.0,0,3,0.0,0.0,1,0,2,0,0,0.0,0.0,0.0,0.75,0.47465,0.25,0.375,0,0,0.0,0,0.0
"Dončić, Marshall, Hardy, Lively II, Dinwiddie",DAL,1,3,1,6,9,4,4,1.0,0,2,0.0,0.0,1,4,4,0,0,0.5,0.5,0.0,0.3333333333333333,0.4869916666666666,0.6666666666666666,0.75,0,0,0.0,0,0.0
"Gafford, Marshall, Williams, Christie, Dinwiddie",DAL,1,3,-7,6,4,2,5,0.4,0,1,0.0,0.0,0,2,2,0,0,0.5,1.0,0.0,0.1666666666666666,0.6897333333333333,0.3333333333333333,0.3333333333333333,2,3,0.6,0,0.0
"Grimes, Kelley, Edwards, Dinwiddie, Exum",DAL,1,3,-6,5,2,1,7,0.1428571428571428,0,2,0.0,0.0,0,0,2,0,0,0.0,0.0,0.0,0.2222222222222222,0.5940055555555556,0.1111111111111111,0.1111111111111111,0,2,0.2857142857142857,0,0.0
"Martin, Marshall, Thompson, Davis, Dinwiddie",DAL,1,3,-6,5,2,1,3,0.3333333333333333,0,1,0.0,0.0,0,2,0,0,0,1.0,1.0,0.0,0.25,0.4470875,0.25,0.25,0,0,0.0,0,0.0
"Washington, Dončić, Grimes, Hardy, Powell",DAL,2,3,-3,6,4,0,4,0.0,1,2,0.5,0.5,1,0,0,3,0,0.0,0.0,1.0,0.3333333333333333,0.5079333333333333,0.25,0.2857142857142857,0,0,0.0,0,0.0
"Dončić, Gafford, Grimes, Marshall, Irving",DAL,1,3,-1,5,4,2,4,0.5,0,1,0.0,0.0,0,0,4,0,0,0.0,0.0,0.0,0.2,0.51312,0.4,0.4,0,1,0.25,0,0.0
"Martin, Marshall, Williams, Thompson, Dinwiddie",DAL,2,3,-4,5,4,1,3,0.3333333333333333,0,0,0.0,0.0,2,0,2,0,0,0.0,0.0,0.0,0.0,0.5008666666666667,0.3333333333333333,0.5,0,0,0.0,0,0.0
"Washington, Gafford, Williams, Christie, Davis",DAL,1,3,1,6,8,4,4,1.0,0,1,0.0,0.0,0,0,8,0,0,0.0,0.0,0.0,0.2,0.7726,0.8,0.8,0,0,0.0,0,0.0
"Kleber, Dončić, Gafford, Marshall, Dinwiddie",DAL,1,3,-8,6,2,1,2,0.5,0,2,0.0,0.0,0,2,0,0,0,1.0,1.0,0.0,0.5,0.5264375,0.25,0.25,0,1,0.5,0,0.0
"Marshall, Williams, Hardy, Prosper, Powell",DAL,1,3,0,7,6,1,1,1.0,0,1,0.0,0.0,4,2,0,0,0,1.0,1.0,0.0,0.5,0.736275,0.5,0.6,0,0,0.0,0,0.0
"Kleber, Washington, Gafford, Grimes, Williams",DAL,1,3,-2,6,4,2,4,0.5,0,2,0.0,0.0,0,2,2,0,0,0.5,0.5,0.0,0.3333333333333333,0.5609916666666667,0.3333333333333333,0.3333333333333333,0,0,0.0,0,0.0
"Washington, Williams, Jones, Davis, Dinwiddie",DAL,1,3,4,6,6,2,3,0.6666666666666666,0,2,0.0,0.0,2,4,0,0,0,1.0,1.0,0.0,0.4,0.63816,0.4,0.5,0,0,0.0,0,0.0
"Martin, Gafford, Hardy, Thompson, Davis",DAL,1,3,-1,6,8,2,3,0.6666666666666666,1,3,0.3333333333333333,0.3333333333333333,1,2,2,3,0,0.5,0.5,1.0,0.5,0.6536416666666667,0.5833333333333334,0.5714285714285714,0,0,0.0,0,0.0
"Washington, Gafford, Marshall, Irving, Exum",DAL,1,3,0,6,5,1,3,0.3333333333333333,1,2,0.5,0.5,0,0,2,3,0,0.0,0.0,1.0,0.4,0.53508,0.5,0.5,0,1,0.3333333333333333,0,0.0
"Washington, Grimes, Marshall, Lively II, Thompson",DAL,2,3,-2,4,5,1,1,1.0,1,3,0.3333333333333333,0.3333333333333333,0,2,0,3,0,1.0,1.0,1.0,0.75,0.5552375,0.625,0.625,0,0,0.0,0,0.0
"Grimes, Marshall, Hardy, Lively II, Irving",DAL,2,3,9,7,15,3,3,1.0,1,1,1.0,1.0,6,2,4,3,0,0.3333333333333333,0.3333333333333333,1.0,0.25,0.4561875,1.125,1.0714285714285714,0,0,0.0,0,0.0
"Kleber, Washington, Dončić, Irving, Thompson",DAL,2,3,0,7,7,1,3,0.3333333333333333,1,1,1.0,1.0,2,0,2,3,0,0.0,0.0,1.0,0.25,0.46995,0.625,0.7,0,0,0.0,0,0.0
"Martin, Edwards, Dinwiddie, Powell, Exum",DAL,1,3,-3,5,4,2,3,0.6666666666666666,0,2,0.0,0.0,0,2,2,0,0,0.5,0.5,0.0,0.4,0.52428,0.4,0.4,0,0,0.0,0,0.0
"Washington, Gafford, Marshall, Thompson, Exum",DAL,1,3,4,6,6,1,1,1.0,1,1,1.0,1.0,1,0,2,3,0,0.0,0.0,1.0,0.5,0.5066,1.25,1.0,0,0,0.0,0,0.0
"Dončić, Grimes, Hardy, Lively II, Dinwiddie",DAL,1,3,2,6,8,1,2,0.5,1,4,0.25,0.25,3,0,2,0,3,0.0,0.0,0.0,0.6666666666666666,0.5167583333333333,0.4166666666666667,0.5,0,1,0.5,0,0.0
"Edwards, Hardy, Dinwiddie, Powell, Exum",DAL,1,3,-8,5,0,0,1,0.0,0,3,0.0,0.0,0,0,0,0,0,0.0,0.0,0.0,0.75,0.4866875,0.0,0.0,0,0,0.0,0,0.0
"Kleber, Washington, Williams, Lively II, Thompson",DAL,1,3,-3,6,8,0,1,0.0,2,3,0.6666666666666666,1.0,2,0,0,6,0,0.0,0.0,1.0,0.75,0.5240833333333333,0.75,0.8,0,0,0.0,0,0.0
"Washington, Gafford, Prosper, Irving, Dinwiddie",DAL,1,3,-7,6,1,0,1,0.0,0,3,0.0,0.0,1,0,0,0,0,0.0,0.0,0.0,0.75,0.512475,0.0,0.1,0,0,0.0,0,0.0
"Edwards, Prosper, Thompson, Dinwiddie, Exum",DAL,1,3,-10,7,2,1,5,0.2,0,2,0.0,0.0,0,0,2,0,0,0.0,0.0,0.0,0.2857142857142857,0.5761857142857142,0.1428571428571428,0.1428571428571428,0,1,0.2,0,0.0
"Martin, Marshall, Christie, Lively II, Exum",DAL,1,3,1,5,5,1,3,0.3333333333333333,1,3,0.3333333333333333,0.3333333333333333,0,0,2,0,3,0.0,0.0,0.0,0.5,0.5241583333333334,0.4166666666666667,0.4166666666666667,2,0,0.0,0,0.0
"Gafford, Marshall, Christie, Irving, Exum",DAL,1,3,5,7,10,0,1,0.0,1,1,1.0,1.0,7,0,0,3,0,0.0,0.0,1.0,0.5,0.422075,0.75,0.8333333333333334,0,0,0.0,0,0.0
"Edwards, Hardy, Prosper, Thompson, Dinwiddie",DAL,1,3,-1,5,6,3,3,1.0,0,2,0.0,0.0,0,0,6,0,0,0.0,0.0,0.0,0.4,0.47567,0.6,0.6,0,0,0.0,0,0.0
"Martin, Marshall, Williams, Thompson, Powell",DAL,1,2,1,6,5,1,2,0.5,1,2,0.5,0.5,0,0,2,3,0,0.0,0.0,1.0,0.5,0.5153875,0.625,0.625,0,0,0.0,0,0.0
"Washington, Grimes, Thompson, Dinwiddie, Powell",DAL,1,2,-1,5,4,1,1,1.0,0,3,0.0,0.0,2,0,2,0,0,0.0,0.0,0.0,0.75,0.5102375,0.25,0.4,0,0,0.0,0,0.0
"Marshall, Hardy, Lively II, Prosper, Thompson",DAL,1,2,-4,5,7,1,3,0.3333333333333333,1,1,1.0,1.0,2,2,0,3,0,1.0,1.0,1.0,0.25,0.5540875,0.625,0.7,0,0,0.0,0,0.0
"Washington, Hardy, Prosper, Thompson, Dinwiddie",DAL,1,2,-1,6,3,0,1,0.0,1,3,0.3333333333333333,0.3333333333333333,0,0,0,3,0,0.0,0.0,1.0,0.75,0.6061,0.375,0.375,0,1,1.0,0,0.0
"Washington, Gafford, Prosper, Gortman, Thompson",DAL,1,2,4,6,7,2,3,0.6666666666666666,1,1,1.0,1.0,0,2,2,3,0,0.5,0.5,1.0,0.25,0.511425,0.875,0.875,0,0,0.0,0,0.0
"Washington, Dončić, Gafford, Grimes, Thompson",DAL,2,2,1,6,8,0,2,0.0,2,3,0.6666666666666666,0.6666666666666666,2,0,0,6,0,0.0,0.0,1.0,0.6,0.57308,0.6,0.5714285714285714,0,0,0.0,0,0.0
"Washington, Grimes, Prosper, Irving, Morris",DAL,1,2,2,5,8,1,2,0.5,2,3,0.6666666666666666,0.6666666666666666,0,2,0,3,3,1.0,1.0,0.5,0.6,0.51553,0.8,0.8,0,0,0.0,0,0.0
"Gafford, Marshall, Hardy, Irving, Thompson",DAL,1,2,0,5,7,2,3,0.6666666666666666,1,2,0.5,0.5,0,2,2,3,0,0.5,0.5,1.0,0.4,0.46767,0.7,0.7,0,0,0.0,0,0.0
"Kleber, Washington, Hardy, Gortman, Dinwiddie",DAL,1,2,-1,5,5,0,3,0.0,1,1,1.0,1.0,2,0,0,3,0,0.0,0.0,1.0,0.25,0.476325,0.375,0.5,0,0,0.0,0,0.0
"Martin, Marshall, Edwards, Dinwiddie, Powell",DAL,1,2,2,5,6,3,4,0.75,0,1,0.0,0.0,0,2,4,0,0,0.3333333333333333,0.3333333333333333,0.0,0.2,0.58582,0.6,0.6,0,0,0.0,0,0.0
"Martin, Hardy, Lively II, Thompson, Davis",DAL,1,2,5,5,8,2,2,1.0,1,3,0.3333333333333333,0.3333333333333333,1,4,0,3,0,1.0,1.0,1.0,0.6,0.68489,0.7,0.6666666666666666,0,0,0.0,0,0.0
"Jones, Christie, Thompson, Davis, Dinwiddie",DAL,1,2,5,5,10,2,4,0.5,2,2,1.0,1.0,0,2,2,3,3,0.5,1.0,0.5,0.3333333333333333,0.5380333333333334,0.8333333333333334,0.8333333333333334,2,0,0.0,0,0.0
"Gafford, Grimes, Hardy, Irving, Dinwiddie",DAL,2,2,-6,5,6,2,2,1.0,0,1,0.0,0.0,2,2,2,0,0,0.5,0.5,0.0,0.3333333333333333,0.4801833333333333,0.6666666666666666,0.75,0,0,0.0,0,0.0
"Kleber, Dončić, Gafford, Hardy, Dinwiddie",DAL,1,2,-1,5,7,2,3,0.6666666666666666,1,2,0.5,0.5,0,4,0,0,3,1.0,1.0,0.0,0.4,0.66404,0.7,0.7,0,0,0.0,0,0.0
"Kleber, Washington, Gafford, Hardy, Gortman",DAL,1,2,3,5,4,1,2,0.5,0,0,0.0,0.0,2,0,2,0,0,0.0,0.0,0.0,0.0,0.3998,0.5,0.6666666666666666,0,0,0.0,0,0.0
"Kleber, Washington, Marshall, Lively II, Dinwiddie",DAL,1,2,-1,5,9,1,1,1.0,2,2,1.0,1.0,1,0,2,6,0,0.0,0.0,1.0,0.6666666666666666,0.5228,1.3333333333333333,1.5,0,0,0.0,0,0.0
"Marshall, Williams, Jones, Hardy, Christie",DAL,1,2,-3,5,4,2,3,0.6666666666666666,0,1,0.0,0.0,0,4,0,0,0,1.0,1.0,0.0,0.25,0.659875,0.5,0.5,0,0,0.0,0,0.0
"Martin, Washington, Jones, Christie, Dinwiddie",DAL,1,2,1,5,7,1,2,0.5,1,1,1.0,1.0,2,2,0,0,3,1.0,1.0,0.0,0.3333333333333333,0.47445,0.8333333333333334,0.875,0,0,0.0,0,0.0
"Martin, Washington, Marshall, Thompson, Davis",DAL,1,2,0,5,9,1,1,1.0,1,1,1.0,1.0,4,0,2,3,0,0.0,0.0,1.0,0.5,0.510775,1.25,1.125,0,0,0.0,0,0.0
"Martin, Williams, Christie, Davis, Powell",DAL,1,2,0,5,4,1,2,0.5,0,2,0.0,0.0,2,2,0,0,0,1.0,1.0,0.0,0.5,0.4869625,0.25,0.4,0,0,0.0,0,0.0
"Dončić, Grimes, Marshall, Dinwiddie, Powell",DAL,2,2,-2,5,8,2,2,1.0,1,3,0.3333333333333333,0.3333333333333333,1,0,4,3,0,0.0,0.0,1.0,0.6,0.53022,0.7,0.8,0,0,0.0,1,0.3333333333333333
"Kleber, Washington, Gortman, Dinwiddie, Powell",DAL,1,2,9,5,11,1,2,0.5,3,3,1.0,1.0,0,2,0,9,0,1.0,1.0,1.0,0.6,0.52622,1.1,1.1,0,0,0.0,0,0.0
"Washington, Brown, Christie, Thompson, Exum",DAL,1,2,-1,5,5,2,4,0.5,0,1,0.0,0.0,1,0,4,0,0,0.0,0.0,0.0,0.2,0.476,0.4,0.4166666666666667,0,1,0.25,0,0.0
"Gafford, Grimes, Hardy, Irving, Thompson",DAL,1,2,4,5,9,1,1,1.0,2,2,1.0,1.0,1,2,0,6,0,1.0,1.0,1.0,0.6666666666666666,0.56535,1.3333333333333333,1.125,0,0,0.0,0,0.0
"Kleber, Gafford, Marshall, Irving, Dinwiddie",DAL,2,2,0,6,4,1,3,0.3333333333333333,0,3,0.0,0.0,2,2,0,0,0,1.0,1.0,0.0,0.5,0.4917833333333333,0.1666666666666666,0.2857142857142857,0,1,0.3333333333333333,0,0.0
"Martin, Marshall, Williams, Hardy, Davis",DAL,2,2,-4,5,5,1,1,1.0,1,4,0.25,0.3333333333333333,0,2,0,3,0,1.0,1.0,1.0,0.8,0.582125,0.5,0.5,0,0,0.0,0,0.0
"Washington, Marshall, Edwards, Thompson, Dinwiddie",DAL,1,2,-4,6,5,2,3,0.6666666666666666,0,1,0.0,0.0,1,4,0,0,0,1.0,1.0,0.0,0.25,0.636525,0.5,0.5,0,0,0.0,0,0.0
"Dončić, Gafford, Grimes, Hardy, Irving",DAL,1,2,5,5,8,3,4,0.75,0,1,0.0,0.0,2,2,4,0,0,0.3333333333333333,0.5,0.0,0.2,0.5195299999999999,0.6,0.6666666666666666,2,0,0.0,0,0.0
"Dončić, Grimes, Hardy, Dinwiddie, Powell",DAL,1,2,-5,6,5,2,2,1.0,0,2,0.0,0.0,1,0,4,0,0,0.0,0.0,0.0,0.5,0.5657125,0.5,0.625,0,0,0.0,0,0.0
"Grimes, Marshall, Thompson, Dinwiddie, Powell",DAL,2,2,4,5,10,1,1,1.0,2,2,1.0,1.0,2,2,0,6,0,1.0,1.0,1.0,0.6666666666666666,0.5216166666666667,1.3333333333333333,1.25,0,0,0.0,0,0.0
"Marshall, Christie, Lively II, Thompson, Dinwiddie",DAL,1,2,0,5,6,2,2,1.0,0,1,0.0,0.0,2,0,4,0,0,0.0,0.0,0.0,0.3333333333333333,0.4781833333333333,0.6666666666666666,0.75,0,0,0.0,0,0.0
"Kleber, Washington, Gortman, Irving, Dinwiddie",DAL,1,2,8,5,8,1,1,1.0,2,3,0.6666666666666666,0.6666666666666666,0,2,0,0,6,1.0,1.0,0.0,0.75,0.6034125,1.0,1.0,0,0,0.0,0,0.0
"Williams, Edwards, Prosper, Gortman, Powell",DAL,1,2,3,6,7,3,4,0.75,0,0,0.0,0.0,1,2,4,0,0,0.3333333333333333,0.3333333333333333,0.0,0.0,0.68785,0.75,0.7,0,0,0.0,0,0.0
"Washington, Gafford, Grimes, Edwards, Dinwiddie",DAL,1,2,7,5,9,4,4,1.0,0,0,0.0,0.0,1,4,4,0,0,0.5,0.5,0.0,0.0,0.519025,1.0,1.125,0,0,0.0,0,0.0
"Washington, Dončić, Irving, Thompson, Dinwiddie",DAL,1,2,-3,4,4,2,2,1.0,0,2,0.0,0.0,0,2,2,0,0,0.5,0.5,0.0,0.5,0.5672875,0.5,0.5,0,0,0.0,0,0.0
"Washington, Gafford, Williams, Prosper, Dinwiddie",DAL,1,2,1,5,4,0,1,0.0,1,1,1.0,1.0,1,0,0,0,3,0.0,0.0,0.0,0.5,0.4619,0.75,0.5,0,0,0.0,0,0.0
"Martin, Washington, Thompson, Davis, Dinwiddie",DAL,2,2,-3,6,2,0,2,0.0,0,4,0.0,0.0,2,0,0,0,0,0.0,0.0,0.0,0.6666666666666666,0.481825,0.0,0.1428571428571428,0,0,0.0,0,0.0
"Gafford, Williams, Edwards, Prosper, Dinwiddie",DAL,1,2,-2,5,2,1,6,0.1666666666666666,0,0,0.0,0.0,0,2,0,0,0,1.0,1.0,0.0,0.0,0.51775,0.1666666666666666,0.1666666666666666,0,2,0.3333333333333333,0,0.0
"Kleber, Dončić, Marshall, Hardy, Lively II",DAL,3,2,0,5,8,1,1,1.0,0,0,0.0,0.0,6,2,0,0,0,1.0,1.0,0.0,0.0,0.5313,1.0,1.0,0,0,0.0,0,0.0
"Edwards, Christie, Thompson, Dinwiddie, Powell",DAL,1,2,-1,5,3,0,1,0.0,1,3,0.3333333333333333,0.3333333333333333,0,0,0,3,0,0.0,0.0,1.0,0.75,0.608975,0.375,0.3,0,0,0.0,0,0.0
"Washington, Gafford, Grimes, Hardy, Thompson",DAL,1,2,2,6,10,4,4,1.0,0,0,0.0,0.0,2,8,0,0,0,1.0,1.0,0.0,0.0,0.606375,1.0,1.0,0,0,0.0,0,0.0
"Washington, Gafford, Edwards, Irving, Thompson",DAL,1,2,-3,5,4,2,3,0.6666666666666666,0,2,0.0,0.0,0,2,2,0,0,0.5,0.5,0.0,0.4,0.53841,0.4,0.4,0,1,0.3333333333333333,0,0.0
"Kleber, Washington, Dončić, Gafford, Grimes",DAL,1,2,2,5,9,2,2,1.0,0,0,0.0,0.0,5,4,0,0,0,1.0,1.0,0.0,0.0,0.76605,1.0,1.125,0,0,0.0,0,0.0
"Marshall, Williams, Thompson, Dinwiddie, Powell",DAL,2,2,-5,5,0,0,4,0.0,0,0,0.0,0.0,0,0,0,0,0,0.0,0.0,0.0,0.0,0.0,0.0,0.0,0,2,0.5,0,0.0
"Edwards, Hardy, Prosper, Gortman, Powell",DAL,3,2,-1,5,5,1,1,1.0,1,2,0.5,0.5,0,2,0,3,0,1.0,1.0,1.0,0.6666666666666666,0.4114833333333333,0.8333333333333334,0.8333333333333334,0,0,0.0,0,0.0
"Marshall, Edwards, Irving, Thompson, Dinwiddie",DAL,1,2,-5,5,0,0,0,0.0,0,3,0.0,0.0,0,0,0,0,0,0.0,0.0,0.0,1.0,0.57155,0.0,0.0,0,0,0.0,0,0.0
"Hardy, Prosper, Thompson, Dinwiddie, Exum",DAL,1,2,-7,5,0,0,4,0.0,0,1,0.0,0.0,0,0,0,0,0,0.0,0.0,0.0,0.2,0.48254,0.0,0.0,0,0,0.0,0,0.0
"Marshall, Williams, Thompson, Powell, Exum",DAL,1,2,-2,5,4,0,0,0.0,0,2,0.0,0.0,4,0,0,0,0,0.0,0.0,0.0,1.0,0.548775,0.0,0.5,0,0,0.0,0,0.0
