ShortName,TeamAbbreviation,GamesPlayed,Minutes,PlusMinus,OffPoss,Points,FG2M,FG2A,Fg2Pct,FG3M,FG3A,Fg3Pct,NonHeaveFg3Pct,FtPoints,PtsAssisted2s,PtsUnassisted2s,PtsAssisted3s,PtsUnassisted3s,Assisted2sPct,NonPutbacksAssisted2sPct,Assisted3sPct,FG3APct,ShotQualityAvg,EfgPct,TsPct,PtsPutbacks,Fg2aBlocked,FG2APctBlocked,Fg3aBlocked,FG3APctBlocked
"Murray, Jones, Murphy III, Missi, McCollum",NOP,13,221,-38,458,528,137,253,0.541501976284585,59,156,0.3782051282051282,0.3806451612903225,77,140,134,153,24,0.5109489051094891,0.546875,0.864406779661017,0.3814180929095354,0.5541670343137255,0.5513447432762836,0.5855555555555556,18,20,0.0790513833992094,0,0.0
"Murray, Green, Murphy III, Missi, McCollum",NOP,11,97,-8,202,232,64,119,0.5378151260504201,25,82,0.3048780487804878,0.3048780487804878,29,60,68,54,21,0.46875,0.5454545454545454,0.72,0.4079601990049751,0.5631171641791045,0.5049751243781094,0.5272727272727272,18,11,0.0924369747899159,1,0.0121951219512195
"Williamson, Murphy III, Missi, McCollum, Olynyk",NOP,8,79,-23,161,195,64,117,0.5470085470085471,16,44,0.3636363636363636,0.3636363636363636,19,74,54,39,9,0.578125,0.6727272727272727,0.8125,0.2732919254658385,0.5602850931677018,0.546583850931677,0.5542857142857143,18,9,0.0769230769230769,0,0.0
"Murray, Williamson, Murphy III, Missi, McCollum",NOP,4,50,16,105,141,34,61,0.5573770491803278,14,31,0.4516129032258064,0.4516129032258064,31,40,28,36,6,0.5882352941176471,0.6451612903225806,0.8571428571428571,0.3369565217391304,0.5587440217391304,0.5978260869565217,0.6527777777777778,6,8,0.1311475409836065,0,0.0
"Brown, Alvarado, Reeves, Missi, Olynyk",NOP,4,48,-26,98,98,27,62,0.4354838709677419,10,24,0.4166666666666667,0.4166666666666667,14,42,12,18,12,0.7777777777777778,0.8076923076923077,0.6,0.2790697674418604,0.5554587209302325,0.4883720930232558,0.5159574468085106,2,5,0.0806451612903225,1,0.0416666666666666
"Ingram, Green, Boston Jr., Murphy III, Missi",NOP,4,44,-25,89,78,19,46,0.4130434782608695,8,28,0.2857142857142857,0.2857142857142857,16,20,18,24,0,0.5263157894736842,0.625,1.0,0.3783783783783784,0.521222972972973,0.4189189189189189,0.4695121951219512,6,3,0.0652173913043478,0,0.0
"Williamson, Murphy III, Alvarado, Missi, McCollum",NOP,8,40,-1,89,96,26,49,0.5306122448979592,9,33,0.2727272727272727,0.2727272727272727,17,38,14,27,0,0.7307692307692307,0.8260869565217391,1.0,0.4024390243902439,0.5281268292682927,0.4817073170731707,0.5277777777777778,6,6,0.1224489795918367,1,0.0303030303030303
"Williamson, Murphy III, Matković, Missi, McCollum",NOP,3,35,-16,71,87,26,49,0.5306122448979592,9,25,0.36,0.36,8,18,34,24,3,0.3461538461538461,0.45,0.8888888888888888,0.3378378378378378,0.5120898648648649,0.5337837837837838,0.5512820512820513,12,3,0.0612244897959183,1,0.04
"Murray, Theis, Green, Murphy III, McCollum",NOP,7,35,1,67,88,15,36,0.4166666666666667,14,24,0.5833333333333334,0.5833333333333334,16,16,14,39,3,0.5333333333333333,0.6153846153846154,0.9285714285714286,0.4,0.5330358333333334,0.6,0.6285714285714286,4,5,0.1388888888888889,0,0.0
"Robinson-Earl, Brooks Jr., Matković, Reeves, Payton",NOP,6,32,7,67,84,20,31,0.6451612903225806,14,27,0.5185185185185185,0.5185185185185185,2,24,16,42,0,0.6,0.631578947368421,1.0,0.4655172413793103,0.5645594827586207,0.7068965517241379,0.6885245901639344,2,1,0.032258064516129,0,0.0
"Brown, Williamson, Murphy III, Missi, McCollum",NOP,3,31,-2,67,76,22,41,0.5365853658536586,6,14,0.4285714285714285,0.4285714285714285,14,22,22,15,3,0.5,0.55,0.8333333333333334,0.2545454545454545,0.5806109090909091,0.5636363636363636,0.6031746031746031,4,5,0.1219512195121951,0,0.0
"Ingram, Theis, Williamson, Jones, McCollum",NOP,3,31,8,60,78,22,40,0.55,8,18,0.4444444444444444,0.4444444444444444,10,20,24,21,3,0.4545454545454545,0.5,0.875,0.3103448275862069,0.5287362068965517,0.5862068965517241,0.609375,4,4,0.1,1,0.0555555555555555
"Ingram, Green, Alvarado, Hawkins, Missi",NOP,7,31,-15,63,65,16,28,0.5714285714285714,9,29,0.3103448275862069,0.3103448275862069,6,12,20,18,9,0.375,0.4285714285714285,0.6666666666666666,0.5087719298245614,0.5409535087719298,0.5175438596491229,0.5327868852459017,4,1,0.0357142857142857,2,0.0689655172413793
"Green, Murphy III, Alvarado, Missi, McCollum",NOP,6,31,-4,61,67,16,31,0.5161290322580645,10,24,0.4166666666666667,0.4166666666666667,5,10,22,24,6,0.3125,0.3333333333333333,0.8,0.4363636363636363,0.5482963636363637,0.5636363636363636,0.5677966101694916,2,3,0.0967741935483871,0,0.0
"Murray, Boston, Jones, Murphy III, Missi",NOP,7,31,-17,61,56,17,37,0.4594594594594595,4,18,0.2222222222222222,0.2222222222222222,10,22,12,12,0,0.6470588235294118,0.6875,1.0,0.3272727272727272,0.5362236363636363,0.4181818181818181,0.4666666666666667,2,6,0.1621621621621621,0,0.0
"Ingram, Green, Robinson-Earl, Boston Jr., Missi",NOP,5,28,15,56,71,14,26,0.5384615384615384,11,23,0.4782608695652174,0.4782608695652174,10,14,14,30,3,0.5,0.5833333333333334,0.9090909090909092,0.4693877551020408,0.5551704081632653,0.6224489795918368,0.6339285714285714,4,4,0.1538461538461538,0,0.0
"Robinson-Earl, Matković, Cain, Reeves, Payton",NOP,4,26,2,54,67,15,18,0.8333333333333334,10,25,0.4,0.4,7,20,10,27,3,0.6666666666666666,0.7142857142857143,0.9,0.5813953488372093,0.541996511627907,0.6976744186046512,0.7282608695652174,2,0,0.0,0,0.0
"Murray, Green, Hawkins, Missi, McCollum",NOP,5,25,-15,55,50,13,29,0.4482758620689655,5,18,0.2777777777777778,0.2777777777777778,9,14,12,12,3,0.5384615384615384,0.5384615384615384,0.8,0.3829787234042553,0.5689265957446809,0.4361702127659574,0.4711538461538461,0,3,0.1034482758620689,0,0.0
"Brown, Murphy III, Hawkins, Missi, McCollum",NOP,7,24,-10,47,43,14,31,0.4516129032258064,3,15,0.2,0.2,6,20,8,9,0,0.7142857142857143,0.8333333333333334,1.0,0.3260869565217391,0.5694076086956522,0.4021739130434782,0.4387755102040816,4,1,0.032258064516129,0,0.0
"Brown, Murphy III, Alvarado, Matković, Hawkins",NOP,5,24,-15,50,42,10,25,0.4,5,20,0.25,0.25,7,10,10,12,3,0.5,0.625,0.8,0.4444444444444444,0.5332955555555555,0.3888888888888889,0.4285714285714285,4,0,0.0,0,0.0
"Murray, Robinson-Earl, Murphy III, Missi, McCollum",NOP,5,23,-33,49,52,17,28,0.6071428571428571,4,16,0.25,0.25,6,22,12,9,3,0.6470588235294118,0.6875,0.75,0.3636363636363636,0.5605352272727273,0.5227272727272727,0.53125,2,3,0.1071428571428571,0,0.0
"Ingram, Robinson-Earl, Boston Jr., Alvarado, Missi",NOP,3,23,-13,43,45,14,23,0.6086956521739131,4,16,0.25,0.25,5,16,12,12,0,0.5714285714285714,0.6666666666666666,1.0,0.4102564102564102,0.5285705128205128,0.5128205128205128,0.5357142857142857,4,2,0.0869565217391304,1,0.0625
"Williamson, Alvarado, Matković, Hawkins, Olynyk",NOP,4,23,20,47,51,12,24,0.5,2,13,0.1538461538461538,0.1538461538461538,21,14,10,3,3,0.5833333333333334,0.7777777777777778,0.5,0.3513513513513513,0.5663067567567568,0.4054054054054054,0.5102040816326531,6,4,0.1666666666666666,1,0.0769230769230769
"Williamson, Robinson-Earl, Alvarado, Matković, Hawkins",NOP,4,23,-12,47,55,14,25,0.56,7,18,0.3888888888888889,0.3888888888888889,6,16,12,21,0,0.5714285714285714,0.6153846153846154,1.0,0.4186046511627907,0.5057209302325582,0.5697674418604651,0.6111111111111112,2,2,0.08,1,0.0555555555555555
"Brown, Alvarado, Hawkins, Missi, Olynyk",NOP,3,21,-10,42,38,9,26,0.3461538461538461,3,13,0.2307692307692307,0.2307692307692307,11,6,12,9,0,0.3333333333333333,0.3333333333333333,1.0,0.3333333333333333,0.510375641025641,0.3461538461538461,0.4222222222222222,0,2,0.0769230769230769,0,0.0
"Ingram, Nowell, Green, Boston Jr., Missi",NOP,4,21,4,38,47,15,26,0.5769230769230769,4,11,0.3636363636363636,0.3636363636363636,5,18,12,12,0,0.6,0.6428571428571429,1.0,0.2972972972972973,0.5260337837837837,0.5675675675675675,0.5875,2,0,0.0,0,0.0
"Murray, Theis, Green, Murphy III, Hawkins",NOP,8,21,-13,44,42,11,24,0.4583333333333333,4,17,0.2352941176470588,0.2352941176470588,8,8,14,9,3,0.3636363636363636,0.4,0.75,0.4146341463414634,0.5032878048780487,0.4146341463414634,0.4565217391304347,2,1,0.0416666666666666,0,0.0
"Murray, Boston, Jones, Missi, McCollum",NOP,6,21,6,41,51,15,24,0.625,5,13,0.3846153846153846,0.3846153846153846,6,18,12,12,3,0.6,0.6,0.8,0.3513513513513513,0.5594635135135135,0.6081081081081081,0.6219512195121951,0,1,0.0416666666666666,0,0.0
"Theis, Boston, Murphy III, Alvarado, Hawkins",NOP,4,21,-15,41,44,11,19,0.5789473684210527,4,20,0.2,0.2,10,14,8,12,0,0.6363636363636364,0.7,1.0,0.5128205128205128,0.5886294871794872,0.4358974358974359,0.5,2,0,0.0,0,0.0
"Murphy III, Alvarado, Hawkins, Missi, Olynyk",NOP,2,21,0,39,50,15,24,0.625,4,12,0.3333333333333333,0.3333333333333333,8,22,8,9,3,0.7333333333333333,0.8461538461538461,0.75,0.3333333333333333,0.5502222222222222,0.5833333333333334,0.6097560975609756,4,0,0.0,0,0.0
"Brown, Alvarado, Brooks Jr., Missi, Olynyk",NOP,2,21,-5,42,45,14,30,0.4666666666666667,3,11,0.2727272727272727,0.2727272727272727,8,16,12,3,6,0.5714285714285714,0.7272727272727273,0.3333333333333333,0.2682926829268293,0.5378853658536585,0.4512195121951219,0.4787234042553192,6,2,0.0666666666666666,0,0.0
"Brown, Murphy III, Matković, Hawkins, McCollum",NOP,7,21,-22,41,39,14,24,0.5833333333333334,3,16,0.1875,0.1875,2,16,12,6,3,0.5714285714285714,0.6153846153846154,0.6666666666666666,0.4,0.5235725,0.4625,0.4756097560975609,2,2,0.0833333333333333,0,0.0
"Theis, Robinson-Earl, Boston, Alvarado, Hawkins",NOP,5,20,-1,40,48,10,19,0.5263157894736842,7,19,0.3684210526315789,0.3684210526315789,7,12,8,18,3,0.6,0.6,0.8571428571428571,0.5,0.5378144736842105,0.5394736842105263,0.5714285714285714,0,0,0.0,0,0.0
"Brown, Alvarado, Missi, McCollum, Olynyk",NOP,3,20,-1,41,46,11,24,0.4583333333333333,6,11,0.5454545454545454,0.5454545454545454,6,16,6,12,6,0.7272727272727273,0.8888888888888888,0.6666666666666666,0.3142857142857143,0.5644428571428571,0.5714285714285714,0.5897435897435898,4,1,0.0416666666666666,0,0.0
"Robinson-Earl, Brooks Jr., Matković, Quinones, Payton",NOP,2,19,-2,42,37,11,22,0.5,3,14,0.2142857142857142,0.2142857142857142,6,16,6,9,0,0.7272727272727273,0.7272727272727273,1.0,0.3888888888888889,0.5730166666666666,0.4305555555555556,0.4743589743589743,0,3,0.1363636363636363,1,0.0714285714285714
"Green, Murphy III, Alvarado, Matković, McCollum",NOP,2,18,17,39,52,11,13,0.8461538461538461,7,19,0.3684210526315789,0.3684210526315789,9,14,8,18,3,0.6363636363636364,0.6363636363636364,0.8571428571428571,0.59375,0.538871875,0.671875,0.6842105263157895,0,0,0.0,0,0.0
"Williamson, Alvarado, Missi, McCollum, Olynyk",NOP,4,18,9,33,44,16,27,0.5925925925925926,1,4,0.25,0.25,9,18,14,3,0,0.5625,0.6923076923076923,1.0,0.1290322580645161,0.5722129032258065,0.5645161290322581,0.581081081081081,6,2,0.074074074074074,0,0.0
"Ingram, Murray, Jones, Missi, McCollum",NOP,2,18,4,38,46,14,20,0.7,4,9,0.4444444444444444,0.4444444444444444,6,10,18,3,9,0.3571428571428571,0.3571428571428571,0.25,0.3103448275862069,0.5458172413793103,0.6896551724137931,0.7258064516129032,0,0,0.0,0,0.0
"Brown, Murphy III, Matković, McCollum, Olynyk",NOP,3,18,5,37,46,17,27,0.6296296296296297,3,7,0.4285714285714285,0.4285714285714285,3,24,10,6,3,0.7058823529411765,0.8,0.6666666666666666,0.2058823529411764,0.5973029411764705,0.6323529411764706,0.6388888888888888,4,0,0.0,0,0.0
"Murray, Boston, Murphy III, Missi, McCollum",NOP,7,18,-9,36,42,9,19,0.4736842105263157,6,14,0.4285714285714285,0.4285714285714285,6,4,14,9,9,0.2222222222222222,0.2222222222222222,0.5,0.4242424242424242,0.5672287878787879,0.5454545454545454,0.5675675675675675,0,1,0.0526315789473684,0,0.0
"Murray, Green, Boston, Missi, McCollum",NOP,6,17,-18,40,32,7,21,0.3333333333333333,4,12,0.3333333333333333,0.3333333333333333,6,6,8,6,6,0.4285714285714285,0.4285714285714285,0.5,0.3636363636363636,0.5272242424242424,0.3939393939393939,0.4444444444444444,0,2,0.0952380952380952,0,0.0
"Theis, Green, Murphy III, Hawkins, McCollum",NOP,4,17,-13,36,40,6,13,0.4615384615384615,6,12,0.5,0.5,10,6,6,18,0,0.5,0.5,1.0,0.48,0.557378,0.6,0.6451612903225806,0,0,0.0,0,0.0
"Williamson, Green, Alvarado, Hawkins, Missi",NOP,4,16,-5,34,36,8,21,0.3809523809523809,2,5,0.4,0.4,14,12,4,6,0,0.75,0.8571428571428571,1.0,0.1923076923076923,0.48345,0.4230769230769231,0.5151515151515151,2,6,0.2857142857142857,0,0.0
"Murray, Theis, Green, Boston, Hawkins",NOP,4,16,-8,36,43,11,18,0.6111111111111112,4,16,0.25,0.25,9,18,4,9,3,0.8181818181818182,0.9,0.75,0.4705882352941176,0.5772323529411765,0.5,0.581081081081081,2,2,0.1111111111111111,0,0.0
"Green, Murphy III, Missi, McCollum, Payton",NOP,1,16,18,36,49,15,18,0.8333333333333334,5,12,0.4166666666666667,0.4166666666666667,4,22,8,15,0,0.7333333333333333,0.7857142857142857,1.0,0.4,0.6009516666666667,0.75,0.7424242424242424,2,1,0.0555555555555555,0,0.0
"Ingram, Williamson, Boston Jr., Alvarado, Missi",NOP,2,15,1,31,40,10,19,0.5263157894736842,4,10,0.4,0.4,8,16,4,9,3,0.8,0.8888888888888888,0.75,0.3448275862068966,0.6039931034482758,0.5517241379310345,0.6060606060606061,2,5,0.2631578947368421,0,0.0
"Ingram, Williamson, Alvarado, Hawkins, Missi",NOP,2,15,-6,30,36,11,17,0.6470588235294118,2,7,0.2857142857142857,0.2857142857142857,8,12,10,3,3,0.5454545454545454,0.5454545454545454,0.5,0.2916666666666667,0.5439583333333333,0.5833333333333334,0.6206896551724138,0,1,0.0588235294117647,0,0.0
"Brown, Murphy III, Hawkins, Missi, Olynyk",NOP,1,15,-10,28,34,12,18,0.6666666666666666,3,10,0.3,0.3,1,14,10,6,3,0.5833333333333334,0.7,0.6666666666666666,0.3571428571428571,0.5719964285714285,0.5892857142857143,0.5862068965517241,4,3,0.1666666666666666,0,0.0
"Murray, Theis, Williamson, Murphy III, McCollum",NOP,3,15,0,34,32,5,22,0.2272727272727272,3,11,0.2727272727272727,0.2727272727272727,13,2,8,9,0,0.2,0.3333333333333333,1.0,0.3333333333333333,0.46695,0.2878787878787879,0.3902439024390244,4,4,0.1818181818181818,0,0.0
"Ingram, Jones, Hawkins, Missi, McCollum",NOP,3,15,0,28,36,9,14,0.6428571428571429,5,11,0.4545454545454545,0.4545454545454545,3,12,6,12,3,0.6666666666666666,0.6666666666666666,0.8,0.44,0.54264,0.66,0.6428571428571429,0,1,0.0714285714285714,0,0.0
"Brown, Williamson, Alvarado, Matković, Hawkins",NOP,4,15,-6,31,36,9,19,0.4736842105263157,5,13,0.3846153846153846,0.3846153846153846,3,10,8,15,0,0.5555555555555556,0.5555555555555556,1.0,0.40625,0.5158953125,0.515625,0.5294117647058824,0,3,0.1578947368421052,0,0.0
"Brown, Murphy III, Alvarado, Missi, McCollum",NOP,5,15,-13,28,23,7,12,0.5833333333333334,3,7,0.4285714285714285,0.4285714285714285,0,8,6,9,0,0.5714285714285714,0.5714285714285714,1.0,0.3684210526315789,0.5241736842105263,0.6052631578947368,0.575,0,2,0.1666666666666666,0,0.0
"Robinson-Earl, Brooks Jr., Cain, Quinones, Reeves",NOP,3,15,-6,33,36,7,11,0.6363636363636364,4,9,0.4444444444444444,0.4444444444444444,10,10,4,9,3,0.7142857142857143,0.7142857142857143,0.75,0.45,0.5458525,0.65,0.6923076923076923,0,2,0.1818181818181818,0,0.0
"Murray, Jones, Hawkins, Missi, McCollum",NOP,2,14,-10,31,27,8,16,0.5,2,8,0.25,0.25,5,8,8,6,0,0.5,0.6666666666666666,1.0,0.3333333333333333,0.5523291666666666,0.4583333333333333,0.4821428571428571,4,0,0.0,0,0.0
"Ingram, Murray, Theis, Jones, McCollum",NOP,1,14,7,29,29,10,21,0.4761904761904761,1,8,0.125,0.125,6,12,8,3,0,0.6,0.6666666666666666,1.0,0.2758620689655172,0.526051724137931,0.396551724137931,0.453125,2,2,0.0952380952380952,0,0.0
"Nowell, Robinson-Earl, Murphy III, Cain, Jemison III",NOP,3,14,-13,29,27,5,13,0.3846153846153846,3,10,0.3,0.3,8,2,8,6,3,0.2,0.25,0.6666666666666666,0.4347826086956521,0.5218434782608695,0.4130434782608695,0.4821428571428571,2,1,0.0769230769230769,0,0.0
"Green, Boston, Murphy III, Missi, McCollum",NOP,7,14,6,28,33,10,15,0.6666666666666666,3,11,0.2727272727272727,0.2727272727272727,4,4,16,3,6,0.2,0.2,0.3333333333333333,0.4230769230769231,0.5338288461538462,0.5576923076923077,0.5892857142857143,0,2,0.1333333333333333,0,0.0
"Murphy III, Alvarado, Missi, McCollum, Olynyk",NOP,5,14,11,28,44,11,15,0.7333333333333333,6,12,0.5,0.5,4,12,10,12,6,0.5454545454545454,0.75,0.6666666666666666,0.4444444444444444,0.5673722222222223,0.7407407407407407,0.7586206896551724,6,0,0.0,0,0.0
"Murray, Robinson-Earl, Jones, Missi, McCollum",NOP,2,14,-14,26,29,10,17,0.5882352941176471,2,8,0.25,0.25,3,10,10,6,0,0.5,0.5555555555555556,1.0,0.32,0.521024,0.52,0.5370370370370371,2,1,0.0588235294117647,0,0.0
"Murray, Williamson, Green, Murphy III, McCollum",NOP,3,14,-6,31,33,10,18,0.5555555555555556,2,10,0.2,0.2,7,14,6,3,3,0.7,0.7,0.5,0.3571428571428571,0.5986946428571428,0.4642857142857143,0.515625,0,1,0.0555555555555555,0,0.0
"Williamson, Murphy III, Alvarado, Matković, Hawkins",NOP,5,13,-8,30,31,11,18,0.6111111111111112,1,5,0.2,0.2,6,14,8,0,3,0.6363636363636364,0.7,0.0,0.217391304347826,0.6180217391304348,0.5434782608695652,0.5961538461538461,2,1,0.0555555555555555,0,0.0
"Robinson-Earl, Alvarado, Brooks Jr., Reeves, Payton",NOP,2,13,-9,29,28,7,14,0.5,4,14,0.2857142857142857,0.2857142857142857,2,10,4,9,3,0.7142857142857143,0.7142857142857143,0.75,0.5,0.5507375,0.4642857142857143,0.4827586206896552,0,1,0.0714285714285714,0,0.0
"Brown, Brooks Jr., Reeves, Missi, Payton",NOP,1,13,6,24,35,10,17,0.5882352941176471,4,7,0.5714285714285714,0.5714285714285714,3,16,4,12,0,0.8,0.8888888888888888,1.0,0.2916666666666667,0.4997875,0.6666666666666666,0.68,2,1,0.0588235294117647,0,0.0
"Ingram, Green, Robinson-Earl, Alvarado, Hawkins",NOP,4,13,-16,25,19,1,5,0.2,5,14,0.3571428571428571,0.3571428571428571,2,2,0,15,0,1.0,1.0,1.0,0.7368421052631579,0.5223736842105263,0.4473684210526316,0.475,0,1,0.2,0,0.0
"Ingram, Boston Jr., Murphy III, Alvarado, Missi",NOP,1,12,3,25,30,6,12,0.5,5,12,0.4166666666666667,0.4166666666666667,3,10,2,15,0,0.8333333333333334,0.8333333333333334,1.0,0.5,0.5459999999999999,0.5625,0.5769230769230769,0,2,0.1666666666666666,0,0.0
"Brown, Brooks Jr., Quinones, Reeves, Missi",NOP,1,12,5,29,34,11,22,0.5,3,7,0.4285714285714285,0.4285714285714285,3,12,10,9,0,0.5454545454545454,0.6666666666666666,1.0,0.2413793103448276,0.4622189655172414,0.5344827586206896,0.532258064516129,4,1,0.0454545454545454,0,0.0
"Bamba, Williamson, Alvarado, Matković, Hawkins",NOP,1,12,5,22,31,7,10,0.7,5,9,0.5555555555555556,0.5555555555555556,2,8,6,15,0,0.5714285714285714,0.6666666666666666,1.0,0.4736842105263157,0.5751026315789474,0.7631578947368421,0.775,2,1,0.1,0,0.0
"Green, Murphy III, Hawkins, Missi, McCollum",NOP,5,12,-13,25,22,6,15,0.4,2,9,0.2222222222222222,0.2222222222222222,4,10,2,6,0,0.8333333333333334,1.0,1.0,0.375,0.5099229166666667,0.375,0.4230769230769231,2,1,0.0666666666666666,1,0.1111111111111111
"Ingram, Nowell, Robinson-Earl, Boston Jr., Missi",NOP,2,12,5,23,27,7,13,0.5384615384615384,3,7,0.4285714285714285,0.4285714285714285,4,10,4,9,0,0.7142857142857143,0.7142857142857143,1.0,0.35,0.5030375,0.575,0.6136363636363636,0,1,0.0769230769230769,1,0.1428571428571428
"Ingram, Theis, Williamson, Alvarado, Hawkins",NOP,2,12,7,24,30,6,15,0.4,5,11,0.4545454545454545,0.4545454545454545,3,6,6,15,0,0.5,0.5,1.0,0.4230769230769231,0.5429923076923078,0.5192307692307693,0.5555555555555556,0,2,0.1333333333333333,0,0.0
"Robinson-Earl, Brooks Jr., Matković, Cain, Payton",NOP,1,12,-9,23,24,11,16,0.6875,0,5,0.0,0.0,2,12,10,0,0,0.5454545454545454,0.6666666666666666,0.0,0.238095238095238,0.5645976190476191,0.5238095238095238,0.5454545454545454,4,1,0.0625,0,0.0
"Ingram, Nowell, Robinson-Earl, Cain, Missi",NOP,3,12,-4,23,22,8,20,0.4,1,7,0.1428571428571428,0.1428571428571428,3,6,10,3,0,0.375,0.5,1.0,0.2592592592592592,0.5316425925925926,0.3518518518518518,0.3793103448275862,4,2,0.1,0,0.0
"Ingram, Murray, Jones, Murphy III, McCollum",NOP,2,12,1,25,32,5,11,0.4545454545454545,5,9,0.5555555555555556,0.5555555555555556,7,6,4,12,3,0.6,0.75,0.8,0.45,0.5244774999999999,0.625,0.6739130434782609,2,1,0.0909090909090909,0,0.0
"Alvarado, Brooks Jr., Hawkins, Missi, Olynyk",NOP,1,11,-9,20,22,7,11,0.6363636363636364,2,7,0.2857142857142857,0.2857142857142857,2,12,2,6,0,0.8571428571428571,0.8571428571428571,1.0,0.3888888888888889,0.5775444444444444,0.5555555555555556,0.55,0,0,0.0,1,0.1428571428571428
"Murray, Theis, Green, Hawkins, McCollum",NOP,6,11,10,26,28,5,14,0.3571428571428571,4,8,0.5,0.5,6,6,4,9,3,0.6,1.0,0.75,0.3636363636363636,0.48895,0.5,0.56,4,1,0.0714285714285714,0,0.0
"Murray, Williamson, Jones, Missi, McCollum",NOP,1,11,2,23,26,9,17,0.5294117647058824,1,8,0.125,0.125,5,10,8,3,0,0.5555555555555556,0.7142857142857143,1.0,0.32,0.603838,0.42,0.4482758620689655,4,2,0.1176470588235294,0,0.0
"Brown, Williamson, Murphy III, Alvarado, McCollum",NOP,3,11,5,28,35,9,16,0.5625,2,9,0.2222222222222222,0.2222222222222222,11,12,6,6,0,0.6666666666666666,0.75,1.0,0.36,0.5839500000000001,0.48,0.5833333333333334,2,1,0.0625,0,0.0
"Kelley, Robinson-Earl, Cain, Quinones, Reeves",NOP,1,11,0,24,25,5,13,0.3846153846153846,4,11,0.3636363636363636,0.3636363636363636,3,4,6,9,3,0.4,0.4,0.75,0.4583333333333333,0.5498916666666667,0.4583333333333333,0.4807692307692308,0,2,0.1538461538461538,0,0.0
"Ingram, Theis, Jones, Hawkins, McCollum",NOP,3,11,-13,24,18,7,13,0.5384615384615384,1,9,0.1111111111111111,0.1111111111111111,1,4,10,3,0,0.2857142857142857,0.2857142857142857,1.0,0.4090909090909091,0.5372750000000001,0.3863636363636363,0.391304347826087,0,2,0.1538461538461538,0,0.0
"Theis, Boston, Jones, Alvarado, McCollum",NOP,2,11,7,20,28,5,8,0.625,6,11,0.5454545454545454,0.5454545454545454,0,6,4,18,0,0.6,0.6,1.0,0.5789473684210527,0.5190657894736842,0.7368421052631579,0.7368421052631579,0,1,0.125,0,0.0
"Boston Jr., Matković, Cain, Reeves, Jemison III",NOP,2,11,3,23,23,8,16,0.5,1,4,0.25,0.25,4,6,10,3,0,0.375,0.375,1.0,0.2,0.6162225,0.475,0.5,0,0,0.0,0,0.0
"Murray, Theis, Robinson-Earl, Boston, Murphy III",NOP,4,11,-2,22,21,4,6,0.6666666666666666,3,11,0.2727272727272727,0.2727272727272727,4,4,4,6,3,0.5,0.5,0.6666666666666666,0.6470588235294118,0.5726,0.5,0.5526315789473685,0,1,0.1666666666666666,0,0.0
"Nowell, Green, Boston Jr., Cain, Jemison III",NOP,1,10,-5,19,20,4,13,0.3076923076923077,1,4,0.25,0.25,9,4,4,3,0,0.5,0.5,1.0,0.2352941176470588,0.4885411764705882,0.3235294117647059,0.4318181818181818,0,1,0.0769230769230769,0,0.0
"Theis, Robinson-Earl, Boston, Alvarado, McCollum",NOP,2,10,9,21,30,7,14,0.5,5,10,0.5,0.5,1,6,8,12,3,0.4285714285714285,0.4285714285714285,0.8,0.4166666666666667,0.51310625,0.6041666666666666,0.6041666666666666,0,2,0.1428571428571428,0,0.0
"Boston, Jones, Cain, Missi, McCollum",NOP,2,10,1,17,23,5,11,0.4545454545454545,4,8,0.5,0.5,1,0,10,6,6,0.0,0.0,0.5,0.4210526315789473,0.5105447368421053,0.5789473684210527,0.575,0,1,0.0909090909090909,0,0.0
"Williamson, Green, Robinson-Earl, Boston Jr., Hawkins",NOP,2,10,6,20,26,8,14,0.5714285714285714,2,6,0.3333333333333333,0.3333333333333333,4,6,10,3,3,0.375,0.375,0.5,0.3,0.54231,0.55,0.6190476190476191,0,3,0.2142857142857142,0,0.0
"Ingram, Theis, Green, Murphy III, Payton",NOP,1,10,2,22,25,6,10,0.6,3,8,0.375,0.375,4,6,6,9,0,0.5,0.5,1.0,0.4444444444444444,0.5527722222222222,0.5833333333333334,0.625,0,0,0.0,1,0.125
"Theis, Williamson, Boston, Murphy III, Alvarado",NOP,2,10,-6,21,21,5,10,0.5,3,6,0.5,0.5,2,4,6,9,0,0.4,0.4,1.0,0.375,0.558109375,0.59375,0.5833333333333334,0,2,0.2,0,0.0
"Theis, Boston, Jones, Murphy III, McCollum",NOP,2,10,8,19,28,9,9,1.0,1,6,0.1666666666666666,0.1666666666666666,7,14,4,0,3,0.7777777777777778,0.7777777777777778,0.0,0.4,0.5464233333333334,0.7,0.7777777777777778,0,0,0.0,0,0.0
"Williamson, Green, Murphy III, Missi, McCollum",NOP,1,10,8,21,32,6,10,0.6,4,7,0.5714285714285714,0.5714285714285714,8,8,4,12,0,0.6666666666666666,0.8,1.0,0.4117647058823529,0.5126882352941177,0.7058823529411765,0.7272727272727273,2,2,0.2,0,0.0
"Murray, Theis, Green, Boston, Murphy III",NOP,5,10,-3,21,22,7,14,0.5,2,7,0.2857142857142857,0.2857142857142857,2,8,6,3,3,0.5714285714285714,0.5714285714285714,0.5,0.3333333333333333,0.5770738095238096,0.4761904761904761,0.5,0,0,0.0,0,0.0
"Murray, Jones, Murphy III, Hawkins, Missi",NOP,5,10,-1,22,26,9,14,0.6428571428571429,1,4,0.25,0.25,5,12,6,3,0,0.6666666666666666,0.6666666666666666,1.0,0.2222222222222222,0.5758166666666666,0.5833333333333334,0.6190476190476191,0,0,0.0,0,0.0
"Williamson, Robinson-Earl, Boston Jr., Cain, Hawkins",NOP,2,10,-8,21,20,5,12,0.4166666666666667,3,8,0.375,0.375,1,4,6,3,6,0.4,0.5,0.3333333333333333,0.4,0.5130625,0.475,0.4761904761904761,2,1,0.0833333333333333,0,0.0
"Theis, Green, Murphy III, Alvarado, McCollum",NOP,4,10,6,23,29,4,8,0.5,5,12,0.4166666666666667,0.4166666666666667,6,2,6,12,3,0.25,0.3333333333333333,0.8,0.6,0.54482,0.575,0.6304347826086957,2,0,0.0,0,0.0
"Green, Murphy III, Alvarado, Hawkins, Missi",NOP,3,9,-6,21,20,5,9,0.5555555555555556,2,6,0.3333333333333333,0.3333333333333333,4,6,4,6,0,0.6,0.6,1.0,0.4,0.52152,0.5333333333333333,0.5555555555555556,0,1,0.1111111111111111,0,0.0
"Williamson, Murphy III, Alvarado, Matković, Missi",NOP,1,9,-8,18,12,3,10,0.3,1,7,0.1428571428571428,0.1428571428571428,3,2,4,3,0,0.3333333333333333,0.5,1.0,0.4117647058823529,0.5623970588235294,0.2647058823529412,0.3157894736842105,2,3,0.3,0,0.0
"Theis, Williamson, Murphy III, Alvarado, Hawkins",NOP,3,9,3,20,23,6,11,0.5454545454545454,3,8,0.375,0.375,2,8,4,9,0,0.6666666666666666,0.8,1.0,0.4210526315789473,0.5517736842105263,0.5526315789473685,0.575,2,3,0.2727272727272727,0,0.0
"Robinson-Earl, Alvarado, Matković, Hawkins, Reeves",NOP,4,9,-10,22,14,3,10,0.3,2,9,0.2222222222222222,0.2222222222222222,2,4,2,6,0,0.6666666666666666,1.0,1.0,0.4736842105263157,0.52,0.3157894736842105,0.35,2,0,0.0,0,0.0
"Kelley, Cain, Quinones, Reeves, Payton",NOP,2,9,6,22,26,6,12,0.5,3,8,0.375,0.375,5,12,0,6,3,1.0,1.0,0.6666666666666666,0.4,0.548535,0.525,0.5909090909090909,0,0,0.0,0,0.0
"Murphy III, Alvarado, Matković, Hawkins, Missi",NOP,4,9,1,17,15,4,10,0.4,2,6,0.3333333333333333,0.3333333333333333,1,2,6,6,0,0.25,0.3333333333333333,1.0,0.375,0.541359375,0.4375,0.46875,2,2,0.2,0,0.0
"Murray, Robinson-Earl, Boston, Missi, McCollum",NOP,3,9,-6,18,20,5,11,0.4545454545454545,3,8,0.375,0.375,1,0,10,6,3,0.0,0.0,0.6666666666666666,0.4210526315789473,0.5333,0.5,0.5,2,1,0.0909090909090909,0,0.0
"Brooks Jr., Matković, Cain, Quinones, Payton",NOP,2,9,-8,18,16,4,6,0.6666666666666666,2,8,0.25,0.25,2,6,2,6,0,0.75,1.0,1.0,0.5714285714285714,0.5687607142857143,0.5,0.5,2,0,0.0,0,0.0
"Theis, Green, Robinson-Earl, Boston, Reeves",NOP,1,9,11,20,31,10,16,0.625,3,7,0.4285714285714285,0.4285714285714285,2,10,10,9,0,0.5,0.7142857142857143,1.0,0.3043478260869565,0.5707152173913044,0.6304347826086957,0.6739130434782609,6,2,0.125,0,0.0
"Green, Boston, Alvarado, Hawkins, Missi",NOP,2,9,-5,17,15,5,9,0.5555555555555556,1,5,0.2,0.2,2,2,8,0,3,0.2,0.2,0.0,0.3571428571428571,0.5018285714285714,0.4642857142857143,0.5,0,0,0.0,1,0.2
"Brown, Williamson, Robinson-Earl, Matković, Hawkins",NOP,1,9,8,19,21,7,12,0.5833333333333334,2,7,0.2857142857142857,0.2857142857142857,1,4,10,6,0,0.2857142857142857,0.2857142857142857,1.0,0.3684210526315789,0.5062105263157894,0.5263157894736842,0.525,0,0,0.0,0,0.0
"Murphy III, Hawkins, Missi, McCollum, Olynyk",NOP,4,9,2,22,20,7,10,0.7,1,8,0.125,0.125,3,8,6,0,3,0.5714285714285714,0.5714285714285714,0.0,0.4444444444444444,0.5400527777777778,0.4722222222222222,0.5263157894736842,0,0,0.0,1,0.125
"Ingram, Robinson-Earl, Boston Jr., Murphy III, Payton",NOP,1,9,4,20,22,6,9,0.6666666666666666,3,9,0.3333333333333333,0.3333333333333333,1,8,4,9,0,0.6666666666666666,1.0,1.0,0.5,0.4899694444444444,0.5833333333333334,0.55,4,0,0.0,0,0.0
"Brown, Williamson, Murphy III, Matković, McCollum",NOP,2,9,-17,17,11,5,10,0.5,0,2,0.0,0.0,1,4,6,0,0,0.4,0.4,0.0,0.1666666666666666,0.5114666666666666,0.4166666666666667,0.4166666666666667,0,1,0.1,0,0.0
"Williamson, Murphy III, Hawkins, Missi, McCollum",NOP,1,9,-7,18,15,5,15,0.3333333333333333,0,4,0.0,0.0,5,4,6,0,0,0.4,0.6666666666666666,0.0,0.2105263157894736,0.460378947368421,0.2631578947368421,0.3409090909090909,4,2,0.1333333333333333,0,0.0
"Murray, Boston, Jones, Hawkins, Missi",NOP,3,9,9,17,21,6,10,0.6,2,5,0.4,0.4,3,10,2,6,0,0.8333333333333334,0.8333333333333334,1.0,0.3333333333333333,0.56824,0.6,0.6176470588235294,0,0,0.0,0,0.0
"Alvarado, Brooks Jr., Reeves, Missi, Olynyk",NOP,3,9,-8,16,16,5,9,0.5555555555555556,1,5,0.2,0.2,3,6,4,3,0,0.6,0.6,1.0,0.3571428571428571,0.4700785714285714,0.4642857142857143,0.5,0,0,0.0,0,0.0
"Theis, Boston, Jones, Alvarado, Hawkins",NOP,3,9,0,16,16,2,6,0.3333333333333333,3,11,0.2727272727272727,0.2727272727272727,3,0,4,9,0,0.0,0.0,1.0,0.6470588235294118,0.5717735294117647,0.3823529411764705,0.4210526315789473,0,1,0.1666666666666666,0,0.0
"Kelley, Brooks Jr., Cain, Quinones, Reeves",NOP,3,8,-3,18,19,7,12,0.5833333333333334,0,5,0.0,0.0,5,6,8,0,0,0.4285714285714285,0.6,0.0,0.2941176470588235,0.5151970588235294,0.4117647058823529,0.5,4,1,0.0833333333333333,0,0.0
"Green, Robinson-Earl, Boston Jr., Missi, Payton",NOP,1,8,-12,16,11,3,9,0.3333333333333333,0,4,0.0,0.0,5,4,2,0,0,0.6666666666666666,0.6666666666666666,0.0,0.3076923076923077,0.5785,0.2307692307692307,0.34375,0,2,0.2222222222222222,0,0.0
"Ingram, Green, Boston Jr., Alvarado, Missi",NOP,4,8,-8,18,15,5,13,0.3846153846153846,0,3,0.0,0.0,5,8,2,0,0,0.8,0.8,0.0,0.1875,0.52385,0.3125,0.3888888888888889,0,2,0.1538461538461538,0,0.0
"Murray, Theis, Jones, Murphy III, McCollum",NOP,4,8,6,21,23,6,11,0.5454545454545454,2,6,0.3333333333333333,0.3333333333333333,5,8,4,6,0,0.6666666666666666,0.6666666666666666,1.0,0.3529411764705882,0.5416029411764706,0.5294117647058824,0.6052631578947368,0,2,0.1818181818181818,0,0.0
"Robinson-Earl, Boston Jr., Missi, McCollum, Payton",NOP,2,8,-2,16,20,3,8,0.375,4,5,0.8,0.8,2,2,4,12,0,0.3333333333333333,0.3333333333333333,1.0,0.3846153846153846,0.551673076923077,0.6923076923076923,0.7142857142857143,0,0,0.0,0,0.0
"Ingram, Green, Murphy III, Missi, McCollum",NOP,2,8,-9,18,15,5,14,0.3571428571428571,1,7,0.1428571428571428,0.1428571428571428,2,0,10,3,0,0.0,0.0,1.0,0.3333333333333333,0.5750928571428572,0.3095238095238095,0.3409090909090909,2,3,0.2142857142857142,0,0.0
"Robinson-Earl, Murphy III, Matković, Hawkins, McCollum",NOP,3,8,-6,15,17,4,8,0.5,3,8,0.375,0.375,0,2,6,3,6,0.25,0.3333333333333333,0.3333333333333333,0.5,0.4992,0.53125,0.53125,2,0,0.0,0,0.0
"Murphy III, Matković, Hawkins, Missi, McCollum",NOP,5,8,-3,18,20,4,7,0.5714285714285714,3,10,0.3,0.3,3,6,2,6,3,0.75,0.75,0.6666666666666666,0.5882352941176471,0.5379264705882353,0.5,0.5555555555555556,0,1,0.1428571428571428,0,0.0
"Jones, Murphy III, Hawkins, Missi, McCollum",NOP,3,8,7,19,25,10,13,0.7692307692307693,1,4,0.25,0.25,2,14,6,3,0,0.7,0.7777777777777778,1.0,0.2352941176470588,0.6353882352941177,0.6764705882352942,0.6944444444444444,2,2,0.1538461538461538,0,0.0
"Brown, Alvarado, Matković, McCollum, Olynyk",NOP,3,8,-2,15,12,3,6,0.5,2,5,0.4,0.4,0,4,2,3,3,0.6666666666666666,0.6666666666666666,0.5,0.4545454545454545,0.5385454545454545,0.5454545454545454,0.5,0,0,0.0,0,0.0
"Robinson-Earl, Alvarado, Brooks Jr., Quinones, Reeves",NOP,1,8,-1,17,18,5,11,0.4545454545454545,1,5,0.2,0.2,5,8,2,3,0,0.8,0.8,1.0,0.3125,0.5154375,0.40625,0.4736842105263157,0,3,0.2727272727272727,0,0.0
"Ingram, Murray, Boston Jr., Jones, Murphy III",NOP,2,8,7,17,24,3,6,0.5,5,9,0.5555555555555556,0.5555555555555556,3,0,6,15,0,0.0,0.0,1.0,0.6,0.52429,0.7,0.7058823529411765,0,1,0.1666666666666666,0,0.0
"Williamson, Green, Alvarado, Reeves, Missi",NOP,2,8,4,13,23,6,10,0.6,3,4,0.75,0.75,2,8,4,3,6,0.6666666666666666,0.6666666666666666,0.3333333333333333,0.2857142857142857,0.5461464285714286,0.75,0.71875,0,2,0.2,0,0.0
"Green, Robinson-Earl, Boston, Jones, Hawkins",NOP,1,8,5,14,17,2,7,0.2857142857142857,4,6,0.6666666666666666,0.6666666666666666,1,2,2,9,3,0.5,0.5,0.75,0.4615384615384615,0.529773076923077,0.6153846153846154,0.6071428571428571,0,1,0.1428571428571428,0,0.0
"Robinson-Earl, Murphy III, Alvarado, Matković, Reeves",NOP,2,8,-7,15,12,3,6,0.5,1,6,0.1666666666666666,0.2,3,4,2,0,3,0.6666666666666666,0.6666666666666666,0.0,0.5,0.4324090909090909,0.375,0.4285714285714285,0,0,0.0,0,0.0
"Robinson-Earl, Matković, Cain, Quinones, Payton",NOP,1,8,-2,15,16,6,8,0.75,1,6,0.1666666666666666,0.1666666666666666,1,8,4,3,0,0.6666666666666666,0.6666666666666666,1.0,0.4285714285714285,0.4814392857142857,0.5357142857142857,0.5357142857142857,0,0,0.0,0,0.0
"Murray, Green, Boston, Hawkins, Missi",NOP,4,8,-9,15,13,5,11,0.4545454545454545,1,3,0.3333333333333333,0.3333333333333333,0,4,6,3,0,0.4,0.5,1.0,0.2142857142857142,0.5496607142857143,0.4642857142857143,0.4642857142857143,2,0,0.0,0,0.0
"Kelley, Robinson-Earl, Alvarado, Brooks Jr., Payton",NOP,1,8,-21,14,10,3,12,0.25,1,3,0.3333333333333333,0.3333333333333333,1,4,2,3,0,0.6666666666666666,0.6666666666666666,1.0,0.2,0.49983,0.3,0.3125,0,1,0.0833333333333333,0,0.0
"Brown, Williamson, Alvarado, Hawkins, Olynyk",NOP,2,8,-5,14,16,6,12,0.5,1,3,0.3333333333333333,0.3333333333333333,1,4,8,3,0,0.3333333333333333,0.4,1.0,0.2,0.49951,0.5,0.5333333333333333,2,0,0.0,0,0.0
"Ingram, Green, Robinson-Earl, Boston Jr., Murphy III",NOP,3,7,0,14,17,3,3,1.0,3,9,0.3333333333333333,0.3333333333333333,2,2,4,6,3,0.3333333333333333,0.3333333333333333,0.6666666666666666,0.75,0.4878041666666666,0.625,0.6538461538461539,0,0,0.0,0,0.0
"Theis, Robinson-Earl, Murphy III, Alvarado, Hawkins",NOP,2,7,1,17,21,4,9,0.4444444444444444,4,10,0.4,0.4,1,6,2,9,3,0.75,1.0,0.75,0.5263157894736842,0.4891105263157895,0.5263157894736842,0.525,2,2,0.2222222222222222,0,0.0
"Williamson, Robinson-Earl, Murphy III, Alvarado, Hawkins",NOP,4,7,12,16,27,10,14,0.7142857142857143,2,4,0.5,0.5,1,10,10,6,0,0.5,0.625,1.0,0.2222222222222222,0.4963944444444444,0.7222222222222222,0.75,4,0,0.0,0,0.0
"Ingram, Nowell, Robinson-Earl, Cain, Jemison III",NOP,4,7,3,14,18,4,9,0.4444444444444444,2,4,0.5,0.5,4,8,0,6,0,1.0,1.0,1.0,0.3076923076923077,0.5382730769230769,0.5384615384615384,0.6,0,0,0.0,0,0.0
"Ingram, Nowell, Robinson-Earl, Reeves, Jemison III",NOP,2,7,1,15,18,6,11,0.5454545454545454,2,7,0.2857142857142857,0.2857142857142857,0,2,10,6,0,0.1666666666666666,0.2,1.0,0.3888888888888889,0.5331916666666667,0.5,0.5,2,2,0.1818181818181818,0,0.0
"Green, Murphy III, Matković, Hawkins, McCollum",NOP,2,7,-11,19,10,1,7,0.1428571428571428,2,6,0.3333333333333333,0.3333333333333333,2,0,2,6,0,0.0,0.0,1.0,0.4615384615384615,0.5641461538461539,0.3076923076923077,0.3571428571428571,0,1,0.1428571428571428,0,0.0
"Murray, Theis, Robinson-Earl, Boston, McCollum",NOP,4,7,1,15,16,4,10,0.4,2,5,0.4,0.4,2,4,4,3,3,0.5,0.5,0.5,0.3333333333333333,0.54786,0.4666666666666667,0.5,0,1,0.1,0,0.0
"Brown, Robinson-Earl, Murphy III, Matković, Reeves",NOP,1,7,-6,16,13,3,9,0.3333333333333333,1,3,0.3333333333333333,0.3333333333333333,4,2,4,3,0,0.3333333333333333,0.3333333333333333,1.0,0.25,0.5012833333333333,0.375,0.4642857142857143,0,2,0.2222222222222222,0,0.0
"Williamson, Murphy III, Alvarado, Matković, McCollum",NOP,4,7,8,18,26,7,10,0.7,2,4,0.5,0.5,6,8,6,6,0,0.5714285714285714,0.6666666666666666,1.0,0.2857142857142857,0.5943357142857143,0.7142857142857143,0.7647058823529411,2,0,0.0,0,0.0
"Bamba, Robinson-Earl, Murphy III, Alvarado, Hawkins",NOP,2,7,-5,13,10,1,2,0.5,2,10,0.2,0.2,2,0,2,6,0,0.0,0.0,1.0,0.8333333333333334,0.5292375,0.3333333333333333,0.3846153846153846,0,0,0.0,0,0.0
"Murray, Theis, Robinson-Earl, Murphy III, Hawkins",NOP,2,7,8,16,20,4,10,0.4,4,8,0.5,0.5,0,6,2,12,0,0.75,0.75,1.0,0.4444444444444444,0.5194027777777778,0.5555555555555556,0.5555555555555556,0,1,0.1,0,0.0
"Green, Robinson-Earl, Boston Jr., Alvarado, Jemison III",NOP,2,7,16,13,21,6,10,0.6,3,5,0.6,0.6,0,6,6,6,3,0.5,0.5,0.6666666666666666,0.3333333333333333,0.5669133333333334,0.7,0.7,0,1,0.1,0,0.0
"Murray, Green, Alvarado, Missi, McCollum",NOP,1,7,6,16,22,4,7,0.5714285714285714,4,6,0.6666666666666666,0.6666666666666666,2,4,4,12,0,0.5,0.5,1.0,0.4615384615384615,0.5354961538461539,0.7692307692307693,0.6875,0,0,0.0,0,0.0
"Ingram, Green, Alvarado, Missi, McCollum",NOP,2,7,3,15,17,7,11,0.6363636363636364,0,1,0.0,0.0,3,12,2,0,0,0.8571428571428571,0.8571428571428571,0.0,0.0833333333333333,0.5985416666666666,0.5833333333333334,0.6538461538461539,0,1,0.0909090909090909,0,0.0
"Robinson-Earl, Alvarado, Matković, Cain, Hawkins",NOP,2,7,6,13,21,4,5,0.8,4,8,0.5,0.5,1,6,2,9,3,0.75,0.75,0.75,0.6153846153846154,0.4904153846153846,0.7692307692307693,0.8076923076923077,0,0,0.0,0,0.0
"Robinson-Earl, Boston Jr., Reeves, Jemison III, Payton",NOP,2,7,4,16,20,8,9,0.8888888888888888,0,2,0.0,0.0,4,16,0,0,0,1.0,1.0,0.0,0.1818181818181818,0.6438863636363636,0.7272727272727273,0.7692307692307693,0,0,0.0,0,0.0
"Robinson-Earl, Boston Jr., Matković, Cain, Reeves",NOP,1,6,8,12,18,5,8,0.625,2,8,0.25,0.25,2,2,8,6,0,0.2,0.25,1.0,0.5,0.603109375,0.5,0.5294117647058824,2,0,0.0,0,0.0
"Ingram, Williamson, Jones, Hawkins, McCollum",NOP,2,6,0,13,13,5,10,0.5,1,2,0.5,0.5,0,8,2,3,0,0.8,0.8,1.0,0.1666666666666666,0.4775125,0.5416666666666666,0.5416666666666666,0,1,0.1,1,0.5
"Robinson-Earl, Boston Jr., Jones, Missi, McCollum",NOP,2,6,3,12,16,5,7,0.7142857142857143,2,5,0.4,0.4,0,6,4,6,0,0.6,0.6,1.0,0.4166666666666667,0.5319291666666667,0.6666666666666666,0.6666666666666666,0,0,0.0,0,0.0
"Alvarado, Brooks Jr., Matković, Hawkins, Olynyk",NOP,2,6,16,12,22,5,5,1.0,4,6,0.6666666666666666,0.6666666666666666,0,10,0,9,3,1.0,1.0,0.75,0.5454545454545454,0.5801136363636363,1.0,1.0,0,0,0.0,0,0.0
"Murray, Theis, Murphy III, Hawkins, McCollum",NOP,3,6,2,16,14,2,4,0.5,1,5,0.2,0.2,7,2,2,3,0,0.5,0.5,1.0,0.5555555555555556,0.5504111111111112,0.3888888888888889,0.5384615384615384,0,0,0.0,0,0.0
"Brown, Murphy III, Reeves, Missi, McCollum",NOP,3,6,-12,12,8,2,10,0.2,1,4,0.25,0.25,1,2,2,3,0,0.5,0.5,1.0,0.2857142857142857,0.5401392857142857,0.25,0.2666666666666666,0,1,0.1,0,0.0
"Murphy III, Alvarado, Matković, Missi, McCollum",NOP,3,6,-6,11,14,4,7,0.5714285714285714,2,5,0.4,0.4,0,6,2,3,3,0.75,1.0,0.5,0.4166666666666667,0.5215791666666666,0.5833333333333334,0.5833333333333334,2,0,0.0,0,0.0
"Robinson-Earl, Murphy III, Alvarado, Matković, Hawkins",NOP,4,6,-15,12,10,2,4,0.5,2,5,0.4,0.4,0,2,2,6,0,0.5,1.0,1.0,0.5555555555555556,0.5189166666666667,0.5555555555555556,0.5555555555555556,2,0,0.0,0,0.0
"Ingram, Williamson, Green, Boston Jr., Alvarado",NOP,1,6,0,13,19,5,9,0.5555555555555556,2,2,1.0,1.0,3,6,4,6,0,0.6,0.6,1.0,0.1818181818181818,0.4768727272727272,0.7272727272727273,0.7307692307692307,0,0,0.0,0,0.0
"Brown, Alvarado, Brooks Jr., Reeves, Missi",NOP,2,6,6,12,21,4,7,0.5714285714285714,2,4,0.5,0.5,7,4,4,3,3,0.5,0.6666666666666666,0.5,0.3636363636363636,0.573490909090909,0.6363636363636364,0.7,2,0,0.0,0,0.0
"Murray, Green, Robinson-Earl, Missi, McCollum",NOP,3,6,3,13,13,1,6,0.1666666666666666,2,7,0.2857142857142857,0.2857142857142857,5,0,2,6,0,0.0,0.0,1.0,0.5384615384615384,0.5776961538461538,0.3076923076923077,0.40625,0,1,0.1666666666666666,0,0.0
"Robinson-Earl, Boston Jr., Murphy III, Cain, McCollum",NOP,1,6,-1,12,17,4,7,0.5714285714285714,3,4,0.75,0.75,0,2,6,9,0,0.25,0.25,1.0,0.3636363636363636,0.6006363636363636,0.7727272727272727,0.7727272727272727,0,0,0.0,0,0.0
"Murray, Green, Murphy III, Matković, McCollum",NOP,3,6,6,13,20,6,8,0.75,1,3,0.3333333333333333,0.3333333333333333,5,4,8,3,0,0.3333333333333333,0.4,1.0,0.2727272727272727,0.5433681818181818,0.6818181818181818,0.7692307692307693,2,0,0.0,0,0.0
"Ingram, Williamson, Green, Alvarado, Hawkins",NOP,1,6,0,10,14,4,5,0.8,1,6,0.1666666666666666,0.1666666666666666,3,8,0,3,0,1.0,1.0,1.0,0.5454545454545454,0.4860090909090909,0.5,0.5416666666666666,0,1,0.2,1,0.1666666666666666
"Murray, Robinson-Earl, Jones, Murphy III, McCollum",NOP,1,6,6,11,13,6,7,0.8571428571428571,0,5,0.0,0.0,1,8,4,0,0,0.6666666666666666,0.6666666666666666,0.0,0.4166666666666667,0.6170666666666667,0.5,0.5416666666666666,0,0,0.0,0,0.0
"Murray, Theis, Boston, Jones, Hawkins",NOP,2,6,-3,13,12,3,9,0.3333333333333333,1,5,0.2,0.2,3,6,0,3,0,1.0,1.0,1.0,0.3571428571428571,0.52795,0.3214285714285714,0.375,0,1,0.1111111111111111,0,0.0
"Robinson-Earl, Alvarado, Brooks Jr., Cain, Reeves",NOP,2,6,-12,10,5,1,5,0.2,1,7,0.1428571428571428,0.1428571428571428,0,0,2,3,0,0.0,0.0,1.0,0.5833333333333334,0.5561583333333333,0.2083333333333333,0.2083333333333333,0,1,0.2,1,0.1428571428571428
"Robinson-Earl, Cain, Reeves, Jemison III, Payton",NOP,1,6,1,11,15,7,10,0.7,0,1,0.0,0.0,1,10,4,0,0,0.7142857142857143,0.7142857142857143,0.0,0.0909090909090909,0.511909090909091,0.6363636363636364,0.625,0,2,0.2,0,0.0
"Ingram, Robinson-Earl, Boston Jr., Cain, Missi",NOP,3,6,-4,11,14,3,4,0.75,2,3,0.6666666666666666,0.6666666666666666,2,2,4,3,3,0.3333333333333333,0.3333333333333333,0.5,0.4285714285714285,0.5294071428571429,0.8571428571428571,0.875,0,0,0.0,0,0.0
"Murray, Theis, Green, Boston, McCollum",NOP,2,6,-4,14,13,4,6,0.6666666666666666,1,5,0.2,0.2,2,0,8,3,0,0.0,0.0,1.0,0.4545454545454545,0.4752954545454546,0.5,0.5416666666666666,0,1,0.1666666666666666,0,0.0
"Brown, Robinson-Earl, Matković, Hawkins, McCollum",NOP,2,6,-6,11,12,1,2,0.5,3,7,0.4285714285714285,0.4285714285714285,1,0,2,9,0,0.0,0.0,1.0,0.7777777777777778,0.5224833333333333,0.6111111111111112,0.6,0,0,0.0,0,0.0
"Green, Robinson-Earl, Boston Jr., Murphy III, McCollum",NOP,2,6,2,12,17,5,7,0.7142857142857143,2,5,0.4,0.4,1,8,2,0,6,0.8,0.8,0.0,0.4166666666666667,0.6138208333333334,0.6666666666666666,0.6538461538461539,0,0,0.0,0,0.0
"Theis, Robinson-Earl, Boston Jr., Murphy III, Payton",NOP,1,6,-8,10,5,1,7,0.1428571428571428,1,4,0.25,0.25,0,0,2,3,0,0.0,0.0,1.0,0.3636363636363636,0.4708863636363636,0.2272727272727272,0.2272727272727272,2,0,0.0,0,0.0
"Robinson-Earl, Boston, Alvarado, Matković, McCollum",NOP,1,6,-6,11,7,3,6,0.5,0,4,0.0,0.0,1,4,2,0,0,0.6666666666666666,0.6666666666666666,0.0,0.4,0.48433,0.3,0.3,0,2,0.3333333333333333,0,0.0
"Robinson-Earl, Matković, Reeves, Olynyk, Payton",NOP,2,6,8,13,14,5,5,1.0,1,3,0.3333333333333333,0.3333333333333333,1,10,0,3,0,1.0,1.0,1.0,0.375,0.55664375,0.8125,0.875,0,0,0.0,0,0.0
"Williamson, Green, Hawkins, Missi, McCollum",NOP,3,6,-5,11,10,2,8,0.25,1,2,0.5,0.5,3,2,2,3,0,0.5,1.0,1.0,0.2,0.493755,0.35,0.4166666666666667,2,2,0.25,0,0.0
"Robinson-Earl, Alvarado, Hawkins, Missi, McCollum",NOP,1,6,-1,11,17,3,6,0.5,3,5,0.6,0.6,2,4,2,9,0,0.6666666666666666,1.0,1.0,0.4545454545454545,0.5994227272727273,0.6818181818181818,0.7083333333333334,2,1,0.1666666666666666,0,0.0
"Brown, Robinson-Earl, Hawkins, Missi, McCollum",NOP,3,6,-14,11,7,2,2,1.0,1,6,0.1666666666666666,0.1666666666666666,0,0,4,3,0,0.0,0.0,1.0,0.75,0.5485875,0.4375,0.4375,0,0,0.0,0,0.0
"Robinson-Earl, Matković, Cain, Hawkins, Missi",NOP,1,6,4,13,21,4,7,0.5714285714285714,3,5,0.6,0.6,4,6,2,6,3,0.75,1.0,0.6666666666666666,0.4166666666666667,0.4675958333333334,0.7083333333333334,0.7,2,1,0.1428571428571428,0,0.0
"Green, Alvarado, Hawkins, Missi, McCollum",NOP,1,6,0,13,16,3,3,1.0,2,5,0.4,0.4,4,4,2,6,0,0.6666666666666666,0.6666666666666666,1.0,0.625,0.58526875,0.75,0.7272727272727273,0,0,0.0,0,0.0
"Green, Robinson-Earl, Boston Jr., Reeves, Missi",NOP,1,5,-2,9,8,3,8,0.375,0,2,0.0,0.0,2,2,4,0,0,0.3333333333333333,0.3333333333333333,0.0,0.2,0.66144,0.3,0.3636363636363636,0,1,0.125,0,0.0
"Brown, Robinson-Earl, Matković, Reeves, Payton",NOP,3,5,-4,14,10,5,10,0.5,0,2,0.0,0.0,0,6,4,0,0,0.6,1.0,0.0,0.1666666666666666,0.5204624999999999,0.4166666666666667,0.4166666666666667,4,0,0.0,0,0.0
"Ingram, Theis, Robinson-Earl, Boston Jr., Cain",NOP,1,5,0,10,14,4,6,0.6666666666666666,2,4,0.5,0.5,0,4,4,3,3,0.5,0.5,0.5,0.4,0.5166999999999999,0.7,0.7,0,0,0.0,0,0.0
"Brown, Matković, Cain, Hawkins, Olynyk",NOP,1,5,5,11,7,2,10,0.2,1,3,0.3333333333333333,0.3333333333333333,0,2,2,3,0,0.5,1.0,1.0,0.2307692307692307,0.5007,0.2692307692307692,0.2692307692307692,2,0,0.0,0,0.0
"Nowell, Boston Jr., Cain, Reeves, Jemison",NOP,2,5,4,11,15,2,5,0.4,3,6,0.5,0.5,2,2,2,6,3,0.5,0.5,0.6666666666666666,0.5454545454545454,0.5219181818181818,0.5909090909090909,0.625,0,0,0.0,0,0.0
"Boston, Jones, Alvarado, Missi, McCollum",NOP,3,5,4,11,16,2,6,0.3333333333333333,4,5,0.8,0.8,0,2,2,12,0,0.5,0.5,1.0,0.4545454545454545,0.5397409090909091,0.7272727272727273,0.7272727272727273,0,1,0.1666666666666666,0,0.0
"Murray, Williamson, Jones, Alvarado, Missi",NOP,1,5,6,11,11,3,7,0.4285714285714285,1,6,0.1666666666666666,0.1666666666666666,2,4,2,3,0,0.6666666666666666,0.6666666666666666,1.0,0.4615384615384615,0.5636192307692307,0.3461538461538461,0.3928571428571428,0,2,0.2857142857142857,0,0.0
"Brown, Williamson, Alvarado, McCollum, Olynyk",NOP,2,5,4,11,7,2,6,0.3333333333333333,1,4,0.25,0.25,0,4,0,3,0,1.0,1.0,1.0,0.4,0.48837,0.35,0.35,0,0,0.0,0,0.0
"Ingram, Green, Robinson-Earl, Boston Jr., Alvarado",NOP,2,5,-1,12,13,2,4,0.5,3,6,0.5,0.5,0,2,2,3,6,0.5,0.5,0.3333333333333333,0.6,0.5111049999999999,0.65,0.65,0,0,0.0,0,0.0
"Williamson, Robinson-Earl, Alvarado, Cain, Hawkins",NOP,1,5,7,11,15,6,6,1.0,1,5,0.2,0.2,0,6,6,3,0,0.5,0.6,1.0,0.4545454545454545,0.6103318181818183,0.6818181818181818,0.6818181818181818,2,0,0.0,0,0.0
"Brown, Robinson-Earl, Cain, Hawkins, McCollum",NOP,1,5,1,10,17,4,5,0.8,3,4,0.75,0.75,0,6,2,9,0,0.75,0.75,1.0,0.4444444444444444,0.5381166666666667,0.9444444444444444,0.9444444444444444,0,0,0.0,0,0.0
"Robinson-Earl, Boston, Murphy III, Alvarado, Matković",NOP,1,5,4,12,19,3,4,0.75,4,7,0.5714285714285714,0.5714285714285714,1,2,4,9,3,0.3333333333333333,0.3333333333333333,0.75,0.6363636363636364,0.5248090909090909,0.8181818181818182,0.8636363636363636,0,0,0.0,0,0.0
"Williamson, Boston, Matković, Hawkins, Reeves",NOP,1,5,4,12,16,3,5,0.6,3,4,0.75,0.75,1,0,6,9,0,0.0,0.0,1.0,0.4444444444444444,0.6062944444444445,0.8333333333333334,0.8,0,0,0.0,0,0.0
"Green, Boston, Murphy III, Alvarado, Missi",NOP,1,5,-4,11,11,3,6,0.5,1,2,0.5,0.5,2,4,2,0,3,0.6666666666666666,0.6666666666666666,0.0,0.25,0.49733125,0.5625,0.6111111111111112,0,0,0.0,0,0.0
"Brown, Robinson-Earl, Murphy III, Hawkins, Reeves",NOP,1,5,2,10,13,1,5,0.2,2,4,0.5,0.5,5,0,2,3,3,0.0,0.0,0.5,0.4444444444444444,0.5407555555555555,0.4444444444444444,0.5416666666666666,0,1,0.2,0,0.0
"Green, Boston, Hawkins, Missi, McCollum",NOP,1,5,-5,10,6,1,7,0.1428571428571428,1,4,0.25,0.25,1,0,2,3,0,0.0,0.0,1.0,0.3636363636363636,0.5109318181818182,0.2272727272727272,0.25,0,2,0.2857142857142857,0,0.0
"Robinson-Earl, Murphy III, Alvarado, Matković, McCollum",NOP,3,5,-8,12,5,1,8,0.125,1,5,0.2,0.2,0,2,0,3,0,1.0,1.0,1.0,0.3846153846153846,0.5062038461538462,0.1923076923076923,0.1923076923076923,0,1,0.125,1,0.2
"Williamson, Green, Matković, Hawkins, Reeves",NOP,2,5,1,10,14,3,7,0.4285714285714285,2,4,0.5,0.5,2,2,4,6,0,0.3333333333333333,0.3333333333333333,1.0,0.3636363636363636,0.4862727272727273,0.5454545454545454,0.5833333333333334,0,2,0.2857142857142857,0,0.0
"Murray, Green, Jones, Hawkins, Missi",NOP,1,5,-1,13,13,5,9,0.5555555555555556,0,2,0.0,0.0,3,6,4,0,0,0.6,0.6,0.0,0.1818181818181818,0.5581590909090909,0.4545454545454545,0.5416666666666666,0,0,0.0,0,0.0
"Green, Robinson-Earl, Matković, Hawkins, Reeves",NOP,1,5,7,10,15,4,4,1.0,2,6,0.3333333333333333,0.3333333333333333,1,4,4,3,3,0.5,0.6666666666666666,0.5,0.6,0.55775,0.7,0.75,2,0,0.0,0,0.0
"Theis, Robinson-Earl, Alvarado, Cain, Hawkins",NOP,1,5,3,11,13,1,5,0.2,3,5,0.6,0.6,2,2,0,9,0,1.0,1.0,1.0,0.5,0.50883,0.55,0.5909090909090909,0,1,0.2,0,0.0
"Brown, Robinson-Earl, Hawkins, Missi, Payton",NOP,1,5,-1,11,16,4,10,0.4,1,1,1.0,1.0,5,4,4,3,0,0.5,0.6666666666666666,1.0,0.0909090909090909,0.4420136363636363,0.5,0.5714285714285714,2,0,0.0,0,0.0
"Murphy III, Alvarado, Matković, McCollum, Olynyk",NOP,3,5,8,9,14,1,2,0.5,4,7,0.5714285714285714,0.5714285714285714,0,0,2,6,6,0.0,0.0,0.5,0.7777777777777778,0.5791333333333334,0.7777777777777778,0.7777777777777778,2,0,0.0,0,0.0
"Murphy III, Alvarado, Reeves, Missi, McCollum",NOP,1,5,4,10,14,4,6,0.6666666666666666,2,3,0.6666666666666666,0.6666666666666666,0,4,4,3,3,0.5,0.5,0.5,0.3333333333333333,0.5108,0.7777777777777778,0.7777777777777778,0,0,0.0,0,0.0
"Brown, Matković, Cain, Reeves, Olynyk",NOP,1,5,10,9,20,2,5,0.4,5,6,0.8333333333333334,0.8333333333333334,1,0,4,12,3,0.0,0.0,0.8,0.5454545454545454,0.5632681818181818,0.8636363636363636,0.9090909090909092,0,0,0.0,0,0.0
"Alvarado, Matković, Cain, Reeves, Olynyk",NOP,1,5,13,10,15,3,7,0.4285714285714285,1,3,0.3333333333333333,0.3333333333333333,6,4,2,3,0,0.6666666666666666,0.6666666666666666,1.0,0.3,0.53713,0.45,0.625,0,3,0.4285714285714285,0,0.0
"Bamba, Robinson-Earl, Murphy III, Hawkins, McCollum",NOP,1,5,10,9,15,4,7,0.5714285714285714,1,2,0.5,0.5,4,6,2,3,0,0.75,0.75,1.0,0.2222222222222222,0.5447000000000001,0.6111111111111112,0.625,0,1,0.1428571428571428,0,0.0
"Brown, Murphy III, Alvarado, Reeves, Missi",NOP,2,5,-3,9,12,5,8,0.625,0,1,0.0,0.0,2,8,2,0,0,0.8,1.0,0.0,0.1111111111111111,0.5586333333333333,0.5555555555555556,0.6,2,0,0.0,0,0.0
"Robinson-Earl, Boston Jr., Murphy III, Missi, Payton",NOP,1,5,3,9,12,4,6,0.6666666666666666,1,2,0.5,0.5,1,4,4,3,0,0.5,0.5,1.0,0.25,0.6111125,0.6875,0.6666666666666666,0,0,0.0,0,0.0
"Williamson, Murphy III, Alvarado, Hawkins, Missi",NOP,1,5,-7,9,8,3,5,0.6,0,3,0.0,0.0,2,4,2,0,0,0.6666666666666666,0.6666666666666666,0.0,0.375,0.462775,0.375,0.4,0,0,0.0,0,0.0
"Theis, Green, Boston, Alvarado, McCollum",NOP,1,5,6,11,17,5,9,0.5555555555555556,2,4,0.5,0.5,1,4,6,3,3,0.4,0.5,0.5,0.3076923076923077,0.5661576923076923,0.6153846153846154,0.6538461538461539,2,1,0.1111111111111111,0,0.0
"Robinson-Earl, Murphy III, Alvarado, Hawkins, McCollum",NOP,2,5,-12,9,7,0,2,0.0,2,6,0.3333333333333333,0.3333333333333333,1,0,0,6,0,0.0,0.0,1.0,0.75,0.534475,0.375,0.3888888888888889,0,0,0.0,0,0.0
"Kelley, Matković, Cain, Quinones, Payton",NOP,1,5,-3,10,15,3,5,0.6,3,5,0.6,0.6,0,6,0,9,0,1.0,1.0,1.0,0.5,0.56924,0.75,0.75,0,0,0.0,0,0.0
"Nowell, Boston Jr., Murphy III, Cain, Jemison III",NOP,1,5,-2,8,9,1,4,0.25,2,3,0.6666666666666666,0.6666666666666666,1,0,2,6,0,0.0,0.0,1.0,0.4285714285714285,0.4985357142857142,0.5714285714285714,0.5625,0,0,0.0,0,0.0
"Theis, Green, Murphy III, McCollum, Payton",NOP,1,5,-8,10,8,4,6,0.6666666666666666,0,3,0.0,0.0,0,8,0,0,0,1.0,1.0,0.0,0.3333333333333333,0.6177444444444444,0.4444444444444444,0.4444444444444444,0,0,0.0,0,0.0
"Brown, Alvarado, Brooks Jr., Matković, Hawkins",NOP,1,5,0,9,11,4,8,0.5,1,4,0.25,0.25,0,6,2,3,0,0.75,0.75,1.0,0.3333333333333333,0.5701083333333333,0.4583333333333333,0.4583333333333333,0,1,0.125,0,0.0
"Green, Murphy III, Matković, Hawkins, Reeves",NOP,2,5,-2,10,15,6,7,0.8571428571428571,0,3,0.0,0.0,3,6,6,0,0,0.5,0.6,0.0,0.3,0.5300900000000001,0.6,0.6818181818181818,2,0,0.0,0,0.0
"Murray, Green, Jones, Missi, McCollum",NOP,2,5,-7,9,7,2,4,0.5,1,3,0.3333333333333333,0.3333333333333333,0,2,2,3,0,0.5,0.5,1.0,0.4285714285714285,0.5655714285714286,0.5,0.5,0,1,0.25,0,0.0
"Theis, Robinson-Earl, Boston Jr., Alvarado, Cain",NOP,1,5,0,9,10,3,5,0.6,1,4,0.25,0.25,1,4,2,0,3,0.6666666666666666,0.6666666666666666,0.0,0.4444444444444444,0.5033333333333334,0.5,0.5,0,1,0.2,0,0.0
"Brown, Hawkins, Missi, McCollum, Olynyk",NOP,2,5,-8,11,10,1,3,0.3333333333333333,2,4,0.5,0.5,2,0,2,6,0,0.0,0.0,1.0,0.5714285714285714,0.4876857142857143,0.5714285714285714,0.625,0,1,0.3333333333333333,0,0.0
"Ingram, Green, Robinson-Earl, Boston Jr., Jemison III",NOP,3,5,1,9,8,2,5,0.4,1,4,0.25,0.25,1,2,2,3,0,0.5,0.5,1.0,0.4444444444444444,0.5874944444444444,0.3888888888888889,0.4444444444444444,0,0,0.0,0,0.0
"Robinson-Earl, Alvarado, Matković, Hawkins, McCollum",NOP,2,5,6,10,12,4,5,0.8,1,5,0.2,0.2,1,6,2,3,0,0.75,0.75,1.0,0.5,0.55374,0.55,0.5454545454545454,0,0,0.0,0,0.0
"Robinson-Earl, Brooks Jr., Matković, Hawkins, McCollum",NOP,1,5,0,8,11,4,4,1.0,0,0,0.0,0.0,3,4,4,0,0,0.5,0.5,0.0,0.0,0.48685,1.0,0.9166666666666666,0,0,0.0,0,0.0
"Theis, Robinson-Earl, Boston Jr., Hawkins, McCollum",NOP,1,5,-5,9,12,5,6,0.8333333333333334,0,2,0.0,0.0,2,6,4,0,0,0.6,0.75,0.0,0.25,0.56131875,0.625,0.6666666666666666,2,0,0.0,0,0.0
"Williamson, Hawkins, Missi, McCollum, Olynyk",NOP,1,5,-8,10,10,3,6,0.5,1,5,0.2,0.2,1,4,2,3,0,0.6666666666666666,1.0,1.0,0.4545454545454545,0.6035181818181818,0.4090909090909091,0.4166666666666667,2,1,0.1666666666666666,0,0.0
"Theis, Williamson, Green, Hawkins, McCollum",NOP,2,5,6,9,18,2,5,0.4,3,5,0.6,0.6,5,4,0,9,0,1.0,1.0,1.0,0.5,0.525835,0.65,0.7083333333333334,0,2,0.4,0,0.0
"Brown, Williamson, Murphy III, Alvarado, Hawkins",NOP,3,5,6,12,15,5,7,0.7142857142857143,1,5,0.2,0.2,2,6,4,3,0,0.6,0.75,1.0,0.4166666666666667,0.5176166666666667,0.5416666666666666,0.5384615384615384,2,0,0.0,1,0.2
"Williamson, Robinson-Earl, Alvarado, Hawkins, Missi",NOP,2,5,-3,9,9,2,3,0.6666666666666666,0,0,0.0,0.0,5,2,2,0,0,0.5,0.5,0.0,0.0,0.3956,0.6666666666666666,0.9,0,1,0.3333333333333333,0,0.0
"Alvarado, Brooks Jr., Matković, Reeves, Olynyk",NOP,3,5,-7,10,5,1,2,0.5,0,2,0.0,0.0,3,0,2,0,0,0.0,0.0,0.0,0.5,0.5976875,0.25,0.5,0,0,0.0,0,0.0
"Brown, Murphy III, Alvarado, Matković, Olynyk",NOP,1,5,3,8,10,5,7,0.7142857142857143,0,1,0.0,0.0,0,10,0,0,0,1.0,1.0,0.0,0.125,0.5432125,0.625,0.625,0,0,0.0,0,0.0
"Boston Jr., Murphy III, Hawkins, Missi, Payton",NOP,1,5,1,10,8,4,8,0.5,0,3,0.0,0.0,0,4,4,0,0,0.5,0.6666666666666666,0.0,0.2727272727272727,0.5692272727272727,0.3636363636363636,0.3333333333333333,2,1,0.125,0,0.0
"Murray, Green, Robinson-Earl, Murphy III, McCollum",NOP,3,5,-2,10,7,2,3,0.6666666666666666,1,6,0.1666666666666666,0.1666666666666666,0,4,0,3,0,1.0,1.0,1.0,0.6666666666666666,0.5251555555555556,0.3888888888888889,0.3888888888888889,0,0,0.0,0,0.0
"Murray, Robinson-Earl, Boston Jr., Murphy III, Missi",NOP,2,5,0,11,14,4,7,0.5714285714285714,2,4,0.5,0.5,0,2,6,6,0,0.25,0.3333333333333333,1.0,0.3636363636363636,0.6271227272727272,0.6363636363636364,0.6363636363636364,2,0,0.0,0,0.0
"Murray, Theis, Robinson-Earl, Murphy III, McCollum",NOP,3,5,-9,11,12,5,8,0.625,0,6,0.0,0.0,2,6,4,0,0,0.6,0.75,0.0,0.4285714285714285,0.5384153846153846,0.3571428571428571,0.4285714285714285,2,1,0.125,0,0.0
"Brown, Alvarado, Matković, Reeves, Olynyk",NOP,3,5,13,11,18,3,4,0.75,3,3,1.0,1.0,3,6,0,9,0,1.0,1.0,1.0,0.4285714285714285,0.5589071428571428,1.0714285714285714,1.0,0,0,0.0,0,0.0
"Williamson, Robinson-Earl, Matković, Cain, Reeves",NOP,1,5,4,9,13,4,7,0.5714285714285714,1,3,0.3333333333333333,0.3333333333333333,2,4,4,3,0,0.5,0.6666666666666666,1.0,0.3,0.490865,0.55,0.5909090909090909,2,1,0.1428571428571428,0,0.0
"Brown, Green, Robinson-Earl, Hawkins, McCollum",NOP,1,5,6,9,18,3,4,0.75,3,3,1.0,1.0,3,2,4,6,3,0.3333333333333333,0.3333333333333333,0.6666666666666666,0.4285714285714285,0.5070928571428571,1.0714285714285714,1.125,0,0,0.0,0,0.0
"Quinones, Reeves, Missi, Olynyk, Payton",NOP,1,5,1,7,12,3,3,1.0,2,3,0.6666666666666666,0.6666666666666666,0,4,2,6,0,0.6666666666666666,0.6666666666666666,1.0,0.5,0.5852666666666667,1.0,1.0,0,0,0.0,0,0.0
"Brown, Robinson-Earl, Hawkins, McCollum, Olynyk",NOP,1,4,0,7,12,3,3,1.0,2,3,0.6666666666666666,0.6666666666666666,0,4,2,6,0,0.6666666666666666,0.6666666666666666,1.0,0.5,0.5790833333333333,1.0,1.0,0,0,0.0,0,0.0
"Williamson, Robinson-Earl, Cain, Hawkins, Missi",NOP,1,4,3,9,12,5,8,0.625,0,1,0.0,0.0,2,4,6,0,0,0.4,0.5,0.0,0.1111111111111111,0.4708888888888889,0.5555555555555556,0.6,2,0,0.0,0,0.0
"Williamson, Green, Murphy III, Alvarado, Hawkins",NOP,1,4,1,9,7,2,4,0.5,1,3,0.3333333333333333,0.3333333333333333,0,2,2,3,0,0.5,0.5,1.0,0.4285714285714285,0.5024214285714286,0.5,0.5,0,0,0.0,0,0.0
"Ingram, Theis, Green, Robinson-Earl, Alvarado",NOP,2,4,2,7,11,1,5,0.2,2,2,1.0,1.0,3,2,0,0,6,1.0,1.0,0.0,0.2857142857142857,0.4905214285714286,0.5714285714285714,0.6111111111111112,0,1,0.2,0,0.0
"Green, Boston Jr., Matković, Cain, Reeves",NOP,1,4,-4,8,9,0,2,0.0,3,5,0.6,0.6,0,0,0,9,0,0.0,0.0,1.0,0.7142857142857143,0.5003857142857143,0.6428571428571429,0.6428571428571429,0,1,0.5,0,0.0
"Murphy III, Alvarado, Matković, Hawkins, Reeves",NOP,1,4,2,10,14,3,3,1.0,2,5,0.4,0.4,2,6,0,3,3,1.0,1.0,0.5,0.625,0.61704375,0.75,0.7777777777777778,0,0,0.0,0,0.0
"Boston Jr., Murphy III, Missi, McCollum, Payton",NOP,2,4,0,9,9,3,9,0.3333333333333333,1,3,0.3333333333333333,0.3333333333333333,0,4,2,3,0,0.6666666666666666,1.0,1.0,0.25,0.5479625,0.375,0.375,2,2,0.2222222222222222,0,0.0
"Murray, Boston, Murphy III, Hawkins, Missi",NOP,2,4,-3,9,10,2,7,0.2857142857142857,1,2,0.5,0.5,3,4,0,3,0,1.0,1.0,1.0,0.2222222222222222,0.5263444444444444,0.3888888888888889,0.45,0,0,0.0,0,0.0
"Bamba, Robinson-Earl, Alvarado, Cain, Reeves",NOP,1,4,0,8,9,3,5,0.6,1,1,1.0,1.0,0,0,6,3,0,0.0,0.0,1.0,0.1666666666666666,0.5604666666666667,0.75,0.75,0,1,0.2,0,0.0
"Murray, Theis, Boston, Murphy III, Cain",NOP,1,4,0,10,11,3,4,0.75,0,1,0.0,0.0,5,6,0,0,0,1.0,1.0,0.0,0.2,0.59236,0.6,0.7857142857142857,0,0,0.0,0,0.0
"Murray, Murphy III, Alvarado, Missi, McCollum",NOP,1,4,-10,8,5,2,3,0.6666666666666666,0,3,0.0,0.0,1,2,2,0,0,0.5,0.5,0.0,0.5,0.6427166666666667,0.3333333333333333,0.3125,0,0,0.0,0,0.0
"Kelley, Alvarado, Brooks Jr., Cain, Quinones",NOP,1,4,-4,9,6,1,3,0.3333333333333333,1,4,0.25,0.25,1,2,0,3,0,1.0,1.0,1.0,0.5714285714285714,0.5127357142857143,0.3571428571428571,0.375,0,0,0.0,0,0.0
"Murray, Green, Robinson-Earl, Boston Jr., Murphy III",NOP,3,4,-4,9,7,0,2,0.0,2,6,0.3333333333333333,0.3333333333333333,1,0,0,6,0,0.0,0.0,1.0,0.75,0.5329375,0.375,0.3888888888888889,0,0,0.0,0,0.0
"Brown, Williamson, Missi, McCollum, Olynyk",NOP,1,4,-1,10,10,2,4,0.5,2,5,0.4,0.4,0,2,2,6,0,0.5,0.5,1.0,0.5555555555555556,0.57408125,0.5555555555555556,0.5,0,0,0.0,1,0.2
"Williamson, Robinson-Earl, Alvarado, Hawkins, Olynyk",NOP,1,4,-5,10,5,1,3,0.3333333333333333,1,3,0.3333333333333333,0.3333333333333333,0,0,2,3,0,0.0,0.0,1.0,0.5,0.5938,0.4166666666666667,0.3571428571428571,0,0,0.0,0,0.0
"Robinson-Earl, Brooks Jr., Matković, Cain, Reeves",NOP,2,4,-7,10,10,3,3,1.0,1,3,0.3333333333333333,0.3333333333333333,1,6,0,3,0,1.0,1.0,1.0,0.5,0.4992833333333333,0.75,0.7142857142857143,0,0,0.0,0,0.0
"Murray, Robinson-Earl, Murphy III, Jemison III, Payton",NOP,1,4,-5,9,5,0,5,0.0,1,2,0.5,0.5,2,0,0,3,0,0.0,0.0,1.0,0.2857142857142857,0.5112785714285714,0.2142857142857142,0.2777777777777778,0,0,0.0,0,0.0
"Williamson, Robinson-Earl, Matković, Hawkins, McCollum",NOP,1,4,-2,9,10,3,8,0.375,0,1,0.0,0.0,4,2,4,0,0,0.3333333333333333,0.5,0.0,0.1111111111111111,0.5080611111111111,0.3333333333333333,0.4545454545454545,2,1,0.125,0,0.0
"Ingram, Williamson, Jones, Missi, McCollum",NOP,1,4,-5,9,12,3,4,0.75,2,3,0.6666666666666666,0.6666666666666666,0,2,4,3,3,0.3333333333333333,0.3333333333333333,0.5,0.4285714285714285,0.5596,0.8571428571428571,0.8571428571428571,0,1,0.25,0,0.0
"Murray, Murphy III, Hawkins, Missi, McCollum",NOP,2,4,-5,6,6,1,2,0.5,1,2,0.5,0.5,1,0,2,0,3,0.0,0.0,0.0,0.5,0.4649125,0.625,0.6,0,0,0.0,0,0.0
"Murray, Green, Murphy III, Hawkins, Missi",NOP,3,4,-8,7,4,0,3,0.0,1,6,0.1666666666666666,0.1666666666666666,1,0,0,3,0,0.0,0.0,1.0,0.6666666666666666,0.4739,0.1666666666666666,0.2,0,1,0.3333333333333333,0,0.0
"Theis, Jones, Murphy III, Hawkins, McCollum",NOP,1,4,-2,6,6,0,1,0.0,2,6,0.3333333333333333,0.3333333333333333,0,0,0,6,0,0.0,0.0,1.0,0.8571428571428571,0.5660583333333333,0.4285714285714285,0.4285714285714285,0,0,0.0,0,0.0
"Murray, Theis, Robinson-Earl, Hawkins, Payton",NOP,1,4,-2,8,6,0,7,0.0,2,5,0.4,0.4,0,0,0,6,0,0.0,0.0,1.0,0.4166666666666667,0.4594875,0.25,0.25,0,1,0.1428571428571428,0,0.0
"Robinson-Earl, Alvarado, Brooks Jr., Cain, Quinones",NOP,2,4,10,9,16,5,7,0.7142857142857143,1,3,0.3333333333333333,0.3333333333333333,3,4,6,3,0,0.4,0.6666666666666666,1.0,0.3,0.544195,0.65,0.7272727272727273,4,0,0.0,0,0.0
"Brooks Jr., Matković, Cain, Quinones, Reeves",NOP,2,4,-2,11,8,0,1,0.0,0,5,0.0,0.0,8,0,0,0,0,0.0,0.0,0.0,0.8333333333333334,0.5131249999999999,0.0,0.3636363636363636,0,0,0.0,0,0.0
"Murray, Green, Murphy III, Hawkins, Jemison III",NOP,1,4,-2,7,9,3,5,0.6,1,2,0.5,0.5,0,0,6,3,0,0.0,0.0,1.0,0.2857142857142857,0.4317214285714286,0.6428571428571429,0.6428571428571429,0,0,0.0,0,0.0
"Williamson, Robinson-Earl, Alvarado, Matković, Reeves",NOP,2,4,-5,9,8,3,7,0.4285714285714285,0,1,0.0,0.0,2,4,2,0,0,0.6666666666666666,1.0,0.0,0.125,0.57055625,0.375,0.4444444444444444,2,2,0.2857142857142857,0,0.0
"Robinson-Earl, Murphy III, Hawkins, Reeves, Missi",NOP,1,4,2,8,10,1,6,0.1666666666666666,2,2,1.0,1.0,2,0,2,3,3,0.0,0.0,0.5,0.25,0.488225,0.5,0.5555555555555556,0,1,0.1666666666666666,0,0.0
"Brown, Alvarado, Brooks Jr., Cain, Missi",NOP,1,4,1,9,13,3,3,1.0,2,3,0.6666666666666666,0.6666666666666666,1,4,2,3,3,0.6666666666666666,0.6666666666666666,0.5,0.5,0.5247166666666666,1.0,0.9285714285714286,0,0,0.0,0,0.0
"Nowell, Matković, Cain, Reeves, Jemison III",NOP,1,4,-7,11,6,1,3,0.3333333333333333,1,2,0.5,0.5,1,0,2,3,0,0.0,0.0,1.0,0.4,0.4492899999999999,0.5,0.6,0,1,0.3333333333333333,0,0.0
"Robinson-Earl, Matković, Cain, Hawkins, Reeves",NOP,1,4,3,10,15,2,3,0.6666666666666666,3,3,1.0,1.0,2,4,0,3,6,1.0,1.0,0.3333333333333333,0.5,0.5758333333333333,1.0833333333333333,0.9375,0,0,0.0,0,0.0
"Bamba, Williamson, Robinson-Earl, Hawkins, McCollum",NOP,1,4,-2,7,7,3,6,0.5,0,1,0.0,0.0,1,6,0,0,0,1.0,1.0,0.0,0.1428571428571428,0.5326571428571428,0.4285714285714285,0.4375,0,1,0.1666666666666666,0,0.0
"Robinson-Earl, Murphy III, Alvarado, McCollum, Olynyk",NOP,1,4,9,10,16,1,1,1.0,4,4,1.0,1.0,2,2,0,6,6,1.0,1.0,0.5,0.8,0.5050399999999999,1.4,1.3333333333333333,0,0,0.0,0,0.0
"Brown, Williamson, Matković, Hawkins, Reeves",NOP,1,4,5,7,12,4,5,0.8,1,3,0.3333333333333333,0.3333333333333333,1,2,6,3,0,0.25,0.3333333333333333,1.0,0.375,0.55195,0.6875,0.75,2,0,0.0,1,0.3333333333333333
"Boston, Jones, Hawkins, Missi, McCollum",NOP,2,4,2,9,10,2,6,0.3333333333333333,2,6,0.3333333333333333,0.3333333333333333,0,2,2,6,0,0.5,0.5,1.0,0.5,0.5241166666666667,0.4166666666666667,0.4166666666666667,0,1,0.1666666666666666,0,0.0
"Brown, Murphy III, Missi, McCollum, Olynyk",NOP,2,4,7,7,8,2,7,0.2857142857142857,0,1,0.0,0.0,4,2,2,0,0,0.5,0.5,0.0,0.125,0.4871625,0.25,0.4,0,3,0.4285714285714285,0,0.0
"Williamson, Green, Alvarado, Matković, Reeves",NOP,1,4,3,7,12,2,3,0.6666666666666666,2,4,0.5,0.5,2,4,0,3,3,1.0,1.0,0.5,0.5714285714285714,0.5155928571428572,0.7142857142857143,0.75,0,1,0.3333333333333333,0,0.0
"Boston, Murphy III, Cain, Missi, McCollum",NOP,1,4,-2,7,6,1,3,0.3333333333333333,1,4,0.25,0.25,1,0,2,3,0,0.0,0.0,1.0,0.5714285714285714,0.5013714285714286,0.3571428571428571,0.375,0,0,0.0,0,0.0
"Theis, Green, Boston, Murphy III, McCollum",NOP,3,4,-2,7,5,1,5,0.2,1,2,0.5,0.5,0,2,0,0,3,1.0,1.0,0.0,0.2857142857142857,0.5662285714285714,0.3571428571428571,0.3571428571428571,0,0,0.0,1,0.5
"Ingram, Theis, Robinson-Earl, Boston Jr., Hawkins",NOP,2,4,-7,7,6,2,4,0.5,0,3,0.0,0.0,2,2,2,0,0,0.5,0.5,0.0,0.4285714285714285,0.4394285714285714,0.2857142857142857,0.375,0,0,0.0,0,0.0
"Green, Reeves, Missi, McCollum, Payton",NOP,1,4,2,9,11,5,7,0.7142857142857143,0,3,0.0,0.0,1,6,4,0,0,0.6,0.75,0.0,0.3,0.57386,0.5,0.55,2,1,0.1428571428571428,0,0.0
"Theis, Robinson-Earl, Jones, Murphy III, Hawkins",NOP,1,4,10,10,14,1,2,0.5,1,5,0.2,0.2,9,2,0,3,0,1.0,1.0,1.0,0.7142857142857143,0.5485714285714286,0.3571428571428571,0.5833333333333334,0,1,0.5,0,0.0
"Robinson-Earl, Cain, Quinones, Reeves, Payton",NOP,2,4,-4,8,10,2,4,0.5,1,2,0.5,1.0,3,2,2,3,0,0.5,1.0,1.0,0.3333333333333333,0.5051599999999999,0.5833333333333334,0.625,2,1,0.25,0,0.0
"Robinson-Earl, Alvarado, Brooks Jr., Cain, Payton",NOP,1,4,-9,9,5,1,4,0.25,1,4,0.25,0.25,0,2,0,3,0,1.0,1.0,1.0,0.5,0.63479375,0.3125,0.3125,0,0,0.0,0,0.0
"Theis, Nowell, Green, Robinson-Earl, Murphy III",NOP,1,4,-2,8,9,2,8,0.25,1,2,0.5,0.5,2,2,2,3,0,0.5,0.5,1.0,0.2,0.4979099999999999,0.35,0.4090909090909091,0,1,0.125,0,0.0
"Robinson-Earl, Boston Jr., Cain, Reeves, Jemison III",NOP,1,4,-5,10,7,2,4,0.5,0,3,0.0,0.0,3,2,2,0,0,0.5,0.5,0.0,0.4285714285714285,0.6003357142857143,0.2857142857142857,0.3888888888888889,0,1,0.25,0,0.0
"Nowell, Robinson-Earl, Boston Jr., Reeves, Jemison III",NOP,2,4,-5,7,7,2,5,0.4,1,3,0.3333333333333333,0.3333333333333333,0,4,0,3,0,1.0,1.0,1.0,0.375,0.5166125,0.4375,0.3888888888888889,0,2,0.4,0,0.0
"Ingram, Robinson-Earl, Boston Jr., Alvarado, Jemison III",NOP,1,4,3,8,10,4,6,0.6666666666666666,0,1,0.0,0.0,2,6,2,0,0,0.75,0.75,0.0,0.1428571428571428,0.4770714285714286,0.5714285714285714,0.625,0,1,0.1666666666666666,0,0.0
"Murray, Theis, Robinson-Earl, Hawkins, McCollum",NOP,1,4,0,8,7,2,4,0.5,1,4,0.25,0.25,0,4,0,3,0,1.0,1.0,1.0,0.5,0.57138125,0.4375,0.4375,0,0,0.0,0,0.0
"Murray, Theis, Murphy III, Alvarado, McCollum",NOP,2,4,6,8,10,1,2,0.5,2,6,0.3333333333333333,0.3333333333333333,2,2,0,3,3,1.0,1.0,0.5,0.75,0.5207875,0.5,0.5555555555555556,0,0,0.0,0,0.0
"Robinson-Earl, Alvarado, Cain, Quinones, Reeves",NOP,1,4,-2,7,7,1,2,0.5,1,5,0.2,0.2,2,0,2,3,0,0.0,0.0,1.0,0.7142857142857143,0.5027071428571428,0.3571428571428571,0.3888888888888889,0,0,0.0,0,0.0
"Theis, Nowell, Green, Boston Jr., Alvarado",NOP,1,4,2,7,12,2,3,0.6666666666666666,2,4,0.5,0.5,2,2,2,3,3,0.5,0.5,0.5,0.5714285714285714,0.4914,0.7142857142857143,0.75,0,0,0.0,0,0.0
"Theis, Nowell, Green, Boston Jr., Reeves",NOP,1,4,2,8,7,1,3,0.3333333333333333,1,4,0.25,0.25,2,0,2,0,3,0.0,0.0,0.0,0.5714285714285714,0.5443285714285714,0.3571428571428571,0.4375,0,0,0.0,0,0.0
"Ingram, Theis, Robinson-Earl, Boston Jr., Alvarado",NOP,2,4,-9,6,4,2,4,0.5,0,2,0.0,0.0,0,4,0,0,0,1.0,1.0,0.0,0.3333333333333333,0.4900416666666666,0.3333333333333333,0.3333333333333333,0,0,0.0,0,0.0
"Ingram, Robinson-Earl, Boston Jr., Murphy III, Hawkins",NOP,1,4,-3,7,10,4,7,0.5714285714285714,0,0,0.0,0.0,2,0,8,0,0,0.0,0.0,0.0,0.0,0.5605428571428571,0.5714285714285714,0.625,2,1,0.1428571428571428,0,0.0
"Green, Jones, Hawkins, Missi, McCollum",NOP,1,4,9,9,16,3,6,0.5,3,3,1.0,1.0,1,4,2,3,6,0.6666666666666666,0.6666666666666666,0.3333333333333333,0.3333333333333333,0.5960277777777778,0.8333333333333334,0.8888888888888888,0,0,0.0,0,0.0
"Ingram, Nowell, Boston Jr., Murphy III, Missi",NOP,2,4,0,8,12,3,4,0.75,2,4,0.5,0.5,0,4,2,6,0,0.6666666666666666,0.6666666666666666,1.0,0.5,0.51719375,0.75,0.75,0,0,0.0,0,0.0
"Ingram, Robinson-Earl, Boston Jr., Cain, Hawkins",NOP,1,4,-1,6,4,1,1,1.0,0,3,0.0,0.0,2,2,0,0,0,1.0,1.0,0.0,0.75,0.5006125,0.25,0.4,0,0,0.0,0,0.0
"Theis, Green, Murphy III, Alvarado, Hawkins",NOP,2,4,-1,8,8,1,2,0.5,1,3,0.3333333333333333,0.3333333333333333,3,2,0,3,0,1.0,1.0,1.0,0.6,0.5818399999999999,0.5,0.5714285714285714,0,0,0.0,0,0.0
"Brown, Robinson-Earl, Alvarado, Brooks Jr., Missi",NOP,2,4,-4,7,5,1,2,0.5,1,4,0.25,0.25,0,0,2,3,0,0.0,0.0,1.0,0.6666666666666666,0.5460166666666667,0.4166666666666667,0.4166666666666667,0,0,0.0,0,0.0
"Ingram, Robinson-Earl, Alvarado, Cain, Missi",NOP,1,4,-7,6,5,1,3,0.3333333333333333,1,4,0.25,0.25,0,2,0,0,3,1.0,1.0,0.0,0.5714285714285714,0.5632714285714285,0.3571428571428571,0.3571428571428571,0,0,0.0,0,0.0
"Ingram, Nowell, Green, Boston Jr., Jemison III",NOP,1,4,7,7,11,3,4,0.75,1,2,0.5,0.5,2,4,2,3,0,0.6666666666666666,0.6666666666666666,1.0,0.3333333333333333,0.5338416666666667,0.75,0.7857142857142857,0,0,0.0,0,0.0
"Robinson-Earl, Alvarado, Missi, McCollum, Olynyk",NOP,2,4,-3,7,6,2,3,0.6666666666666666,0,1,0.0,0.0,2,2,2,0,0,0.5,0.5,0.0,0.25,0.452575,0.5,0.6,0,0,0.0,0,0.0
"Ingram, Murray, Theis, Green, McCollum",NOP,1,4,10,9,15,6,8,0.75,1,1,1.0,1.0,0,10,2,3,0,0.8333333333333334,0.8333333333333334,1.0,0.1111111111111111,0.6130611111111111,0.8333333333333334,0.8333333333333334,0,0,0.0,0,0.0
"Kelley, Robinson-Earl, Brooks Jr., Quinones, Reeves",NOP,1,4,-7,6,6,3,5,0.6,0,2,0.0,0.0,0,4,2,0,0,0.6666666666666666,0.6666666666666666,0.0,0.2857142857142857,0.5156142857142857,0.4285714285714285,0.4285714285714285,0,0,0.0,0,0.0
"Green, Boston, Jones, Missi, McCollum",NOP,1,3,1,7,4,1,4,0.25,0,3,0.0,0.0,2,0,2,0,0,0.0,0.0,0.0,0.4285714285714285,0.4844285714285714,0.1428571428571428,0.25,2,1,0.25,0,0.0
"Murray, Robinson-Earl, Alvarado, Matković, Hawkins",NOP,1,3,-3,8,8,1,3,0.3333333333333333,2,3,0.6666666666666666,0.6666666666666666,0,0,2,3,3,0.0,0.0,0.5,0.5,0.5181416666666666,0.6666666666666666,0.6666666666666666,0,1,0.3333333333333333,0,0.0
"Murray, Theis, Murphy III, Alvarado, Hawkins",NOP,2,3,1,7,9,3,4,0.75,1,4,0.25,0.25,0,4,2,3,0,0.6666666666666666,1.0,1.0,0.5,0.564975,0.5625,0.5625,2,0,0.0,0,0.0
"Williamson, Green, Robinson-Earl, Alvarado, Cain",NOP,1,3,4,7,8,4,5,0.8,0,1,0.0,0.0,0,8,0,0,0,1.0,1.0,0.0,0.1666666666666666,0.4983833333333333,0.6666666666666666,0.6666666666666666,0,0,0.0,0,0.0
"Bamba, Robinson-Earl, Alvarado, Hawkins, Reeves",NOP,1,3,-12,7,2,1,4,0.25,0,2,0.0,0.0,0,2,0,0,0,1.0,1.0,0.0,0.3333333333333333,0.4979,0.1666666666666666,0.1666666666666666,0,0,0.0,0,0.0
"Brown, Murphy III, Matković, Hawkins, Reeves",NOP,2,3,-5,7,5,1,2,0.5,0,0,0.0,0.0,3,2,0,0,0,1.0,1.0,0.0,0.0,0.71145,0.5,0.625,0,0,0.0,0,0.0
"Robinson-Earl, Brooks Jr., Cain, Reeves, Missi",NOP,1,3,1,8,3,0,3,0.0,0,1,0.0,0.0,3,0,0,0,0,0.0,0.0,0.0,0.25,0.436325,0.0,0.2142857142857142,0,0,0.0,0,0.0
"Murphy III, Alvarado, Matković, Hawkins, Olynyk",NOP,2,3,3,7,10,3,4,0.75,0,0,0.0,0.0,4,2,4,0,0,0.3333333333333333,0.3333333333333333,0.0,0.0,0.66275,0.75,0.8333333333333334,0,0,0.0,0,0.0
"Murray, Theis, Green, Boston, Jones",NOP,2,3,-1,6,13,2,2,1.0,2,3,0.6666666666666666,0.6666666666666666,3,2,2,3,3,0.5,0.5,0.5,0.6,0.52575,1.0,1.0,0,0,0.0,0,0.0
"Bamba, Brown, Hawkins, Reeves, McCollum",NOP,1,3,-8,8,11,1,2,0.5,3,6,0.5,0.5,0,2,0,9,0,1.0,1.0,1.0,0.75,0.59535625,0.6875,0.6875,0,0,0.0,0,0.0
"Ingram, Theis, Green, Boston Jr., Alvarado",NOP,2,3,2,9,11,4,6,0.6666666666666666,1,2,0.5,0.5,0,2,6,0,3,0.25,0.25,0.0,0.25,0.53091875,0.6875,0.6875,0,1,0.1666666666666666,0,0.0
"Theis, Robinson-Earl, Boston, Murphy III, McCollum",NOP,3,3,1,9,9,0,2,0.0,3,5,0.6,0.6,0,0,0,6,3,0.0,0.0,0.6666666666666666,0.7142857142857143,0.5076214285714286,0.6428571428571429,0.6428571428571429,0,0,0.0,0,0.0
"Nowell, Robinson-Earl, Cain, Reeves, Jemison III",NOP,1,3,4,6,9,4,4,1.0,0,4,0.0,0.0,1,6,2,0,0,0.75,0.75,0.0,0.5,0.47275625,0.5,0.5625,0,0,0.0,0,0.0
"Ingram, Nowell, Green, Robinson-Earl, Missi",NOP,1,3,-5,5,2,1,4,0.25,0,2,0.0,0.0,0,0,2,0,0,0.0,0.0,0.0,0.3333333333333333,0.4681916666666666,0.1666666666666666,0.1666666666666666,0,0,0.0,0,0.0
"Murphy III, Alvarado, Cain, Missi, McCollum",NOP,1,3,-11,7,2,1,4,0.25,0,3,0.0,0.0,0,0,2,0,0,0.0,0.0,0.0,0.4285714285714285,0.4980428571428571,0.1428571428571428,0.1428571428571428,0,2,0.5,0,0.0
"Bamba, Brown, Alvarado, Hawkins, McCollum",NOP,1,3,2,5,9,3,4,0.75,0,1,0.0,0.0,3,4,2,0,0,0.6666666666666666,0.6666666666666666,0.0,0.2,0.50466,0.6,0.75,0,0,0.0,0,0.0
"Robinson-Earl, Murphy III, Missi, McCollum, Payton",NOP,1,3,4,6,9,3,4,0.75,0,1,0.0,0.0,3,2,4,0,0,0.3333333333333333,0.5,0.0,0.2,0.55962,0.6,0.6428571428571429,2,0,0.0,0,0.0
"Brown, Robinson-Earl, Brooks Jr., Matković, Hawkins",NOP,1,3,-8,7,5,0,1,0.0,1,3,0.3333333333333333,0.3333333333333333,2,0,0,0,3,0.0,0.0,0.0,0.75,0.5983625,0.375,0.5,0,0,0.0,0,0.0
"Brown, Matković, Reeves, Olynyk, Payton",NOP,1,3,2,6,8,3,5,0.6,0,1,0.0,0.0,2,2,4,0,0,0.3333333333333333,0.5,0.0,0.1666666666666666,0.5549416666666667,0.5,0.5714285714285714,2,1,0.2,0,0.0
"Brown, Alvarado, Matković, Hawkins, Olynyk",NOP,2,3,5,8,11,3,4,0.75,1,4,0.25,0.25,2,4,2,3,0,0.6666666666666666,0.6666666666666666,1.0,0.5,0.56070625,0.5625,0.6111111111111112,0,0,0.0,1,0.25
"Bamba, Robinson-Earl, Matković, Hawkins, Reeves",NOP,1,3,-4,7,0,0,0,0.0,0,3,0.0,0.0,0,0,0,0,0,0.0,0.0,0.0,1.0,0.4582,0.0,0.0,0,0,0.0,0,0.0
"Williamson, Robinson-Earl, Matković, Reeves, McCollum",NOP,1,3,-8,6,9,4,6,0.6666666666666666,0,0,0.0,0.0,1,0,8,0,0,0.0,0.0,0.0,0.0,0.5840166666666667,0.6666666666666666,0.75,2,1,0.1666666666666666,0,0.0
"Ingram, Nowell, Green, Robinson-Earl, Boston Jr.",NOP,1,3,-5,7,3,1,5,0.2,0,2,0.0,0.0,1,0,2,0,0,0.0,0.0,0.0,0.2857142857142857,0.4934357142857143,0.1428571428571428,0.1875,0,1,0.2,0,0.0
"Murray, Green, Boston, Jones, Missi",NOP,1,3,0,6,6,3,4,0.75,0,0,0.0,0.0,0,4,2,0,0,0.6666666666666666,0.6666666666666666,0.0,0.0,0.504025,0.75,0.75,0,1,0.25,0,0.0
"Green, Robinson-Earl, Reeves, Missi, Payton",NOP,1,3,-6,6,10,5,6,0.8333333333333334,0,0,0.0,0.0,0,6,4,0,0,0.6,0.75,0.0,0.0,0.5911333333333334,0.8333333333333334,0.7142857142857143,2,0,0.0,0,0.0
"Green, Matković, Cain, Reeves, Payton",NOP,1,3,-1,6,12,3,5,0.6,2,2,1.0,1.0,0,0,6,6,0,0.0,0.0,1.0,0.2857142857142857,0.5519428571428572,0.8571428571428571,0.8571428571428571,4,0,0.0,0,0.0
"Robinson-Earl, Boston Jr., Jones, Jemison III, McCollum",NOP,1,3,1,7,7,2,6,0.3333333333333333,1,3,0.3333333333333333,0.3333333333333333,0,2,2,3,0,0.5,0.5,1.0,0.3333333333333333,0.609438888888889,0.3888888888888889,0.35,0,0,0.0,0,0.0
"Matković, Quinones, Reeves, Olynyk, Payton",NOP,1,3,3,6,7,2,5,0.4,1,1,1.0,1.0,0,2,2,3,0,0.5,0.5,1.0,0.1666666666666666,0.5160583333333334,0.5833333333333334,0.5833333333333334,0,1,0.2,0,0.0
"Brown, Robinson-Earl, Murphy III, Alvarado, Olynyk",NOP,2,3,-2,6,9,3,4,0.75,1,1,1.0,1.0,0,2,4,3,0,0.3333333333333333,0.3333333333333333,1.0,0.2,0.5126999999999999,0.9,0.9,0,0,0.0,0,0.0
"Green, Murphy III, Alvarado, Reeves, Missi",NOP,1,3,2,5,7,2,3,0.6666666666666666,1,2,0.5,0.5,0,4,0,3,0,1.0,1.0,1.0,0.4,0.58486,0.7,0.7,0,0,0.0,0,0.0
"Theis, Williamson, Green, Alvarado, McCollum",NOP,1,3,1,5,9,4,5,0.8,0,1,0.0,0.0,1,2,6,0,0,0.25,0.25,0.0,0.1666666666666666,0.516575,0.6666666666666666,0.75,0,0,0.0,0,0.0
"Nowell, Murphy III, Matković, Cain, Reeves",NOP,1,3,0,6,8,2,2,1.0,1,2,0.5,0.5,1,4,0,3,0,1.0,1.0,1.0,0.5,0.5419625,0.875,1.0,0,0,0.0,0,0.0
"Ingram, Robinson-Earl, Jones, Hawkins, McCollum",NOP,1,3,-6,6,2,1,2,0.5,0,2,0.0,0.0,0,0,2,0,0,0.0,0.0,0.0,0.5,0.6705625,0.25,0.25,0,0,0.0,0,0.0
"Murray, Jones, Murphy III, Jemison III, McCollum",NOP,2,3,0,7,7,0,2,0.0,1,2,0.5,0.5,4,0,0,0,3,0.0,0.0,0.0,0.5,0.473775,0.375,0.5,0,0,0.0,0,0.0
"Ingram, Green, Hawkins, Missi, McCollum",NOP,2,3,-6,4,2,1,5,0.2,0,2,0.0,0.0,0,0,2,0,0,0.0,0.0,0.0,0.2857142857142857,0.5457857142857143,0.1428571428571428,0.1428571428571428,2,2,0.4,0,0.0
"Theis, Green, Robinson-Earl, Hawkins, McCollum",NOP,1,3,-10,7,4,2,5,0.4,0,1,0.0,0.0,0,2,2,0,0,0.5,0.5,0.0,0.1666666666666666,0.50475,0.3333333333333333,0.3333333333333333,0,0,0.0,0,0.0
"Theis, Boston, Murphy III, Cain, McCollum",NOP,1,3,2,6,7,0,1,0.0,2,4,0.5,0.5,1,0,0,6,0,0.0,0.0,1.0,0.8,0.4889599999999999,0.6,0.5833333333333334,0,0,0.0,0,0.0
"Brown, Robinson-Earl, Brooks Jr., Hawkins, McCollum",NOP,1,3,-1,6,8,1,1,1.0,2,5,0.4,0.4,0,2,0,6,0,1.0,1.0,1.0,0.8333333333333334,0.59235,0.6666666666666666,0.6666666666666666,0,0,0.0,0,0.0
"Ingram, Nowell, Murphy III, Cain, Missi",NOP,1,3,-1,5,6,3,4,0.75,0,0,0.0,0.0,0,2,4,0,0,0.3333333333333333,0.3333333333333333,0.0,0.0,0.552275,0.75,0.75,0,0,0.0,0,0.0
"Williamson, Green, Murphy III, Matković, McCollum",NOP,1,3,0,7,6,3,6,0.5,0,0,0.0,0.0,0,0,6,0,0,0.0,0.0,0.0,0.0,0.493,0.5,0.5,0,0,0.0,0,0.0
"Murray, Theis, Boston, Murphy III, Reeves",NOP,1,3,3,7,6,0,1,0.0,2,6,0.3333333333333333,0.3333333333333333,0,0,0,6,0,0.0,0.0,1.0,0.8571428571428571,0.53265,0.4285714285714285,0.4285714285714285,0,0,0.0,0,0.0
"Theis, Robinson-Earl, Boston Jr., Cain, Hawkins",NOP,1,3,1,6,9,0,4,0.0,2,3,0.6666666666666666,0.6666666666666666,3,0,0,6,0,0.0,0.0,1.0,0.4285714285714285,0.5351071428571429,0.4285714285714285,0.5,0,1,0.25,0,0.0
"Bamba, Williamson, Robinson-Earl, Alvarado, Hawkins",NOP,1,3,4,6,9,2,3,0.6666666666666666,1,2,0.5,0.5,2,2,2,3,0,0.5,0.5,1.0,0.4,0.50849,0.7,0.75,0,1,0.3333333333333333,0,0.0
"Robinson-Earl, Alvarado, Brooks Jr., Hawkins, Olynyk",NOP,1,3,-1,5,9,0,0,0.0,2,4,0.5,0.5,3,0,0,6,0,0.0,0.0,1.0,1.0,0.5367375,0.75,0.9,0,0,0.0,0,0.0
"Boston, Murphy III, Alvarado, Cain, Missi",NOP,1,3,0,6,9,2,2,1.0,1,1,1.0,1.0,2,2,2,3,0,0.5,0.5,1.0,0.3333333333333333,0.6591,1.1666666666666667,1.125,0,0,0.0,0,0.0
"Theis, Green, Robinson-Earl, Murphy III, Alvarado",NOP,1,3,-1,7,4,1,3,0.3333333333333333,0,1,0.0,0.0,2,2,0,0,0,1.0,1.0,0.0,0.25,0.5694625,0.25,0.4,0,0,0.0,0,0.0
"Theis, Green, Boston, Alvarado, Hawkins",NOP,1,3,-2,5,4,1,4,0.25,0,2,0.0,0.0,2,0,2,0,0,0.0,0.0,0.0,0.3333333333333333,0.5232833333333333,0.1666666666666666,0.2857142857142857,2,1,0.25,0,0.0
"Williamson, Robinson-Earl, Alvarado, Hawkins, Reeves",NOP,1,3,4,7,8,2,2,1.0,1,4,0.25,0.25,1,4,0,3,0,1.0,1.0,1.0,0.6666666666666666,0.51455,0.5833333333333334,0.5714285714285714,0,0,0.0,0,0.0
"Robinson-Earl, Boston Jr., Murphy III, Hawkins, Missi",NOP,1,3,9,6,11,1,1,1.0,2,3,0.6666666666666666,0.6666666666666666,3,2,0,6,0,1.0,1.0,1.0,0.75,0.6086875,1.0,0.9166666666666666,0,0,0.0,0,0.0
"Murray, Green, Robinson-Earl, Murphy III, Hawkins",NOP,1,3,4,6,11,2,3,0.6666666666666666,2,3,0.6666666666666666,0.6666666666666666,1,2,2,6,0,0.5,1.0,1.0,0.5,0.6434666666666666,0.8333333333333334,0.9166666666666666,2,1,0.3333333333333333,0,0.0
"Ingram, Williamson, Green, Robinson-Earl, Alvarado",NOP,2,3,2,7,7,1,7,0.1428571428571428,1,2,0.5,0.5,2,0,2,3,0,0.0,0.0,1.0,0.2222222222222222,0.5576388888888889,0.2777777777777778,0.35,0,1,0.1428571428571428,0,0.0
"Ingram, Green, Boston Jr., Hawkins, Missi",NOP,2,3,-8,6,2,1,2,0.5,0,2,0.0,0.0,0,0,2,0,0,0.0,0.0,0.0,0.5,0.56465,0.25,0.25,0,0,0.0,0,0.0
"Theis, Green, Robinson-Earl, Hawkins, Payton",NOP,1,3,6,6,6,3,3,1.0,0,2,0.0,0.0,0,6,0,0,0,1.0,1.0,0.0,0.4,0.65252,0.6,0.6,0,0,0.0,0,0.0
"Green, Robinson-Earl, Murphy III, Missi, McCollum",NOP,2,3,-7,6,3,1,3,0.3333333333333333,0,2,0.0,0.0,1,2,0,0,0,1.0,1.0,0.0,0.4,0.55152,0.2,0.25,0,0,0.0,0,0.0
"Robinson-Earl, Brooks Jr., Cain, Hawkins, McCollum",NOP,1,3,-3,8,7,1,4,0.25,1,2,0.5,0.5,2,0,2,0,3,0.0,0.0,0.0,0.3333333333333333,0.5281416666666666,0.4166666666666667,0.5,0,0,0.0,0,0.0
"Murray, Green, Boston, Murphy III, Missi",NOP,2,3,-7,5,2,1,4,0.25,0,1,0.0,0.0,0,0,2,0,0,0.0,0.0,0.0,0.2,0.5065299999999999,0.2,0.2,2,0,0.0,0,0.0
"Williamson, Murphy III, Matković, Hawkins, McCollum",NOP,2,3,3,5,12,1,2,0.5,3,3,1.0,1.0,1,0,2,9,0,0.0,0.0,1.0,0.6,0.51502,1.1,1.0,0,0,0.0,0,0.0
"Brown, Robinson-Earl, Alvarado, Hawkins, Missi",NOP,2,3,-5,7,3,1,2,0.5,0,3,0.0,0.0,1,0,2,0,0,0.0,0.0,0.0,0.6,0.53817,0.2,0.25,2,0,0.0,0,0.0
"Green, Murphy III, Hawkins, Reeves, Missi",NOP,2,3,10,7,15,2,2,1.0,2,3,0.6666666666666666,0.6666666666666666,5,2,2,3,3,0.5,0.5,0.5,0.6,0.6006,1.0,1.0714285714285714,0,0,0.0,0,0.0
"Robinson-Earl, Brooks Jr., Hawkins, Missi, Payton",NOP,2,3,-9,5,5,1,3,0.3333333333333333,1,1,1.0,1.0,0,0,2,0,3,0.0,0.0,0.0,0.25,0.50315,0.625,0.625,0,1,0.3333333333333333,0,0.0
"Robinson-Earl, Hawkins, Reeves, Missi, Payton",NOP,1,3,-2,5,3,1,2,0.5,0,1,0.0,0.0,1,2,0,0,0,1.0,1.0,0.0,0.3333333333333333,0.4515166666666666,0.3333333333333333,0.3,0,0,0.0,0,0.0
"Murray, Theis, Jones, Alvarado, Hawkins",NOP,1,3,-1,6,5,0,1,0.0,1,3,0.3333333333333333,0.3333333333333333,2,0,0,3,0,0.0,0.0,1.0,0.75,0.5305375,0.375,0.5,0,0,0.0,0,0.0
"Green, Hawkins, Missi, McCollum, Payton",NOP,2,3,-3,6,4,1,3,0.3333333333333333,0,2,0.0,0.0,2,2,0,0,0,1.0,1.0,0.0,0.4,0.55583,0.2,0.3333333333333333,0,0,0.0,0,0.0
"Bamba, Williamson, Murphy III, Alvarado, Matković",NOP,1,3,-7,5,3,0,2,0.0,0,2,0.0,0.0,3,0,0,0,0,0.0,0.0,0.0,0.5,0.5321375,0.0,0.25,0,0,0.0,0,0.0
"Robinson-Earl, Jones, Murphy III, Missi, McCollum",NOP,1,3,2,6,5,1,2,0.5,1,4,0.25,0.25,0,2,0,3,0,1.0,1.0,1.0,0.6666666666666666,0.5467666666666667,0.4166666666666667,0.4166666666666667,0,0,0.0,0,0.0
"Kelley, Alvarado, Brooks Jr., Cain, Reeves",NOP,1,3,-1,8,6,3,4,0.75,0,2,0.0,0.0,0,2,4,0,0,0.3333333333333333,0.3333333333333333,0.0,0.3333333333333333,0.5696166666666667,0.5,0.5,0,0,0.0,0,0.0
"Ingram, Green, Robinson-Earl, Boston Jr., Hawkins",NOP,2,3,5,5,12,3,4,0.75,2,2,1.0,1.0,0,4,2,6,0,0.6666666666666666,0.6666666666666666,1.0,0.3333333333333333,0.6114416666666667,1.0,1.0,0,0,0.0,0,0.0
"Ingram, Green, Robinson-Earl, Alvarado, Missi",NOP,1,3,1,6,8,3,4,0.75,0,1,0.0,0.0,2,0,6,0,0,0.0,0.0,0.0,0.2,0.48129,0.6,0.6666666666666666,2,0,0.0,0,0.0
"Ingram, Theis, Williamson, Green, McCollum",NOP,1,3,-4,6,5,2,2,1.0,0,2,0.0,0.0,1,0,4,0,0,0.0,0.0,0.0,0.5,0.5139125,0.5,0.5,0,0,0.0,0,0.0
"Ingram, Nowell, Green, Reeves, Jemison III",NOP,1,3,-1,4,2,1,3,0.3333333333333333,0,0,0.0,0.0,0,2,0,0,0,1.0,1.0,0.0,0.0,0.6156,0.3333333333333333,0.25,0,1,0.3333333333333333,0,0.0
"Theis, Robinson-Earl, Boston Jr., Murphy III, Hawkins",NOP,1,3,1,6,3,0,2,0.0,1,1,1.0,1.0,0,0,0,3,0,0.0,0.0,1.0,0.3333333333333333,0.4821,0.5,0.5,0,0,0.0,0,0.0
"Green, Robinson-Earl, Missi, McCollum, Payton",NOP,1,3,-2,6,6,0,2,0.0,2,3,0.6666666666666666,0.6666666666666666,0,0,0,6,0,0.0,0.0,1.0,0.6,0.53524,0.6,0.6,0,1,0.5,0,0.0
"Robinson-Earl, Boston Jr., Murphy III, Hawkins, Jemison III",NOP,1,3,2,5,8,3,5,0.6,0,0,0.0,0.0,2,4,2,0,0,0.6666666666666666,0.6666666666666666,0.0,0.0,0.50488,0.6,0.6666666666666666,0,0,0.0,0,0.0
"Murray, Green, Robinson-Earl, Jemison III, McCollum",NOP,1,3,-4,4,4,2,3,0.6666666666666666,0,0,0.0,0.0,0,2,2,0,0,0.5,0.5,0.0,0.0,0.5199,0.6666666666666666,0.6666666666666666,0,0,0.0,0,0.0
"Robinson-Earl, Boston Jr., Reeves, Missi, Payton",NOP,1,3,-5,5,4,2,3,0.6666666666666666,0,1,0.0,0.0,0,2,2,0,0,0.5,0.5,0.0,0.25,0.5278,0.5,0.5,0,0,0.0,0,0.0
"Williamson, Murphy III, Alvarado, Matković, Olynyk",NOP,1,3,3,6,5,2,7,0.2857142857142857,0,0,0.0,0.0,1,2,2,0,0,0.5,0.5,0.0,0.0,0.5408000000000001,0.2857142857142857,0.3125,0,0,0.0,0,0.0
"Williamson, Matković, Hawkins, Reeves, McCollum",NOP,1,3,4,6,12,1,1,1.0,2,3,0.6666666666666666,0.6666666666666666,4,2,0,6,0,1.0,1.0,1.0,0.75,0.5877875,1.0,1.0,0,0,0.0,0,0.0
"Robinson-Earl, Boston Jr., Alvarado, Cain, Missi",NOP,1,3,0,7,10,1,2,0.5,2,2,1.0,1.0,2,2,0,6,0,1.0,1.0,1.0,0.5,0.47835,1.0,1.0,0,0,0.0,0,0.0
"Theis, Williamson, Alvarado, Hawkins, McCollum",NOP,1,3,-8,5,2,1,3,0.3333333333333333,0,2,0.0,0.0,0,0,2,0,0,0.0,0.0,0.0,0.4,0.55213,0.2,0.2,0,1,0.3333333333333333,0,0.0
"Robinson-Earl, Alvarado, Reeves, Missi, Payton",NOP,2,3,2,6,6,3,7,0.4285714285714285,0,2,0.0,0.0,0,4,2,0,0,0.6666666666666666,0.6666666666666666,0.0,0.2222222222222222,0.5868111111111111,0.3333333333333333,0.3333333333333333,0,0,0.0,0,0.0
"Theis, Williamson, Green, Boston Jr., Hawkins",NOP,1,3,1,6,12,1,4,0.25,3,3,1.0,1.0,1,0,2,9,0,0.0,0.0,1.0,0.4285714285714285,0.4937642857142857,0.7857142857142857,0.8571428571428571,0,0,0.0,0,0.0
"Theis, Robinson-Earl, Hawkins, McCollum, Payton",NOP,1,3,-2,5,6,3,4,0.75,0,2,0.0,0.0,0,2,4,0,0,0.3333333333333333,0.3333333333333333,0.0,0.3333333333333333,0.5016083333333333,0.5,0.5,0,0,0.0,0,0.0
"Bamba, Murphy III, Alvarado, Matković, Hawkins",NOP,2,3,0,4,7,2,4,0.5,0,0,0.0,0.0,3,0,4,0,0,0.0,0.0,0.0,0.0,0.5374,0.5,0.7,0,0,0.0,0,0.0
"Williamson, Green, Robinson-Earl, Alvarado, Hawkins",NOP,2,3,5,5,11,1,3,0.3333333333333333,3,3,1.0,1.0,0,2,0,9,0,1.0,1.0,1.0,0.5,0.493125,0.9166666666666666,0.9166666666666666,0,0,0.0,0,0.0
"Kelley, Brooks Jr., Cain, Quinones, Payton",NOP,1,3,-4,5,4,1,2,0.5,0,1,0.0,0.0,2,0,2,0,0,0.0,0.0,0.0,0.3333333333333333,0.4988666666666666,0.3333333333333333,0.5,0,0,0.0,0,0.0
"Robinson-Earl, Brooks Jr., Cain, Quinones, Payton",NOP,1,3,2,6,6,3,3,1.0,0,2,0.0,0.0,0,6,0,0,0,1.0,1.0,0.0,0.4,0.62636,0.6,0.6,0,0,0.0,0,0.0
"Alvarado, Brooks Jr., Cain, Reeves, Missi",NOP,1,3,-5,4,4,2,3,0.6666666666666666,0,0,0.0,0.0,0,2,2,0,0,0.5,0.5,0.0,0.0,0.5537333333333333,0.6666666666666666,0.6666666666666666,0,0,0.0,0,0.0
"Robinson-Earl, Boston, Murphy III, Hawkins, McCollum",NOP,1,3,-2,4,5,1,1,1.0,1,3,0.3333333333333333,0.3333333333333333,0,2,0,3,0,1.0,1.0,1.0,0.75,0.578325,0.625,0.625,0,0,0.0,0,0.0
"Murray, Robinson-Earl, Murphy III, Matković, Hawkins",NOP,1,3,3,6,5,0,3,0.0,1,2,0.5,0.5,2,0,0,3,0,0.0,0.0,1.0,0.4,0.41473,0.3,0.4166666666666667,0,0,0.0,0,0.0
"Brown, Robinson-Earl, Alvarado, Brooks Jr., Matković",NOP,1,3,5,4,7,2,3,0.6666666666666666,1,2,0.5,0.5,0,4,0,3,0,1.0,1.0,1.0,0.4,0.55687,0.7,0.7,0,1,0.3333333333333333,0,0.0
"Williamson, Robinson-Earl, Boston, Alvarado, Hawkins",NOP,1,3,5,6,10,2,4,0.5,2,3,0.6666666666666666,0.6666666666666666,0,4,0,6,0,1.0,1.0,1.0,0.4285714285714285,0.6174928571428572,0.7142857142857143,0.7142857142857143,0,0,0.0,0,0.0
"Brown, Brooks Jr., Matković, Cain, Reeves",NOP,1,3,-1,6,4,2,3,0.6666666666666666,0,2,0.0,0.0,0,2,2,0,0,0.5,0.5,0.0,0.4,0.50146,0.4,0.4,0,0,0.0,0,0.0
"Brown, Williamson, Alvarado, Matković, McCollum",NOP,1,3,-5,6,1,0,5,0.0,0,3,0.0,0.0,1,0,0,0,0,0.0,0.0,0.0,0.375,0.5507125,0.0,0.0555555555555555,0,0,0.0,0,0.0
"Brown, Williamson, Alvarado, Hawkins, Missi",NOP,1,3,4,5,8,4,6,0.6666666666666666,0,1,0.0,0.0,0,2,6,0,0,0.25,0.3333333333333333,0.0,0.1428571428571428,0.4797928571428572,0.5714285714285714,0.5714285714285714,2,1,0.1666666666666666,0,0.0
"Matković, Cain, Quinones, Reeves, Payton",NOP,1,3,1,6,6,0,0,0.0,2,4,0.5,0.5,0,0,0,6,0,0.0,0.0,1.0,1.0,0.5089125,0.75,0.75,0,0,0.0,0,0.0
"Ingram, Boston Jr., Alvarado, Hawkins, Missi",NOP,1,3,1,5,7,1,1,1.0,1,1,1.0,1.0,2,0,2,3,0,0.0,0.0,1.0,0.5,0.48935,1.25,1.1666666666666667,0,0,0.0,0,0.0
"Robinson-Earl, Boston, Murphy III, Missi, McCollum",NOP,3,3,-2,5,3,0,1,0.0,1,3,0.3333333333333333,0.3333333333333333,0,0,0,3,0,0.0,0.0,1.0,0.75,0.5215,0.375,0.375,0,1,1.0,0,0.0
"Murray, Theis, Green, Alvarado, McCollum",NOP,1,3,4,4,7,2,2,1.0,1,3,0.3333333333333333,0.3333333333333333,0,4,0,3,0,1.0,1.0,1.0,0.6,0.58576,0.7,0.7,0,0,0.0,0,0.0
"Theis, Robinson-Earl, Boston Jr., McCollum, Payton",NOP,1,2,-5,5,6,3,4,0.75,0,0,0.0,0.0,0,4,2,0,0,0.6666666666666666,0.6666666666666666,0.0,0.0,0.50895,0.75,0.75,0,0,0.0,0,0.0
"Green, Murphy III, Matković, Missi, McCollum",NOP,2,2,1,4,11,2,4,0.5,2,3,0.6666666666666666,0.6666666666666666,1,4,0,3,3,1.0,1.0,0.5,0.4285714285714285,0.53835,0.7142857142857143,0.7857142857142857,0,1,0.25,0,0.0
"Robinson-Earl, Brooks Jr., Matković, Hawkins, Payton",NOP,1,2,-2,4,5,1,3,0.3333333333333333,1,4,0.25,0.25,0,2,0,3,0,1.0,1.0,1.0,0.5714285714285714,0.6203071428571428,0.3571428571428571,0.3571428571428571,0,0,0.0,0,0.0
"Murphy III, Alvarado, Matković, Reeves, Missi",NOP,2,2,0,5,2,1,3,0.3333333333333333,0,1,0.0,0.0,0,2,0,0,0,1.0,1.0,0.0,0.25,0.4849375,0.25,0.25,0,0,0.0,0,0.0
"Williamson, Green, Jones, Hawkins, McCollum",NOP,1,2,-4,5,4,2,3,0.6666666666666666,0,2,0.0,0.0,0,2,2,0,0,0.5,1.0,0.0,0.4,0.60431,0.4,0.4,2,0,0.0,0,0.0
"Williamson, Murphy III, Alvarado, McCollum, Olynyk",NOP,1,2,-5,6,5,1,5,0.2,1,2,0.5,0.5,0,2,0,3,0,1.0,1.0,1.0,0.2857142857142857,0.4674285714285714,0.3571428571428571,0.3571428571428571,0,1,0.2,0,0.0
"Brown, Murphy III, Alvarado, Hawkins, Missi",NOP,3,2,2,5,5,1,2,0.5,1,3,0.3333333333333333,0.3333333333333333,0,0,2,3,0,0.0,0.0,1.0,0.6,0.58201,0.5,0.5,0,0,0.0,0,0.0
"Robinson-Earl, Boston Jr., Murphy III, Hawkins, Payton",NOP,1,2,8,6,8,1,3,0.3333333333333333,1,2,0.5,0.5,3,2,0,3,0,1.0,1.0,1.0,0.4,0.56734,0.5,0.5714285714285714,0,1,0.3333333333333333,0,0.0
"Ingram, Robinson-Earl, Boston Jr., Reeves, Jemison III",NOP,2,2,1,4,5,0,2,0.0,1,2,0.5,0.5,2,0,0,3,0,0.0,0.0,1.0,0.5,0.5560375,0.375,0.4166666666666667,0,1,0.5,0,0.0
"Robinson-Earl, Boston Jr., Jones, Cain, McCollum",NOP,1,2,-4,6,5,2,4,0.5,0,1,0.0,0.0,1,2,2,0,0,0.5,0.5,0.0,0.2,0.71475,0.4,0.4166666666666667,0,2,0.5,0,0.0
"Robinson-Earl, Murphy III, Hawkins, Missi, McCollum",NOP,1,2,4,5,7,2,3,0.6666666666666666,1,3,0.3333333333333333,0.3333333333333333,0,2,2,3,0,0.5,0.5,1.0,0.5,0.5367000000000001,0.5833333333333334,0.5833333333333334,0,0,0.0,0,0.0
"Ingram, Theis, Green, Boston Jr., Murphy III",NOP,1,2,-5,5,6,3,3,1.0,0,3,0.0,0.0,0,4,2,0,0,0.6666666666666666,0.6666666666666666,0.0,0.5,0.5266583333333333,0.5,0.5,0,0,0.0,0,0.0
"Brown, Williamson, Murphy III, Matković, Hawkins",NOP,2,2,5,4,7,2,3,0.6666666666666666,1,1,1.0,1.0,0,0,4,3,0,0.0,0.0,1.0,0.25,0.5537125,0.875,0.875,2,0,0.0,0,0.0
"Brown, Matković, Hawkins, Olynyk, Payton",NOP,1,2,0,4,4,1,1,1.0,0,1,0.0,0.0,2,2,0,0,0,1.0,1.0,0.0,0.5,0.530875,0.5,0.6666666666666666,0,0,0.0,0,0.0
"Theis, Green, Boston, Murphy III, Alvarado",NOP,1,2,-1,5,10,1,3,0.3333333333333333,2,2,1.0,1.0,2,0,2,3,3,0.0,0.0,0.5,0.4,0.5189600000000001,0.8,0.8333333333333334,0,0,0.0,0,0.0
"Green, Robinson-Earl, Boston Jr., Alvarado, Missi",NOP,2,2,-5,4,2,0,2,0.0,0,1,0.0,0.0,2,0,0,0,0,0.0,0.0,0.0,0.3333333333333333,0.5054,0.0,0.25,0,0,0.0,0,0.0
"Murray, Theis, Green, Robinson-Earl, Hawkins",NOP,1,2,-3,4,5,1,3,0.3333333333333333,1,2,0.5,0.5,0,2,0,0,3,1.0,1.0,0.0,0.4,0.5691900000000001,0.5,0.5,0,2,0.6666666666666666,0,0.0
"Brown, Robinson-Earl, Alvarado, McCollum, Olynyk",NOP,1,2,-5,4,5,1,1,1.0,1,2,0.5,0.5,0,2,0,3,0,1.0,1.0,1.0,0.6666666666666666,0.55395,0.8333333333333334,0.8333333333333334,0,0,0.0,0,0.0
"Robinson-Earl, Boston Jr., Murphy III, Reeves, McCollum",NOP,1,2,-2,7,5,1,3,0.3333333333333333,1,3,0.3333333333333333,0.3333333333333333,0,0,2,3,0,0.0,0.0,1.0,0.5,0.5388083333333333,0.4166666666666667,0.4166666666666667,0,1,0.3333333333333333,0,0.0
"Robinson-Earl, Boston Jr., Alvarado, Hawkins, Missi",NOP,1,2,-1,5,8,0,2,0.0,2,4,0.5,0.5,2,0,0,6,0,0.0,0.0,1.0,0.6666666666666666,0.5429083333333333,0.5,0.6666666666666666,0,0,0.0,0,0.0
"Murray, Theis, Williamson, Hawkins, McCollum",NOP,1,2,0,4,7,2,2,1.0,1,3,0.3333333333333333,0.3333333333333333,0,4,0,3,0,1.0,1.0,1.0,0.6,0.5183125,0.7,0.7,0,0,0.0,0,0.0
"Alvarado, Cain, Reeves, Missi, Olynyk",NOP,1,2,-3,6,2,1,1,1.0,0,4,0.0,0.0,0,0,2,0,0,0.0,0.0,0.0,0.8,0.5805100000000001,0.2,0.2,0,0,0.0,0,0.0
"Brown, Murphy III, Alvarado, Matković, Reeves",NOP,1,2,-6,4,1,0,1,0.0,0,1,0.0,0.0,1,0,0,0,0,0.0,0.0,0.0,0.5,0.529575,0.0,0.1666666666666666,0,1,1.0,0,0.0
"Williamson, Robinson-Earl, Jones, Hawkins, McCollum",NOP,1,2,-1,4,5,1,3,0.3333333333333333,1,1,1.0,1.0,0,0,2,0,3,0.0,0.0,0.0,0.25,0.53645,0.625,0.5,2,1,0.3333333333333333,0,0.0
"Williamson, Murphy III, Matković, Hawkins, Missi",NOP,1,2,-2,5,4,2,3,0.6666666666666666,0,1,0.0,0.0,0,2,2,0,0,0.5,0.5,0.0,0.25,0.50005,0.5,0.5,0,0,0.0,0,0.0
"Brown, Matković, Reeves, McCollum, Olynyk",NOP,1,2,2,5,4,2,3,0.6666666666666666,0,2,0.0,0.0,0,4,0,0,0,1.0,1.0,0.0,0.4,0.49908,0.4,0.4,0,0,0.0,0,0.0
"Nowell, Green, Robinson-Earl, Boston Jr., Cain",NOP,1,2,-5,4,0,0,2,0.0,0,2,0.0,0.0,0,0,0,0,0,0.0,0.0,0.0,0.5,0.4835625,0.0,0.0,0,2,1.0,0,0.0
"Brown, Murphy III, Alvarado, Matković, McCollum",NOP,1,2,1,4,7,2,2,1.0,1,2,0.5,0.5,0,4,0,3,0,1.0,1.0,1.0,0.5,0.569275,0.875,0.875,0,0,0.0,0,0.0
"Nowell, Robinson-Earl, Boston Jr., Murphy III, Jemison III",NOP,1,2,-1,5,5,1,1,1.0,1,2,0.5,0.5,0,0,2,3,0,0.0,0.0,1.0,0.6666666666666666,0.5249833333333334,0.8333333333333334,0.8333333333333334,0,0,0.0,0,0.0
"Ingram, Robinson-Earl, Boston Jr., Cain, Jemison III",NOP,2,2,2,4,2,1,2,0.5,0,3,0.0,0.0,0,0,2,0,0,0.0,0.0,0.0,0.6,0.53739,0.2,0.2,0,0,0.0,0,0.0
"Brown, Robinson-Earl, Alvarado, Matković, McCollum",NOP,1,2,8,5,8,4,5,0.8,0,0,0.0,0.0,0,2,6,0,0,0.25,0.25,0.0,0.0,0.5421199999999999,0.8,0.8,0,0,0.0,0,0.0
"Williamson, Green, Boston, Matković, Hawkins",NOP,1,2,-8,6,2,1,2,0.5,0,3,0.0,0.0,0,0,2,0,0,0.0,0.0,0.0,0.6,0.4850299999999999,0.2,0.2,0,0,0.0,0,0.0
"Brooks Jr., Matković, Cain, Reeves, Payton",NOP,1,2,-5,5,3,0,2,0.0,1,2,0.5,0.5,0,0,0,3,0,0.0,0.0,1.0,0.5,0.476625,0.375,0.375,0,0,0.0,0,0.0
"Green, Robinson-Earl, Alvarado, Hawkins, McCollum",NOP,1,2,-2,5,5,1,1,1.0,1,3,0.3333333333333333,0.3333333333333333,0,0,2,3,0,0.0,0.0,1.0,0.75,0.5556875,0.625,0.625,0,0,0.0,0,0.0
"Robinson-Earl, Alvarado, Brooks Jr., Hawkins, Missi",NOP,1,2,-1,5,4,2,4,0.5,0,1,0.0,0.0,0,0,4,0,0,0.0,0.0,0.0,0.2,0.5886,0.4,0.4,2,0,0.0,0,0.0
"Murray, Robinson-Earl, Boston Jr., Jones, Missi",NOP,1,2,4,4,7,0,0,0.0,1,3,0.3333333333333333,0.3333333333333333,4,0,0,3,0,0.0,0.0,1.0,1.0,0.5704,0.5,0.7,0,0,0.0,0,0.0
"Williamson, Murphy III, Matković, Hawkins, Reeves",NOP,1,2,-4,5,5,2,3,0.6666666666666666,0,0,0.0,0.0,1,2,2,0,0,0.5,0.5,0.0,0.0,0.5162333333333333,0.6666666666666666,0.625,0,0,0.0,0,0.0
"Nowell, Robinson-Earl, Cain, Reeves, Missi",NOP,1,2,-3,6,0,0,4,0.0,0,1,0.0,0.0,0,0,0,0,0,0.0,0.0,0.0,0.2,0.45653,0.0,0.0,0,0,0.0,0,0.0
"Murphy III, Alvarado, Cain, Hawkins, Missi",NOP,2,2,-2,3,3,1,2,0.5,0,2,0.0,0.0,1,0,2,0,0,0.0,0.0,0.0,0.5,0.48775,0.25,0.3,2,0,0.0,0,0.0
"Murray, Robinson-Earl, Murphy III, Hawkins, Missi",NOP,1,2,-1,5,4,2,4,0.5,0,2,0.0,0.0,0,4,0,0,0,1.0,1.0,0.0,0.3333333333333333,0.5108416666666666,0.3333333333333333,0.3333333333333333,0,0,0.0,0,0.0
"Green, Boston Jr., Missi, McCollum, Payton",NOP,1,2,5,5,9,3,4,0.75,1,1,1.0,1.0,0,2,4,0,3,0.3333333333333333,0.3333333333333333,0.0,0.2,0.46298,0.9,0.9,0,0,0.0,0,0.0
"Nowell, Green, Robinson-Earl, Boston Jr., Missi",NOP,1,2,2,4,5,1,3,0.3333333333333333,1,1,1.0,1.0,0,2,0,3,0,1.0,1.0,1.0,0.25,0.6122625,0.625,0.625,0,0,0.0,0,0.0
"Kelley, Robinson-Earl, Quinones, Reeves, Payton",NOP,1,2,-8,4,0,0,3,0.0,0,1,0.0,0.0,0,0,0,0,0,0.0,0.0,0.0,0.25,0.4864125,0.0,0.0,0,0,0.0,0,0.0
"Murray, Theis, Williamson, Boston, Jones",NOP,1,2,3,5,5,0,0,0.0,1,3,0.3333333333333333,0.3333333333333333,2,0,0,3,0,0.0,0.0,1.0,1.0,0.5669000000000001,0.5,0.625,0,0,0.0,0,0.0
"Theis, Green, Alvarado, Reeves, McCollum",NOP,1,2,-5,4,3,0,2,0.0,1,2,0.5,0.5,0,0,0,3,0,0.0,0.0,1.0,0.5,0.5027875,0.375,0.375,0,1,0.5,0,0.0
"Boston, Alvarado, Matković, Cain, McCollum",NOP,1,2,1,4,6,0,1,0.0,2,3,0.6666666666666666,0.6666666666666666,0,0,0,3,3,0.0,0.0,0.5,0.75,0.5221375,0.75,0.75,0,0,0.0,0,0.0
"Theis, Green, Robinson-Earl, Boston Jr., Hawkins",NOP,1,2,-5,5,4,2,2,1.0,0,3,0.0,0.0,0,4,0,0,0,1.0,1.0,0.0,0.6,0.52294,0.4,0.4,0,0,0.0,0,0.0
"Williamson, Green, Robinson-Earl, Cain, Hawkins",NOP,1,2,-1,5,5,1,2,0.5,0,0,0.0,0.0,3,0,2,0,0,0.0,0.0,0.0,0.0,0.49315,0.5,0.5,0,0,0.0,0,0.0
"Green, Robinson-Earl, Boston, Hawkins, McCollum",NOP,1,2,-4,5,1,0,1,0.0,0,1,0.0,0.0,1,0,0,0,0,0.0,0.0,0.0,0.5,0.692325,0.0,0.1666666666666666,0,0,0.0,0,0.0
"Ingram, Theis, Green, Hawkins, McCollum",NOP,1,2,4,5,4,2,4,0.5,0,1,0.0,0.0,0,2,2,0,0,0.5,0.5,0.0,0.2,0.54313,0.4,0.4,0,0,0.0,0,0.0
"Ingram, Nowell, Boston Jr., Murphy III, Jemison III",NOP,1,2,-3,4,2,1,2,0.5,0,1,0.0,0.0,0,2,0,0,0,1.0,1.0,0.0,0.3333333333333333,0.4508833333333333,0.3333333333333333,0.3333333333333333,0,1,0.5,0,0.0
"Green, Jones, Murphy III, Hawkins, McCollum",NOP,1,2,-1,4,4,0,1,0.0,1,2,0.5,0.5,1,0,0,3,0,0.0,0.0,1.0,0.6666666666666666,0.4814,0.5,0.5,0,0,0.0,0,0.0
"Ingram, Murray, Green, Missi, McCollum",NOP,1,2,-6,4,3,1,2,0.5,0,0,0.0,0.0,1,2,0,0,0,1.0,1.0,0.0,0.0,0.43725,0.5,0.5,0,0,0.0,0,0.0
"Ingram, Nowell, Cain, Reeves, Missi",NOP,1,2,-3,4,3,1,1,1.0,0,2,0.0,0.0,1,2,0,0,0,1.0,1.0,0.0,0.6666666666666666,0.5000833333333333,0.3333333333333333,0.5,0,0,0.0,0,0.0
"Brown, Robinson-Earl, Hawkins, Missi, Olynyk",NOP,1,2,-4,3,4,2,3,0.6666666666666666,0,1,0.0,0.0,0,2,2,0,0,0.5,1.0,0.0,0.25,0.5027,0.5,0.5,2,1,0.3333333333333333,0,0.0
"Green, Matković, Hawkins, Reeves, McCollum",NOP,1,2,-6,4,3,0,2,0.0,1,2,0.5,0.5,0,0,0,3,0,0.0,0.0,1.0,0.5,0.48315,0.375,0.375,0,1,0.5,0,0.0
"Brooks Jr., Cain, Quinones, Reeves, Payton",NOP,1,2,0,5,6,1,4,0.25,1,1,1.0,1.0,1,2,0,3,0,1.0,1.0,1.0,0.2,0.4737099999999999,0.5,0.5,0,0,0.0,0,0.0
"Williamson, Green, Cain, Hawkins, Missi",NOP,1,2,-2,4,5,1,1,1.0,1,4,0.25,0.3333333333333333,0,2,0,3,0,1.0,1.0,1.0,0.8,0.5248,0.5,0.5,0,0,0.0,0,0.0
"Williamson, Green, Murphy III, Hawkins, McCollum",NOP,1,2,2,4,6,3,5,0.6,0,0,0.0,0.0,0,6,0,0,0,1.0,1.0,0.0,0.0,0.4182599999999999,0.6,0.6,0,1,0.2,0,0.0
"Green, Boston, Murphy III, Matković, McCollum",NOP,1,2,4,4,8,1,1,1.0,2,3,0.6666666666666666,0.6666666666666666,0,2,0,3,3,1.0,1.0,0.5,0.75,0.5858,1.0,1.0,0,0,0.0,0,0.0
"Robinson-Earl, Brooks Jr., Quinones, Reeves, Payton",NOP,1,2,-5,5,2,1,3,0.3333333333333333,0,1,0.0,0.0,0,2,0,0,0,1.0,1.0,0.0,0.25,0.437025,0.25,0.25,0,0,0.0,0,0.0
"Robinson-Earl, Matković, Hawkins, Olynyk, Payton",NOP,1,2,1,5,6,3,5,0.6,0,3,0.0,0.0,0,4,2,0,0,0.6666666666666666,1.0,0.0,0.375,0.6233875,0.375,0.375,2,2,0.4,0,0.0
"Green, Robinson-Earl, Boston, Reeves, Jemison III",NOP,1,2,-1,4,6,1,3,0.3333333333333333,1,2,0.5,0.5,1,0,2,3,0,0.0,0.0,1.0,0.4,0.50777,0.5,0.5,2,0,0.0,0,0.0
"Alvarado, Hawkins, Reeves, Missi, Olynyk",NOP,2,2,-4,3,0,0,1,0.0,0,2,0.0,0.0,0,0,0,0,0,0.0,0.0,0.0,0.6666666666666666,0.4548166666666666,0.0,0.0,0,0,0.0,1,0.5
"Williamson, Boston, Hawkins, Reeves, Missi",NOP,1,2,6,5,6,2,3,0.6666666666666666,0,2,0.0,0.0,2,0,4,0,0,0.0,0.0,0.0,0.4,0.55056,0.4,0.5,0,1,0.3333333333333333,0,0.0
"Ingram, Robinson-Earl, Jones, Alvarado, Hawkins",NOP,1,2,-2,5,0,0,2,0.0,0,0,0.0,0.0,0,0,0,0,0,0.0,0.0,0.0,0.0,0.5502,0.0,0.0,0,0,0.0,0,0.0
"Williamson, Green, Alvarado, Cain, Missi",NOP,1,2,-5,4,0,0,6,0.0,0,0,0.0,0.0,0,0,0,0,0,0.0,0.0,0.0,0.0,0.4935,0.0,0.0,0,1,0.1666666666666666,0,0.0
"Murray, Theis, Williamson, Murphy III, Hawkins",NOP,1,2,0,4,7,3,3,1.0,0,1,0.0,0.0,1,0,6,0,0,0.0,0.0,0.0,0.25,0.5257375,0.75,0.7,2,0,0.0,0,0.0
"Ingram, Murray, Jones, Murphy III, Missi",NOP,1,2,-7,4,2,1,2,0.5,0,1,0.0,0.0,0,2,0,0,0,1.0,1.0,0.0,0.3333333333333333,0.6524,0.3333333333333333,0.3333333333333333,0,0,0.0,0,0.0
"Murray, Jones, Murphy III, Hawkins, Jemison III",NOP,1,2,2,5,8,1,1,1.0,1,2,0.5,0.5,3,0,2,3,0,0.0,0.0,1.0,0.6666666666666666,0.6013000000000001,0.8333333333333334,1.0,0,0,0.0,0,0.0
"Theis, Williamson, Green, Alvarado, Hawkins",NOP,1,2,4,4,7,3,4,0.75,0,2,0.0,0.0,1,2,4,0,0,0.3333333333333333,1.0,0.0,0.3333333333333333,0.5703916666666666,0.5,0.5,4,1,0.25,0,0.0
"Brown, Green, Matković, Hawkins, McCollum",NOP,1,2,1,5,4,2,2,1.0,0,2,0.0,0.0,0,2,2,0,0,0.5,0.5,0.0,0.5,0.711925,0.5,0.5,0,0,0.0,0,0.0
"Williamson, Green, Robinson-Earl, Hawkins, McCollum",NOP,1,2,1,4,4,2,2,1.0,0,0,0.0,0.0,0,2,2,0,0,0.5,0.5,0.0,0.0,0.62305,1.0,1.0,0,0,0.0,0,0.0
"Ingram, Theis, Nowell, Green, Boston Jr.",NOP,2,2,3,4,6,3,4,0.75,0,0,0.0,0.0,0,0,6,0,0,0.0,0.0,0.0,0.0,0.46535,0.75,0.75,0,0,0.0,0,0.0
"Ingram, Theis, Green, Alvarado, Reeves",NOP,1,2,0,4,5,2,4,0.5,0,0,0.0,0.0,1,0,4,0,0,0.0,0.0,0.0,0.0,0.536975,0.5,0.5,2,0,0.0,0,0.0
"Murray, Green, Robinson-Earl, Boston Jr., Missi",NOP,1,2,-4,4,4,1,3,0.3333333333333333,0,0,0.0,0.0,2,2,0,0,0,1.0,1.0,0.0,0.0,0.4382333333333333,0.3333333333333333,0.5,0,0,0.0,0,0.0
"Murray, Boston, Jones, Murphy III, McCollum",NOP,2,2,-1,4,3,1,1,1.0,0,1,0.0,0.0,1,2,0,0,0,1.0,1.0,0.0,0.5,0.532375,0.5,0.5,0,0,0.0,0,0.0
"Robinson-Earl, Murphy III, Alvarado, Hawkins, Olynyk",NOP,1,2,-8,5,0,0,4,0.0,0,1,0.0,0.0,0,0,0,0,0,0.0,0.0,0.0,0.2,0.6075,0.0,0.0,0,2,0.5,0,0.0
"Brown, Alvarado, Cain, Missi, Olynyk",NOP,1,2,-10,4,0,0,1,0.0,0,1,0.0,0.0,0,0,0,0,0,0.0,0.0,0.0,0.5,0.49765,0.0,0.0,0,0,0.0,0,0.0
"Theis, Green, Boston Jr., Alvarado, Cain",NOP,1,2,-3,4,5,1,1,1.0,1,2,0.5,0.5,0,0,2,3,0,0.0,0.0,1.0,0.6666666666666666,0.5074833333333334,0.8333333333333334,0.8333333333333334,0,0,0.0,0,0.0
"Murphy III, Matković, Hawkins, McCollum, Olynyk",NOP,1,2,4,5,7,2,3,0.6666666666666666,1,1,1.0,1.0,0,2,2,3,0,0.5,0.5,1.0,0.25,0.507525,0.875,0.875,0,0,0.0,0,0.0
"Nowell, Boston Jr., Cain, Reeves, Missi",NOP,1,2,-2,3,2,1,3,0.3333333333333333,0,1,0.0,0.0,0,0,2,0,0,0.0,0.0,0.0,0.25,0.5071375,0.25,0.25,0,2,0.6666666666666666,0,0.0
"Green, Boston, Murphy III, Matković, Hawkins",NOP,1,2,-5,4,4,1,2,0.5,0,1,0.0,0.0,2,0,2,0,0,0.0,0.0,0.0,0.3333333333333333,0.5440666666666667,0.3333333333333333,0.4,2,0,0.0,0,0.0
"Bamba, Williamson, Robinson-Earl, Murphy III, McCollum",NOP,1,2,-1,4,3,0,1,0.0,1,2,0.5,0.5,0,0,0,3,0,0.0,0.0,1.0,0.6666666666666666,0.6201333333333333,0.5,0.5,0,1,1.0,0,0.0
"Robinson-Earl, Boston Jr., Cain, Reeves, Missi",NOP,1,2,-5,4,2,1,3,0.3333333333333333,0,2,0.0,0.0,0,0,2,0,0,0.0,0.0,0.0,0.4,0.52238,0.2,0.2,0,1,0.3333333333333333,0,0.0
"Brown, Brooks Jr., Cain, Reeves, Missi",NOP,1,2,-2,3,0,0,3,0.0,0,0,0.0,0.0,0,0,0,0,0,0.0,0.0,0.0,0.0,0.4607666666666667,0.0,0.0,0,1,0.3333333333333333,0,0.0
"Robinson-Earl, Alvarado, Cain, McCollum, Olynyk",NOP,1,2,-2,4,4,0,1,0.0,1,1,1.0,1.0,1,0,0,3,0,0.0,0.0,1.0,0.5,0.5185,0.75,0.6666666666666666,0,0,0.0,0,0.0
"Ingram, Theis, Green, Alvarado, Cain",NOP,2,2,-9,4,0,0,3,0.0,0,0,0.0,0.0,0,0,0,0,0,0.0,0.0,0.0,0.0,0.4681,0.0,0.0,0,0,0.0,0,0.0
"Murray, Theis, Green, Jones, McCollum",NOP,2,2,-7,3,2,1,3,0.3333333333333333,0,0,0.0,0.0,0,2,0,0,0,1.0,1.0,0.0,0.0,0.5117333333333333,0.3333333333333333,0.3333333333333333,0,0,0.0,0,0.0
"Williamson, Robinson-Earl, Murphy III, Cain, Missi",NOP,1,2,-3,4,4,1,1,1.0,0,1,0.0,0.0,2,2,0,0,0,1.0,1.0,0.0,0.5,0.4866,0.5,0.6666666666666666,0,0,0.0,0,0.0
"Green, Robinson-Earl, Alvarado, Matković, Cain",NOP,1,2,-3,5,2,1,2,0.5,0,2,0.0,0.0,0,2,0,0,0,1.0,1.0,0.0,0.5,0.4763375,0.25,0.25,0,0,0.0,0,0.0
"Murray, Green, Robinson-Earl, Hawkins, McCollum",NOP,1,2,-6,3,5,1,1,1.0,1,3,0.3333333333333333,0.3333333333333333,0,0,2,3,0,0.0,0.0,1.0,0.75,0.53935,0.625,0.625,2,0,0.0,0,0.0
"Robinson-Earl, Boston, Alvarado, Missi, McCollum",NOP,1,2,0,4,2,1,1,1.0,0,1,0.0,0.0,0,0,2,0,0,0.0,0.0,0.0,0.5,0.514925,0.5,0.5,0,0,0.0,0,0.0
"Kelley, Robinson-Earl, Brooks Jr., Cain, Quinones",NOP,1,1,2,5,5,1,1,1.0,1,2,0.5,0.5,0,0,2,3,0,0.0,0.0,1.0,0.6666666666666666,0.5134833333333334,0.8333333333333334,0.8333333333333334,0,0,0.0,0,0.0
"Ingram, Green, Boston Jr., Reeves, Jemison III",NOP,1,1,0,4,2,1,2,0.5,0,1,0.0,0.0,0,0,2,0,0,0.0,0.0,0.0,0.3333333333333333,0.49735,0.3333333333333333,0.3333333333333333,0,0,0.0,0,0.0
"Murray, Green, Boston Jr., Jones, Murphy III",NOP,1,1,-2,4,3,0,0,0.0,0,1,0.0,0.0,3,0,0,0,0,0.0,0.0,0.0,1.0,0.55245,0.0,0.5,0,0,0.0,0,0.0
"Robinson-Earl, Alvarado, Matković, Reeves, Payton",NOP,2,1,0,4,2,1,2,0.5,0,1,0.0,0.0,0,2,0,0,0,1.0,1.0,0.0,0.3333333333333333,0.5526666666666666,0.3333333333333333,0.3333333333333333,0,0,0.0,0,0.0
"Murray, Williamson, Hawkins, Missi, McCollum",NOP,1,1,-3,4,2,1,4,0.25,0,0,0.0,0.0,0,2,0,0,0,1.0,1.0,0.0,0.0,0.4509,0.25,0.25,0,2,0.5,0,0.0
"Murray, Theis, Boston, Murphy III, Hawkins",NOP,2,1,1,5,3,1,2,0.5,0,0,0.0,0.0,1,0,2,0,0,0.0,0.0,0.0,0.0,0.63515,0.5,0.5,0,1,0.5,0,0.0
"Williamson, Green, Alvarado, Hawkins, McCollum",NOP,1,1,1,3,4,2,2,1.0,0,0,0.0,0.0,0,2,2,0,0,0.5,0.5,0.0,0.0,0.5963,1.0,1.0,0,0,0.0,0,0.0
"Brown, Robinson-Earl, Alvarado, Hawkins, McCollum",NOP,1,1,3,5,11,4,4,1.0,0,1,0.0,0.0,3,2,6,0,0,0.25,0.25,0.0,0.2,0.66085,0.8,0.9166666666666666,0,0,0.0,0,0.0
"Williamson, Murphy III, Alvarado, Hawkins, McCollum",NOP,2,1,2,3,4,2,2,1.0,0,1,0.0,0.0,0,0,4,0,0,0.0,0.0,0.0,0.3333333333333333,0.4484166666666667,0.6666666666666666,0.6666666666666666,0,0,0.0,0,0.0
