ShortName,TeamAbbreviation,GamesPlayed,Minutes,PlusMinus,OffPoss,Points,FG2M,FG2A,Fg2Pct,FG3M,FG3A,Fg3Pct,NonHeaveFg3Pct,FtPoints,PtsAssisted2s,PtsUnassisted2s,PtsAssisted3s,PtsUnassisted3s,Assisted2sPct,NonPutbacksAssisted2sPct,Assisted3sPct,FG3APct,ShotQualityAvg,EfgPct,TsPct,PtsPutbacks,Fg2aBlocked,FG2APctBlocked,Fg3aBlocked,FG3APctBlocked
"Markkanen, Collins, Sexton, Kessler, George",UTA,14,196,35,401,510,118,211,0.5592417061611374,66,142,0.4647887323943662,0.4647887323943662,76,118,118,171,27,0.5,0.6020408163265306,0.8636363636363636,0.4022662889518413,0.5421620396600566,0.6147308781869688,0.6443037974683544,40,28,0.1327014218009478,3,0.0211267605633802
"Martin, Juzang, Sensabaugh, Collier, Filipowski",UTA,6,54,-10,115,144,32,57,0.5614035087719298,21,48,0.4375,0.4375,17,36,28,54,9,0.5625,0.6206896551724138,0.8571428571428571,0.4571428571428571,0.5461695238095238,0.6047619047619047,0.6486486486486487,6,3,0.0526315789473684,0,0.0
"Markkanen, Collins, Sexton, George, Filipowski",UTA,5,52,-11,106,129,28,49,0.5714285714285714,18,42,0.4285714285714285,0.4285714285714285,19,32,24,42,12,0.5714285714285714,0.6153846153846154,0.7777777777777778,0.4615384615384615,0.5348417582417583,0.6043956043956044,0.6386138613861386,4,6,0.1224489795918367,0,0.0
"Markkanen, Sexton, Juzang, Kessler, George",UTA,6,41,-4,85,98,20,40,0.5,17,43,0.3953488372093023,0.3953488372093023,7,20,20,36,15,0.5,0.5555555555555556,0.7058823529411765,0.5180722891566265,0.5513614457831325,0.5481927710843374,0.5764705882352941,4,5,0.125,1,0.0232558139534883
"Markkanen, Sexton, Kessler, Williams, Collier",UTA,6,37,-34,80,86,25,48,0.5208333333333334,8,28,0.2857142857142857,0.2857142857142857,12,28,22,24,0,0.56,0.6666666666666666,1.0,0.3684210526315789,0.4896789473684211,0.4868421052631579,0.524390243902439,8,9,0.1875,1,0.0357142857142857
"Markkanen, Collins, Kessler, George, Clarkson",UTA,5,35,-15,75,86,16,36,0.4444444444444444,15,31,0.4838709677419355,0.5,9,16,16,42,3,0.5,0.6153846153846154,0.9333333333333332,0.4626865671641791,0.5087742424242424,0.5746268656716418,0.5733333333333334,6,7,0.1944444444444444,0,0.0
"Sexton, Kessler, Williams, Collier, Filipowski",UTA,5,34,-31,72,67,14,27,0.5185185185185185,11,34,0.3235294117647059,0.3235294117647059,6,12,16,30,3,0.4285714285714285,0.5,0.9090909090909092,0.5573770491803278,0.5543617021276596,0.5,0.5234375,4,4,0.1481481481481481,1,0.0294117647058823
"Markkanen, Collins, Sexton, Kessler, Collier",UTA,5,33,18,70,83,22,34,0.6470588235294118,10,24,0.4166666666666667,0.4166666666666667,9,24,20,21,9,0.5454545454545454,0.5714285714285714,0.7,0.4137931034482758,0.537,0.6379310344827587,0.6612903225806451,2,6,0.1764705882352941,0,0.0
"Markkanen, Collins, Kessler, Collier, Clarkson",UTA,4,32,-9,70,73,20,34,0.5882352941176471,9,28,0.3214285714285714,0.3214285714285714,6,24,16,18,9,0.6,0.631578947368421,0.6666666666666666,0.4516129032258064,0.516708064516129,0.5403225806451613,0.5615384615384615,2,2,0.0588235294117647,0,0.0
"Springer, Juzang, George, Sensabaugh, Filipowski",UTA,4,32,-5,69,76,15,30,0.5,13,32,0.40625,0.40625,7,18,12,30,9,0.6,0.75,0.7692307692307693,0.5161290322580645,0.5154,0.5564516129032258,0.5757575757575758,6,2,0.0666666666666666,0,0.0
"Markkanen, Sexton, Kessler, Hendricks, George",UTA,3,32,-7,63,81,21,39,0.5384615384615384,9,24,0.375,0.375,12,20,22,24,3,0.4761904761904761,0.5882352941176471,0.8888888888888888,0.3809523809523809,0.5275785714285715,0.5476190476190477,0.5714285714285714,8,3,0.0769230769230769,0,0.0
"Markkanen, Sexton, Kessler, George, Clarkson",UTA,6,31,-7,69,72,16,27,0.5925925925925926,6,19,0.3157894736842105,0.3157894736842105,22,12,20,18,0,0.375,0.375,1.0,0.4130434782608695,0.5549054347826087,0.5434782608695652,0.6339285714285714,0,3,0.1111111111111111,1,0.0526315789473684
"Juzang, George, Sensabaugh, Collier, Filipowski",UTA,9,29,4,62,69,11,26,0.4230769230769231,12,38,0.3157894736842105,0.3157894736842105,11,14,8,36,0,0.6363636363636364,0.875,1.0,0.59375,0.54361328125,0.453125,0.4927536231884058,6,5,0.1923076923076923,1,0.0263157894736842
"Markkanen, Sexton, Kessler, Collier, Filipowski",UTA,3,27,6,47,56,15,31,0.4838709677419355,5,23,0.217391304347826,0.217391304347826,11,16,14,15,0,0.5333333333333333,0.6153846153846154,1.0,0.4259259259259259,0.4940203703703703,0.4166666666666667,0.4745762711864407,4,3,0.0967741935483871,0,0.0
"Collins, Mykhailiuk, Sexton, Kessler, George",UTA,2,26,31,55,83,23,40,0.575,9,16,0.5625,0.5625,10,24,22,21,6,0.5217391304347826,0.631578947368421,0.7777777777777778,0.2857142857142857,0.6003348214285714,0.6517857142857143,0.7033898305084746,8,6,0.15,0,0.0
"Sexton, Juzang, Sensabaugh, Collier, Filipowski",UTA,4,26,-15,56,67,17,35,0.4857142857142857,9,20,0.45,0.45,6,12,22,27,0,0.3529411764705882,0.375,1.0,0.3636363636363636,0.5371190909090909,0.5545454545454546,0.5775862068965517,2,7,0.2,0,0.0
"Martin, George, Sensabaugh, Collier, Filipowski",UTA,5,25,-6,51,66,13,25,0.52,9,21,0.4285714285714285,0.4285714285714285,13,14,12,27,0,0.5384615384615384,0.6363636363636364,1.0,0.4565217391304347,0.5309673913043478,0.5760869565217391,0.6226415094339622,4,4,0.16,0,0.0
"Markkanen, Sexton, Juzang, Kessler, Collier",UTA,4,25,9,49,66,14,26,0.5384615384615384,12,21,0.5714285714285714,0.5714285714285714,2,8,20,33,3,0.2857142857142857,0.3333333333333333,0.9166666666666666,0.4468085106382978,0.5162117021276595,0.6808510638297872,0.6875,4,2,0.0769230769230769,0,0.0
"Markkanen, Collins, Kessler, George, Collier",UTA,3,25,8,50,69,15,30,0.5,10,24,0.4166666666666667,0.4166666666666667,9,14,16,30,0,0.4666666666666667,0.5833333333333334,1.0,0.4444444444444444,0.5376296296296297,0.5555555555555556,0.5862068965517241,6,5,0.1666666666666666,1,0.0416666666666666
"Sexton, Kessler, George, Williams, Filipowski",UTA,4,23,-12,46,45,16,31,0.5161290322580645,3,16,0.1875,0.1875,4,18,14,9,0,0.5625,0.75,1.0,0.3404255319148936,0.5793053191489362,0.4361702127659574,0.45,8,2,0.064516129032258,0,0.0
"Markkanen, Mykhailiuk, Sexton, Kessler, Collier",UTA,3,22,0,47,48,4,13,0.3076923076923077,11,26,0.4230769230769231,0.4230769230769231,7,4,4,30,3,0.5,0.5,0.9090909090909092,0.6666666666666666,0.5390705128205128,0.5256410256410257,0.5581395348837209,0,6,0.4615384615384615,0,0.0
"Mykhailiuk, Potter, Tshiebwe, George, Sensabaugh",UTA,2,22,7,49,52,8,18,0.4444444444444444,10,25,0.4,0.4,6,8,8,18,12,0.5,0.6666666666666666,0.6,0.5813953488372093,0.5175883720930232,0.5348837209302325,0.5652173913043478,4,4,0.2222222222222222,0,0.0
"Kessler, George, Williams, Filipowski, Clarkson",UTA,2,22,-15,45,37,8,19,0.4210526315789473,6,18,0.3333333333333333,0.3333333333333333,3,12,4,18,0,0.75,0.75,1.0,0.4864864864864865,0.5141918918918919,0.4594594594594595,0.4868421052631579,0,5,0.2631578947368421,0,0.0
"Collins, Sexton, Juzang, Kessler, Collier",UTA,2,21,9,43,56,20,33,0.6060606060606061,4,15,0.2666666666666666,0.2666666666666666,4,22,18,9,3,0.55,0.6875,0.75,0.3125,0.5055979166666666,0.5416666666666666,0.5714285714285714,8,3,0.0909090909090909,0,0.0
"Markkanen, Sexton, Kessler, George, Williams",UTA,4,20,-15,42,41,8,16,0.5,4,19,0.2105263157894736,0.2105263157894736,13,8,8,9,3,0.5,0.6666666666666666,0.75,0.5428571428571428,0.5581014285714286,0.4,0.4878048780487805,4,2,0.125,1,0.0526315789473684
"Kessler, George, Sensabaugh, Williams, Collier",UTA,4,20,-7,42,42,10,21,0.4761904761904761,5,15,0.3333333333333333,0.3571428571428571,7,10,10,12,3,0.5,0.625,0.8,0.4166666666666667,0.527502857142857,0.4861111111111111,0.5121951219512195,4,0,0.0,0,0.0
"Markkanen, Sexton, Kessler, Williams, Clarkson",UTA,3,20,15,40,58,15,22,0.6818181818181818,7,15,0.4666666666666667,0.4666666666666667,7,16,14,15,6,0.5333333333333333,0.6153846153846154,0.7142857142857143,0.4054054054054054,0.5291756756756757,0.6891891891891891,0.6904761904761905,4,1,0.0454545454545454,0,0.0
"Markkanen, Sexton, Kessler, George, Sensabaugh",UTA,5,20,-3,42,41,11,17,0.6470588235294118,6,19,0.3157894736842105,0.3157894736842105,1,12,10,15,3,0.5454545454545454,0.6,0.8333333333333334,0.5277777777777778,0.5332430555555556,0.5555555555555556,0.5694444444444444,2,0,0.0,0,0.0
"Eubanks, Juzang, Potter, Williams, Mills",UTA,2,19,-10,42,28,6,19,0.3157894736842105,3,16,0.1875,0.1875,7,8,4,9,0,0.6666666666666666,0.6666666666666666,1.0,0.4571428571428571,0.4888414285714285,0.3,0.3684210526315789,0,3,0.1578947368421052,1,0.0625
"Markkanen, Kessler, George, Williams, Clarkson",UTA,2,18,11,39,56,13,15,0.8666666666666667,7,19,0.3684210526315789,0.3684210526315789,9,14,12,21,0,0.5384615384615384,0.6363636363636364,1.0,0.5588235294117647,0.5324867647058823,0.6911764705882353,0.717948717948718,4,0,0.0,0,0.0
"Markkanen, Eubanks, Williams, Collier, Clarkson",UTA,4,18,-11,34,38,10,15,0.6666666666666666,3,12,0.25,0.2727272727272727,9,14,6,9,0,0.7,0.7,1.0,0.4444444444444444,0.5205903846153845,0.5370370370370371,0.59375,0,1,0.0666666666666666,1,0.0833333333333333
"Markkanen, Juzang, Kessler, Sensabaugh, Collier",UTA,3,17,-20,35,27,7,12,0.5833333333333334,1,15,0.0666666666666666,0.0666666666666666,10,6,8,3,0,0.4285714285714285,0.6,1.0,0.5555555555555556,0.5335222222222222,0.3148148148148148,0.4090909090909091,4,0,0.0,0,0.0
"Eubanks, Juzang, Potter, Sensabaugh, Collier",UTA,2,17,4,37,46,13,19,0.6842105263157895,5,12,0.4166666666666667,0.4166666666666667,5,14,12,15,0,0.5384615384615384,0.5384615384615384,1.0,0.3870967741935484,0.57605,0.6612903225806451,0.696969696969697,0,2,0.1052631578947368,0,0.0
"Sexton, Kessler, Sensabaugh, Collier, Filipowski",UTA,4,17,-11,34,36,10,22,0.4545454545454545,3,9,0.3333333333333333,0.3333333333333333,7,10,10,9,0,0.5,0.5,1.0,0.2903225806451613,0.5275322580645161,0.4677419354838709,0.5151515151515151,0,2,0.0909090909090909,0,0.0
"Martin, Springer, George, Williams, Filipowski",UTA,3,16,-17,39,30,4,16,0.25,7,11,0.6363636363636364,0.6363636363636364,1,8,0,18,3,1.0,1.0,0.8571428571428571,0.4074074074074074,0.4918759259259259,0.5370370370370371,0.5357142857142857,0,4,0.25,0,0.0
"Sexton, Juzang, Potter, Kessler, Collier",UTA,1,16,0,28,25,6,15,0.4,3,11,0.2727272727272727,0.2727272727272727,4,4,8,6,3,0.3333333333333333,0.6666666666666666,0.6666666666666666,0.4230769230769231,0.541825,0.4038461538461538,0.4464285714285714,6,3,0.2,0,0.0
"Collins, Kessler, George, Sensabaugh, Collier",UTA,7,16,-21,32,34,11,17,0.6470588235294118,2,7,0.2857142857142857,0.2857142857142857,6,14,8,6,0,0.6363636363636364,0.6363636363636364,1.0,0.2916666666666667,0.5043624999999999,0.5833333333333334,0.6071428571428571,0,2,0.1176470588235294,1,0.1428571428571428
"Markkanen, Sexton, Juzang, Kessler, Clarkson",UTA,2,16,8,32,37,7,16,0.4375,5,11,0.4545454545454545,0.4545454545454545,8,10,4,12,3,0.7142857142857143,0.7142857142857143,0.8,0.4074074074074074,0.5053240740740741,0.5370370370370371,0.5606060606060606,0,2,0.125,0,0.0
"Mykhailiuk, Kessler, George, Collier, Filipowski",UTA,2,15,-4,32,41,11,16,0.6875,4,14,0.2857142857142857,0.2857142857142857,7,8,14,12,0,0.3636363636363636,0.4444444444444444,1.0,0.4666666666666667,0.5401383333333333,0.5666666666666667,0.6212121212121212,4,1,0.0625,0,0.0
"Juzang, George, Williams, Collier, Filipowski",UTA,4,15,-4,33,35,9,15,0.6,3,15,0.2,0.2,8,10,8,3,6,0.5555555555555556,0.7142857142857143,0.3333333333333333,0.5,0.5641816666666667,0.45,0.4861111111111111,4,2,0.1333333333333333,0,0.0
"Potter, George, Sensabaugh, Collier, Filipowski",UTA,5,15,-23,31,20,6,17,0.3529411764705882,1,7,0.1428571428571428,0.1428571428571428,5,8,4,3,0,0.6666666666666666,0.6666666666666666,1.0,0.2916666666666667,0.4851666666666667,0.3125,0.3703703703703703,0,2,0.1176470588235294,0,0.0
"Martin, Juzang, Kessler, George, Clarkson",UTA,2,15,2,35,42,9,15,0.6,5,10,0.5,0.5,9,14,4,15,0,0.7777777777777778,0.875,1.0,0.4,0.51271,0.66,0.6774193548387096,2,3,0.2,0,0.0
"Collins, Juzang, George, Collier, Filipowski",UTA,4,15,-5,29,31,6,11,0.5454545454545454,4,10,0.4,0.4,7,10,2,6,6,0.8333333333333334,0.8333333333333334,0.5,0.4761904761904761,0.503302380952381,0.5714285714285714,0.62,0,2,0.1818181818181818,1,0.1
"Collins, Eubanks, George, Collier, Clarkson",UTA,4,15,-8,36,41,10,22,0.4545454545454545,5,10,0.5,0.5,6,12,8,9,6,0.6,0.75,0.6,0.3125,0.5247109375,0.546875,0.5857142857142857,4,3,0.1363636363636363,0,0.0
"Mykhailiuk, Eubanks, Sensabaugh, Filipowski, Mills",UTA,1,15,12,32,35,9,12,0.75,5,13,0.3846153846153846,0.4166666666666667,2,8,10,6,9,0.4444444444444444,0.4444444444444444,0.4,0.52,0.5430979166666666,0.66,0.6730769230769231,0,1,0.0833333333333333,0,0.0
"Markkanen, Juzang, Collier, Filipowski, Clarkson",UTA,3,15,-6,29,27,9,13,0.6923076923076923,3,13,0.2307692307692307,0.2307692307692307,0,14,4,9,0,0.7777777777777778,0.7777777777777778,1.0,0.5,0.5361173076923077,0.5192307692307693,0.5192307692307693,0,2,0.1538461538461538,1,0.0769230769230769
"Collins, Sexton, Kessler, George, Williams",UTA,3,15,1,30,41,10,20,0.5,5,11,0.4545454545454545,0.4545454545454545,6,16,4,9,6,0.8,1.0,0.6,0.3548387096774194,0.5446467741935483,0.5645161290322581,0.6029411764705882,4,2,0.1,0,0.0
"Collins, Eubanks, Juzang, George, Collier",UTA,3,14,8,30,43,9,19,0.4736842105263157,5,7,0.7142857142857143,0.7142857142857143,10,8,10,9,6,0.4444444444444444,0.5714285714285714,0.6,0.2692307692307692,0.5091134615384616,0.6346153846153846,0.7068965517241379,4,3,0.1578947368421052,0,0.0
"Mykhailiuk, Sexton, Springer, Potter, George",UTA,2,14,-13,30,39,12,19,0.631578947368421,4,11,0.3636363636363636,0.3636363636363636,3,16,8,6,6,0.6666666666666666,0.6666666666666666,0.5,0.3666666666666666,0.4899683333333333,0.6,0.6290322580645161,0,5,0.2631578947368421,0,0.0
"Collins, Sensabaugh, Collier, Filipowski, Clarkson",UTA,3,14,-2,28,29,6,14,0.4285714285714285,4,11,0.3636363636363636,0.4,5,8,4,9,3,0.6666666666666666,0.6666666666666666,0.75,0.44,0.4883416666666667,0.48,0.5370370370370371,0,4,0.2857142857142857,1,0.0909090909090909
"Markkanen, Collins, Williams, Mills, Clarkson",UTA,3,14,-4,28,30,9,15,0.6,2,6,0.3333333333333333,0.3333333333333333,6,8,10,6,0,0.4444444444444444,0.4444444444444444,1.0,0.2857142857142857,0.4610261904761905,0.5714285714285714,0.6,0,2,0.1333333333333333,0,0.0
"Mykhailiuk, Juzang, George, Sensabaugh, Filipowski",UTA,3,14,-3,25,29,7,11,0.6363636363636364,4,10,0.4,0.4,3,12,2,9,3,0.8571428571428571,0.8571428571428571,0.75,0.4761904761904761,0.5379738095238095,0.6190476190476191,0.6590909090909091,0,1,0.0909090909090909,0,0.0
"Collins, Sexton, Juzang, Kessler, George",UTA,5,13,-13,24,23,3,7,0.4285714285714285,3,8,0.375,0.375,8,4,2,6,3,0.6666666666666666,0.6666666666666666,0.6666666666666666,0.5333333333333333,0.5200433333333333,0.5,0.575,0,2,0.2857142857142857,0,0.0
"George, Sensabaugh, Williams, Collier, Filipowski",UTA,3,13,5,29,41,11,14,0.7857142857142857,3,7,0.4285714285714285,0.4285714285714285,10,12,10,9,0,0.5454545454545454,0.6,1.0,0.3333333333333333,0.5464690476190476,0.7380952380952381,0.7884615384615384,2,2,0.1428571428571428,0,0.0
"Springer, Potter, Tshiebwe, George, Williams",UTA,1,13,17,25,38,11,17,0.6470588235294118,4,9,0.4444444444444444,0.4444444444444444,4,14,8,9,3,0.6363636363636364,0.7,0.75,0.3461538461538461,0.5103423076923077,0.6538461538461539,0.6551724137931034,2,2,0.1176470588235294,0,0.0
"Kessler, George, Sensabaugh, Collier, Filipowski",UTA,3,12,-4,25,18,5,11,0.4545454545454545,1,9,0.1111111111111111,0.1111111111111111,5,8,2,3,0,0.8,1.0,1.0,0.45,0.50336,0.325,0.375,2,0,0.0,0,0.0
"Collins, Mykhailiuk, Kessler, Collier, Clarkson",UTA,1,12,12,27,36,11,18,0.6111111111111112,3,8,0.375,0.375,5,12,10,6,3,0.5454545454545454,0.6666666666666666,0.6666666666666666,0.3076923076923077,0.5082038461538462,0.5961538461538461,0.625,4,1,0.0555555555555555,0,0.0
"Markkanen, Collins, Kessler, George, Sensabaugh",UTA,4,12,-6,25,24,5,14,0.3571428571428571,2,9,0.2222222222222222,0.2222222222222222,8,6,4,6,0,0.6,0.75,1.0,0.391304347826087,0.5445108695652173,0.3478260869565217,0.4107142857142857,2,3,0.2142857142857142,0,0.0
"Sexton, Martin, Kessler, Sensabaugh, Collier",UTA,1,12,-9,27,26,9,16,0.5625,2,7,0.2857142857142857,0.2857142857142857,2,6,12,6,0,0.3333333333333333,0.375,1.0,0.3043478260869565,0.5863086956521739,0.5217391304347826,0.5,2,1,0.0625,0,0.0
"Mykhailiuk, Sexton, Potter, Kessler, George",UTA,1,12,1,23,30,4,11,0.3636363636363636,6,10,0.6,0.6,4,4,4,12,6,0.5,0.6666666666666666,0.6666666666666666,0.4761904761904761,0.5330785714285714,0.6190476190476191,0.6521739130434783,2,0,0.0,0,0.0
"Sexton, Kessler, George, Collier, Filipowski",UTA,4,12,-17,22,21,6,10,0.6,3,13,0.2307692307692307,0.2307692307692307,0,6,6,6,3,0.5,0.6,0.6666666666666666,0.5652173913043478,0.515596875,0.4565217391304347,0.4375,2,1,0.1,0,0.0
"Markkanen, Collins, Sexton, George, Williams",UTA,1,12,-2,23,27,6,10,0.6,5,12,0.4166666666666667,0.4166666666666667,0,10,2,15,0,0.8333333333333334,0.8333333333333334,1.0,0.5454545454545454,0.5232590909090908,0.6136363636363636,0.6136363636363636,0,2,0.2,0,0.0
"Markkanen, Sexton, Juzang, Kessler, Sensabaugh",UTA,2,12,-16,23,24,5,9,0.5555555555555556,4,9,0.4444444444444444,0.4444444444444444,2,10,0,6,6,1.0,1.0,0.5,0.5,0.5311138888888889,0.6111111111111112,0.631578947368421,0,3,0.3333333333333333,0,0.0
"Sexton, Eubanks, Potter, Williams, Collier",UTA,2,12,-2,23,25,9,14,0.6428571428571429,2,7,0.2857142857142857,0.2857142857142857,1,6,12,6,0,0.3333333333333333,0.3333333333333333,1.0,0.3333333333333333,0.5241023809523809,0.5714285714285714,0.5952380952380952,0,1,0.0714285714285714,0,0.0
"Kessler, George, Williams, Collier, Filipowski",UTA,4,12,-2,24,20,5,8,0.625,1,8,0.125,0.125,7,4,6,3,0,0.4,0.5,1.0,0.5,0.5392863636363636,0.40625,0.5,2,0,0.0,0,0.0
"Potter, George, Sensabaugh, Filipowski, Clarkson",UTA,4,11,6,26,34,10,12,0.8333333333333334,1,8,0.125,0.125,11,6,14,3,0,0.3,0.3,1.0,0.4,0.4928975,0.575,0.68,0,1,0.0833333333333333,0,0.0
"Sexton, Eubanks, Potter, Sensabaugh, Collier",UTA,2,11,4,20,31,9,13,0.6923076923076923,4,7,0.5714285714285714,0.5714285714285714,1,12,6,9,3,0.6666666666666666,0.6666666666666666,0.75,0.35,0.49249,0.75,0.775,0,1,0.0769230769230769,0,0.0
"Markkanen, Martin, Kessler, Sensabaugh, Collier",UTA,1,11,4,23,31,9,15,0.6,4,12,0.3333333333333333,0.3333333333333333,1,10,8,12,0,0.5555555555555556,0.8333333333333334,1.0,0.4444444444444444,0.5289277777777778,0.5555555555555556,0.5344827586206896,6,0,0.0,0,0.0
"Markkanen, Collins, Mykhailiuk, Sexton, Kessler",UTA,1,11,1,24,20,4,6,0.6666666666666666,3,10,0.3,0.3,3,4,4,9,0,0.5,0.6666666666666666,1.0,0.625,0.547628125,0.53125,0.5555555555555556,2,1,0.1666666666666666,0,0.0
"Markkanen, Collins, Sexton, George, Clarkson",UTA,3,11,-1,25,33,5,13,0.3846153846153846,4,8,0.5,0.5,11,2,8,6,6,0.2,0.3333333333333333,0.5,0.3809523809523809,0.5190785714285715,0.5238095238095238,0.6111111111111112,4,1,0.0769230769230769,0,0.0
"Markkanen, Collins, Mykhailiuk, Collier, Filipowski",UTA,1,11,1,21,26,4,6,0.6666666666666666,5,10,0.5,0.5,3,2,6,12,3,0.25,0.25,0.8,0.625,0.544275,0.71875,0.7647058823529411,0,0,0.0,1,0.1
"Martin, Kessler, Sensabaugh, Collier, Clarkson",UTA,1,11,6,21,22,6,8,0.75,3,11,0.2727272727272727,0.2727272727272727,1,8,4,9,0,0.6666666666666666,0.8,1.0,0.5789473684210527,0.5349,0.5526315789473685,0.55,2,1,0.125,0,0.0
"Mykhailiuk, Potter, George, Williams, Filipowski",UTA,1,11,19,22,31,5,11,0.4545454545454545,5,13,0.3846153846153846,0.3846153846153846,6,8,2,6,9,0.8,0.8,0.4,0.5416666666666666,0.5179520833333333,0.5208333333333334,0.5740740740740741,0,0,0.0,1,0.0769230769230769
"Markkanen, Sexton, Eubanks, Juzang, Clarkson",UTA,4,11,0,21,28,8,12,0.6666666666666666,3,11,0.2727272727272727,0.2727272727272727,3,4,12,6,3,0.25,0.4,0.6666666666666666,0.4782608695652174,0.5359391304347826,0.5434782608695652,0.54,6,0,0.0,0,0.0
"Markkanen, Eubanks, Juzang, Sensabaugh, Collier",UTA,3,11,-17,24,18,3,9,0.3333333333333333,3,11,0.2727272727272727,0.2727272727272727,3,4,2,9,0,0.6666666666666666,0.6666666666666666,1.0,0.55,0.5069775,0.375,0.4090909090909091,0,0,0.0,0,0.0
"Mykhailiuk, Eubanks, Juzang, Collier, Filipowski",UTA,1,10,3,22,29,6,9,0.6666666666666666,5,10,0.5,0.5,2,6,6,6,9,0.5,0.6,0.4,0.5263157894736842,0.583657894736842,0.7105263157894737,0.725,2,1,0.1111111111111111,0,0.0
"Markkanen, Sexton, Potter, Kessler, Collier",UTA,2,10,-2,19,20,5,7,0.7142857142857143,2,9,0.2222222222222222,0.2222222222222222,4,4,6,6,0,0.4,0.5,1.0,0.5625,0.515340625,0.5,0.5263157894736842,2,1,0.1428571428571428,0,0.0
"Collins, Sexton, Kessler, George, Sensabaugh",UTA,4,10,-2,23,23,6,11,0.5454545454545454,1,7,0.1428571428571428,0.1428571428571428,8,6,6,3,0,0.5,0.5,1.0,0.3888888888888889,0.5480083333333333,0.4166666666666667,0.5227272727272727,0,2,0.1818181818181818,1,0.1428571428571428
"Mykhailiuk, Martin, Springer, Tshiebwe, George",UTA,1,10,-4,17,20,3,6,0.5,4,14,0.2857142857142857,0.2857142857142857,2,4,2,6,6,0.6666666666666666,1.0,0.5,0.7,0.5167975,0.45,0.4761904761904761,2,1,0.1666666666666666,0,0.0
"Collins, Juzang, Collier, Filipowski, Clarkson",UTA,4,10,3,19,28,9,12,0.75,3,5,0.6,0.6,1,10,8,6,3,0.5555555555555556,0.5555555555555556,0.6666666666666666,0.2941176470588235,0.4980970588235294,0.7941176470588235,0.7777777777777778,0,1,0.0833333333333333,0,0.0
"Martin, Juzang, George, Collier, Filipowski",UTA,5,10,-14,23,17,4,8,0.5,2,10,0.2,0.1111111111111111,3,6,2,6,0,0.75,0.75,1.0,0.5555555555555556,0.5067470588235293,0.3888888888888889,0.425,0,2,0.25,0,0.0
"Potter, Kessler, George, Williams, Collier",UTA,2,10,-7,21,21,3,8,0.375,5,11,0.4545454545454545,0.4545454545454545,0,2,4,9,6,0.3333333333333333,0.5,0.6,0.5789473684210527,0.5195868421052632,0.5526315789473685,0.5526315789473685,2,3,0.375,0,0.0
"Markkanen, Collins, George, Collier, Clarkson",UTA,3,10,1,22,21,5,8,0.625,3,14,0.2142857142857142,0.2142857142857142,2,4,6,6,3,0.4,0.5,0.6666666666666666,0.6363636363636364,0.5479477272727272,0.4318181818181818,0.4565217391304347,2,0,0.0,0,0.0
"Markkanen, Juzang, Sensabaugh, Collier, Filipowski",UTA,3,10,-21,19,17,2,8,0.25,3,10,0.3,0.3,4,4,0,9,0,1.0,1.0,1.0,0.5555555555555556,0.5452333333333333,0.3611111111111111,0.425,0,2,0.25,0,0.0
"Juzang, Potter, Sensabaugh, Collier, Filipowski",UTA,3,10,-1,25,34,7,9,0.7777777777777778,5,12,0.4166666666666667,0.4166666666666667,5,8,6,12,3,0.5714285714285714,0.6666666666666666,0.8,0.5714285714285714,0.5108714285714286,0.6904761904761905,0.7727272727272727,2,1,0.1111111111111111,0,0.0
"Markkanen, Mykhailiuk, Sexton, Potter, Kessler",UTA,1,10,-12,22,19,3,8,0.375,4,11,0.3636363636363636,0.3636363636363636,1,4,2,12,0,0.6666666666666666,0.6666666666666666,1.0,0.5789473684210527,0.5581657894736842,0.4736842105263157,0.475,0,1,0.125,0,0.0
"Martin, Juzang, George, Williams, Filipowski",UTA,3,10,-3,20,22,11,15,0.7333333333333333,0,3,0.0,0.0,0,16,6,0,0,0.7272727272727273,0.7272727272727273,0.0,0.1666666666666666,0.4544972222222221,0.6111111111111112,0.5789473684210527,0,1,0.0666666666666666,0,0.0
"Markkanen, Collins, Hendricks, Mills, Clarkson",UTA,2,10,-4,23,15,6,15,0.4,0,4,0.0,0.0,3,6,6,0,0,0.5,0.5,0.0,0.2105263157894736,0.470078947368421,0.3157894736842105,0.375,0,1,0.0666666666666666,0,0.0
"Mykhailiuk, Kessler, George, Williams, Collier",UTA,3,10,17,18,32,10,11,0.9090909090909092,3,6,0.5,0.5,3,10,10,6,3,0.5,0.5,0.6666666666666666,0.3529411764705882,0.5434264705882353,0.8529411764705882,0.8888888888888888,0,0,0.0,0,0.0
"Markkanen, Kessler, George, Sensabaugh, Clarkson",UTA,3,10,4,21,23,2,6,0.3333333333333333,4,11,0.3636363636363636,0.3636363636363636,7,0,4,9,3,0.0,0.0,0.75,0.6470588235294118,0.5230617647058823,0.4705882352941176,0.5227272727272727,2,1,0.1666666666666666,0,0.0
"Markkanen, Sexton, Eubanks, Williams, Clarkson",UTA,3,9,-7,18,19,4,10,0.4,2,4,0.5,0.5,5,2,6,3,3,0.25,0.25,0.5,0.2857142857142857,0.4663535714285714,0.5,0.5588235294117647,0,1,0.1,0,0.0
"Markkanen, Sexton, Kessler, Sensabaugh, Williams",UTA,1,9,-9,18,11,5,13,0.3846153846153846,0,5,0.0,0.0,1,6,4,0,0,0.6,0.6,0.0,0.2777777777777778,0.5323361111111111,0.2777777777777778,0.2894736842105263,0,2,0.1538461538461538,1,0.2
"Mykhailiuk, Martin, Juzang, George, Filipowski",UTA,3,9,-8,22,15,3,7,0.4285714285714285,2,10,0.2,0.2,3,6,0,0,6,1.0,1.0,0.0,0.5882352941176471,0.5365941176470588,0.3529411764705882,0.3947368421052631,0,1,0.1428571428571428,0,0.0
"Juzang, Potter, George, Collier, Filipowski",UTA,3,9,-7,17,22,5,6,0.8333333333333334,3,9,0.3333333333333333,0.3333333333333333,3,8,2,6,3,0.8,0.8,0.6666666666666666,0.6,0.57541,0.6333333333333333,0.6470588235294118,0,0,0.0,0,0.0
"Martin, Kessler, George, Sensabaugh, Collier",UTA,2,9,-10,20,16,3,7,0.4285714285714285,1,6,0.1666666666666666,0.1666666666666666,7,4,2,3,0,0.6666666666666666,0.6666666666666666,1.0,0.4615384615384615,0.5506807692307693,0.3461538461538461,0.4444444444444444,0,3,0.4285714285714285,0,0.0
"Markkanen, Sensabaugh, Collier, Filipowski, Clarkson",UTA,2,9,-6,21,21,5,11,0.4545454545454545,3,8,0.375,0.375,2,8,2,9,0,0.8,0.8,1.0,0.4210526315789473,0.4871605263157895,0.5,0.5,0,1,0.0909090909090909,0,0.0
"Markkanen, Collins, Mykhailiuk, Kessler, Collier",UTA,1,9,11,20,28,7,15,0.4666666666666667,4,9,0.4444444444444444,0.4444444444444444,2,8,6,9,3,0.5714285714285714,0.8,0.75,0.375,0.59295,0.5416666666666666,0.56,4,3,0.2,0,0.0
"Eubanks, Juzang, Williams, Filipowski, Mills",UTA,3,9,3,21,20,0,5,0.0,5,11,0.4545454545454545,0.4545454545454545,5,0,0,9,6,0.0,0.0,0.6,0.6875,0.4857,0.46875,0.5555555555555556,0,0,0.0,0,0.0
"Collins, George, Williams, Collier, Filipowski",UTA,2,9,3,18,23,5,7,0.7142857142857143,3,5,0.6,0.6,4,6,4,9,0,0.6,0.6,1.0,0.4166666666666667,0.4824666666666666,0.7916666666666666,0.7666666666666667,0,0,0.0,0,0.0
"Markkanen, Kessler, George, Harkless, Collier",UTA,2,9,-5,18,20,6,11,0.5454545454545454,2,7,0.2857142857142857,0.2857142857142857,2,6,6,3,3,0.5,1.0,0.5,0.3888888888888889,0.5962888888888889,0.5,0.5263157894736842,6,0,0.0,0,0.0
"Sexton, Kessler, George, Sensabaugh, Williams",UTA,4,9,-9,19,18,5,12,0.4166666666666667,1,3,0.3333333333333333,0.3333333333333333,5,6,4,3,0,0.6,0.6,1.0,0.2,0.4801966666666667,0.4333333333333333,0.5,0,4,0.3333333333333333,0,0.0
"Markkanen, Sexton, Eubanks, Juzang, Potter",UTA,2,9,11,17,24,6,10,0.6,4,9,0.4444444444444444,0.4444444444444444,0,8,4,12,0,0.6666666666666666,0.8,1.0,0.4736842105263157,0.5021657894736842,0.631578947368421,0.6,2,1,0.1,0,0.0
"Collins, Eubanks, Juzang, Sensabaugh, Mills",UTA,2,9,-11,19,13,5,10,0.5,1,7,0.1428571428571428,0.1666666666666666,0,2,8,3,0,0.2,0.2,1.0,0.4117647058823529,0.518640625,0.3823529411764705,0.3823529411764705,0,2,0.2,0,0.0
"Markkanen, Eubanks, George, Collier, Clarkson",UTA,3,9,10,18,26,9,11,0.8181818181818182,0,4,0.0,0.0,8,6,12,0,0,0.3333333333333333,0.3333333333333333,0.0,0.2666666666666666,0.5793333333333333,0.6,0.7222222222222222,0,0,0.0,0,0.0
"Markkanen, Mykhailiuk, Kessler, Collier, Clarkson",UTA,2,9,2,16,28,4,10,0.4,6,11,0.5454545454545454,0.5454545454545454,2,0,8,18,0,0.0,0.0,1.0,0.5238095238095238,0.5765761904761905,0.6190476190476191,0.6363636363636364,6,1,0.1,0,0.0
"Sexton, Eubanks, Sensabaugh, Williams, Collier",UTA,1,9,-5,15,14,3,5,0.6,2,7,0.2857142857142857,0.2857142857142857,2,4,2,3,3,0.6666666666666666,0.6666666666666666,0.5,0.5833333333333334,0.4227041666666666,0.5,0.5384615384615384,0,0,0.0,0,0.0
"Martin, Sensabaugh, Williams, Collier, Filipowski",UTA,1,9,-12,18,19,8,11,0.7272727272727273,0,5,0.0,0.0,3,2,14,0,0,0.125,0.1428571428571428,0.0,0.3125,0.586734375,0.5,0.5277777777777778,2,0,0.0,1,0.2
"Sexton, Martin, Juzang, Kessler, Collier",UTA,2,8,-6,19,16,4,8,0.5,1,4,0.25,0.25,5,4,4,3,0,0.5,0.5,1.0,0.3333333333333333,0.4935166666666666,0.4583333333333333,0.5333333333333333,0,0,0.0,0,0.0
"Collins, Kessler, George, Collier, Clarkson",UTA,2,8,10,18,31,6,8,0.75,4,6,0.6666666666666666,0.6666666666666666,7,6,6,12,0,0.5,0.6,1.0,0.4285714285714285,0.4901857142857143,0.8571428571428571,0.8157894736842105,2,0,0.0,0,0.0
"Markkanen, Sexton, Eubanks, Potter, Collier",UTA,1,8,-9,20,17,4,11,0.3636363636363636,3,6,0.5,0.5,0,6,2,9,0,0.75,0.75,1.0,0.3529411764705882,0.5046382352941176,0.5,0.5,0,2,0.1818181818181818,0,0.0
"Sexton, George, Sensabaugh, Collier, Filipowski",UTA,4,8,-11,19,19,6,9,0.6666666666666666,1,5,0.2,0.2,4,8,4,3,0,0.6666666666666666,0.8,1.0,0.3571428571428571,0.5247892857142857,0.5357142857142857,0.5588235294117647,2,1,0.1111111111111111,0,0.0
"Mykhailiuk, Sexton, Eubanks, George, Williams",UTA,1,8,-9,18,16,1,8,0.125,3,5,0.6,0.6,5,0,2,9,0,0.0,0.0,1.0,0.3846153846153846,0.4677615384615384,0.4230769230769231,0.5,0,1,0.125,0,0.0
"Mykhailiuk, Sexton, Kessler, Williams, Collier",UTA,1,8,-2,18,21,4,8,0.5,4,9,0.4444444444444444,0.4444444444444444,1,8,0,6,6,1.0,1.0,0.5,0.5294117647058824,0.5132911764705882,0.5882352941176471,0.5833333333333334,0,0,0.0,0,0.0
"Markkanen, Collins, Sexton, Kessler, Clarkson",UTA,3,8,-2,18,15,1,8,0.125,3,7,0.4285714285714285,0.4285714285714285,4,2,0,9,0,1.0,1.0,1.0,0.4666666666666667,0.5474833333333333,0.3666666666666666,0.3947368421052631,0,0,0.0,0,0.0
"Markkanen, Collins, Sexton, Sensabaugh, Mills",UTA,2,8,5,17,23,5,11,0.4545454545454545,2,6,0.3333333333333333,0.3333333333333333,7,8,2,6,0,0.8,1.0,1.0,0.3529411764705882,0.5553058823529412,0.4705882352941176,0.55,2,4,0.3636363636363636,0,0.0
"Collins, Sexton, George, Filipowski, Clarkson",UTA,2,8,-4,16,13,6,9,0.6666666666666666,0,5,0.0,0.0,1,6,6,0,0,0.5,0.6,0.0,0.3571428571428571,0.5225571428571428,0.4285714285714285,0.4333333333333333,2,2,0.2222222222222222,0,0.0
"Collins, Sensabaugh, Williams, Mills, Clarkson",UTA,2,8,0,16,22,5,12,0.4166666666666667,3,10,0.3,0.3,3,2,8,9,0,0.2,0.5,1.0,0.4545454545454545,0.5056409090909091,0.4318181818181818,0.4782608695652174,6,0,0.0,0,0.0
"Markkanen, Eubanks, George, Williams, Clarkson",UTA,2,8,-2,17,16,6,11,0.5454545454545454,1,6,0.1666666666666666,0.1666666666666666,1,4,8,3,0,0.3333333333333333,0.4,1.0,0.3529411764705882,0.4846676470588235,0.4411764705882353,0.4444444444444444,2,2,0.1818181818181818,0,0.0
"Markkanen, Sexton, Kessler, Sensabaugh, Clarkson",UTA,3,8,-14,14,11,4,13,0.3076923076923077,0,4,0.0,0.0,3,6,2,0,0,0.75,1.0,0.0,0.2352941176470588,0.5100705882352942,0.2352941176470588,0.3055555555555556,2,0,0.0,2,0.5
"Markkanen, Potter, Kessler, Williams, Collier",UTA,1,8,-6,17,17,6,10,0.6,1,6,0.1666666666666666,0.1666666666666666,2,4,8,3,0,0.3333333333333333,0.4,1.0,0.375,0.51605625,0.46875,0.5,2,0,0.0,0,0.0
"Juzang, Potter, George, Williams, Filipowski",UTA,1,8,3,17,20,4,8,0.5,3,7,0.4285714285714285,0.4285714285714285,3,2,6,6,3,0.25,0.3333333333333333,0.6666666666666666,0.4666666666666667,0.5397266666666667,0.5666666666666667,0.5882352941176471,2,1,0.125,0,0.0
"Sexton, Tshiebwe, George, Sensabaugh, Collier",UTA,1,8,6,19,31,7,9,0.7777777777777778,4,8,0.5,0.5,5,10,4,9,3,0.7142857142857143,0.8333333333333334,0.75,0.4705882352941176,0.5020117647058824,0.7647058823529411,0.8157894736842105,2,1,0.1111111111111111,0,0.0
"Eubanks, Sensabaugh, Williams, Collier, Filipowski",UTA,2,8,-4,17,20,1,4,0.25,4,6,0.6666666666666666,0.6666666666666666,6,0,2,12,0,0.0,0.0,1.0,0.6,0.555485,0.7,0.7142857142857143,0,0,0.0,0,0.0
"Markkanen, Collins, Collier, Filipowski, Clarkson",UTA,2,8,4,18,17,5,10,0.5,1,5,0.2,0.2,4,6,4,3,0,0.6,0.75,1.0,0.3333333333333333,0.5129766666666666,0.4333333333333333,0.4473684210526316,2,2,0.2,0,0.0
"Markkanen, Juzang, Kessler, Collier, Clarkson",UTA,3,8,-9,17,11,4,9,0.4444444444444444,1,7,0.1428571428571428,0.1428571428571428,0,0,8,3,0,0.0,0.0,1.0,0.4375,0.5322125,0.34375,0.3235294117647059,0,2,0.2222222222222222,0,0.0
"Collins, Kessler, George, Williams, Clarkson",UTA,2,8,-7,13,13,3,5,0.6,1,7,0.1428571428571428,0.1428571428571428,4,0,6,3,0,0.0,0.0,1.0,0.5833333333333334,0.50485,0.375,0.4642857142857143,0,0,0.0,0,0.0
"Mykhailiuk, Sexton, Martin, Sensabaugh, Filipowski",UTA,1,8,-6,19,15,2,6,0.3333333333333333,3,9,0.3333333333333333,0.3333333333333333,2,4,0,9,0,1.0,1.0,1.0,0.6,0.48923,0.4333333333333333,0.46875,0,1,0.1666666666666666,0,0.0
"Markkanen, Sexton, Kessler, George, Harkless",UTA,1,8,3,14,17,7,12,0.5833333333333334,1,10,0.1,0.1,0,6,8,3,0,0.4285714285714285,0.75,1.0,0.4545454545454545,0.5449113636363636,0.3863636363636363,0.3863636363636363,6,0,0.0,0,0.0
"Markkanen, Sexton, Juzang, Filipowski, Clarkson",UTA,3,8,2,16,15,3,6,0.5,2,7,0.2857142857142857,0.2857142857142857,3,4,2,6,0,0.6666666666666666,0.6666666666666666,1.0,0.5384615384615384,0.5419038461538461,0.4615384615384615,0.5,0,0,0.0,0,0.0
"Mykhailiuk, Sexton, Juzang, Sensabaugh, Filipowski",UTA,1,8,4,18,21,5,8,0.625,3,4,0.75,0.75,2,6,4,9,0,0.6,0.6,1.0,0.3333333333333333,0.5601083333333333,0.7916666666666666,0.75,0,2,0.25,0,0.0
"Mykhailiuk, Martin, Tshiebwe, Williams, Collier",UTA,1,8,-4,15,14,2,6,0.3333333333333333,2,6,0.3333333333333333,0.3333333333333333,4,2,2,0,6,0.5,0.5,0.0,0.5,0.0,0.4166666666666667,0.5,0,0,0.0,0,0.0
"Markkanen, Kessler, Sensabaugh, Williams, Collier",UTA,3,8,2,17,22,6,10,0.6,2,5,0.4,0.4,4,6,6,6,0,0.5,0.75,1.0,0.3333333333333333,0.5282233333333334,0.6,0.6470588235294118,4,1,0.1,0,0.0
"Collins, Mykhailiuk, Sexton, Eubanks, Harkless",UTA,1,8,4,17,16,3,8,0.375,2,6,0.3333333333333333,0.3333333333333333,4,4,2,6,0,0.6666666666666666,0.6666666666666666,1.0,0.4285714285714285,0.5230107142857142,0.4285714285714285,0.5,0,1,0.125,0,0.0
"Markkanen, Kessler, George, Williams, Collier",UTA,2,8,2,17,16,3,5,0.6,2,6,0.3333333333333333,0.3333333333333333,4,4,2,3,3,0.6666666666666666,0.6666666666666666,0.5,0.5454545454545454,0.4829136363636364,0.5454545454545454,0.5714285714285714,0,0,0.0,0,0.0
"Mykhailiuk, Martin, George, Williams, Filipowski",UTA,2,8,-2,18,19,3,6,0.5,3,9,0.3333333333333333,0.3333333333333333,4,2,4,9,0,0.3333333333333333,0.5,1.0,0.6,0.5699266666666667,0.5,0.5588235294117647,2,0,0.0,0,0.0
"Markkanen, Kessler, Hendricks, George, Clarkson",UTA,2,8,-4,16,18,4,9,0.4444444444444444,1,2,0.5,0.5,7,6,2,3,0,0.75,0.75,1.0,0.1818181818181818,0.5611272727272727,0.5,0.6,0,0,0.0,0,0.0
"Mykhailiuk, George, Harkless, Collier, Filipowski",UTA,1,8,-4,16,12,4,8,0.5,1,5,0.2,0.2,1,6,2,3,0,0.75,0.75,1.0,0.3846153846153846,0.5831999999999999,0.4230769230769231,0.4285714285714285,0,3,0.375,0,0.0
"Collins, Juzang, George, Filipowski, Clarkson",UTA,3,8,-11,13,8,1,4,0.25,2,8,0.25,0.25,0,0,2,6,0,0.0,0.0,1.0,0.6666666666666666,0.525525,0.3333333333333333,0.3333333333333333,0,2,0.5,0,0.0
"Collins, Eubanks, George, Sensabaugh, Collier",UTA,3,8,1,18,16,4,7,0.5714285714285714,2,6,0.3333333333333333,0.3333333333333333,2,2,6,6,0,0.25,0.3333333333333333,1.0,0.4615384615384615,0.4991653846153846,0.5384615384615384,0.5714285714285714,2,2,0.2857142857142857,0,0.0
"Sexton, Juzang, George, Sensabaugh, Filipowski",UTA,2,7,-4,17,18,7,9,0.7777777777777778,1,6,0.1666666666666666,0.1666666666666666,1,10,4,0,3,0.7142857142857143,0.7142857142857143,0.0,0.4,0.5189733333333334,0.5666666666666667,0.5625,0,2,0.2222222222222222,0,0.0
"Martin, George, Sensabaugh, Williams, Filipowski",UTA,2,7,-1,14,22,3,6,0.5,4,6,0.6666666666666666,0.6666666666666666,4,6,0,9,3,1.0,1.0,0.75,0.5,0.4902541666666666,0.75,0.7857142857142857,0,0,0.0,0,0.0
"Springer, George, Sensabaugh, Collier, Filipowski",UTA,2,7,0,15,16,5,7,0.7142857142857143,2,13,0.1538461538461538,0.1538461538461538,0,2,8,6,0,0.2,0.3333333333333333,1.0,0.65,0.5676650000000001,0.4,0.4,4,1,0.1428571428571428,0,0.0
"Markkanen, Collins, Sexton, George, Sensabaugh",UTA,4,7,-3,13,13,6,8,0.75,0,4,0.0,0.0,1,4,8,0,0,0.3333333333333333,0.4,0.0,0.3333333333333333,0.4911375,0.5,0.5416666666666666,2,1,0.125,0,0.0
"Juzang, Kessler, George, Collier, Filipowski",UTA,4,7,0,19,18,4,6,0.6666666666666666,3,8,0.375,0.375,1,8,0,9,0,1.0,1.0,1.0,0.5714285714285714,0.5283678571428572,0.6071428571428571,0.6,0,0,0.0,1,0.125
"Collins, Sexton, Eubanks, Juzang, George",UTA,3,7,-1,15,18,3,8,0.375,3,7,0.4285714285714285,0.4285714285714285,3,4,2,6,3,0.6666666666666666,0.6666666666666666,0.6666666666666666,0.4666666666666667,0.4908233333333333,0.5,0.5,0,1,0.125,0,0.0
"Markkanen, Collins, Sexton, Filipowski, Clarkson",UTA,2,7,8,18,25,3,9,0.3333333333333333,4,6,0.6666666666666666,0.6666666666666666,7,0,6,9,3,0.0,0.0,0.75,0.4,0.5097433333333333,0.6,0.6578947368421053,4,2,0.2222222222222222,0,0.0
"Markkanen, Sexton, Eubanks, George, Sensabaugh",UTA,2,7,-1,17,21,3,3,1.0,4,12,0.3333333333333333,0.3333333333333333,3,2,4,12,0,0.3333333333333333,0.5,1.0,0.8,0.5514266666666666,0.6,0.6176470588235294,2,0,0.0,0,0.0
"Sexton, Martin, Juzang, Sensabaugh, Clarkson",UTA,1,7,-13,18,15,5,11,0.4545454545454545,1,5,0.2,0.2,2,4,6,3,0,0.4,0.5,1.0,0.3125,0.477903125,0.40625,0.46875,2,1,0.0909090909090909,0,0.0
"Mykhailiuk, Sexton, Springer, Potter, Tshiebwe",UTA,1,7,-3,17,14,6,17,0.3529411764705882,0,3,0.0,0.0,2,6,6,0,0,0.5,0.6,0.0,0.15,0.471045,0.3,0.3333333333333333,2,1,0.0588235294117647,0,0.0
"Sexton, Juzang, George, Sensabaugh, Collier",UTA,1,7,2,13,18,0,0,0.0,5,10,0.5,0.5,3,0,0,9,6,0.0,0.0,0.6,1.0,0.530925,0.75,0.75,0,0,0.0,0,0.0
"Juzang, Sensabaugh, Williams, Collier, Filipowski",UTA,4,7,-5,18,23,4,7,0.5714285714285714,5,10,0.5,0.5,0,4,4,15,0,0.5,0.5,1.0,0.5882352941176471,0.4443029411764705,0.6764705882352942,0.6388888888888888,0,1,0.1428571428571428,1,0.1
"Collins, Juzang, Kessler, Sensabaugh, Collier",UTA,3,7,3,17,18,4,8,0.5,3,7,0.4285714285714285,0.4285714285714285,1,8,0,9,0,1.0,1.0,1.0,0.4666666666666667,0.5267433333333333,0.5666666666666667,0.5625,0,1,0.125,0,0.0
"Juzang, Potter, George, Sensabaugh, Collier",UTA,2,7,3,16,21,4,6,0.6666666666666666,3,8,0.375,0.375,4,2,6,0,9,0.25,0.25,0.0,0.5714285714285714,0.5906642857142856,0.6071428571428571,0.6176470588235294,0,1,0.1666666666666666,0,0.0
"Collins, Sexton, Eubanks, Sensabaugh, Clarkson",UTA,2,7,-5,15,11,4,6,0.6666666666666666,1,7,0.1428571428571428,0.1666666666666666,0,2,6,0,3,0.25,0.25,0.0,0.5384615384615384,0.532475,0.4230769230769231,0.4230769230769231,0,1,0.1666666666666666,0,0.0
"Markkanen, Collins, Eubanks, Mills, Clarkson",UTA,1,7,3,15,16,3,5,0.6,2,4,0.5,0.5,4,6,0,6,0,1.0,1.0,1.0,0.4444444444444444,0.5721777777777778,0.6666666666666666,0.8,0,1,0.2,0,0.0
"Markkanen, Springer, Williams, Collier, Filipowski",UTA,1,7,7,16,19,2,7,0.2857142857142857,3,4,0.75,0.75,6,0,4,9,0,0.0,0.0,1.0,0.3636363636363636,0.480440909090909,0.5909090909090909,0.6333333333333333,0,1,0.1428571428571428,0,0.0
"Martin, Juzang, Williams, Collier, Filipowski",UTA,1,7,0,13,18,6,11,0.5454545454545454,1,3,0.3333333333333333,0.3333333333333333,3,4,8,0,3,0.3333333333333333,0.4,0.0,0.2142857142857142,0.4998642857142857,0.5357142857142857,0.5625,2,2,0.1818181818181818,0,0.0
"Markkanen, Sexton, Eubanks, Sensabaugh, Williams",UTA,1,7,-11,15,15,6,11,0.5454545454545454,1,6,0.1666666666666666,0.1666666666666666,0,4,8,3,0,0.3333333333333333,0.3333333333333333,1.0,0.3529411764705882,0.5977735294117648,0.4411764705882353,0.4411764705882353,0,2,0.1818181818181818,0,0.0
"Potter, Tshiebwe, George, Sensabaugh, Clarkson",UTA,1,7,3,13,18,4,7,0.5714285714285714,2,6,0.3333333333333333,0.3333333333333333,4,2,6,3,3,0.25,0.3333333333333333,0.5,0.4615384615384615,0.5344923076923077,0.5384615384615384,0.6,2,0,0.0,0,0.0
"Collins, Eubanks, Williams, Collier, Clarkson",UTA,4,7,-6,15,9,3,11,0.2727272727272727,1,3,0.3333333333333333,0.5,0,4,2,3,0,0.6666666666666666,1.0,1.0,0.2142857142857142,0.5272384615384615,0.3214285714285714,0.3214285714285714,2,2,0.1818181818181818,0,0.0
"Mykhailiuk, Potter, George, Sensabaugh, Filipowski",UTA,2,7,2,13,18,3,6,0.5,4,9,0.4444444444444444,0.4444444444444444,0,0,6,9,3,0.0,0.0,0.75,0.6,0.5148766666666666,0.6,0.6,0,2,0.3333333333333333,0,0.0
"Markkanen, Sexton, Juzang, George, Clarkson",UTA,1,7,2,14,18,4,6,0.6666666666666666,2,6,0.3333333333333333,0.3333333333333333,4,2,6,6,0,0.25,0.3333333333333333,1.0,0.5,0.6264166666666667,0.5833333333333334,0.6428571428571429,2,1,0.1666666666666666,0,0.0
"Collins, Sexton, Eubanks, Sensabaugh, Mills",UTA,1,7,5,14,17,2,5,0.4,3,6,0.5,0.5,4,4,0,6,3,1.0,1.0,0.6666666666666666,0.5454545454545454,0.5245181818181819,0.5909090909090909,0.6538461538461539,0,1,0.2,0,0.0
"Collins, George, Collier, Filipowski, Clarkson",UTA,3,7,-3,14,14,3,5,0.6,1,4,0.25,0.25,5,0,6,3,0,0.0,0.0,1.0,0.4444444444444444,0.5488944444444445,0.5,0.5833333333333334,0,1,0.2,0,0.0
"Markkanen, Collins, George, Collier, Filipowski",UTA,2,7,-6,12,5,1,2,0.5,0,4,0.0,0.0,3,2,0,0,0,1.0,1.0,0.0,0.6666666666666666,0.4521166666666666,0.1666666666666666,0.3125,0,0,0.0,0,0.0
"Markkanen, Sexton, Williams, Filipowski, Clarkson",UTA,2,7,-5,13,7,2,7,0.2857142857142857,1,6,0.1666666666666666,0.1666666666666666,0,2,2,0,3,0.5,0.5,0.0,0.4615384615384615,0.5246461538461539,0.2692307692307692,0.2692307692307692,0,1,0.1428571428571428,0,0.0
"Collins, George, Williams, Filipowski, Clarkson",UTA,2,7,-5,14,15,4,5,0.8,2,6,0.3333333333333333,0.3333333333333333,1,6,2,6,0,0.75,0.75,1.0,0.5454545454545454,0.5988363636363636,0.6363636363636364,0.625,0,0,0.0,0,0.0
"Juzang, Kessler, George, Sensabaugh, Collier",UTA,3,7,-3,15,14,3,6,0.5,2,4,0.5,0.5,2,4,2,3,3,0.6666666666666666,0.6666666666666666,0.5,0.4,0.505445,0.6,0.6363636363636364,0,1,0.1666666666666666,0,0.0
"Sexton, Kessler, George, Sensabaugh, Collier",UTA,2,7,9,14,20,4,11,0.3636363636363636,3,3,1.0,1.0,3,0,8,9,0,0.0,0.0,1.0,0.2142857142857142,0.4834857142857142,0.6071428571428571,0.6666666666666666,2,1,0.0909090909090909,0,0.0
"Collins, Mykhailiuk, Juzang, Collier, Filipowski",UTA,2,7,-5,12,10,5,9,0.5555555555555556,0,5,0.0,0.0,0,6,4,0,0,0.6,0.75,0.0,0.3571428571428571,0.5375464285714285,0.3571428571428571,0.3571428571428571,2,1,0.1111111111111111,1,0.2
"Collins, Eubanks, Juzang, Mills, Clarkson",UTA,1,6,1,14,17,0,2,0.0,4,9,0.4444444444444444,0.4444444444444444,5,0,0,9,3,0.0,0.0,0.75,0.8181818181818182,0.5819318181818182,0.5454545454545454,0.6538461538461539,0,0,0.0,0,0.0
"Sensabaugh, Williams, Collier, Filipowski, Clarkson",UTA,2,6,9,11,22,5,6,0.8333333333333334,3,3,1.0,1.0,3,4,6,9,0,0.4,0.4,1.0,0.3333333333333333,0.4809333333333334,1.0555555555555556,1.1,0,0,0.0,0,0.0
"Collins, Mykhailiuk, Kessler, George, Clarkson",UTA,1,6,-5,12,14,4,7,0.5714285714285714,1,3,0.3333333333333333,0.3333333333333333,3,6,2,3,0,0.75,0.75,1.0,0.3,0.492645,0.55,0.6363636363636364,0,1,0.1428571428571428,0,0.0
"Springer, George, Williams, Collier, Filipowski",UTA,1,6,1,12,19,4,5,0.8,2,4,0.5,0.6666666666666666,5,2,6,6,0,0.25,0.25,1.0,0.4444444444444444,0.48839375,0.7777777777777778,0.8636363636363636,0,0,0.0,0,0.0
"Martin, Juzang, Tshiebwe, George, Sensabaugh",UTA,2,6,1,14,22,4,6,0.6666666666666666,4,7,0.5714285714285714,0.5714285714285714,2,6,2,3,9,0.75,0.75,0.25,0.5384615384615384,0.5325916666666667,0.7692307692307693,0.7857142857142857,0,1,0.1666666666666666,0,0.0
"Collins, Kessler, Sensabaugh, Collier, Clarkson",UTA,4,6,-13,14,8,3,5,0.6,0,5,0.0,0.0,2,2,4,0,0,0.3333333333333333,0.3333333333333333,0.0,0.5,0.4998599999999999,0.3,0.3636363636363636,0,0,0.0,0,0.0
"Mykhailiuk, Sensabaugh, Collier, Filipowski, Clarkson",UTA,1,6,-4,13,10,3,7,0.4285714285714285,1,3,0.3333333333333333,0.3333333333333333,1,2,4,3,0,0.3333333333333333,0.3333333333333333,1.0,0.3,0.452895,0.45,0.4545454545454545,0,1,0.1428571428571428,0,0.0
"Markkanen, Juzang, Kessler, George, Collier",UTA,2,6,0,14,12,5,8,0.625,0,3,0.0,0.0,2,4,6,0,0,0.4,0.4,0.0,0.2727272727272727,0.4858590909090909,0.4545454545454545,0.5,0,0,0.0,0,0.0
"Mykhailiuk, Eubanks, Williams, Filipowski, Mills",UTA,1,6,3,12,15,3,5,0.6,3,9,0.3333333333333333,0.3333333333333333,0,2,4,9,0,0.3333333333333333,0.3333333333333333,1.0,0.6428571428571429,0.5143142857142857,0.5357142857142857,0.5357142857142857,0,1,0.2,0,0.0
"Sexton, Potter, Sensabaugh, Filipowski, Clarkson",UTA,1,6,9,14,20,3,6,0.5,4,5,0.8,0.8,2,2,4,6,6,0.3333333333333333,0.5,0.5,0.4545454545454545,0.5329363636363637,0.8181818181818182,0.8333333333333334,2,0,0.0,0,0.0
"Mykhailiuk, Sexton, Eubanks, Collier, Filipowski",UTA,1,6,-12,14,11,1,4,0.25,2,6,0.3333333333333333,0.3333333333333333,3,0,2,6,0,0.0,0.0,1.0,0.6,0.5027666666666666,0.4,0.4230769230769231,0,1,0.25,0,0.0
"Sexton, Juzang, Potter, George, Sensabaugh",UTA,1,6,3,13,16,5,10,0.5,2,4,0.5,0.5,0,10,0,3,3,1.0,1.0,0.5,0.2857142857142857,0.4643642857142857,0.5714285714285714,0.5714285714285714,0,1,0.1,0,0.0
"Collins, Juzang, Sensabaugh, Collier, Filipowski",UTA,2,6,11,13,17,6,11,0.5454545454545454,1,3,0.3333333333333333,0.3333333333333333,2,8,4,0,3,0.6666666666666666,0.8,0.0,0.2142857142857142,0.5254285714285715,0.5357142857142857,0.5666666666666667,2,1,0.0909090909090909,0,0.0
"Mykhailiuk, Eubanks, Williams, Collier, Mills",UTA,2,6,0,14,17,5,9,0.5555555555555556,2,7,0.2857142857142857,0.2857142857142857,1,10,0,6,0,1.0,1.0,1.0,0.4375,0.5577125,0.5,0.5,0,2,0.2222222222222222,0,0.0
"Mykhailiuk, Potter, Collier, Filipowski, Clarkson",UTA,1,6,7,11,24,1,2,0.5,7,9,0.7777777777777778,0.7777777777777778,1,0,2,15,6,0.0,0.0,0.7142857142857143,0.8181818181818182,0.5439863636363637,1.0454545454545454,1.0,0,0,0.0,0,0.0
"Mykhailiuk, Potter, George, Sensabaugh, Williams",UTA,2,6,-21,11,6,0,7,0.0,2,4,0.5,0.5,0,0,0,6,0,0.0,0.0,1.0,0.3636363636363636,0.4912772727272727,0.2727272727272727,0.2727272727272727,0,5,0.7142857142857143,0,0.0
"Markkanen, Collins, Juzang, Collier, Clarkson",UTA,2,6,3,12,11,2,4,0.5,2,6,0.3333333333333333,0.3333333333333333,1,4,0,6,0,1.0,1.0,1.0,0.6,0.50084,0.5,0.55,0,0,0.0,0,0.0
"Markkanen, Martin, Kessler, George, Clarkson",UTA,1,6,-11,12,9,3,6,0.5,1,7,0.1428571428571428,0.1428571428571428,0,0,6,3,0,0.0,0.0,1.0,0.5384615384615384,0.5255423076923077,0.3461538461538461,0.3461538461538461,0,2,0.3333333333333333,0,0.0
"Markkanen, Sexton, George, Filipowski, Clarkson",UTA,1,6,-2,12,14,4,6,0.6666666666666666,1,8,0.125,0.125,3,8,0,3,0,1.0,1.0,1.0,0.5714285714285714,0.4911107142857142,0.3928571428571428,0.5,0,0,0.0,0,0.0
"Collins, Sexton, Juzang, George, Filipowski",UTA,3,6,2,9,18,5,6,0.8333333333333334,2,3,0.6666666666666666,0.6666666666666666,2,8,2,3,3,0.8,1.0,0.5,0.3333333333333333,0.5335666666666667,0.8888888888888888,0.9,2,0,0.0,0,0.0
"Sexton, Martin, Williams, Collier, Filipowski",UTA,1,6,-7,15,13,3,8,0.375,1,4,0.25,0.25,4,0,6,3,0,0.0,0.0,1.0,0.3333333333333333,0.4851083333333333,0.375,0.4642857142857143,0,1,0.125,0,0.0
"Mykhailiuk, Sexton, Springer, Juzang, George",UTA,1,6,-3,12,11,1,3,0.3333333333333333,0,5,0.0,0.0,9,0,2,0,0,0.0,0.0,0.0,0.625,0.5248875,0.125,0.4230769230769231,0,0,0.0,0,0.0
"Collins, Sexton, Juzang, Collier, Filipowski",UTA,3,6,-10,11,4,2,8,0.25,0,3,0.0,0.0,0,0,4,0,0,0.0,0.0,0.0,0.2727272727272727,0.5045499999999999,0.1818181818181818,0.1818181818181818,2,2,0.25,0,0.0
"Collins, Sexton, Juzang, Filipowski, Mills",UTA,2,6,3,13,14,3,5,0.6,2,4,0.5,0.5,2,6,0,6,0,1.0,1.0,1.0,0.4444444444444444,0.5265722222222222,0.6666666666666666,0.7,0,1,0.2,0,0.0
"Juzang, Potter, Kessler, George, Collier",UTA,4,6,-2,8,12,3,6,0.5,2,5,0.4,0.4,0,4,2,6,0,0.6666666666666666,0.6666666666666666,1.0,0.4545454545454545,0.5107545454545455,0.5454545454545454,0.5454545454545454,0,0,0.0,0,0.0
"Markkanen, Juzang, Kessler, George, Sensabaugh",UTA,3,6,0,11,14,4,8,0.5,1,4,0.25,0.25,3,4,4,3,0,0.5,0.5,1.0,0.3333333333333333,0.5110416666666667,0.4583333333333333,0.5384615384615384,0,1,0.125,0,0.0
"Sexton, Martin, Juzang, Sensabaugh, Filipowski",UTA,1,6,1,11,12,3,7,0.4285714285714285,2,2,1.0,1.0,0,6,0,6,0,1.0,1.0,1.0,0.2222222222222222,0.505788888888889,0.6666666666666666,0.6666666666666666,0,1,0.1428571428571428,0,0.0
"Springer, Juzang, Potter, Sensabaugh, Filipowski",UTA,1,6,-8,12,10,2,5,0.4,2,9,0.2222222222222222,0.2222222222222222,0,2,2,6,0,0.5,0.5,1.0,0.6428571428571429,0.5269035714285714,0.3571428571428571,0.3571428571428571,0,1,0.2,0,0.0
"Mykhailiuk, Eubanks, Juzang, Sensabaugh, Collier",UTA,1,6,-3,11,15,1,1,1.0,4,8,0.5,0.5,1,2,0,6,6,1.0,1.0,0.5,0.8888888888888888,0.5082444444444445,0.7777777777777778,0.8333333333333334,0,0,0.0,0,0.0
"Eubanks, Sensabaugh, Williams, Filipowski, Mills",UTA,2,6,2,12,13,4,4,1.0,1,5,0.2,0.2,2,6,2,3,0,0.75,0.75,1.0,0.5555555555555556,0.5600166666666666,0.6111111111111112,0.65,0,0,0.0,0,0.0
"Kessler, George, Sensabaugh, Williams, Filipowski",UTA,2,6,-5,13,4,2,8,0.25,0,5,0.0,0.0,0,2,2,0,0,0.5,1.0,0.0,0.3846153846153846,0.4925230769230769,0.1538461538461538,0.1538461538461538,2,1,0.125,0,0.0
"Markkanen, Collins, Sexton, George, Collier",UTA,2,6,-3,12,16,2,3,0.6666666666666666,2,3,0.6666666666666666,0.6666666666666666,6,0,4,6,0,0.0,0.0,1.0,0.5,0.47045,0.8333333333333334,0.8888888888888888,0,0,0.0,0,0.0
"Markkanen, George, Sensabaugh, Collier, Filipowski",UTA,2,6,0,12,20,6,9,0.6666666666666666,2,4,0.5,0.5,2,10,2,0,6,0.8333333333333334,0.8333333333333334,0.0,0.3076923076923077,0.4894307692307692,0.6923076923076923,0.6666666666666666,0,0,0.0,0,0.0
"Eubanks, Potter, Harkless, Williams, Mills",UTA,1,6,-2,12,15,3,6,0.5,3,8,0.375,0.375,0,4,2,6,3,0.6666666666666666,1.0,0.6666666666666666,0.5714285714285714,0.5127785714285714,0.5357142857142857,0.5357142857142857,2,0,0.0,0,0.0
"Martin, Juzang, George, Sensabaugh, Filipowski",UTA,2,6,1,11,15,6,7,0.8571428571428571,1,4,0.25,0.25,0,8,4,0,3,0.6666666666666666,0.8,0.0,0.3636363636363636,0.5299318181818182,0.6818181818181818,0.6818181818181818,2,0,0.0,0,0.0
"Juzang, Kessler, George, Williams, Filipowski",UTA,2,6,-2,13,13,1,4,0.25,2,6,0.3333333333333333,0.3333333333333333,5,0,2,6,0,0.0,0.0,1.0,0.6,0.5248,0.4,0.5,2,1,0.25,0,0.0
"Martin, Juzang, Kessler, George, Collier",UTA,2,6,1,10,14,4,7,0.5714285714285714,1,3,0.3333333333333333,0.3333333333333333,3,4,4,3,0,0.5,0.5,1.0,0.3,0.5082150000000001,0.55,0.5909090909090909,0,1,0.1428571428571428,0,0.0
"Martin, Juzang, George, Filipowski, Clarkson",UTA,1,6,4,10,14,2,8,0.25,2,5,0.4,0.4,4,4,0,6,0,1.0,1.0,1.0,0.3846153846153846,0.4508884615384615,0.3846153846153846,0.4666666666666667,0,3,0.375,0,0.0
"Juzang, Kessler, Williams, Collier, Clarkson",UTA,1,6,3,13,18,3,4,0.75,2,5,0.4,0.4,6,0,6,6,0,0.0,0.0,1.0,0.5555555555555556,0.4903722222222222,0.6666666666666666,0.8181818181818182,0,0,0.0,1,0.2
"Markkanen, Williams, Collier, Filipowski, Clarkson",UTA,2,6,6,14,20,5,8,0.625,3,3,1.0,1.0,1,6,4,6,3,0.6,1.0,0.6666666666666666,0.2727272727272727,0.5386909090909091,0.8636363636363636,0.8333333333333334,4,0,0.0,0,0.0
"Markkanen, Collins, Sexton, Eubanks, George",UTA,3,6,-3,15,14,5,6,0.8333333333333334,1,3,0.3333333333333333,0.3333333333333333,1,6,4,3,0,0.6,0.6,1.0,0.3333333333333333,0.6442944444444445,0.7222222222222222,0.7777777777777778,0,0,0.0,1,0.3333333333333333
"Sexton, Kessler, George, Sensabaugh, Filipowski",UTA,3,6,-2,12,13,2,3,0.6666666666666666,3,7,0.4285714285714285,0.4285714285714285,0,4,0,9,0,1.0,1.0,1.0,0.7,0.580645,0.65,0.65,0,1,0.3333333333333333,0,0.0
"Juzang, Kessler, Sensabaugh, Williams, Collier",UTA,3,5,-4,13,11,2,5,0.4,2,7,0.2857142857142857,0.2857142857142857,1,0,4,6,0,0.0,0.0,1.0,0.5833333333333334,0.5175833333333334,0.4166666666666667,0.4230769230769231,0,1,0.2,0,0.0
"Collins, Juzang, Filipowski, Mills, Clarkson",UTA,2,5,-4,11,12,4,6,0.6666666666666666,1,4,0.25,0.25,1,4,4,3,0,0.5,0.5,1.0,0.4,0.566575,0.55,0.6,0,1,0.1666666666666666,0,0.0
"Collins, Sexton, Collier, Filipowski, Clarkson",UTA,4,5,-1,11,11,2,6,0.3333333333333333,1,1,1.0,1.0,4,2,2,0,3,0.5,0.5,0.0,0.1428571428571428,0.4634428571428571,0.5,0.6111111111111112,0,1,0.1666666666666666,0,0.0
"Kessler, George, Sensabaugh, Harkless, Filipowski",UTA,2,5,10,11,20,5,7,0.7142857142857143,2,7,0.2857142857142857,0.2857142857142857,4,10,0,6,0,1.0,1.0,1.0,0.5,0.5045464285714286,0.5714285714285714,0.6666666666666666,0,2,0.2857142857142857,0,0.0
"Markkanen, Kessler, Sensabaugh, Collier, Clarkson",UTA,3,5,-7,9,12,3,5,0.6,2,2,1.0,1.0,0,4,2,6,0,0.6666666666666666,0.6666666666666666,1.0,0.2857142857142857,0.5468071428571429,0.8571428571428571,0.8571428571428571,0,1,0.2,0,0.0
"Collins, Sexton, Sensabaugh, Collier, Filipowski",UTA,1,5,9,13,19,4,4,1.0,3,5,0.6,0.6,2,6,2,9,0,0.75,0.75,1.0,0.5555555555555556,0.5192777777777777,0.9444444444444444,0.95,0,0,0.0,0,0.0
"Mykhailiuk, Juzang, Potter, Tshiebwe, Sensabaugh",UTA,1,5,-2,11,8,1,5,0.2,2,5,0.4,0.4,0,2,0,3,3,1.0,1.0,0.5,0.5,0.49941,0.4,0.4,0,1,0.2,0,0.0
"Sexton, Martin, George, Collier, Filipowski",UTA,3,5,9,11,20,8,10,0.8,1,2,0.5,0.5,1,12,4,0,3,0.75,0.75,0.0,0.1666666666666666,0.5009458333333333,0.7916666666666666,0.8333333333333334,0,0,0.0,0,0.0
"Martin, Juzang, Kessler, George, Sensabaugh",UTA,2,5,1,12,10,4,7,0.5714285714285714,0,5,0.0,0.0,2,6,2,0,0,0.75,0.75,0.0,0.4166666666666667,0.52577,0.3333333333333333,0.4166666666666667,0,0,0.0,0,0.0
"Collins, Sexton, George, Sensabaugh, Filipowski",UTA,2,5,3,9,14,3,5,0.6,2,3,0.6666666666666666,0.6666666666666666,2,2,4,6,0,0.3333333333333333,0.3333333333333333,1.0,0.375,0.53765,0.75,0.7777777777777778,0,1,0.2,0,0.0
"Collins, Sexton, Springer, Collier, Filipowski",UTA,1,5,5,10,10,4,8,0.5,0,2,0.0,0.0,2,6,2,0,0,0.75,0.75,0.0,0.2,0.50758,0.4,0.4545454545454545,0,0,0.0,0,0.0
"Mykhailiuk, Juzang, Potter, Kessler, George",UTA,1,5,-3,10,9,3,4,0.75,1,5,0.2,0.2,0,0,6,3,0,0.0,0.0,1.0,0.5555555555555556,0.5431555555555555,0.5,0.5,2,0,0.0,0,0.0
"Collins, Sexton, Eubanks, George, Sensabaugh",UTA,2,5,3,12,13,4,7,0.5714285714285714,1,5,0.2,0.2,2,6,2,0,3,0.75,0.75,0.0,0.4166666666666667,0.4943291666666666,0.4583333333333333,0.5,0,2,0.2857142857142857,0,0.0
"Sexton, Potter, George, Williams, Collier",UTA,1,5,-5,9,9,2,4,0.5,1,3,0.3333333333333333,0.3333333333333333,2,2,2,0,3,0.5,0.5,0.0,0.4285714285714285,0.4688857142857143,0.5,0.5625,0,1,0.25,0,0.0
"Collins, Eubanks, Juzang, George, Sensabaugh",UTA,2,5,0,11,14,3,6,0.5,2,3,0.6666666666666666,0.6666666666666666,2,6,0,6,0,1.0,1.0,1.0,0.3333333333333333,0.5159277777777778,0.6666666666666666,0.7,0,1,0.1666666666666666,0,0.0
"Markkanen, Potter, George, Sensabaugh, Williams",UTA,1,5,5,13,17,0,1,0.0,4,6,0.6666666666666666,0.6666666666666666,5,0,0,12,0,0.0,0.0,1.0,0.8571428571428571,0.5189285714285714,0.8571428571428571,0.85,0,0,0.0,0,0.0
"Collins, George, Sensabaugh, Williams, Filipowski",UTA,1,5,1,9,18,1,1,1.0,4,4,1.0,1.0,4,2,0,9,3,1.0,1.0,0.75,0.8,0.52918,1.4,1.2857142857142858,0,0,0.0,0,0.0
"Collins, George, Sensabaugh, Collier, Filipowski",UTA,2,5,2,12,16,4,6,0.6666666666666666,1,2,0.5,0.5,5,4,4,0,3,0.5,0.5,0.0,0.25,0.57853125,0.6875,0.8,0,1,0.1666666666666666,0,0.0
"Mykhailiuk, Juzang, Potter, Collier, Clarkson",UTA,1,5,2,11,14,2,3,0.6666666666666666,3,6,0.5,0.5,1,4,0,9,0,1.0,1.0,1.0,0.6666666666666666,0.5200444444444444,0.7222222222222222,0.7,0,0,0.0,0,0.0
"Mykhailiuk, Juzang, Potter, George, Filipowski",UTA,3,5,-14,12,5,2,5,0.4,0,7,0.0,0.0,1,0,4,0,0,0.0,0.0,0.0,0.5833333333333334,0.4824208333333333,0.1666666666666666,0.2083333333333333,0,1,0.2,0,0.0
"Markkanen, Collins, George, Sensabaugh, Collier",UTA,1,5,-6,11,12,3,5,0.6,1,6,0.1666666666666666,0.1666666666666666,3,2,4,3,0,0.3333333333333333,0.3333333333333333,1.0,0.5454545454545454,0.5884636363636363,0.4090909090909091,0.4583333333333333,0,0,0.0,0,0.0
"Mykhailiuk, Juzang, Potter, Tshiebwe, Williams",UTA,1,5,6,11,14,4,7,0.5714285714285714,2,7,0.2857142857142857,0.2857142857142857,0,4,4,6,0,0.5,1.0,1.0,0.5,0.5429214285714286,0.5,0.5,4,1,0.1428571428571428,0,0.0
"Eubanks, Potter, Harkless, Williams, Collier",UTA,1,5,-4,10,8,3,5,0.6,0,3,0.0,0.0,2,4,2,0,0,0.6666666666666666,0.6666666666666666,0.0,0.375,0.525,0.375,0.4444444444444444,0,0,0.0,0,0.0
"Sexton, Potter, George, Sensabaugh, Collier",UTA,1,5,-2,8,8,2,3,0.6666666666666666,1,3,0.3333333333333333,0.3333333333333333,1,2,2,3,0,0.5,0.5,1.0,0.5,0.5090083333333334,0.5833333333333334,0.6666666666666666,0,0,0.0,0,0.0
"Sexton, Potter, Kessler, George, Sensabaugh",UTA,1,5,0,9,11,4,4,1.0,1,3,0.3333333333333333,0.3333333333333333,0,6,2,3,0,0.75,0.75,1.0,0.4285714285714285,0.4475785714285714,0.7857142857142857,0.7857142857142857,0,0,0.0,0,0.0
"Mykhailiuk, Juzang, Tshiebwe, George, Filipowski",UTA,1,5,-2,11,12,3,6,0.5,2,4,0.5,0.5,0,2,4,6,0,0.3333333333333333,0.3333333333333333,1.0,0.4,0.487795,0.6,0.6,0,0,0.0,0,0.0
"Eubanks, Sensabaugh, Harkless, Collier, Filipowski",UTA,1,5,4,11,14,4,8,0.5,1,4,0.25,0.3333333333333333,3,6,2,3,0,0.75,0.75,1.0,0.3333333333333333,0.5080909090909091,0.4583333333333333,0.5,0,1,0.125,0,0.0
"Juzang, Sensabaugh, Collier, Filipowski, Clarkson",UTA,2,5,1,10,12,3,6,0.5,1,2,0.5,0.5,3,4,2,3,0,0.6666666666666666,0.6666666666666666,1.0,0.25,0.4959375,0.5625,0.6,0,0,0.0,0,0.0
"Markkanen, Mykhailiuk, Juzang, George, Filipowski",UTA,1,5,-8,10,9,3,4,0.75,1,5,0.2,0.2,0,4,2,3,0,0.6666666666666666,0.6666666666666666,1.0,0.5555555555555556,0.5110888888888889,0.5,0.5,0,0,0.0,1,0.2
"Markkanen, Sexton, Williams, Collier, Filipowski",UTA,1,5,4,12,14,0,2,0.0,4,7,0.5714285714285714,0.5714285714285714,2,0,0,12,0,0.0,0.0,1.0,0.7777777777777778,0.5334111111111111,0.6666666666666666,0.6363636363636364,0,0,0.0,0,0.0
"Collins, Juzang, Sensabaugh, Collier, Clarkson",UTA,1,5,-9,10,5,1,2,0.5,1,5,0.2,0.2,0,2,0,3,0,1.0,1.0,1.0,0.7142857142857143,0.5524142857142856,0.3571428571428571,0.3571428571428571,0,1,0.5,0,0.0
"Collins, Martin, Williams, Collier, Filipowski",UTA,1,5,-3,11,12,4,8,0.5,1,2,0.5,0.5,1,6,2,3,0,0.75,0.75,1.0,0.2,0.48285,0.55,0.5454545454545454,0,2,0.25,0,0.0
"Markkanen, Kessler, Williams, Collier, Filipowski",UTA,3,5,-11,12,8,1,3,0.3333333333333333,2,6,0.3333333333333333,0.3333333333333333,0,2,0,6,0,1.0,1.0,1.0,0.6666666666666666,0.5335888888888889,0.4444444444444444,0.4444444444444444,0,1,0.3333333333333333,1,0.1666666666666666
"Mykhailiuk, Eubanks, Harkless, Collier, Mills",UTA,2,5,9,10,17,6,8,0.75,0,1,0.0,0.0,5,6,6,0,0,0.5,0.5,0.0,0.1111111111111111,0.5055222222222222,0.6666666666666666,0.7727272727272727,0,2,0.25,0,0.0
"Collins, Potter, Kessler, George, Sensabaugh",UTA,2,5,7,10,14,2,4,0.5,3,7,0.4285714285714285,0.4285714285714285,1,2,2,6,3,0.5,1.0,0.6666666666666666,0.6363636363636364,0.54995,0.5909090909090909,0.6363636363636364,2,0,0.0,0,0.0
"Sexton, Martin, Juzang, Filipowski, Clarkson",UTA,1,5,3,9,14,2,3,0.6666666666666666,3,7,0.4285714285714285,0.4285714285714285,1,4,0,9,0,1.0,1.0,1.0,0.7,0.51227,0.65,0.7,0,0,0.0,0,0.0
"Mykhailiuk, Eubanks, George, Collier, Filipowski",UTA,2,5,-9,9,13,2,2,1.0,2,4,0.5,0.5,3,0,4,6,0,0.0,0.0,1.0,0.6666666666666666,0.5109166666666667,0.8333333333333334,0.8125,0,0,0.0,0,0.0
"Mykhailiuk, Springer, Potter, Tshiebwe, Sensabaugh",UTA,2,5,12,11,21,4,4,1.0,3,5,0.6,0.6,4,4,4,3,6,0.5,0.5,0.3333333333333333,0.5555555555555556,0.5418388888888889,0.9444444444444444,0.9545454545454546,0,0,0.0,0,0.0
"Mykhailiuk, Tshiebwe, Sensabaugh, Collier, Filipowski",UTA,1,5,6,11,16,4,8,0.5,2,3,0.6666666666666666,0.6666666666666666,2,6,2,6,0,0.75,0.75,1.0,0.2727272727272727,0.4781863636363636,0.6363636363636364,0.6666666666666666,0,2,0.25,0,0.0
"Kessler, Hendricks, George, Williams, Clarkson",UTA,1,5,1,10,9,3,8,0.375,0,2,0.0,0.0,3,4,2,0,0,0.6666666666666666,1.0,0.0,0.2,0.533405,0.3,0.375,2,1,0.125,1,0.5
"Collins, Eubanks, Juzang, Sensabaugh, Clarkson",UTA,1,5,-10,11,6,3,7,0.4285714285714285,0,1,0.0,0.0,0,2,4,0,0,0.3333333333333333,0.5,0.0,0.125,0.45825,0.375,0.375,2,1,0.1428571428571428,0,0.0
"Juzang, Tshiebwe, George, Williams, Collier",UTA,2,5,-4,7,6,2,5,0.4,0,3,0.0,0.0,2,0,4,0,0,0.0,0.0,0.0,0.375,0.4890875,0.25,0.3333333333333333,0,0,0.0,0,0.0
"Markkanen, Collins, Sexton, Collier, Filipowski",UTA,1,5,3,9,14,4,5,0.8,2,4,0.5,0.5,0,6,2,6,0,0.75,0.75,1.0,0.4444444444444444,0.5907055555555556,0.7777777777777778,0.7777777777777778,0,0,0.0,0,0.0
"Markkanen, Sexton, Kessler, Filipowski, Mills",UTA,2,5,-3,11,10,3,5,0.6,0,6,0.0,0.0,4,0,6,0,0,0.0,0.0,0.0,0.5454545454545454,0.5588590909090909,0.2727272727272727,0.3846153846153846,4,1,0.2,0,0.0
"Mykhailiuk, Eubanks, Potter, Harkless, Williams",UTA,1,5,2,9,9,4,7,0.5714285714285714,0,1,0.0,0.0,1,6,2,0,0,0.75,0.75,0.0,0.125,0.4594125,0.5,0.5,0,1,0.1428571428571428,0,0.0
"Collins, Sexton, Juzang, Potter, Sensabaugh",UTA,1,5,5,10,6,3,5,0.6,0,5,0.0,0.0,0,2,4,0,0,0.3333333333333333,0.5,0.0,0.5,0.510395,0.3,0.3,2,0,0.0,0,0.0
"Collins, Eubanks, Juzang, Williams, Mills",UTA,2,5,7,8,15,3,4,0.75,2,3,0.6666666666666666,0.6666666666666666,3,4,2,6,0,0.6666666666666666,0.6666666666666666,1.0,0.4285714285714285,0.5233714285714286,0.8571428571428571,0.8333333333333334,0,0,0.0,0,0.0
"Mykhailiuk, Springer, Juzang, Potter, Tshiebwe",UTA,1,5,-1,10,13,3,5,0.6,2,8,0.25,0.2857142857142857,1,2,4,6,0,0.3333333333333333,0.3333333333333333,1.0,0.6153846153846154,0.5133666666666666,0.4615384615384615,0.5,0,0,0.0,0,0.0
"Collins, Mykhailiuk, Eubanks, Juzang, George",UTA,1,5,-7,11,7,2,2,1.0,0,3,0.0,0.0,3,4,0,0,0,1.0,1.0,0.0,0.6,0.53178,0.4,0.5,0,0,0.0,0,0.0
"Sexton, Potter, Kessler, Sensabaugh, Clarkson",UTA,1,5,-3,8,10,3,5,0.6,1,3,0.3333333333333333,0.3333333333333333,1,4,2,3,0,0.6666666666666666,0.6666666666666666,1.0,0.375,0.47316875,0.5625,0.5555555555555556,0,1,0.2,0,0.0
"Juzang, Kessler, Sensabaugh, Williams, Filipowski",UTA,1,5,-7,8,15,2,2,1.0,3,3,1.0,1.0,2,2,2,9,0,0.5,0.5,1.0,0.6,0.0,1.3,1.25,0,0,0.0,0,0.0
"Markkanen, Sexton, Juzang, Potter, Kessler",UTA,2,4,-5,9,7,2,3,0.6666666666666666,1,6,0.1666666666666666,0.1666666666666666,0,2,2,3,0,0.5,0.5,1.0,0.6666666666666666,0.5261166666666667,0.3888888888888889,0.3888888888888889,0,0,0.0,0,0.0
"Collins, Mykhailiuk, Juzang, Kessler, Collier",UTA,1,4,-3,7,10,5,7,0.7142857142857143,0,3,0.0,0.0,0,4,6,0,0,0.4,0.5,0.0,0.3,0.56161,0.5,0.5,2,0,0.0,0,0.0
"Mykhailiuk, Juzang, Potter, Tshiebwe, George",UTA,1,4,-3,8,15,4,4,1.0,1,3,0.3333333333333333,0.3333333333333333,4,2,6,0,3,0.25,0.3333333333333333,0.0,0.4285714285714285,0.4741,0.7857142857142857,0.8333333333333334,2,0,0.0,0,0.0
"Mykhailiuk, Potter, Sensabaugh, Williams, Filipowski",UTA,2,4,3,9,10,3,8,0.375,1,5,0.2,0.2,1,2,4,3,0,0.3333333333333333,0.5,1.0,0.3846153846153846,0.5023230769230769,0.3461538461538461,0.3214285714285714,2,3,0.375,0,0.0
"Eubanks, George, Sensabaugh, Williams, Filipowski",UTA,1,4,9,9,13,2,3,0.6666666666666666,3,6,0.5,0.5,0,2,2,9,0,0.5,0.5,1.0,0.6666666666666666,0.4802444444444444,0.7222222222222222,0.7222222222222222,0,1,0.3333333333333333,0,0.0
"Mykhailiuk, Martin, Juzang, Kessler, George",UTA,1,4,-4,8,7,2,3,0.6666666666666666,1,6,0.1666666666666666,0.1666666666666666,0,0,4,3,0,0.0,0.0,1.0,0.6666666666666666,0.5863611111111111,0.3888888888888889,0.3888888888888889,0,0,0.0,0,0.0
"Mykhailiuk, Sexton, Eubanks, Harkless, Filipowski",UTA,1,4,7,8,13,2,3,0.6666666666666666,3,7,0.4285714285714285,0.4285714285714285,0,4,0,6,3,1.0,1.0,0.6666666666666666,0.7,0.554165,0.65,0.65,0,0,0.0,0,0.0
"Sexton, Juzang, Tshiebwe, Sensabaugh, Collier",UTA,2,4,-4,11,13,5,9,0.5555555555555556,0,3,0.0,0.0,3,0,10,0,0,0.0,0.0,0.0,0.25,0.4970916666666666,0.4166666666666667,0.5,2,1,0.1111111111111111,0,0.0
"Sexton, Tshiebwe, George, Williams, Filipowski",UTA,1,4,2,8,10,4,6,0.6666666666666666,0,5,0.0,0.0,2,4,4,0,0,0.5,0.5,0.0,0.4545454545454545,0.5726181818181818,0.3636363636363636,0.4166666666666667,0,1,0.1666666666666666,0,0.0
"Sexton, Potter, Tshiebwe, Sensabaugh, Collier",UTA,1,4,7,9,12,0,2,0.0,3,5,0.6,0.6,3,0,0,9,0,0.0,0.0,1.0,0.7142857142857143,0.4989357142857143,0.6428571428571429,0.6666666666666666,0,2,1.0,0,0.0
"Mykhailiuk, Potter, Tshiebwe, Sensabaugh, Williams",UTA,1,4,3,10,17,3,6,0.5,3,5,0.6,0.6,2,2,4,6,3,0.3333333333333333,0.5,0.6666666666666666,0.4545454545454545,0.4735318181818181,0.6818181818181818,0.7083333333333334,2,1,0.1666666666666666,0,0.0
"Mykhailiuk, Springer, Potter, Tshiebwe, George",UTA,1,4,-3,9,8,4,7,0.5714285714285714,0,2,0.0,0.0,0,6,2,0,0,0.75,0.75,0.0,0.2222222222222222,0.4467833333333333,0.4444444444444444,0.4444444444444444,0,1,0.1428571428571428,0,0.0
"Mykhailiuk, Eubanks, Potter, Harkless, Mills",UTA,1,4,-3,9,9,3,7,0.4285714285714285,1,3,0.3333333333333333,0.3333333333333333,0,4,2,3,0,0.6666666666666666,0.6666666666666666,1.0,0.3,0.459815,0.45,0.45,0,1,0.1428571428571428,0,0.0
"Markkanen, Martin, Kessler, George, Collier",UTA,1,4,-4,10,11,3,4,0.75,0,1,0.0,0.0,5,4,2,0,0,0.6666666666666666,0.6666666666666666,0.0,0.2,0.54383,0.6,0.625,0,0,0.0,0,0.0
"Mykhailiuk, Sexton, Sensabaugh, Williams, Filipowski",UTA,1,4,-6,9,9,1,2,0.5,2,5,0.4,0.4,1,2,0,6,0,1.0,1.0,1.0,0.7142857142857143,0.5145928571428572,0.5714285714285714,0.5625,0,0,0.0,0,0.0
"Mykhailiuk, Sexton, Sensabaugh, Collier, Filipowski",UTA,1,4,4,11,14,3,6,0.5,2,3,0.6666666666666666,0.6666666666666666,2,6,0,6,0,1.0,1.0,1.0,0.3333333333333333,0.4858277777777777,0.6666666666666666,0.7,0,2,0.3333333333333333,0,0.0
"Sexton, Eubanks, Potter, Sensabaugh, Williams",UTA,1,4,4,8,15,5,5,1.0,1,2,0.5,0.5,2,10,0,0,3,1.0,1.0,0.0,0.2857142857142857,0.4972642857142857,0.9285714285714286,0.9375,0,0,0.0,0,0.0
"Markkanen, Springer, Kessler, George, Clarkson",UTA,1,4,1,9,15,3,4,0.75,3,4,0.75,0.75,0,4,2,6,3,0.6666666666666666,1.0,0.6666666666666666,0.5,0.55588125,0.9375,0.9375,2,1,0.25,0,0.0
"Mykhailiuk, Sexton, Springer, George, Filipowski",UTA,2,4,3,8,14,3,4,0.75,2,3,0.6666666666666666,0.6666666666666666,2,0,6,6,0,0.0,0.0,1.0,0.4285714285714285,0.5466785714285715,0.8571428571428571,0.875,0,0,0.0,0,0.0
"Markkanen, Sexton, Potter, Kessler, George",UTA,4,4,6,9,14,3,5,0.6,2,2,1.0,1.0,2,2,4,6,0,0.3333333333333333,0.5,1.0,0.2857142857142857,0.5034285714285714,0.8571428571428571,0.875,2,0,0.0,0,0.0
"Markkanen, Juzang, Kessler, Williams, Collier",UTA,2,4,-5,10,9,2,4,0.5,1,4,0.25,0.25,2,2,2,0,3,0.5,0.5,0.0,0.5,0.5132625,0.4375,0.5,0,1,0.25,0,0.0
"Eubanks, George, Sensabaugh, Filipowski, Clarkson",UTA,1,4,-8,9,12,4,4,1.0,0,3,0.0,0.0,4,2,6,0,0,0.25,0.25,0.0,0.4285714285714285,0.4528285714285714,0.5714285714285714,0.75,0,0,0.0,1,0.3333333333333333
"Collins, Sexton, Kessler, Sensabaugh, Collier",UTA,1,4,-3,7,10,1,3,0.3333333333333333,2,2,1.0,1.0,2,2,0,6,0,1.0,1.0,1.0,0.4,0.5048600000000001,0.8,0.7142857142857143,0,1,0.3333333333333333,0,0.0
"Martin, Juzang, Potter, Sensabaugh, Collier",UTA,1,4,-1,8,10,2,3,0.6666666666666666,2,4,0.5,0.5,0,2,2,6,0,0.5,0.5,1.0,0.5714285714285714,0.5604857142857143,0.7142857142857143,0.7142857142857143,0,1,0.3333333333333333,0,0.0
"Kessler, George, Sensabaugh, Filipowski, Mills",UTA,1,4,-4,7,7,0,1,0.0,2,6,0.3333333333333333,0.3333333333333333,1,0,0,3,3,0.0,0.0,0.5,0.8571428571428571,0.5269,0.4285714285714285,0.4375,0,1,1.0,0,0.0
"Mykhailiuk, Martin, Potter, George, Williams",UTA,1,4,1,9,11,5,8,0.625,0,1,0.0,0.0,1,4,6,0,0,0.4,0.5,0.0,0.1111111111111111,0.5035611111111111,0.5555555555555556,0.6111111111111112,2,0,0.0,0,0.0
"Mykhailiuk, George, Sensabaugh, Collier, Filipowski",UTA,2,4,-2,7,9,2,2,1.0,0,2,0.0,0.0,5,2,2,0,0,0.5,0.5,0.0,0.5,0.48465,0.5,0.6428571428571429,0,0,0.0,0,0.0
"Collins, Mykhailiuk, Kessler, George, Sensabaugh",UTA,1,4,2,10,12,2,3,0.6666666666666666,2,3,0.6666666666666666,0.6666666666666666,2,2,2,6,0,0.5,1.0,1.0,0.5,0.5298416666666667,0.8333333333333334,0.8571428571428571,2,0,0.0,0,0.0
"Collins, Juzang, Potter, Kessler, Collier",UTA,1,4,-1,8,10,1,3,0.3333333333333333,1,2,0.5,1.0,5,2,0,3,0,1.0,1.0,1.0,0.4,0.5778375,0.5,0.625,0,0,0.0,0,0.0
"Mykhailiuk, Sexton, Potter, George, Filipowski",UTA,1,4,-2,9,10,3,4,0.75,1,4,0.25,0.25,1,6,0,3,0,1.0,1.0,1.0,0.5,0.53051875,0.5625,0.5555555555555556,0,0,0.0,0,0.0
"Eubanks, Juzang, Potter, George, Sensabaugh",UTA,2,4,-11,8,9,0,1,0.0,2,4,0.5,0.5,3,0,0,6,0,0.0,0.0,1.0,0.8,0.4977699999999999,0.6,0.6428571428571429,0,0,0.0,0,0.0
"Juzang, Potter, George, Filipowski, Clarkson",UTA,1,4,-5,10,5,1,1,1.0,1,6,0.1666666666666666,0.1666666666666666,0,0,2,3,0,0.0,0.0,1.0,0.8571428571428571,0.5129,0.3571428571428571,0.3571428571428571,0,0,0.0,0,0.0
"Markkanen, Sexton, George, Sensabaugh, Filipowski",UTA,2,4,-5,6,8,1,5,0.2,2,4,0.5,0.5,0,0,2,3,3,0.0,0.0,0.5,0.4444444444444444,0.5191333333333333,0.4444444444444444,0.4444444444444444,0,1,0.2,0,0.0
"Collins, Mykhailiuk, Kessler, Williams, Collier",UTA,1,4,-3,9,5,2,4,0.5,0,4,0.0,0.0,1,2,2,0,0,0.5,0.5,0.0,0.5,0.51383125,0.25,0.2777777777777778,0,0,0.0,0,0.0
"Martin, Kessler, George, Sensabaugh, Williams",UTA,1,4,-3,7,9,1,4,0.25,2,5,0.4,0.4,1,2,0,3,3,1.0,1.0,0.5,0.5555555555555556,0.509461111111111,0.4444444444444444,0.45,0,1,0.25,0,0.0
"Markkanen, Kessler, George, Collier, Filipowski",UTA,1,4,-4,9,8,3,6,0.5,0,2,0.0,0.0,2,2,4,0,0,0.3333333333333333,0.3333333333333333,0.0,0.25,0.65001875,0.375,0.4444444444444444,0,0,0.0,0,0.0
"Mykhailiuk, Tshiebwe, Sensabaugh, Harkless, Collier",UTA,1,4,10,9,18,1,2,0.5,4,5,0.8,0.8,4,0,2,6,6,0.0,0.0,0.5,0.7142857142857143,0.5594714285714286,1.0,1.0,0,0,0.0,0,0.0
"Collins, George, Sensabaugh, Williams, Clarkson",UTA,2,4,-16,8,2,1,2,0.5,0,2,0.0,0.0,0,2,0,0,0,1.0,1.0,0.0,0.5,0.5146875,0.25,0.25,0,0,0.0,0,0.0
"Collins, Sexton, Eubanks, Juzang, Mills",UTA,2,4,-5,8,8,3,4,0.75,0,3,0.0,0.0,2,4,2,0,0,0.6666666666666666,0.6666666666666666,0.0,0.4285714285714285,0.4983714285714286,0.4285714285714285,0.5,0,0,0.0,0,0.0
"Collins, Potter, Kessler, George, Clarkson",UTA,1,4,4,8,11,1,2,0.5,3,6,0.5,0.5,0,2,0,9,0,1.0,1.0,1.0,0.75,0.5502625,0.6875,0.6875,0,0,0.0,0,0.0
"Collins, Sexton, George, Williams, Filipowski",UTA,2,4,-3,7,8,3,5,0.6,0,3,0.0,0.0,2,2,4,0,0,0.3333333333333333,0.5,0.0,0.375,0.62883125,0.375,0.4444444444444444,2,1,0.2,1,0.3333333333333333
"Markkanen, Kessler, George, Collier, Clarkson",UTA,2,4,-7,7,3,1,3,0.3333333333333333,0,3,0.0,0.0,1,2,0,0,0,1.0,1.0,0.0,0.5,0.5457583333333333,0.1666666666666666,0.2142857142857142,0,1,0.3333333333333333,0,0.0
"Juzang, Potter, Kessler, Sensabaugh, Collier",UTA,1,4,5,8,11,2,3,0.6666666666666666,2,5,0.4,0.4,1,0,4,6,0,0.0,0.0,1.0,0.625,0.5243375,0.625,0.6875,2,0,0.0,0,0.0
"Mykhailiuk, Sexton, Juzang, Potter, Filipowski",UTA,1,4,5,7,11,2,2,1.0,1,4,0.25,0.25,4,2,2,3,0,0.5,1.0,1.0,0.6666666666666666,0.4930583333333333,0.5833333333333334,0.6875,2,0,0.0,0,0.0
"Eubanks, George, Sensabaugh, Collier, Filipowski",UTA,1,4,0,9,12,2,4,0.5,2,5,0.4,0.4,2,2,2,6,0,0.5,1.0,1.0,0.5555555555555556,0.613688888888889,0.5555555555555556,0.6,2,0,0.0,0,0.0
"Markkanen, Sexton, Potter, Kessler, Clarkson",UTA,1,4,-9,7,5,1,3,0.3333333333333333,1,3,0.3333333333333333,0.3333333333333333,0,2,0,3,0,1.0,1.0,1.0,0.5,0.480925,0.4166666666666667,0.4166666666666667,0,0,0.0,0,0.0
"Collins, Juzang, Sensabaugh, Filipowski, Clarkson",UTA,1,4,0,10,10,3,4,0.75,1,3,0.3333333333333333,0.5,1,2,4,3,0,0.3333333333333333,0.3333333333333333,1.0,0.4285714285714285,0.535925,0.6428571428571429,0.7142857142857143,0,0,0.0,0,0.0
"Mykhailiuk, Sexton, George, Filipowski, Mills",UTA,1,4,-5,8,2,0,2,0.0,0,2,0.0,0.0,2,0,0,0,0,0.0,0.0,0.0,0.5,0.497125,0.0,0.2,0,1,0.5,0,0.0
"Sexton, Kessler, Hendricks, George, Sensabaugh",UTA,2,4,-5,9,1,0,6,0.0,0,3,0.0,0.0,1,0,0,0,0,0.0,0.0,0.0,0.3333333333333333,0.4980777777777778,0.0,0.05,0,1,0.1666666666666666,0,0.0
"Collins, Sexton, Eubanks, George, Clarkson",UTA,2,4,-2,8,9,3,9,0.3333333333333333,1,3,0.3333333333333333,0.3333333333333333,0,2,4,3,0,0.3333333333333333,0.5,1.0,0.25,0.5246375,0.375,0.375,2,2,0.2222222222222222,0,0.0
"Markkanen, Potter, Kessler, George, Collier",UTA,2,4,-6,8,7,2,3,0.6666666666666666,1,3,0.3333333333333333,0.3333333333333333,0,2,2,3,0,0.5,0.5,1.0,0.5,0.5441,0.5833333333333334,0.5833333333333334,0,0,0.0,0,0.0
"Eubanks, Sensabaugh, Collier, Filipowski, Clarkson",UTA,1,4,5,7,15,3,4,0.75,3,5,0.6,0.6,0,6,0,6,3,1.0,1.0,0.6666666666666666,0.5555555555555556,0.4634833333333333,0.8333333333333334,0.8333333333333334,0,0,0.0,1,0.2
"Hendricks, George, Sensabaugh, Williams, Filipowski",UTA,1,4,-11,7,0,0,2,0.0,0,3,0.0,0.0,0,0,0,0,0,0.0,0.0,0.0,0.6,0.49957,0.0,0.0,0,0,0.0,0,0.0
"Sexton, Juzang, Potter, George, Collier",UTA,1,4,-9,9,4,1,3,0.3333333333333333,0,3,0.0,0.0,2,2,0,0,0,1.0,1.0,0.0,0.5,0.5184583333333334,0.1666666666666666,0.2857142857142857,0,1,0.3333333333333333,0,0.0
"Collins, Sexton, Sensabaugh, Williams, Filipowski",UTA,1,4,7,6,14,1,2,0.5,4,4,1.0,1.0,0,2,0,12,0,1.0,1.0,1.0,0.6666666666666666,0.54145,1.1666666666666667,1.1666666666666667,0,1,0.5,0,0.0
"Collins, Sexton, Juzang, Sensabaugh, Clarkson",UTA,1,4,7,9,15,3,4,0.75,2,4,0.5,0.5,3,2,4,3,3,0.3333333333333333,0.3333333333333333,0.5,0.5,0.57845625,0.75,0.75,0,0,0.0,0,0.0
"Collins, Potter, Sensabaugh, Collier, Clarkson",UTA,1,4,2,7,6,3,5,0.6,0,2,0.0,0.0,0,2,4,0,0,0.3333333333333333,0.3333333333333333,0.0,0.2857142857142857,0.5978142857142857,0.4285714285714285,0.4285714285714285,0,0,0.0,0,0.0
"Collins, Kessler, George, Sensabaugh, Clarkson",UTA,2,4,2,8,9,3,6,0.5,1,3,0.3333333333333333,0.3333333333333333,0,2,4,3,0,0.3333333333333333,0.5,1.0,0.3333333333333333,0.5463888888888889,0.5,0.5,2,2,0.3333333333333333,0,0.0
"Mykhailiuk, Potter, George, Filipowski, Clarkson",UTA,1,4,-4,10,7,1,4,0.25,1,3,0.3333333333333333,0.3333333333333333,2,2,0,3,0,1.0,1.0,1.0,0.4285714285714285,0.5151714285714285,0.3571428571428571,0.4375,0,0,0.0,0,0.0
"Juzang, Tshiebwe, George, Collier, Filipowski",UTA,1,4,0,7,12,4,8,0.5,1,1,1.0,1.0,1,6,2,3,0,0.75,0.75,1.0,0.1111111111111111,0.5438888888888889,0.6111111111111112,0.6111111111111112,0,1,0.125,0,0.0
"Eubanks, Juzang, Sensabaugh, Collier, Filipowski",UTA,1,4,-4,7,5,2,6,0.3333333333333333,0,1,0.0,0.0,1,2,2,0,0,0.5,0.5,0.0,0.1428571428571428,0.4457071428571428,0.2857142857142857,0.3571428571428571,0,1,0.1666666666666666,0,0.0
"Mykhailiuk, Potter, Tshiebwe, George, Filipowski",UTA,1,4,8,8,10,4,4,1.0,0,3,0.0,0.0,2,4,4,0,0,0.5,0.5,0.0,0.4285714285714285,0.4937357142857143,0.5714285714285714,0.625,0,0,0.0,0,0.0
"Sexton, Tshiebwe, Williams, Collier, Filipowski",UTA,1,4,-2,7,3,1,5,0.2,0,3,0.0,0.0,1,0,2,0,0,0.0,0.0,0.0,0.375,0.57160625,0.125,0.1666666666666666,2,0,0.0,0,0.0
"Juzang, Potter, George, Sensabaugh, Filipowski",UTA,2,4,-1,10,5,2,3,0.6666666666666666,0,4,0.0,0.0,1,4,0,0,0,1.0,1.0,0.0,0.5714285714285714,0.5283214285714285,0.2857142857142857,0.3125,0,1,0.3333333333333333,0,0.0
"Markkanen, Collins, Sexton, Collier, Clarkson",UTA,2,4,-2,8,7,3,4,0.75,0,2,0.0,0.0,1,6,0,0,0,1.0,1.0,0.0,0.3333333333333333,0.4616,0.5,0.5833333333333334,0,1,0.25,0,0.0
"Collins, Eubanks, Juzang, Sensabaugh, Collier",UTA,3,4,4,7,13,3,3,1.0,1,2,0.5,0.5,4,4,2,3,0,0.6666666666666666,0.6666666666666666,1.0,0.4,0.49255,0.9,0.9285714285714286,0,0,0.0,0,0.0
"Sexton, Juzang, Kessler, George, Collier",UTA,1,4,0,8,9,4,6,0.6666666666666666,0,4,0.0,0.0,1,2,6,0,0,0.25,0.5,0.0,0.4,0.580895,0.4,0.45,4,1,0.1666666666666666,0,0.0
"Potter, George, Harkless, Filipowski, Clarkson",UTA,1,4,0,6,7,2,4,0.5,1,3,0.3333333333333333,0.3333333333333333,0,4,0,3,0,1.0,1.0,1.0,0.4285714285714285,0.4795214285714286,0.5,0.5,0,0,0.0,0,0.0
"Collins, Sexton, George, Sensabaugh, Williams",UTA,2,4,2,7,6,3,5,0.6,0,2,0.0,0.0,0,2,4,0,0,0.3333333333333333,0.5,0.0,0.2857142857142857,0.4730357142857143,0.4285714285714285,0.4285714285714285,2,2,0.4,0,0.0
"Collins, Sexton, Juzang, Kessler, Mills",UTA,2,4,-1,7,7,1,1,1.0,1,3,0.3333333333333333,0.3333333333333333,2,0,2,3,0,0.0,0.0,1.0,0.75,0.556925,0.625,0.7,0,0,0.0,0,0.0
"Eubanks, George, Collier, Filipowski, Clarkson",UTA,1,4,-10,7,4,2,4,0.5,0,1,0.0,0.0,0,2,2,0,0,0.5,0.5,0.0,0.2,0.4202899999999999,0.4,0.4,0,2,0.5,0,0.0
"Markkanen, Collins, George, Sensabaugh, Clarkson",UTA,1,4,1,6,11,0,1,0.0,3,5,0.6,0.6,2,0,0,9,0,0.0,0.0,1.0,0.8333333333333334,0.509275,0.75,0.7857142857142857,0,0,0.0,0,0.0
"Collins, Hendricks, George, Sensabaugh, Clarkson",UTA,1,4,-1,7,9,3,5,0.6,1,3,0.3333333333333333,0.3333333333333333,0,4,2,3,0,0.6666666666666666,0.6666666666666666,1.0,0.375,0.53979375,0.5625,0.5625,0,0,0.0,0,0.0
"Eubanks, Williams, Collier, Filipowski, Mills",UTA,1,4,2,7,9,3,4,0.75,1,2,0.5,0.5,0,4,2,3,0,0.6666666666666666,0.6666666666666666,1.0,0.3333333333333333,0.4703333333333333,0.75,0.75,0,1,0.25,0,0.0
"Sexton, Juzang, Kessler, Sensabaugh, Clarkson",UTA,1,4,3,7,8,1,2,0.5,1,2,0.5,0.5,3,2,0,3,0,1.0,1.0,1.0,0.5,0.494775,0.625,0.8,0,0,0.0,0,0.0
"Sexton, Tshiebwe, George, Collier, Filipowski",UTA,1,3,-8,8,2,1,5,0.2,0,1,0.0,0.0,0,2,0,0,0,1.0,1.0,0.0,0.1666666666666666,0.4342166666666667,0.1666666666666666,0.1666666666666666,0,1,0.2,0,0.0
"Juzang, Kessler, George, Williams, Clarkson",UTA,1,3,-5,8,5,1,5,0.2,1,3,0.3333333333333333,0.3333333333333333,0,2,0,3,0,1.0,1.0,1.0,0.375,0.49564375,0.3125,0.3125,0,0,0.0,1,0.3333333333333333
"Collins, Eubanks, Juzang, George, Mills",UTA,1,3,-1,8,13,3,3,1.0,1,3,0.3333333333333333,0.3333333333333333,4,4,2,3,0,0.6666666666666666,1.0,1.0,0.5,0.6103916666666667,0.75,0.8125,2,0,0.0,0,0.0
"Collins, Juzang, Williams, Collier, Filipowski",UTA,2,3,-9,8,0,0,1,0.0,0,2,0.0,0.0,0,0,0,0,0,0.0,0.0,0.0,0.6666666666666666,0.5039333333333333,0.0,0.0,0,0,0.0,0,0.0
"Markkanen, Collins, Mykhailiuk, George, Collier",UTA,2,3,3,9,8,3,7,0.4285714285714285,0,4,0.0,0.0,2,0,6,0,0,0.0,0.0,0.0,0.3636363636363636,0.4372409090909091,0.2727272727272727,0.3333333333333333,0,2,0.2857142857142857,0,0.0
"Mykhailiuk, Juzang, Potter, Tshiebwe, Filipowski",UTA,1,3,-15,7,2,1,4,0.25,0,1,0.0,0.0,0,0,2,0,0,0.0,0.0,0.0,0.2,0.45838,0.2,0.2,0,1,0.25,0,0.0
"Sexton, Potter, George, Williams, Filipowski",UTA,1,3,4,8,13,4,4,1.0,1,1,1.0,1.0,2,4,4,3,0,0.5,0.5,1.0,0.2,0.5772999999999999,1.1,0.9285714285714286,0,0,0.0,0,0.0
"Markkanen, Sexton, Juzang, Sensabaugh, Filipowski",UTA,1,3,-2,6,7,2,2,1.0,1,5,0.2,0.2,0,0,4,3,0,0.0,0.0,1.0,0.7142857142857143,0.5762,0.5,0.5,0,0,0.0,0,0.0
"Sexton, Juzang, Kessler, George, Filipowski",UTA,2,3,-3,7,4,2,4,0.5,0,1,0.0,0.0,0,0,4,0,0,0.0,0.0,0.0,0.2,0.53957,0.4,0.3333333333333333,0,0,0.0,0,0.0
"Potter, Tshiebwe, Harkless, Williams, Collier",UTA,1,3,-4,6,7,1,1,1.0,1,3,0.3333333333333333,0.3333333333333333,2,2,0,0,3,1.0,1.0,0.0,0.75,0.54775,0.625,0.5833333333333334,0,0,0.0,0,0.0
"Markkanen, Collins, Eubanks, George, Clarkson",UTA,1,3,1,5,6,1,3,0.3333333333333333,1,3,0.3333333333333333,0.3333333333333333,1,2,0,0,3,1.0,1.0,0.0,0.5,0.5185333333333334,0.4166666666666667,0.4285714285714285,0,1,0.3333333333333333,0,0.0
"Markkanen, Collins, Juzang, Williams, Collier",UTA,1,3,9,6,11,2,3,0.6666666666666666,2,3,0.6666666666666666,0.6666666666666666,1,2,2,3,3,0.5,0.5,0.5,0.5,0.5574333333333333,0.8333333333333334,0.9166666666666666,0,0,0.0,0,0.0
"Mykhailiuk, Sexton, Kessler, George, Sensabaugh",UTA,1,3,-6,7,4,2,4,0.5,0,3,0.0,0.0,0,4,0,0,0,1.0,1.0,0.0,0.4285714285714285,0.4467428571428571,0.2857142857142857,0.2857142857142857,0,0,0.0,0,0.0
"Springer, Juzang, Kessler, Sensabaugh, Williams",UTA,1,3,-4,7,7,1,2,0.5,0,3,0.0,0.0,5,0,2,0,0,0.0,0.0,0.0,0.6,0.48651,0.2,0.5,0,0,0.0,0,0.0
"Potter, George, Sensabaugh, Williams, Collier",UTA,3,3,-2,11,5,1,3,0.3333333333333333,0,1,0.0,0.0,3,0,2,0,0,0.0,0.0,0.0,0.25,0.498725,0.25,0.4166666666666667,0,1,0.3333333333333333,0,0.0
"Markkanen, Eubanks, Juzang, Williams, Collier",UTA,1,3,2,8,4,1,2,0.5,0,4,0.0,0.0,2,2,0,0,0,1.0,1.0,0.0,0.6666666666666666,0.5160083333333333,0.1666666666666666,0.2857142857142857,0,0,0.0,0,0.0
"Markkanen, Sexton, Kessler, Williams, Filipowski",UTA,1,3,8,8,12,3,4,0.75,0,2,0.0,0.0,6,0,6,0,0,0.0,0.0,0.0,0.3333333333333333,0.5318666666666666,0.5,0.6666666666666666,2,1,0.25,0,0.0
"Collins, Kessler, George, Williams, Collier",UTA,1,3,-2,6,6,3,5,0.6,0,2,0.0,0.0,0,0,6,0,0,0.0,0.0,0.0,0.2857142857142857,0.5055142857142857,0.4285714285714285,0.4285714285714285,0,0,0.0,0,0.0
"Mykhailiuk, Sexton, Eubanks, Sensabaugh, Collier",UTA,1,3,0,6,7,2,2,1.0,1,4,0.25,0.25,0,2,2,3,0,0.5,0.5,1.0,0.6666666666666666,0.5021166666666667,0.5833333333333334,0.5833333333333334,0,0,0.0,0,0.0
"Sexton, Springer, Juzang, Potter, Tshiebwe",UTA,1,3,-8,6,5,2,3,0.6666666666666666,0,1,0.0,0.0,1,0,4,0,0,0.0,0.0,0.0,0.25,0.4880375,0.5,0.5,0,0,0.0,0,0.0
"Mykhailiuk, Sexton, Potter, Tshiebwe, George",UTA,1,3,-3,6,6,3,6,0.5,0,3,0.0,0.0,0,0,6,0,0,0.0,0.0,0.0,0.3333333333333333,0.4798444444444444,0.3333333333333333,0.3333333333333333,2,1,0.1666666666666666,1,0.3333333333333333
"Collins, Juzang, Kessler, George, Collier",UTA,2,3,-4,7,5,0,1,0.0,1,3,0.3333333333333333,0.3333333333333333,2,0,0,0,3,0.0,0.0,0.0,0.75,0.4693875,0.375,0.5,0,0,0.0,0,0.0
"Mykhailiuk, Sexton, George, Sensabaugh, Filipowski",UTA,3,3,-5,6,5,1,1,1.0,1,3,0.3333333333333333,0.3333333333333333,0,2,0,3,0,1.0,1.0,1.0,0.75,0.5329625,0.625,0.625,0,0,0.0,0,0.0
"Markkanen, Juzang, Kessler, George, Clarkson",UTA,2,3,-5,6,4,2,4,0.5,0,1,0.0,0.0,0,2,2,0,0,0.5,0.5,0.0,0.2,0.42873,0.4,0.4,0,0,0.0,0,0.0
"Markkanen, Juzang, George, Williams, Filipowski",UTA,1,3,-2,7,4,2,5,0.4,0,2,0.0,0.0,0,2,2,0,0,0.5,0.5,0.0,0.2857142857142857,0.4365357142857143,0.2857142857142857,0.25,0,1,0.2,0,0.0
"Markkanen, Collins, Mykhailiuk, George, Filipowski",UTA,1,3,0,5,6,2,2,1.0,0,1,0.0,0.0,2,2,2,0,0,0.5,0.5,0.0,0.3333333333333333,0.4141333333333333,0.6666666666666666,0.75,0,0,0.0,0,0.0
"Collins, Sexton, Kessler, Sensabaugh, Williams",UTA,1,3,4,6,9,3,5,0.6,1,2,0.5,0.5,0,2,4,3,0,0.3333333333333333,0.3333333333333333,1.0,0.2857142857142857,0.4861571428571428,0.6428571428571429,0.6428571428571429,0,1,0.2,0,0.0
"Markkanen, Collins, Sexton, Kessler, Williams",UTA,1,3,-4,6,6,1,1,1.0,0,2,0.0,0.0,4,2,0,0,0,1.0,1.0,0.0,0.6666666666666666,0.4797166666666666,0.3333333333333333,0.6,0,0,0.0,0,0.0
"Mykhailiuk, Sexton, Juzang, Kessler, Collier",UTA,1,3,-2,6,7,2,4,0.5,1,3,0.3333333333333333,0.3333333333333333,0,0,4,3,0,0.0,0.0,1.0,0.4285714285714285,0.4990142857142857,0.5,0.5,2,0,0.0,0,0.0
"Martin, Kessler, George, Williams, Collier",UTA,1,3,0,6,5,1,2,0.5,1,4,0.25,0.25,0,2,0,3,0,1.0,1.0,1.0,0.6666666666666666,0.5214916666666667,0.4166666666666667,0.3571428571428571,0,0,0.0,0,0.0
"Mykhailiuk, Juzang, Potter, George, Collier",UTA,2,3,-2,7,4,1,2,0.5,0,4,0.0,0.0,2,0,2,0,0,0.0,0.0,0.0,0.6666666666666666,0.6097,0.1666666666666666,0.2857142857142857,0,1,0.5,0,0.0
"Martin, Kessler, George, Collier, Clarkson",UTA,1,3,0,5,7,1,2,0.5,1,2,0.5,0.5,2,2,0,3,0,1.0,1.0,1.0,0.5,0.500175,0.625,0.7,0,1,0.5,0,0.0
"Markkanen, Collins, Sexton, Filipowski, Mills",UTA,1,3,-3,6,5,2,2,1.0,0,4,0.0,0.0,1,2,2,0,0,0.5,0.5,0.0,0.6666666666666666,0.5666,0.3333333333333333,0.4166666666666667,0,0,0.0,0,0.0
"Markkanen, Collins, Juzang, George, Collier",UTA,1,3,3,6,12,1,1,1.0,3,5,0.6,0.6,1,0,2,9,0,0.0,0.0,1.0,0.8333333333333334,0.5243416666666666,0.9166666666666666,0.8571428571428571,0,0,0.0,0,0.0
"Markkanen, Collins, George, Filipowski, Clarkson",UTA,2,3,-6,7,5,0,1,0.0,1,3,0.3333333333333333,0.3333333333333333,2,0,0,3,0,0.0,0.0,1.0,0.75,0.530625,0.375,0.5,0,0,0.0,0,0.0
"Markkanen, Kessler, Hendricks, Mills, Clarkson",UTA,1,3,12,6,14,2,3,0.6666666666666666,2,3,0.6666666666666666,0.6666666666666666,4,2,2,3,3,0.5,0.5,0.5,0.5,0.476925,0.8333333333333334,0.875,0,0,0.0,0,0.0
"Mykhailiuk, George, Collier, Filipowski, Mills",UTA,1,3,0,7,5,2,4,0.5,0,1,0.0,0.0,1,2,2,0,0,0.5,0.5,0.0,0.2,0.4429999999999999,0.4,0.4166666666666667,0,0,0.0,0,0.0
"Sexton, Martin, Kessler, Sensabaugh, Clarkson",UTA,1,3,-1,7,10,3,4,0.75,1,3,0.3333333333333333,0.3333333333333333,1,2,4,3,0,0.3333333333333333,0.5,1.0,0.4285714285714285,0.5976857142857143,0.6428571428571429,0.625,2,1,0.25,0,0.0
"Potter, George, Collier, Filipowski, Clarkson",UTA,1,3,-8,7,4,2,4,0.5,0,1,0.0,0.0,0,2,2,0,0,0.5,0.5,0.0,0.2,0.55662,0.4,0.4,0,1,0.25,0,0.0
"Eubanks, George, Sensabaugh, Harkless, Filipowski",UTA,1,3,3,5,8,4,4,1.0,0,2,0.0,0.0,0,2,6,0,0,0.25,0.25,0.0,0.3333333333333333,0.5313,0.6666666666666666,0.6666666666666666,0,0,0.0,0,0.0
"Collins, Mykhailiuk, Kessler, Sensabaugh, Williams",UTA,1,3,4,5,8,2,3,0.6666666666666666,1,2,0.5,0.5,1,2,2,0,3,0.5,0.5,0.0,0.4,0.47903,0.7,0.8,0,0,0.0,0,0.0
"Juzang, Tshiebwe, George, Williams, Clarkson",UTA,2,3,-9,7,2,0,0,0.0,0,3,0.0,0.0,2,0,0,0,0,0.0,0.0,0.0,1.0,0.53515,0.0,0.25,0,0,0.0,0,0.0
"Kessler, Sensabaugh, Williams, Filipowski, Clarkson",UTA,1,3,1,6,8,1,1,1.0,1,3,0.3333333333333333,0.3333333333333333,3,2,0,3,0,1.0,1.0,1.0,0.75,0.5263375,0.625,0.5714285714285714,0,0,0.0,0,0.0
"Sexton, Juzang, Potter, Sensabaugh, Filipowski",UTA,1,3,9,7,13,2,3,0.6666666666666666,2,3,0.6666666666666666,0.6666666666666666,3,2,2,6,0,0.5,0.5,1.0,0.5,0.5324333333333333,0.8333333333333334,0.9285714285714286,0,1,0.3333333333333333,0,0.0
"Juzang, George, Harkless, Collier, Filipowski",UTA,1,3,5,7,10,2,2,1.0,1,3,0.3333333333333333,0.3333333333333333,3,2,2,3,0,0.5,0.5,1.0,0.6,0.64307,0.7,0.8333333333333334,0,0,0.0,0,0.0
"Potter, Kessler, Sensabaugh, Williams, Collier",UTA,1,3,0,5,8,1,1,1.0,1,2,0.5,0.5,3,2,0,3,0,1.0,1.0,1.0,0.6666666666666666,0.4821833333333333,0.8333333333333334,1.0,0,0,0.0,0,0.0
"Sexton, Martin, Sensabaugh, Williams, Filipowski",UTA,2,3,1,6,9,3,3,1.0,1,1,1.0,1.0,0,6,0,3,0,1.0,1.0,1.0,0.25,0.52005,1.125,1.125,0,0,0.0,0,0.0
"Mykhailiuk, Juzang, Kessler, George, Collier",UTA,1,3,-1,5,3,0,2,0.0,1,3,0.3333333333333333,0.3333333333333333,0,0,0,3,0,0.0,0.0,1.0,0.6,0.47912,0.3,0.25,0,0,0.0,0,0.0
"Mykhailiuk, George, Sensabaugh, Filipowski, Clarkson",UTA,1,3,-4,5,4,2,5,0.4,0,3,0.0,0.0,0,0,4,0,0,0.0,0.0,0.0,0.375,0.56470625,0.25,0.25,2,0,0.0,0,0.0
"Markkanen, Mykhailiuk, Eubanks, Collier, Clarkson",UTA,1,3,-2,6,5,2,3,0.6666666666666666,0,0,0.0,0.0,1,2,2,0,0,0.5,0.5,0.0,0.0,0.5989333333333333,0.6666666666666666,0.5,0,0,0.0,0,0.0
"Markkanen, Sexton, Kessler, George, Filipowski",UTA,1,3,6,6,11,1,2,0.5,3,4,0.75,0.75,0,0,2,6,3,0.0,0.0,0.6666666666666666,0.6666666666666666,0.4858916666666666,0.9166666666666666,0.9166666666666666,0,0,0.0,0,0.0
"Mykhailiuk, Sexton, Juzang, Kessler, Sensabaugh",UTA,1,3,-5,7,5,2,2,1.0,0,1,0.0,0.0,1,0,4,0,0,0.0,0.0,0.0,0.3333333333333333,0.5654833333333333,0.6666666666666666,0.625,0,0,0.0,0,0.0
"Springer, Juzang, Collier, Filipowski, Clarkson",UTA,1,3,6,7,13,2,3,0.6666666666666666,2,3,0.6666666666666666,0.6666666666666666,3,2,2,3,3,0.5,1.0,0.5,0.5,0.5503416666666666,0.8333333333333334,0.8125,2,0,0.0,0,0.0
"Collins, Kessler, Sensabaugh, Williams, Collier",UTA,2,3,10,8,12,2,4,0.5,2,2,1.0,1.0,2,2,2,6,0,0.5,0.5,1.0,0.3333333333333333,0.5023583333333334,0.8333333333333334,0.8571428571428571,0,1,0.25,0,0.0
"Mykhailiuk, Eubanks, George, Collier, Mills",UTA,1,3,1,7,10,2,3,0.6666666666666666,1,2,0.5,0.5,3,2,2,3,0,0.5,0.5,1.0,0.4,0.52782,0.7,0.6428571428571429,0,1,0.3333333333333333,0,0.0
"Sexton, Juzang, George, Collier, Filipowski",UTA,2,3,-5,6,4,1,1,1.0,0,4,0.0,0.0,2,0,2,0,0,0.0,0.0,0.0,0.8,0.53123,0.2,0.3333333333333333,2,0,0.0,0,0.0
"Sexton, Potter, Sensabaugh, Collier, Filipowski",UTA,1,3,2,5,10,5,5,1.0,0,0,0.0,0.0,0,8,2,0,0,0.8,0.8,0.0,0.0,0.5171,1.0,1.0,0,0,0.0,0,0.0
"Martin, Juzang, Kessler, George, Williams",UTA,1,3,3,6,11,2,3,0.6666666666666666,2,5,0.4,0.4,1,0,4,3,3,0.0,0.0,0.5,0.625,0.5133875,0.625,0.6875,0,0,0.0,0,0.0
"Potter, Kessler, George, Sensabaugh, Collier",UTA,1,3,-1,6,4,0,1,0.0,0,0,0.0,0.0,4,0,0,0,0,0.0,0.0,0.0,0.0,0.4509,0.0,0.6666666666666666,0,0,0.0,0,0.0
"Potter, Kessler, Sensabaugh, Williams, Clarkson",UTA,1,3,8,7,11,1,1,1.0,3,4,0.75,0.75,0,0,2,9,0,0.0,0.0,1.0,0.8,0.5170600000000001,1.1,1.1,0,0,0.0,0,0.0
"Martin, Juzang, Tshiebwe, Sensabaugh, Collier",UTA,1,3,2,5,7,2,3,0.6666666666666666,1,2,0.5,0.5,0,2,2,3,0,0.5,0.5,1.0,0.4,0.50476,0.7,0.7,0,0,0.0,0,0.0
"Kessler, George, Sensabaugh, Collier, Clarkson",UTA,1,3,-5,7,3,1,1,1.0,0,2,0.0,0.0,1,0,2,0,0,0.0,0.0,0.0,0.6666666666666666,0.65335,0.3333333333333333,0.375,0,0,0.0,0,0.0
"Markkanen, Collins, Potter, George, Collier",UTA,2,3,-4,5,4,0,0,0.0,1,4,0.25,0.25,1,0,0,0,3,0.0,0.0,0.0,1.0,0.5591625,0.375,0.4,0,0,0.0,0,0.0
"Springer, Juzang, Kessler, George, Sensabaugh",UTA,1,3,3,6,5,1,3,0.3333333333333333,1,3,0.3333333333333333,0.3333333333333333,0,0,2,0,3,0.0,0.0,0.0,0.5,0.522825,0.4166666666666667,0.4166666666666667,2,0,0.0,0,0.0
"Juzang, Kessler, George, Sensabaugh, Filipowski",UTA,3,3,2,6,6,0,2,0.0,2,4,0.5,0.5,0,0,0,6,0,0.0,0.0,1.0,0.6666666666666666,0.53175,0.5,0.5,0,0,0.0,0,0.0
"Martin, Potter, George, Williams, Collier",UTA,1,3,-3,5,10,2,3,0.6666666666666666,2,2,1.0,1.0,0,2,2,6,0,0.5,0.5,1.0,0.4,0.52735,1.0,1.0,0,0,0.0,0,0.0
"Markkanen, Collins, Sensabaugh, Williams, Collier",UTA,1,3,-3,6,4,1,3,0.3333333333333333,0,4,0.0,0.0,2,0,2,0,0,0.0,0.0,0.0,0.5714285714285714,0.54045,0.1428571428571428,0.25,2,0,0.0,0,0.0
"Markkanen, Juzang, Potter, Sensabaugh, Clarkson",UTA,1,3,2,5,9,1,3,0.3333333333333333,2,3,0.6666666666666666,0.6666666666666666,1,2,0,6,0,1.0,1.0,1.0,0.5,0.564925,0.6666666666666666,0.6428571428571429,0,0,0.0,0,0.0
"Eubanks, Sensabaugh, Harkless, Collier, Mills",UTA,1,3,-7,6,0,0,3,0.0,0,2,0.0,0.0,0,0,0,0,0,0.0,0.0,0.0,0.4,0.4747899999999999,0.0,0.0,0,0,0.0,0,0.0
"Potter, Kessler, George, Sensabaugh, Clarkson",UTA,1,3,-1,6,7,2,3,0.6666666666666666,1,3,0.3333333333333333,0.3333333333333333,0,2,2,3,0,0.5,0.5,1.0,0.5,0.553075,0.5833333333333334,0.5833333333333334,0,0,0.0,0,0.0
"Markkanen, Collins, Sexton, Kessler, Sensabaugh",UTA,2,3,1,6,4,1,2,0.5,0,3,0.0,0.0,2,2,0,0,0,1.0,1.0,0.0,0.6,0.56099,0.2,0.3333333333333333,0,0,0.0,0,0.0
"Collins, Eubanks, Potter, Sensabaugh, Clarkson",UTA,1,3,7,8,9,2,4,0.5,1,3,0.3333333333333333,0.3333333333333333,2,4,0,0,3,1.0,1.0,0.0,0.4285714285714285,0.4381928571428571,0.5,0.5625,0,0,0.0,0,0.0
"Eubanks, Potter, George, Sensabaugh, Collier",UTA,1,3,-7,6,3,0,1,0.0,1,4,0.25,0.25,0,0,0,3,0,0.0,0.0,1.0,0.8,0.54537,0.3,0.3,0,0,0.0,0,0.0
"Markkanen, Juzang, George, Sensabaugh, Filipowski",UTA,1,3,3,7,9,2,3,0.6666666666666666,1,3,0.3333333333333333,0.3333333333333333,2,4,0,0,3,1.0,1.0,0.0,0.5,0.4803166666666666,0.5833333333333334,0.6428571428571429,0,0,0.0,0,0.0
"Collins, Sexton, Juzang, Kessler, Clarkson",UTA,2,3,0,4,6,0,0,0.0,2,2,1.0,1.0,0,0,0,6,0,0.0,0.0,1.0,1.0,0.565875,1.5,1.5,0,0,0.0,0,0.0
"Markkanen, Juzang, George, Filipowski, Clarkson",UTA,1,3,-5,6,5,1,2,0.5,1,4,0.25,0.25,0,2,0,3,0,1.0,1.0,1.0,0.6666666666666666,0.5372666666666667,0.4166666666666667,0.4166666666666667,0,0,0.0,0,0.0
"Collins, Martin, Kessler, George, Clarkson",UTA,1,3,-1,5,5,2,2,1.0,0,4,0.0,0.0,1,2,2,0,0,0.5,0.5,0.0,0.6666666666666666,0.52835,0.3333333333333333,0.4166666666666667,0,0,0.0,0,0.0
"Sexton, Tshiebwe, Sensabaugh, Harkless, Collier",UTA,1,3,0,5,8,2,3,0.6666666666666666,0,2,0.0,0.0,4,0,4,0,0,0.0,0.0,0.0,0.4,0.4922399999999999,0.4,0.5714285714285714,0,1,0.3333333333333333,1,0.5
"Markkanen, Collins, Sexton, Juzang, Kessler",UTA,2,3,-8,6,2,1,3,0.3333333333333333,0,0,0.0,0.0,0,0,2,0,0,0.0,0.0,0.0,0.0,0.5143666666666666,0.3333333333333333,0.3333333333333333,2,0,0.0,0,0.0
"Markkanen, Mykhailiuk, Sexton, Kessler, Clarkson",UTA,1,3,-7,5,4,1,2,0.5,0,2,0.0,0.0,2,2,0,0,0,1.0,1.0,0.0,0.5,0.73805,0.25,0.4,0,0,0.0,0,0.0
"Martin, Springer, George, Sensabaugh, Filipowski",UTA,1,3,-2,8,7,3,5,0.6,0,1,0.0,0.0,1,6,0,0,0,1.0,1.0,0.0,0.1666666666666666,0.5703666666666667,0.5,0.5833333333333334,0,1,0.2,0,0.0
"Sexton, Eubanks, Juzang, Filipowski, Mills",UTA,2,3,-7,6,2,1,3,0.3333333333333333,0,1,0.0,0.0,0,0,2,0,0,0.0,0.0,0.0,0.25,0.47995,0.25,0.25,0,0,0.0,0,0.0
"Markkanen, Mykhailiuk, Potter, Kessler, George",UTA,1,3,-1,5,7,2,3,0.6666666666666666,1,1,1.0,1.0,0,2,2,3,0,0.5,0.5,1.0,0.25,0.5203125,0.875,0.875,0,0,0.0,0,0.0
"Markkanen, Sexton, Kessler, Harkless, Collier",UTA,1,3,1,6,8,1,3,0.3333333333333333,2,4,0.5,0.5,0,2,0,6,0,1.0,1.0,1.0,0.5714285714285714,0.5112571428571429,0.5714285714285714,0.5714285714285714,0,2,0.6666666666666666,0,0.0
"Mykhailiuk, Sexton, Kessler, George, Williams",UTA,1,3,-12,5,0,0,1,0.0,0,3,0.0,0.0,0,0,0,0,0,0.0,0.0,0.0,0.75,0.5145875,0.0,0.0,0,0,0.0,0,0.0
"Mykhailiuk, Eubanks, Collier, Filipowski, Mills",UTA,1,3,-4,5,6,0,2,0.0,2,2,1.0,1.0,0,0,0,6,0,0.0,0.0,1.0,0.5,0.5016625,0.75,0.75,0,1,0.5,0,0.0
"Martin, Sensabaugh, Collier, Filipowski, Clarkson",UTA,1,3,3,7,10,3,3,1.0,0,1,0.0,0.0,4,4,2,0,0,0.6666666666666666,0.6666666666666666,0.0,0.25,0.5510875,0.75,0.8333333333333334,0,0,0.0,0,0.0
"Markkanen, Kessler, Williams, Collier, Clarkson",UTA,1,3,-10,7,0,0,1,0.0,0,3,0.0,0.0,0,0,0,0,0,0.0,0.0,0.0,0.75,0.5236625,0.0,0.0,0,0,0.0,0,0.0
"Markkanen, Sexton, Potter, Collier, Filipowski",UTA,1,3,-3,5,3,0,1,0.0,1,5,0.2,0.2,0,0,0,3,0,0.0,0.0,1.0,0.8333333333333334,0.5563083333333333,0.25,0.25,0,1,1.0,0,0.0
"Sexton, Potter, Tshiebwe, George, Sensabaugh",UTA,1,3,-2,6,4,1,2,0.5,0,2,0.0,0.0,2,0,2,0,0,0.0,0.0,0.0,0.5,0.5013875,0.25,0.3,0,0,0.0,0,0.0
"Mykhailiuk, Kessler, Sensabaugh, Collier, Clarkson",UTA,1,3,-10,6,3,0,1,0.0,0,5,0.0,0.0,3,0,0,0,0,0.0,0.0,0.0,0.8333333333333334,0.4875,0.0,0.2142857142857142,0,0,0.0,0,0.0
"Martin, Kessler, Sensabaugh, Williams, Collier",UTA,2,3,5,6,10,2,3,0.6666666666666666,2,2,1.0,1.0,0,4,0,6,0,1.0,1.0,1.0,0.4,0.51522,1.0,0.8333333333333334,0,0,0.0,0,0.0
"Markkanen, Collins, Juzang, Potter, Collier",UTA,1,3,3,5,7,2,3,0.6666666666666666,1,2,0.5,0.5,0,4,0,3,0,1.0,1.0,1.0,0.4,0.46646,0.7,0.7,0,0,0.0,0,0.0
"Springer, Potter, George, Williams, Filipowski",UTA,1,3,-2,4,7,1,1,1.0,1,2,0.5,0.5,2,0,2,3,0,0.0,0.0,1.0,0.6666666666666666,0.55015,0.8333333333333334,0.875,0,0,0.0,0,0.0
"Potter, Sensabaugh, Collier, Filipowski, Clarkson",UTA,1,3,-6,6,4,0,2,0.0,0,2,0.0,0.0,4,0,0,0,0,0.0,0.0,0.0,0.5,0.4375,0.0,0.3333333333333333,0,1,0.5,1,0.5
"Sexton, Potter, Sensabaugh, Williams, Filipowski",UTA,1,3,-2,6,4,2,6,0.3333333333333333,0,1,0.0,0.0,0,4,0,0,0,1.0,1.0,0.0,0.1428571428571428,0.48595,0.2857142857142857,0.2857142857142857,0,1,0.1666666666666666,0,0.0
"Sexton, Sensabaugh, Williams, Filipowski, Clarkson",UTA,1,3,2,6,4,0,1,0.0,1,3,0.3333333333333333,0.3333333333333333,1,0,0,3,0,0.0,0.0,1.0,0.75,0.5191875,0.375,0.4,0,0,0.0,0,0.0
"Markkanen, Collins, Mykhailiuk, Sexton, Clarkson",UTA,1,3,2,5,8,2,4,0.5,1,2,0.5,0.5,1,2,2,3,0,0.5,0.5,1.0,0.3333333333333333,0.5779083333333334,0.5833333333333334,0.5714285714285714,0,0,0.0,0,0.0
"Collins, Kessler, Williams, Collier, Clarkson",UTA,1,3,-10,5,0,0,5,0.0,0,1,0.0,0.0,0,0,0,0,0,0.0,0.0,0.0,0.1666666666666666,0.5043166666666666,0.0,0.0,0,1,0.2,0,0.0
"Mykhailiuk, Sexton, George, Williams, Filipowski",UTA,1,3,-9,5,3,1,2,0.5,0,2,0.0,0.0,1,2,0,0,0,1.0,1.0,0.0,0.5,0.4969375,0.25,0.375,0,0,0.0,0,0.0
"Mykhailiuk, Kessler, Sensabaugh, Filipowski, Mills",UTA,1,3,-1,5,8,2,2,1.0,0,2,0.0,0.0,4,0,4,0,0,0.0,0.0,0.0,0.5,0.5088125,0.5,0.6666666666666666,0,0,0.0,0,0.0
"Sexton, Juzang, Potter, Tshiebwe, Collier",UTA,1,3,-1,5,5,1,1,1.0,1,2,0.5,0.5,0,2,0,0,3,1.0,1.0,0.0,0.6666666666666666,0.5146333333333334,0.8333333333333334,0.625,0,0,0.0,0,0.0
"Springer, Potter, Sensabaugh, Collier, Filipowski",UTA,1,3,-4,6,4,2,2,1.0,0,2,0.0,0.0,0,4,0,0,0,1.0,1.0,0.0,0.5,0.5267875,0.5,0.5,0,0,0.0,0,0.0
"Springer, Tshiebwe, George, Collier, Filipowski",UTA,1,3,1,5,3,1,3,0.3333333333333333,0,2,0.0,0.0,1,0,2,0,0,0.0,0.0,0.0,0.4,0.4600799999999999,0.2,0.3,0,0,0.0,0,0.0
"Collins, Mykhailiuk, Juzang, Potter, Collier",UTA,1,3,-1,5,8,1,2,0.5,2,3,0.6666666666666666,0.6666666666666666,0,2,0,3,3,1.0,1.0,0.5,0.6,0.49471,0.8,0.8,0,1,0.5,0,0.0
"Collins, Sexton, Sensabaugh, Filipowski, Mills",UTA,1,3,0,5,5,1,3,0.3333333333333333,1,4,0.25,0.25,0,0,2,3,0,0.0,0.0,1.0,0.5714285714285714,0.5525357142857142,0.3571428571428571,0.3571428571428571,0,1,0.3333333333333333,0,0.0
"Tshiebwe, George, Sensabaugh, Williams, Clarkson",UTA,1,3,-1,5,7,1,1,1.0,1,2,0.5,0.5,2,2,0,0,3,1.0,1.0,0.0,0.6666666666666666,0.4889666666666667,0.8333333333333334,0.875,0,0,0.0,0,0.0
"Mykhailiuk, Sexton, Eubanks, Sensabaugh, Filipowski",UTA,2,3,-2,5,4,2,4,0.5,0,1,0.0,0.0,0,4,0,0,0,1.0,1.0,0.0,0.2,0.5028900000000001,0.4,0.4,0,1,0.25,0,0.0
"Markkanen, Collins, Sexton, Kessler, Mills",UTA,2,2,2,5,8,1,3,0.3333333333333333,1,1,1.0,1.0,3,2,0,3,0,1.0,1.0,1.0,0.25,0.53855,0.625,0.8,0,1,0.3333333333333333,0,0.0
"Mykhailiuk, Juzang, Kessler, Williams, Collier",UTA,1,2,4,5,7,3,3,1.0,0,2,0.0,0.0,1,0,6,0,0,0.0,0.0,0.0,0.4,0.46557,0.6,0.7,0,0,0.0,0,0.0
"Martin, Juzang, Potter, George, Collier",UTA,1,2,-3,6,7,0,0,0.0,1,3,0.3333333333333333,0.3333333333333333,4,0,0,3,0,0.0,0.0,1.0,1.0,0.53615,0.5,0.7,0,0,0.0,0,0.0
"Markkanen, Sexton, Juzang, Kessler, Williams",UTA,1,2,-4,5,6,1,3,0.3333333333333333,1,1,1.0,1.0,1,0,2,3,0,0.0,0.0,1.0,0.25,0.556475,0.625,0.75,0,1,0.3333333333333333,0,0.0
"Markkanen, Sexton, George, Collier, Filipowski",UTA,1,2,2,6,9,2,2,1.0,0,1,0.0,0.0,5,4,0,0,0,1.0,1.0,0.0,0.3333333333333333,0.7285833333333334,0.6666666666666666,0.75,0,0,0.0,0,0.0
"Sensabaugh, Harkless, Williams, Collier, Filipowski",UTA,1,2,-7,5,0,0,0,0.0,0,2,0.0,0.0,0,0,0,0,0,0.0,0.0,0.0,1.0,0.5589,0.0,0.0,0,0,0.0,0,0.0
"Markkanen, Juzang, Williams, Collier, Filipowski",UTA,2,2,4,5,7,1,1,1.0,1,3,0.3333333333333333,0.3333333333333333,2,0,2,3,0,0.0,0.0,1.0,0.75,0.5527125,0.625,0.7,2,0,0.0,0,0.0
"Collins, Sexton, Sensabaugh, Filipowski, Clarkson",UTA,1,2,-2,4,6,0,1,0.0,2,3,0.6666666666666666,0.6666666666666666,0,0,0,6,0,0.0,0.0,1.0,0.75,0.5212,0.75,0.75,0,0,0.0,0,0.0
"Markkanen, Mykhailiuk, Juzang, Kessler, Collier",UTA,1,2,0,5,7,1,2,0.5,1,3,0.3333333333333333,0.3333333333333333,2,0,2,3,0,0.0,0.0,1.0,0.6,0.5648299999999999,0.5,0.5833333333333334,0,0,0.0,0,0.0
"Markkanen, Martin, Sensabaugh, Collier, Clarkson",UTA,1,2,-3,6,3,0,2,0.0,1,2,0.5,0.5,0,0,0,3,0,0.0,0.0,1.0,0.5,0.5055625,0.375,0.375,0,1,0.5,0,0.0
"Mykhailiuk, Sexton, Eubanks, Juzang, Mills",UTA,1,2,7,5,10,1,1,1.0,2,3,0.6666666666666666,0.6666666666666666,2,0,2,6,0,0.0,0.0,1.0,0.75,0.521025,1.0,1.0,0,0,0.0,0,0.0
"Eubanks, Potter, Harkless, Collier, Clarkson",UTA,1,2,0,4,6,0,3,0.0,2,2,1.0,1.0,0,0,0,3,3,0.0,0.0,0.5,0.4,0.54186,0.6,0.6,0,0,0.0,0,0.0
"George, Sensabaugh, Harkless, Collier, Filipowski",UTA,1,2,6,6,12,4,5,0.8,1,1,1.0,1.0,1,4,4,3,0,0.5,0.6666666666666666,1.0,0.1666666666666666,0.4647583333333333,0.9166666666666666,1.0,2,0,0.0,0,0.0
"Markkanen, Collins, Sexton, Williams, Clarkson",UTA,1,2,-5,5,5,1,2,0.5,1,3,0.3333333333333333,0.3333333333333333,0,0,2,3,0,0.0,0.0,1.0,0.6,0.6452600000000001,0.5,0.5,0,0,0.0,0,0.0
"Markkanen, Springer, Sensabaugh, Collier, Filipowski",UTA,1,2,-5,4,2,1,3,0.3333333333333333,0,2,0.0,0.0,0,0,2,0,0,0.0,0.0,0.0,0.4,0.48846,0.2,0.2,0,0,0.0,0,0.0
"Sexton, Juzang, Kessler, Sensabaugh, Collier",UTA,1,2,0,5,5,1,4,0.25,1,3,0.3333333333333333,0.3333333333333333,0,2,0,3,0,1.0,1.0,1.0,0.4285714285714285,0.5140142857142858,0.3571428571428571,0.3571428571428571,0,2,0.5,0,0.0
"Mykhailiuk, Sexton, Juzang, Kessler, George",UTA,1,2,-8,5,3,0,2,0.0,1,3,0.3333333333333333,0.3333333333333333,0,0,0,3,0,0.0,0.0,1.0,0.6,0.52356,0.3,0.3,0,0,0.0,0,0.0
"Springer, Kessler, George, Williams, Clarkson",UTA,1,2,-2,5,4,2,3,0.6666666666666666,0,3,0.0,0.0,0,4,0,0,0,1.0,1.0,0.0,0.5,0.5555833333333333,0.3333333333333333,0.3333333333333333,0,0,0.0,1,0.3333333333333333
"Collins, Mykhailiuk, Potter, George, Filipowski",UTA,1,2,1,5,8,1,2,0.5,1,2,0.5,0.5,3,2,0,3,0,1.0,1.0,1.0,0.5,0.5028375,0.625,0.6666666666666666,0,1,0.5,0,0.0
"Sexton, Juzang, Tshiebwe, Sensabaugh, Clarkson",UTA,1,2,8,5,10,2,4,0.5,2,3,0.6666666666666666,0.6666666666666666,0,4,0,6,0,1.0,1.0,1.0,0.4285714285714285,0.4869285714285714,0.7142857142857143,0.7142857142857143,0,1,0.25,0,0.0
"Mykhailiuk, Martin, Juzang, Kessler, Sensabaugh",UTA,1,2,-4,6,6,0,2,0.0,2,5,0.4,0.4,0,0,0,6,0,0.0,0.0,1.0,0.7142857142857143,0.5269357142857143,0.4285714285714285,0.4285714285714285,0,1,0.5,0,0.0
"Mykhailiuk, Juzang, Sensabaugh, Filipowski, Clarkson",UTA,1,2,1,5,6,3,4,0.75,0,2,0.0,0.0,0,4,2,0,0,0.6666666666666666,1.0,0.0,0.3333333333333333,0.5100833333333333,0.5,0.5,2,0,0.0,0,0.0
"Mykhailiuk, Martin, Juzang, Tshiebwe, Collier",UTA,1,2,-6,5,2,1,3,0.3333333333333333,0,1,0.0,0.0,0,2,0,0,0,1.0,1.0,0.0,0.25,0.525375,0.25,0.25,0,1,0.3333333333333333,0,0.0
"Collins, Sexton, Potter, Collier, Clarkson",UTA,1,2,7,5,9,3,3,1.0,1,1,1.0,1.0,0,0,6,3,0,0.0,0.0,1.0,0.25,0.4994,1.125,1.125,0,0,0.0,0,0.0
"Martin, Springer, Tshiebwe, Sensabaugh, Collier",UTA,1,2,3,5,8,3,3,1.0,0,1,0.0,0.0,2,2,4,0,0,0.3333333333333333,0.3333333333333333,0.0,0.25,0.6722875,0.75,0.8,0,0,0.0,0,0.0
"Markkanen, George, Williams, Collier, Filipowski",UTA,1,2,1,6,9,2,2,1.0,1,3,0.3333333333333333,0.3333333333333333,2,2,2,3,0,0.5,0.5,1.0,0.6,0.5237,0.7,0.75,0,0,0.0,0,0.0
"Collins, Juzang, Kessler, Williams, Mills",UTA,1,2,7,7,10,3,3,1.0,0,1,0.0,0.0,4,6,0,0,0,1.0,1.0,0.0,0.25,0.713625,0.75,0.8333333333333334,0,0,0.0,0,0.0
"Markkanen, Collins, Potter, George, Clarkson",UTA,1,2,-2,5,8,3,3,1.0,0,2,0.0,0.0,2,4,2,0,0,0.6666666666666666,1.0,0.0,0.4,0.66173,0.6,0.6666666666666666,2,0,0.0,0,0.0
"Mykhailiuk, Springer, Tshiebwe, George, Filipowski",UTA,1,2,6,5,6,2,3,0.6666666666666666,0,2,0.0,0.0,2,2,2,0,0,0.5,1.0,0.0,0.4,0.55354,0.4,0.5,2,1,0.3333333333333333,0,0.0
"Eubanks, George, Sensabaugh, Harkless, Collier",UTA,1,2,-6,5,3,1,1,1.0,0,2,0.0,0.0,1,0,2,0,0,0.0,0.0,0.0,0.6666666666666666,0.532725,0.3333333333333333,0.375,0,0,0.0,0,0.0
"Sexton, Juzang, Potter, George, Filipowski",UTA,1,2,-3,5,3,0,2,0.0,1,1,1.0,1.0,0,0,0,3,0,0.0,0.0,1.0,0.3333333333333333,0.5239,0.5,0.5,0,1,0.5,0,0.0
"Springer, Potter, George, Sensabaugh, Filipowski",UTA,1,2,-3,5,4,2,3,0.6666666666666666,0,1,0.0,0.0,0,0,4,0,0,0.0,0.0,0.0,0.25,0.4933875,0.5,0.5,2,0,0.0,0,0.0
"Sexton, Martin, Springer, Juzang, Clarkson",UTA,1,2,-8,5,0,0,1,0.0,0,2,0.0,0.0,0,0,0,0,0,0.0,0.0,0.0,0.6666666666666666,0.5017166666666667,0.0,0.0,0,0,0.0,0,0.0
"Sexton, Kessler, Hendricks, George, Williams",UTA,2,2,2,8,4,1,3,0.3333333333333333,0,1,0.0,0.0,2,0,2,0,0,0.0,0.0,0.0,0.25,0.5874,0.25,0.4,0,1,0.3333333333333333,0,0.0
"Markkanen, Mykhailiuk, Kessler, Williams, Collier",UTA,1,2,-3,5,4,2,2,1.0,0,1,0.0,0.0,0,2,2,0,0,0.5,0.5,0.0,0.3333333333333333,0.5647833333333333,0.6666666666666666,0.6666666666666666,0,0,0.0,0,0.0
"Collins, Mykhailiuk, Eubanks, Sensabaugh, Mills",UTA,1,2,1,5,6,1,2,0.5,0,0,0.0,0.0,4,0,2,0,0,0.0,0.0,0.0,0.0,0.43245,0.5,0.75,0,0,0.0,0,0.0
"Mykhailiuk, Juzang, Potter, George, Clarkson",UTA,1,2,-5,4,2,1,2,0.5,0,0,0.0,0.0,0,0,2,0,0,0.0,0.0,0.0,0.0,0.3879,0.5,0.5,0,0,0.0,0,0.0
"Mykhailiuk, Kessler, Harkless, Collier, Filipowski",UTA,2,2,-1,4,5,1,2,0.5,1,2,0.5,0.5,0,2,0,3,0,1.0,1.0,1.0,0.5,0.6169375,0.625,0.625,0,1,0.5,0,0.0
"Juzang, Kessler, George, Williams, Collier",UTA,1,2,1,5,5,1,1,1.0,1,3,0.3333333333333333,0.3333333333333333,0,0,2,3,0,0.0,0.0,1.0,0.75,0.6022875,0.625,0.625,0,0,0.0,0,0.0
"Mykhailiuk, Martin, Sensabaugh, Williams, Filipowski",UTA,1,2,-2,5,0,0,2,0.0,0,3,0.0,0.0,0,0,0,0,0,0.0,0.0,0.0,0.6,0.54543,0.0,0.0,0,1,0.5,0,0.0
"Sexton, Eubanks, Sensabaugh, Williams, Filipowski",UTA,1,2,1,5,3,0,0,0.0,1,2,0.5,0.5,0,0,0,3,0,0.0,0.0,1.0,1.0,0.595275,0.75,0.75,0,0,0.0,0,0.0
"Sexton, Juzang, Potter, Sensabaugh, Collier",UTA,1,2,-1,5,6,0,2,0.0,2,3,0.6666666666666666,0.6666666666666666,0,0,0,3,3,0.0,0.0,0.5,0.6,0.52559,0.6,0.6,0,0,0.0,0,0.0
"Mykhailiuk, Springer, Potter, George, Collier",UTA,1,2,-1,4,8,2,2,1.0,1,1,1.0,1.0,1,4,0,3,0,1.0,1.0,1.0,0.3333333333333333,0.7553,1.1666666666666667,1.0,0,0,0.0,0,0.0
"Sexton, Potter, Tshiebwe, George, Collier",UTA,1,2,5,4,7,2,2,1.0,1,2,0.5,0.5,0,0,4,3,0,0.0,0.0,1.0,0.5,0.5133,0.875,0.875,0,0,0.0,0,0.0
"Mykhailiuk, Kessler, George, Sensabaugh, Collier",UTA,1,2,0,5,5,1,1,1.0,1,3,0.3333333333333333,0.3333333333333333,0,0,2,0,3,0.0,0.0,0.0,0.75,0.470975,0.625,0.625,0,0,0.0,0,0.0
"Mykhailiuk, Sexton, Eubanks, George, Collier",UTA,1,2,-3,4,4,2,3,0.6666666666666666,0,1,0.0,0.0,0,4,0,0,0,1.0,1.0,0.0,0.25,0.4496625,0.5,0.5,0,0,0.0,0,0.0
"Mykhailiuk, Martin, Juzang, Collier, Filipowski",UTA,1,2,-3,4,3,0,0,0.0,1,3,0.3333333333333333,0.3333333333333333,0,0,0,3,0,0.0,0.0,1.0,1.0,0.57995,0.5,0.5,0,0,0.0,0,0.0
"Markkanen, Sexton, Kessler, Sensabaugh, Collier",UTA,1,2,6,5,8,1,3,0.3333333333333333,2,2,1.0,1.0,0,2,0,6,0,1.0,1.0,1.0,0.4,0.55484,0.8,0.8,0,0,0.0,0,0.0
"Collins, Eubanks, Williams, Mills, Clarkson",UTA,1,2,2,6,5,1,1,1.0,0,3,0.0,0.0,3,2,0,0,0,1.0,1.0,0.0,0.75,0.5327833333333333,0.25,0.4166666666666667,0,0,0.0,0,0.0
"Sexton, Martin, Juzang, Tshiebwe, Sensabaugh",UTA,1,2,-5,4,2,1,2,0.5,0,0,0.0,0.0,0,2,0,0,0,1.0,1.0,0.0,0.0,0.5824,0.5,0.5,0,1,0.5,0,0.0
"Sexton, Tshiebwe, Sensabaugh, Williams, Collier",UTA,1,2,0,5,5,1,3,0.3333333333333333,1,3,0.3333333333333333,0.3333333333333333,0,0,2,3,0,0.0,0.0,1.0,0.5,0.5684666666666667,0.4166666666666667,0.4166666666666667,0,1,0.3333333333333333,1,0.3333333333333333
"Eubanks, George, Sensabaugh, Williams, Mills",UTA,1,2,-10,4,0,0,2,0.0,0,2,0.0,0.0,0,0,0,0,0,0.0,0.0,0.0,0.5,0.51745,0.0,0.0,0,0,0.0,0,0.0
"Markkanen, Sensabaugh, Williams, Collier, Filipowski",UTA,1,2,-2,5,1,0,4,0.0,0,1,0.0,0.0,1,0,0,0,0,0.0,0.0,0.0,0.2,0.53504,0.0,0.0833333333333333,0,1,0.25,0,0.0
"Markkanen, Potter, Kessler, Sensabaugh, Clarkson",UTA,1,2,5,4,7,2,2,1.0,1,1,1.0,1.0,0,4,0,0,3,1.0,1.0,0.0,0.3333333333333333,0.6284,1.1666666666666667,1.1666666666666667,0,0,0.0,0,0.0
